/*******************************************************************************
 * Size: 24 px
 * Bpp: 4
 * Opts: --font /tmp/puhui/AlibabaPuHuiTi-3-55-Regular.ttf --format lvgl --lv-include lvgl.h --bpp 4 --size 24 -r 0x20-0x7E --symbols §°±·×÷—…‹›℃↑↓↻≡⌁⏻▍▮▲◌◎●◐⚙⚡✚、。《》「」『』【】一三上下不与专且丢两个中串为主举久义之乐也了事二于云互井交产享亮人仅仍从代令以件任份优会传估似位住体何余作佳例供依侧保信值假偏做停储允元兄充先免兜入全六共关其具兼内册再冒写冲况净减凭出击分切划列则刚创初删判别到制刷刻前办功加务动势勤勿包化匹区匿半协单占卡即卸历压原去参又叉及双反发取受变叠口另只叭可台史右号吃各合同名后向吗吞否含听启吸告周呼命和响唤唯喂喇器噪四回因固图圆在地场址均坏块型域基堆塞填增墨声处备复外多够大天太失头套如始子字存它安完定实害容宽对导封射将小尚就尾局层屏展属山嵌工左差己已布带帧常幂幅幕干平并序应底废度延建开异弃式引弟张弹强归当录形影役往径待律得微心必志忘快态性恢息悬情惯惰想意感懒成我或截户所手才打执扩扫扬扰找承把抑抢护报拉拖拥拦拷拽拿持挂指按挡换据捷掉排接控推描提摘摸撑播操支收改放故效敛数整文斜斥断新方无既日旦旧时明映是显普暂暗更替最有服期未末本机束条来松板构枚果架染查标栈栏树样核根格框案档桥检棵模横次款止正此步死段毁每永求沉没沿法泡注活派流浅测浮涂消深混清渐渲游源滑滚满漏灌火灭灰点烘烧热焙然照熄片版牌牙状独环现珀理琥生用由电画界留略登白的监盖目直相省看真着瞬知短码破硬确碍示种秒称移程稳空突立竖竞端第等策签简算管箱类粒粗精素紧纠红约级纯纵线组细经结绘给络统继续绿缓编缘缩缺网罩置翻考者而耗耦聆联能脚臂自至致航色节若英菜落蓝藏行补表被装裸要覆见观规视览觉角触言警计订认让议记许设证识试话询该语误说请读调谈豁象贝负责败贴费资赖走起超足跑跨路跳踩踪身轨转轮载边达过运近返还这进远连迟追退送逆选透逐递途通道遗遮避那部都配醒采释里重量针钟钩钮链销锁错锚键长门闪闭问间闸阅阈防阻降限除险随隐集零需露静非靠面音页顶项顺须预频题颜饰馈首驻验骨高黑默齐！％（），：；？🔇🔊 -o /Users/dev/Code/esp32/MetalioClaw6/main/display/font/font_puhui_24_4.c
 ******************************************************************************/

#ifdef LV_LVGL_H_INCLUDE_SIMPLE
#include "lvgl.h"
#else
#include "lvgl.h"
#endif

#ifndef FONT_PUHUI_24_4
#define FONT_PUHUI_24_4 1
#endif

#if FONT_PUHUI_24_4

/*-----------------
 *    BITMAPS
 *----------------*/

/*Store the image of the glyphs*/
static LV_ATTRIBUTE_LARGE_CONST const uint8_t glyph_bitmap[] = {
    /* U+0020 " " */

    /* U+0021 "!" */
    0xd, 0xf7, 0x0, 0x84, 0x4, 0x3, 0x8c, 0x1c,
    0x3, 0x84, 0x4, 0x3, 0x9c, 0xc, 0x3, 0x84,
    0x4, 0x2, 0xd5, 0x30, 0x5a, 0x11, 0x6f, 0xb9,
    0x10, 0x2c, 0x84, 0x10,

    /* U+0022 "\"" */
    0x1f, 0xf1, 0xbf, 0xe8, 0x80, 0x4, 0x40, 0x20,
    0x11, 0x18, 0x30, 0x8, 0x0, 0x40, 0xc0, 0x84,
    0x18, 0x4, 0x1c, 0xc0, 0xc3, 0xc0, 0x98, 0x4,
    0x8,

    /* U+0023 "#" */
    0x0, 0xef, 0xe0, 0x8, 0xfe, 0xc0, 0x39, 0x1,
    0x40, 0x24, 0xc, 0x0, 0xe3, 0xc, 0x0, 0xb4,
    0xc, 0x3, 0xb0, 0x10, 0x2, 0x40, 0x40, 0x9f,
    0xf9, 0x3, 0x3f, 0xe1, 0xf, 0xf6, 0x2a, 0x90,
    0x5, 0x56, 0x30, 0x25, 0x5a, 0xa9, 0xc0, 0xf5,
    0x52, 0x5, 0xd5, 0x0, 0x2c, 0xc, 0x0, 0x90,
    0x10, 0x3, 0x94, 0x1c, 0x2, 0x30, 0x20, 0xe,
    0x30, 0x20, 0x1, 0x1, 0x80, 0x53, 0xfe, 0x0,
    0x7f, 0xda, 0x7, 0xff, 0x62, 0x90, 0x1a, 0xac,
    0x20, 0x8a, 0xba, 0x9c, 0x22, 0xaa, 0x30, 0xaa,
    0xc0, 0x7, 0x5, 0x0, 0x88, 0x44, 0x1, 0x84,
    0x88, 0x20, 0x4, 0x4, 0x0, 0xe5, 0x7, 0x0,
    0x8c, 0x34, 0x3, 0x0,

    /* U+0024 "$" */
    0x0, 0xe8, 0x30, 0xf, 0xc2, 0xe8, 0x1, 0xff,
    0xc5, 0x6d, 0xe0, 0x8f, 0xda, 0x10, 0x79, 0x34,
    0x2, 0x30, 0x53, 0x8, 0xf, 0xa0, 0xac, 0xdf,
    0x22, 0x2, 0x8, 0x7, 0xc2, 0x1, 0xfe, 0x20,
    0x51, 0x0, 0xf8, 0x54, 0x7e, 0x0, 0x3e, 0xa7,
    0x6, 0x8, 0xb5, 0x0, 0xd1, 0xd4, 0x2, 0x95,
    0x80, 0x1c, 0x81, 0x3a, 0x66, 0x80, 0xf, 0x8b,
    0x81, 0x40, 0x3f, 0x10, 0x10, 0x7, 0xf8, 0x48,
    0x40, 0x3d, 0x20, 0x8b, 0xdc, 0xdd, 0x4, 0xfb,
    0xc, 0x1a, 0x19, 0xc0, 0x24, 0xde, 0x49, 0x7b,
    0xdc, 0x8, 0xd9, 0x10, 0xf, 0xfe, 0x78, 0xba,
    0x0, 0x60,

    /* U+0025 "%" */
    0x2, 0xbe, 0xe5, 0x90, 0x7, 0x4f, 0x8, 0x6,
    0xf5, 0x88, 0x36, 0x0, 0x63, 0x68, 0x10, 0x8,
    0xca, 0x19, 0x90, 0x28, 0x1, 0x79, 0xb0, 0x6,
    0x60, 0x20, 0x3, 0x81, 0x0, 0x14, 0xfc, 0x3,
    0xe7, 0x0, 0xfa, 0xd4, 0xc0, 0x38, 0x41, 0x80,
    0xc, 0x6, 0x10, 0x36, 0x1, 0xe4, 0x19, 0x11,
    0x78, 0x21, 0x3c, 0x8, 0x7, 0xd4, 0x5d, 0xc4,
    0xa1, 0x82, 0x75, 0xdf, 0xe8, 0x0, 0x93, 0xb7,
    0x5e, 0xa8, 0xb0, 0x54, 0xf7, 0x2e, 0xe0, 0xc,
    0x44, 0x0, 0x4a, 0x2d, 0x5, 0xa3, 0xa5, 0x0,
    0x7c, 0xc5, 0x20, 0x62, 0x20, 0x1, 0x10, 0x3,
    0xc3, 0xc, 0x40, 0xe6, 0x1, 0x8, 0x8, 0x7,
    0x40, 0x40, 0x1, 0xcc, 0x2, 0x10, 0x10, 0xc,
    0x4d, 0x2, 0x0, 0x31, 0x0, 0x8c, 0x80, 0x3b,
    0x89, 0x80, 0x2b, 0x8, 0x3, 0x5a, 0x0, 0xca,
    0x7c, 0x1, 0x8e, 0x97, 0xf5, 0xdc, 0x0,

    /* U+0026 "&" */
    0x0, 0xe8, 0xef, 0xd7, 0x0, 0xff, 0x63, 0x89,
    0x94, 0x50, 0x7, 0xe6, 0x31, 0xec, 0xc0, 0x28,
    0x80, 0x7d, 0xe0, 0xe2, 0x6, 0x40, 0x40, 0x1f,
    0x8, 0x18, 0x0, 0x88, 0x4, 0x1, 0xf6, 0x2,
    0x89, 0xf8, 0x38, 0x80, 0x7c, 0x86, 0x1f, 0x85,
    0x10, 0x0, 0xfc, 0x60, 0x1, 0x2e, 0x70, 0x0,
    0x90, 0x80, 0x4f, 0x86, 0xa0, 0x48, 0x1, 0x46,
    0xb0, 0x1, 0x20, 0x2e, 0xa8, 0x14, 0x80, 0x4,
    0x4, 0x0, 0x40, 0x4a, 0x2, 0xc0, 0x59, 0x21,
    0x10, 0xc0, 0x6, 0x8, 0x1, 0x3a, 0x86, 0x48,
    0x58, 0x7, 0x38, 0x6, 0xa3, 0x12, 0x46, 0x0,
    0x94, 0x2c, 0xc0, 0x23, 0x0, 0x9c, 0x80, 0x2b,
    0x21, 0xce, 0xdf, 0xc3, 0x51, 0x3d, 0xd2, 0x0,
    0xeb, 0x90, 0x91, 0x1b, 0x2b, 0xd8, 0x88, 0x20,

    /* U+0027 "'" */
    0x1f, 0xf1, 0x88, 0x0, 0x40, 0x22, 0x1, 0x0,
    0x88, 0x40, 0xe, 0x60, 0x2, 0x60,

    /* U+0028 "(" */
    0x0, 0xdb, 0xe4, 0x1, 0x39, 0x41, 0x0, 0x6,
    0x5, 0xc0, 0x29, 0x9, 0x0, 0xce, 0xe, 0x1,
    0x30, 0x28, 0x6, 0xd0, 0xf0, 0xc, 0xa0, 0x80,
    0x11, 0x8, 0xc0, 0x13, 0x1, 0x0, 0x61, 0x7,
    0x0, 0xc6, 0x2, 0x1, 0x8c, 0x4, 0x3, 0x8,
    0x38, 0x6, 0x70, 0x20, 0xc, 0x60, 0x22, 0x0,
    0xc8, 0x8, 0x1, 0xb0, 0x30, 0x3, 0x30, 0x30,
    0x6, 0x15, 0x6, 0x0, 0xd0, 0x16, 0x1, 0x89,
    0xc9, 0xc0, 0x34, 0xc, 0x8,

    /* U+0029 ")" */
    0x6f, 0x90, 0xc, 0xc4, 0xc6, 0x1, 0xa4, 0x3c,
    0x3, 0x21, 0x19, 0x80, 0x35, 0x4, 0x80, 0x66,
    0x5, 0x10, 0x8, 0x4c, 0x10, 0x3, 0x20, 0x60,
    0x6, 0xc0, 0x40, 0xc, 0xe0, 0x60, 0x18, 0x80,
    0x40, 0x30, 0x80, 0x78, 0x40, 0x3c, 0x40, 0x20,
    0x19, 0xc0, 0x80, 0x36, 0x2, 0x0, 0x64, 0xc,
    0x0, 0x84, 0xc1, 0x0, 0x27, 0x6, 0x0, 0xd6,
    0x16, 0x1, 0x29, 0x29, 0x0, 0x50, 0x10, 0x1,
    0x39, 0x41, 0x0, 0x40,

    /* U+002A "*" */
    0x0, 0xdb, 0xe4, 0x1, 0xf0, 0x81, 0x0, 0x6b,
    0x82, 0x60, 0x3, 0x68, 0x92, 0x3e, 0xa8, 0x7c,
    0x93, 0x17, 0x52, 0x80, 0xe, 0x75, 0xc0, 0x55,
    0x80, 0x8d, 0x8, 0x2, 0xa3, 0x7e, 0xc, 0x10,
    0xc, 0x30, 0x6c, 0x66, 0x0, 0xab, 0xc0, 0x13,
    0xa4, 0x0,

    /* U+002B "+" */
    0x0, 0xe6, 0xfa, 0x0, 0xff, 0xf6, 0x97, 0xfe,
    0x90, 0x5f, 0xfc, 0xc0, 0x1f, 0xfc, 0x12, 0xff,
    0xd2, 0xb, 0xff, 0x98, 0x3, 0xff, 0xc0, 0x93,
    0x20, 0xe,

    /* U+002C "," */
    0x0, 0xbb, 0xc4, 0x2, 0x11, 0x80, 0xa, 0xe,
    0x1, 0x70, 0x58, 0x0, 0xd1, 0x88, 0x1, 0xe3,
    0x0, 0x0,

    /* U+002D "-" */
    0x2b, 0xbf, 0x4b, 0x22, 0x7c,

    /* U+002E "." */
    0x9f, 0xc0, 0x70, 0x32, 0x70, 0x22, 0x0,

    /* U+002F "/" */
    0x0, 0xfb, 0xbc, 0x3, 0xe3, 0x16, 0x0, 0xfa,
    0x83, 0x40, 0x3e, 0x71, 0x40, 0xf, 0x28, 0xb0,
    0x7, 0xde, 0x14, 0x1, 0xe1, 0x52, 0x20, 0x7,
    0x9c, 0x28, 0x3, 0xea, 0x6, 0x0, 0xf0, 0x9a,
    0x8, 0x7, 0x98, 0x34, 0x3, 0xea, 0x7, 0x0,
    0xf1, 0x92, 0x88, 0x7, 0xac, 0x3c, 0x3, 0xe6,
    0x15, 0x0, 0xf2, 0xb, 0x80, 0x7d, 0xa1, 0x40,
    0x1f, 0x30, 0x98, 0x7, 0x80,

    /* U+0030 "0" */
    0x0, 0xc, 0xef, 0xfb, 0x1c, 0x3, 0x17, 0xb1,
    0x14, 0x71, 0x80, 0x14, 0x89, 0xf6, 0xec, 0x47,
    0x0, 0x48, 0x1c, 0x20, 0x2, 0x90, 0x60, 0x40,
    0x32, 0x0, 0xc8, 0x2, 0x7e, 0xc, 0x1, 0xe3,
    0x6, 0x30, 0x20, 0xf, 0x38, 0x10, 0x87, 0x80,
    0x78, 0x43, 0xc0, 0x3f, 0xf8, 0x2, 0x1e, 0x1,
    0xe1, 0xf, 0x30, 0x10, 0xf, 0x38, 0x17, 0x82,
    0x80, 0x78, 0xc1, 0x90, 0xc, 0x40, 0x32, 0x0,
    0x99, 0x20, 0x50, 0x80, 0xa, 0x41, 0x80, 0x12,
    0x29, 0xd9, 0xba, 0x23, 0x80, 0x1, 0x7b, 0x11,
    0x91, 0x23, 0x0, 0x0,

    /* U+0031 "1" */
    0x3, 0x7a, 0xdf, 0xb9, 0xc8, 0x52, 0x0, 0x64,
    0x5f, 0x40, 0x1, 0x5d, 0x4, 0x3, 0xff, 0xfe,
    0x1, 0xff, 0xc0,

    /* U+0032 "2" */
    0x5, 0xce, 0xff, 0x75, 0xa8, 0x6, 0x23, 0x38,
    0x85, 0x2a, 0x80, 0x13, 0x7e, 0xe6, 0xfc, 0x2,
    0xa0, 0x0, 0x40, 0x39, 0xd8, 0x30, 0x3, 0xfb,
    0xc0, 0x80, 0x3f, 0xb8, 0x8, 0x3, 0xf9, 0x43,
    0x0, 0x3f, 0x39, 0x11, 0x0, 0x3e, 0x48, 0xf,
    0x0, 0xf9, 0x6c, 0x2c, 0x80, 0x3c, 0xd4, 0x38,
    0x80, 0x1e, 0x99, 0x16, 0x18, 0x7, 0xe, 0x32,
    0x69, 0x0, 0x72, 0x79, 0xc5, 0x80, 0x7d, 0xc2,
    0x17, 0x99, 0xf2, 0x0, 0x46, 0x7f, 0x84,

    /* U+0033 "3" */
    0x5, 0xce, 0xff, 0x75, 0xa8, 0x5, 0xa6, 0x78,
    0x12, 0xa8, 0x0, 0x8f, 0xdc, 0xc7, 0x50, 0x29,
    0x80, 0x7c, 0xa8, 0xc, 0x1, 0xfe, 0x10, 0xf,
    0x9d, 0x9, 0x0, 0x7, 0x54, 0xbf, 0x85, 0xc0,
    0x9, 0x95, 0x48, 0x5, 0xa2, 0x1, 0x2f, 0xfb,
    0xad, 0xa3, 0x44, 0x3, 0x85, 0x2d, 0x4a, 0x40,
    0x3f, 0x78, 0x18, 0x7, 0xe1, 0x7, 0x0, 0xfd,
    0x80, 0xc0, 0x1e, 0x17, 0x70, 0x72, 0xfe, 0xe6,
    0x37, 0xa0, 0x1d, 0x18, 0xcf, 0x11, 0x1b, 0x20,
    0x0,

    /* U+0034 "4" */
    0x0, 0xf8, 0xff, 0xd6, 0x1, 0xf8, 0x74, 0x3,
    0xfe, 0xa1, 0x60, 0xf, 0xe7, 0x47, 0xd0, 0xf,
    0xc9, 0x7, 0x0, 0x1f, 0x86, 0x83, 0x80, 0x3f,
    0xa8, 0x68, 0x80, 0x3f, 0x3a, 0x32, 0x80, 0x7e,
    0x48, 0x29, 0x0, 0xfe, 0xa0, 0xe0, 0xf, 0xe2,
    0x10, 0xfc, 0xcd, 0x20, 0x99, 0x0, 0x11, 0x9f,
    0x10, 0x0, 0xcc, 0x5f, 0xff, 0x58, 0x27, 0xd8,
    0x7, 0xff, 0x6c,

    /* U+0035 "5" */
    0xd, 0xff, 0xf8, 0x2, 0x20, 0x22, 0xf0, 0x0,
    0x81, 0x37, 0x7c, 0x0, 0x60, 0x30, 0xf, 0xc6,
    0x1a, 0x1, 0xfb, 0x83, 0xe6, 0x50, 0xa0, 0x19,
    0x41, 0x59, 0x8f, 0x5e, 0xc0, 0x8, 0xdf, 0xf7,
    0x63, 0x4, 0xa8, 0x21, 0x0, 0x4, 0xe6, 0x2,
    0x0, 0x3f, 0x30, 0x10, 0x7, 0xe1, 0x0, 0x8,
    0x7, 0xf8, 0x40, 0x3e, 0x60, 0x20, 0x10, 0xe,
    0x69, 0x8, 0xf, 0xec, 0xc6, 0xfc, 0x83, 0xa8,
    0x28, 0x19, 0x88, 0x8d, 0x90, 0x0,

    /* U+0036 "6" */
    0x0, 0xe5, 0xad, 0xe4, 0x0, 0xe3, 0xda, 0x52,
    0x37, 0x0, 0xc9, 0x84, 0xdb, 0xfa, 0x60, 0x10,
    0xd8, 0xec, 0x90, 0x7, 0xa0, 0x28, 0x80, 0x3f,
    0x31, 0xbd, 0xf7, 0xec, 0x88, 0x1, 0x0, 0xb1,
    0x54, 0x86, 0xde, 0x40, 0x60, 0x31, 0xd7, 0x6e,
    0x51, 0x90, 0xf0, 0x37, 0x0, 0xd6, 0x8, 0x22,
    0x4, 0x0, 0xe1, 0x30, 0x50, 0x7, 0x80, 0x79,
    0xc0, 0x1c, 0x1c, 0x1, 0xe7, 0x7, 0x30, 0x70,
    0xe, 0x23, 0x3, 0x42, 0x1a, 0x0, 0x8b, 0x81,
    0x80, 0x1c, 0x2b, 0xf9, 0xba, 0x33, 0x48, 0x0,
    0xfd, 0x88, 0xc8, 0xe3, 0x0, 0x0,

    /* U+0037 "7" */
    0xbf, 0xff, 0xf2, 0x11, 0x7f, 0x0, 0x53, 0xbb,
    0xf8, 0x81, 0x40, 0x3f, 0x31, 0x30, 0x80, 0x7e,
    0x80, 0x80, 0xf, 0xcc, 0x2c, 0x20, 0x1f, 0xa0,
    0x2c, 0x3, 0xf3, 0x8b, 0x10, 0x7, 0xe9, 0xb,
    0x0, 0xfc, 0xe2, 0xa4, 0x1, 0xfa, 0x42, 0x0,
    0x3f, 0x38, 0xa9, 0x0, 0x7e, 0x90, 0x80, 0xf,
    0xce, 0x2a, 0x40, 0x1f, 0xc, 0x4, 0x80, 0x7e,
    0x90, 0x43, 0x0, 0xf0,

    /* U+0038 "8" */
    0x0, 0x25, 0x77, 0xfb, 0x64, 0x80, 0x26, 0xb5,
    0x4, 0x33, 0x36, 0x98, 0x2, 0x42, 0x7a, 0xf3,
    0x98, 0x3c, 0xc, 0xd, 0x80, 0x34, 0x81, 0x80,
    0x80, 0x7f, 0xc4, 0x43, 0x40, 0xd, 0x0, 0xa0,
    0xf, 0x3b, 0xb4, 0xcb, 0x5d, 0x28, 0x0, 0x56,
    0x8, 0xcc, 0x21, 0xd0, 0xb, 0x21, 0xb7, 0xfb,
    0x16, 0x64, 0xc, 0x6b, 0x24, 0x2, 0x76, 0x4c,
    0x7a, 0x1e, 0x1, 0xe5, 0x4, 0x70, 0x10, 0xf,
    0x78, 0x7b, 0x1, 0x80, 0x7b, 0x3, 0xfc, 0x10,
    0x80, 0x19, 0x90, 0x15, 0x60, 0xbd, 0xbc, 0xe9,
    0x8, 0x20, 0xaa, 0x21, 0xa1, 0x99, 0x71, 0xc0,

    /* U+0039 "9" */
    0x0, 0x14, 0xef, 0xfb, 0x18, 0x3, 0x26, 0xb1,
    0x19, 0x1c, 0xd8, 0x5, 0x40, 0xff, 0x9b, 0xa2,
    0x47, 0x6, 0x13, 0x80, 0x8, 0xbc, 0x24, 0x3c,
    0x2c, 0x3, 0x88, 0x82, 0x40, 0x1, 0x0, 0xf3,
    0x3, 0x70, 0x78, 0x7, 0x94, 0x0, 0x80, 0xc8,
    0x1, 0xa0, 0x41, 0xcd, 0xc2, 0xf2, 0xa9, 0xce,
    0x0, 0x10, 0x8a, 0x42, 0x54, 0x7d, 0x0, 0x10,
    0x1, 0x6f, 0xbf, 0xa5, 0xc1, 0x0, 0x3f, 0xa0,
    0x38, 0x3, 0xf5, 0x11, 0xa8, 0x7, 0x97, 0x54,
    0x78, 0x3, 0x36, 0xfd, 0x12, 0x79, 0x0, 0x6e,
    0x32, 0x6c, 0xb1, 0x0, 0x80,

    /* U+003A ":" */
    0xbf, 0xc0, 0x40, 0x30, 0x40, 0x30, 0xbf, 0xc0,
    0xf, 0xfe, 0x6d, 0x7d, 0x82, 0x82, 0x2, 0x1,
    0x80,

    /* U+003B ";" */
    0x0, 0x5f, 0xe0, 0x4, 0x80, 0x60, 0x12, 0x1,
    0x80, 0x57, 0xf8, 0x1, 0xff, 0xd6, 0x22, 0x0,
    0x47, 0xb2, 0x1, 0x28, 0x18, 0x5, 0xa1, 0x40,
    0x1, 0x43, 0x20, 0x4, 0x7, 0x80, 0x9, 0x98,
    0x60, 0x0,

    /* U+003C "<" */
    0x0, 0xff, 0xe5, 0xad, 0xb0, 0x7, 0xc5, 0x1d,
    0x48, 0x1, 0xe5, 0xbd, 0x71, 0x5b, 0x60, 0x1,
    0x47, 0x52, 0x14, 0x75, 0x20, 0xd, 0xeb, 0x8a,
    0xde, 0xb8, 0x80, 0x46, 0x85, 0x1d, 0x48, 0x1,
    0xf8, 0xb4, 0x80, 0x3f, 0x13, 0x2, 0xe6, 0xb8,
    0x80, 0x7a, 0x7e, 0x4c, 0xa3, 0xa8, 0xc0, 0x3c,
    0xd9, 0xac, 0xb, 0x9a, 0xe2, 0x1, 0xc5, 0x3f,
    0x26, 0x50, 0xe0, 0x1f, 0x9b, 0x35, 0x8c,

    /* U+003D "=" */
    0x2f, 0xff, 0xf9, 0x80, 0x3f, 0xf8, 0x25, 0xff,
    0xff, 0x30, 0x7, 0xff, 0x6c, 0xbf, 0xff, 0xe6,
    0x0, 0xff, 0xe0, 0x80,

    /* U+003E ">" */
    0x0, 0xff, 0xe0, 0x96, 0xb8, 0x80, 0x7f, 0x8a,
    0x3a, 0x8c, 0x3, 0xe2, 0xd7, 0x15, 0xcd, 0x71,
    0x0, 0xe2, 0x8e, 0xa3, 0x28, 0xea, 0x30, 0xf,
    0x2e, 0x6b, 0x8a, 0xe6, 0x98, 0x7, 0x8a, 0x3a,
    0x8c, 0x94, 0x3, 0xf1, 0x69, 0x0, 0x7e, 0x5b,
    0xd7, 0x15, 0x40, 0x8, 0xa3, 0xa9, 0xa, 0x3a,
    0x88, 0x16, 0xf5, 0xc5, 0x6f, 0x5c, 0x40, 0x5,
    0x48, 0x51, 0xd4, 0x80, 0x1e, 0x5b, 0xd7, 0x10,
    0xf, 0x80,

    /* U+003F "?" */
    0x9d, 0xff, 0xb6, 0x88, 0x18, 0x80, 0x40, 0x97,
    0x4f, 0x3f, 0xdd, 0xf8, 0x21, 0x26, 0x1, 0x8d,
    0x81, 0x80, 0x3d, 0xe0, 0x1f, 0xb0, 0x14, 0x3,
    0xa1, 0x2, 0xc0, 0x35, 0x38, 0xd9, 0x0, 0x56,
    0xa9, 0xe8, 0x1, 0x1a, 0x15, 0x88, 0x6, 0x60,
    0x40, 0xf, 0x25, 0xd8, 0x3, 0xc2, 0x84, 0x1,
    0xe9, 0xfc, 0x0, 0xf3, 0x81, 0x88, 0x7, 0x20,
    0x10, 0x80, 0x40,

    /* U+0040 "@" */
    0x0, 0xf1, 0x46, 0x77, 0xfb, 0x69, 0x40, 0x3f,
    0x15, 0xeb, 0x92, 0xa9, 0x1, 0x6b, 0x4c, 0x3,
    0x93, 0x51, 0x73, 0xae, 0xaf, 0x79, 0x8b, 0xc,
    0x2, 0x3b, 0xb, 0xa3, 0x0, 0xe1, 0x9a, 0xd,
    0x0, 0xe, 0x86, 0x20, 0x7, 0xf2, 0xa8, 0x58,
    0x24, 0x60, 0xc0, 0x7, 0x7f, 0xea, 0x6f, 0x60,
    0x90, 0xc0, 0x71, 0x70, 0x2, 0xe2, 0x33, 0x12,
    0x41, 0x40, 0xc1, 0xd0, 0x1c, 0x0, 0x54, 0x3b,
    0x32, 0xa0, 0x1, 0x80, 0x46, 0x60, 0xf0, 0x5,
    0x4, 0x90, 0x1, 0x40, 0x80, 0x31, 0xf0, 0x10,
    0x1, 0x1, 0x80, 0x23, 0x7, 0x0, 0x8, 0x9,
    0x83, 0x80, 0x8, 0x4, 0x2, 0x40, 0xd0, 0x2,
    0x82, 0x10, 0x38, 0x7, 0xea, 0x2, 0x0, 0x68,
    0x5f, 0x1, 0x80, 0x14, 0x1c, 0xa, 0x8c, 0x3c,
    0x15, 0x90, 0xd0, 0x2c, 0x1, 0x23, 0x1f, 0xaa,
    0xe8, 0xbf, 0x47, 0x40, 0x48, 0x68, 0x5, 0xf2,
    0xf1, 0xb1, 0x72, 0xf5, 0x82, 0x0, 0x80, 0xa3,
    0x1, 0x68, 0x72, 0x0, 0x34, 0x28, 0x6, 0x3a,
    0x1c, 0x82, 0x0, 0xf8, 0x84, 0x3, 0x97, 0x9,
    0xf7, 0xb2, 0xea, 0xf7, 0xf5, 0x0, 0x3c, 0x7b,
    0x6c, 0x44, 0x45, 0x50, 0xb5, 0x28, 0x4,

    /* U+0041 "A" */
    0x0, 0xf4, 0xff, 0xa8, 0x3, 0xff, 0x80, 0xc0,
    0x5, 0x10, 0xf, 0xf3, 0x2, 0xa8, 0x1c, 0x3,
    0xfd, 0x41, 0xd2, 0x16, 0x1, 0xfc, 0x66, 0x24,
    0x32, 0x21, 0x80, 0x7e, 0xa0, 0xa0, 0x5, 0x5,
    0x0, 0x7e, 0x60, 0x60, 0x3, 0x3, 0x0, 0x7c,
    0xc0, 0xa2, 0x0, 0x15, 0x6, 0x0, 0xf5, 0x7,
    0x0, 0x6e, 0xa, 0x0, 0xe2, 0x30, 0xae, 0xed,
    0x40, 0x66, 0x0, 0xd6, 0x0, 0x11, 0xf0, 0x2,
    0x80, 0x33, 0x87, 0x7f, 0xfb, 0x41, 0x80, 0x25,
    0x14, 0x10, 0xf, 0x11, 0x82, 0x80, 0x24, 0x34,
    0x3, 0xf5, 0x84, 0x81, 0x18, 0x30, 0x7, 0xe6,
    0x3, 0x2a, 0x5, 0x0, 0xfe, 0x14, 0xa,

    /* U+0042 "B" */
    0xcf, 0xfe, 0xec, 0x70, 0xe, 0x23, 0x31, 0x9,
    0xc6, 0x0, 0x6b, 0xcc, 0x6f, 0xd8, 0x1a, 0x80,
    0x7e, 0x45, 0xd, 0x0, 0xfe, 0x20, 0xf, 0xf8,
    0xc3, 0x80, 0x3e, 0x39, 0x42, 0x60, 0xa, 0x7f,
    0xec, 0x65, 0xc0, 0xc, 0x68, 0x91, 0x2, 0xe8,
    0x80, 0x55, 0x77, 0x6f, 0x21, 0xd0, 0x7, 0xe1,
    0x90, 0x40, 0xf, 0xe2, 0x0, 0x10, 0x7, 0xe2,
    0x0, 0x18, 0x7, 0xc3, 0x20, 0x42, 0x0, 0x8d,
    0xdb, 0xb8, 0x81, 0x20, 0x10, 0x91, 0x42, 0x4d,
    0xa8, 0x0,

    /* U+0043 "C" */
    0x0, 0xc9, 0x3b, 0xdf, 0xed, 0xa1, 0x0, 0xd,
    0xd9, 0x88, 0x44, 0x4, 0xa6, 0x0, 0xd4, 0x8,
    0xef, 0xef, 0xf6, 0x10, 0x29, 0x86, 0x38, 0x80,
    0x63, 0x0, 0x48, 0x31, 0x80, 0x7f, 0x18, 0x50,
    0x7, 0xf1, 0x0, 0x8, 0x3, 0xf8, 0x40, 0x2,
    0x1, 0xff, 0xca, 0x10, 0x0, 0x80, 0x7f, 0x18,
    0x0, 0x80, 0x3f, 0x84, 0x81, 0x0, 0x3f, 0xca,
    0x12, 0x20, 0x1f, 0xd2, 0x22, 0xf5, 0x10, 0x8,
    0x50, 0x80, 0x74, 0x45, 0x5d, 0xfd, 0xfd, 0x6e,
    0x0, 0x3e, 0x94, 0x10, 0x11, 0x1b, 0x20,

    /* U+0044 "D" */
    0xcf, 0xfe, 0xec, 0x94, 0x0, 0xf0, 0x91, 0x4,
    0x46, 0xd7, 0x60, 0xe, 0x8d, 0xd7, 0x7e, 0x30,
    0x25, 0x0, 0x7f, 0x1c, 0xc0, 0x29, 0x80, 0x7f,
    0x9c, 0x82, 0x80, 0x3f, 0xea, 0x4, 0x0, 0xff,
    0x8c, 0x8, 0x3, 0xfe, 0x70, 0xf, 0xfe, 0x7b,
    0x80, 0x7f, 0xf0, 0x4c, 0xc, 0x3, 0xfe, 0xa0,
    0x40, 0xf, 0xf4, 0x10, 0x50, 0x7, 0xe3, 0xa7,
    0x7, 0x20, 0xa, 0x37, 0x5d, 0xf8, 0xa0, 0xf0,
    0x1, 0x84, 0x88, 0x22, 0x37, 0xd8, 0x0, 0x80,

    /* U+0045 "E" */
    0xcf, 0xff, 0xce, 0x1, 0x8, 0xfe, 0x0, 0xa3,
    0xbb, 0xcc, 0x1, 0xff, 0xd8, 0xbc, 0xcf, 0x0,
    0x62, 0x33, 0xf0, 0x6, 0x9f, 0xff, 0x0, 0x7f,
    0xfb, 0xe7, 0xbb, 0xe1, 0x0, 0x84, 0x7e, 0x0,

    /* U+0046 "F" */
    0xcf, 0xff, 0xce, 0x0, 0x11, 0xfc, 0x0, 0x8e,
    0xef, 0x30, 0x7, 0xff, 0x7a, 0x7f, 0xfc, 0x1,
    0x8, 0xfc, 0x1, 0x47, 0x77, 0x80, 0x3f, 0xfe,
    0x20,

    /* U+0047 "G" */
    0x0, 0xc7, 0x39, 0xdf, 0xee, 0xb8, 0x0, 0x86,
    0xf1, 0x8c, 0x47, 0x23, 0x88, 0x2, 0x90, 0x23,
    0x7f, 0xb9, 0xfd, 0x62, 0xa, 0x81, 0x8e, 0x40,
    0x18, 0x50, 0x1, 0x20, 0xc6, 0x1, 0xfe, 0x30,
    0xd0, 0xf, 0xf1, 0x0, 0x14, 0x3, 0xfc, 0x20,
    0x1, 0x0, 0xdb, 0xff, 0xa0, 0x3, 0xf3, 0x99,
    0x84, 0x0, 0x20, 0x1, 0x0, 0xd5, 0x98, 0x60,
    0x1, 0x80, 0x8, 0x3, 0xfc, 0x24, 0x16, 0x1,
    0xff, 0x28, 0x30, 0x80, 0x7f, 0xa4, 0x45, 0xea,
    0x1, 0xc2, 0x1, 0xe, 0x10, 0xd7, 0xf6, 0xf7,
    0xb0, 0x6, 0x2d, 0x94, 0x21, 0x21, 0x11, 0xb5,
    0x80,

    /* U+0048 "H" */
    0xcf, 0x60, 0xf, 0x9b, 0xf0, 0x3, 0xff, 0xef,
    0x79, 0x9f, 0x58, 0x6, 0x23, 0x3f, 0x88, 0x3,
    0x4f, 0xff, 0xd2, 0x1, 0xff, 0xff, 0x0, 0xff,
    0xe3, 0x0,

    /* U+0049 "I" */
    0xcf, 0x60, 0xf, 0xff, 0x8,

    /* U+004A "J" */
    0x0, 0xd9, 0xec, 0x1, 0xff, 0xff, 0x0, 0xff,
    0xeb, 0x8, 0x18, 0x6, 0x20, 0x10, 0xa, 0x40,
    0x9, 0x9d, 0xec, 0x12, 0x0, 0x10, 0x3a, 0x60,

    /* U+004B "K" */
    0xcf, 0x60, 0xe, 0x2e, 0xf9, 0x0, 0xfc, 0x58,
    0x2d, 0x20, 0x1f, 0xe, 0xb, 0x48, 0x7, 0xc3,
    0x82, 0xd2, 0x1, 0xf0, 0xe1, 0x2c, 0x80, 0x7e,
    0xd2, 0x5a, 0x0, 0xfa, 0x38, 0xd6, 0x80, 0x3f,
    0x8, 0x80, 0x3f, 0xe9, 0xd0, 0x57, 0x0, 0xfe,
    0x2a, 0x8, 0x40, 0xf, 0xe5, 0x60, 0xa1, 0x0,
    0xfe, 0x92, 0x1d, 0x0, 0xff, 0x78, 0x1c, 0x80,
    0x7f, 0x15, 0x3, 0x28, 0x7, 0xf2, 0xb0, 0x51,
    0x0, 0x7f, 0x49, 0x7, 0x80,

    /* U+004C "L" */
    0xcf, 0x60, 0xf, 0xff, 0xf8, 0x7, 0xff, 0xd2,
    0x7b, 0xbd, 0x0, 0x10, 0x8f, 0xc0,

    /* U+004D "M" */
    0xcf, 0xf6, 0x80, 0x7e, 0xef, 0xf5, 0x80, 0x44,
    0x80, 0x1e, 0x51, 0x0, 0xe5, 0xe, 0x0, 0xf7,
    0x2, 0x0, 0x6f, 0x15, 0x10, 0xc, 0x48, 0x58,
    0x1, 0xcc, 0x12, 0x1, 0xa8, 0x2c, 0x3, 0xd2,
    0xc, 0x1, 0x98, 0x18, 0x3, 0xc2, 0x82, 0xa0,
    0x5, 0x16, 0x0, 0xfd, 0xe1, 0xc0, 0x9, 0xb,
    0x0, 0xfc, 0x84, 0x84, 0x67, 0x10, 0x7, 0xf5,
    0x85, 0xd0, 0x48, 0x7, 0xf9, 0x81, 0x98, 0x2a,
    0x1, 0xff, 0x30, 0x1, 0x80, 0x3f, 0xf8, 0x11,
    0x33, 0x0, 0x7f, 0xf0, 0x5, 0x98, 0x20, 0x1f,
    0xfd, 0xa0,

    /* U+004E "N" */
    0xcf, 0xf6, 0x80, 0x7d, 0x7e, 0xe0, 0x11, 0x38,
    0x7, 0xfc, 0xe1, 0x2, 0x1, 0xfe, 0xd6, 0x8,
    0x0, 0xff, 0xa0, 0x18, 0x80, 0x3f, 0xc3, 0x1,
    0x20, 0x1f, 0xf3, 0x92, 0x20, 0x3, 0xfe, 0x90,
    0x90, 0xf, 0xf9, 0x10, 0x4e, 0x1, 0xff, 0x48,
    0x48, 0x80, 0x7f, 0x89, 0xc6, 0x0, 0x3f, 0xe9,
    0x16, 0x20, 0xf, 0xf0, 0xc0, 0x48, 0x7, 0xfc,
    0xc4, 0x8a, 0x1, 0xff, 0x70, 0x8, 0x7, 0xfc,
    0x6a, 0x1, 0x0,

    /* U+004F "O" */
    0x0, 0x85, 0xf3, 0xbf, 0xdd, 0x6c, 0x1, 0xe4,
    0xf8, 0x30, 0x22, 0xa, 0x4e, 0x90, 0x4, 0x36,
    0x29, 0x9d, 0xba, 0xfb, 0x22, 0x78, 0x5, 0x0,
    0x56, 0x60, 0x19, 0x30, 0x9, 0x40, 0xe, 0x16,
    0x1, 0xf0, 0xb0, 0x70, 0x8, 0x81, 0x0, 0x3f,
    0x60, 0x28, 0x10, 0x0, 0x80, 0x3f, 0x30, 0x8,
    0x7, 0xff, 0x4, 0x40, 0x3f, 0xfa, 0x62, 0x1,
    0x10, 0x0, 0x80, 0x3f, 0x30, 0x8, 0x8, 0x81,
    0xc0, 0x3f, 0x68, 0x28, 0x1, 0xc2, 0x40, 0x3e,
    0x16, 0xd, 0x0, 0x58, 0x1d, 0x90, 0x6, 0x4c,
    0x12, 0x60, 0x1, 0x58, 0x26, 0xf6, 0xeb, 0xec,
    0x87, 0xc0, 0x32, 0x73, 0x98, 0x11, 0x5, 0x23,
    0x88, 0x0,

    /* U+0050 "P" */
    0xcf, 0xfe, 0xeb, 0x70, 0xc, 0x24, 0x41, 0x12,
    0x46, 0x88, 0x2, 0x37, 0x5d, 0xf4, 0x5, 0x20,
    0x1f, 0x2b, 0x82, 0x0, 0x7e, 0xd0, 0x20, 0xf,
    0xc2, 0x1, 0xfe, 0xc0, 0x20, 0xf, 0x91, 0xc2,
    0xc0, 0x17, 0x99, 0x75, 0x81, 0xb8, 0x0, 0x8c,
    0xe0, 0x49, 0xc0, 0xa, 0x7f, 0xee, 0xb6, 0x0,
    0xff, 0xf6, 0x80,

    /* U+0051 "Q" */
    0x0, 0x85, 0xf3, 0xbf, 0xdd, 0x6c, 0x1, 0xe4,
    0xf8, 0x30, 0x22, 0xa, 0x4e, 0x90, 0x4, 0x36,
    0x29, 0x9d, 0xba, 0xfb, 0x22, 0x78, 0x5, 0x0,
    0x56, 0x60, 0x19, 0x30, 0x9, 0x40, 0xe, 0x16,
    0x1, 0xf0, 0xb0, 0x70, 0x8, 0x81, 0x0, 0x3f,
    0x60, 0x28, 0x10, 0x0, 0x80, 0x3f, 0x30, 0x8,
    0x7, 0xff, 0x4, 0x40, 0x3f, 0xfa, 0x62, 0x1,
    0x10, 0x0, 0x80, 0x3f, 0x30, 0x8, 0x8, 0x81,
    0xc0, 0x3f, 0x68, 0x28, 0x1, 0xc2, 0x40, 0x3e,
    0x16, 0xd, 0x0, 0x58, 0x1d, 0x90, 0x6, 0x4c,
    0x12, 0x60, 0x1, 0x58, 0x26, 0xf6, 0xeb, 0xec,
    0x89, 0xe0, 0x19, 0x39, 0xcc, 0x8, 0x80, 0x73,
    0xa4, 0x1, 0xc3, 0x19, 0xde, 0xc0, 0xec, 0x1,
    0xff, 0xc0, 0x93, 0x49, 0x0, 0xff, 0xe0, 0xe8,
    0xb3, 0x80, 0x40,

    /* U+0052 "R" */
    0xcf, 0xfe, 0xdb, 0x60, 0xf, 0x9, 0x10, 0x49,
    0x26, 0xc0, 0x3a, 0x37, 0x5d, 0xf2, 0x8, 0xc0,
    0x1f, 0xcc, 0xc0, 0xc0, 0xf, 0xf7, 0x83, 0x0,
    0x7f, 0x84, 0x3, 0xff, 0x81, 0xa0, 0xa0, 0x1f,
    0x8a, 0x14, 0x34, 0x3, 0x4f, 0xfd, 0xae, 0x12,
    0x80, 0x18, 0x8c, 0xc2, 0x9, 0xcc, 0x1, 0xd7,
    0x98, 0xd0, 0x42, 0x0, 0xfe, 0x38, 0xe, 0x0,
    0xff, 0x3a, 0x15, 0x0, 0x7f, 0xa8, 0x55, 0xc0,
    0x3f, 0x86, 0x82, 0xc, 0x3, 0xf9, 0x1c, 0x34,
    0x40,

    /* U+0053 "S" */
    0x0, 0x25, 0x77, 0xfb, 0xb6, 0x88, 0x0, 0xf6,
    0xa2, 0x38, 0x95, 0xc0, 0x60, 0x23, 0xfb, 0x9f,
    0xd6, 0xe0, 0x80, 0x4e, 0x1, 0x85, 0x8, 0x2,
    0x10, 0xf, 0xe6, 0x3, 0x10, 0xf, 0xc6, 0x60,
    0xf8, 0x40, 0xf, 0xb5, 0x85, 0xef, 0xf1, 0xc0,
    0x30, 0xcf, 0xdc, 0x19, 0xa3, 0x8c, 0x3, 0x91,
    0xf3, 0x94, 0x78, 0x3, 0xf0, 0xd0, 0x10, 0x80,
    0x7f, 0x8, 0x10, 0x7, 0xe1, 0x10, 0xa, 0x20,
    0x40, 0x31, 0xe8, 0x11, 0x3a, 0xfb, 0xfb, 0x9f,
    0x86, 0x1c, 0x1c, 0xa6, 0x23, 0x1, 0xbf, 0x18,
    0x0,

    /* U+0054 "T" */
    0x9f, 0xff, 0xf9, 0x4, 0x78, 0x0, 0x23, 0xcf,
    0x1d, 0xd8, 0xc2, 0x3b, 0xb1, 0x80, 0x7f, 0xff,
    0xc0, 0x3f, 0xff, 0xe0, 0x1f, 0xfc, 0x70,

    /* U+0055 "U" */
    0xdf, 0x40, 0xf, 0x9b, 0xec, 0x3, 0xff, 0xfe,
    0x1, 0xff, 0xe8, 0x10, 0x0, 0x81, 0x0, 0x7d,
    0xe0, 0x2c, 0x18, 0x1, 0xf2, 0x6, 0xf0, 0x2c,
    0x8, 0x4, 0x32, 0x60, 0xc8, 0xc0, 0xfd, 0xcd,
    0xee, 0x30, 0x50, 0x84, 0xda, 0x90, 0x90, 0x9b,
    0xea, 0x80,

    /* U+0056 "V" */
    0x6f, 0xd0, 0xf, 0xee, 0xf4, 0x70, 0x23, 0x0,
    0xf9, 0x4, 0x48, 0x28, 0x16, 0x1, 0xf6, 0x83,
    0x0, 0x34, 0x14, 0x3, 0xe7, 0xb, 0x0, 0x30,
    0x11, 0x80, 0x72, 0x9, 0x18, 0x4, 0xa1, 0x60,
    0x1d, 0xc1, 0x40, 0x1b, 0xc1, 0x80, 0x39, 0x41,
    0x40, 0x32, 0x80, 0x98, 0x4, 0xa0, 0x64, 0x1,
    0xcc, 0x14, 0x1, 0x78, 0x50, 0x7, 0xb4, 0x1c,
    0x2, 0x50, 0x70, 0xf, 0x20, 0x88, 0xc1, 0x41,
    0x4, 0x3, 0xe6, 0xa, 0xe, 0xe, 0x0, 0xfd,
    0x60, 0xe2, 0x80, 0xa0, 0x1f, 0x8c, 0x86, 0xc1,
    0x80, 0x3f, 0xca, 0xa, 0x1a, 0x1, 0xfe, 0xa0,
    0x0, 0xa0, 0x7, 0x0,

    /* U+0057 "W" */
    0x4f, 0xf0, 0x7, 0xff, 0xd, 0x7f, 0x10, 0x0,
    0x60, 0x1e, 0x22, 0x0, 0x7b, 0x1, 0x0, 0xc1,
    0x0, 0x3a, 0xb7, 0x48, 0x1, 0xc8, 0x18, 0x8,
    0x1a, 0x1, 0xc8, 0x0, 0xd0, 0xe, 0x20, 0x50,
    0xc0, 0x40, 0xc, 0x62, 0x80, 0xe0, 0x19, 0x0,
    0xc4, 0x10, 0x4, 0x80, 0x2b, 0xf, 0x31, 0x20,
    0xb, 0x1, 0x0, 0x23, 0x7, 0x0, 0x90, 0x12,
    0xc1, 0x40, 0x23, 0xd, 0x0, 0x90, 0x30, 0x0,
    0x26, 0x80, 0x81, 0x80, 0x12, 0x2, 0x0, 0x58,
    0x8, 0x0, 0x70, 0xd0, 0x31, 0x40, 0x1, 0x81,
    0x8, 0x4, 0xa0, 0x42, 0x18, 0x8, 0x0, 0x40,
    0x50, 0x50, 0x40, 0xc, 0x24, 0xa, 0xa, 0x44,
    0x0, 0x78, 0x60, 0x60, 0x60, 0x7, 0x20, 0x62,
    0x2, 0x80, 0x48, 0xe, 0x8, 0x8, 0x1, 0xd8,
    0x9, 0x81, 0x80, 0x10, 0x98, 0xa0, 0x90, 0x80,
    0x72, 0x1, 0xa8, 0x20, 0x6, 0xb0, 0x90, 0x40,
    0xf, 0x9, 0x1, 0x28, 0x7, 0x20, 0x10, 0x60,
    0x7, 0xc8, 0x0, 0xc0, 0xe, 0x31, 0x0, 0x20,
    0x4,

    /* U+0058 "X" */
    0xa, 0xfd, 0x0, 0xf9, 0xff, 0x40, 0x16, 0x24,
    0xc0, 0x1c, 0x50, 0x1c, 0x0, 0x18, 0x9, 0x10,
    0xd, 0x20, 0xe6, 0x1, 0x32, 0x5, 0x80, 0x4c,
    0x85, 0x0, 0x1d, 0x20, 0xa6, 0x3, 0x1, 0xc0,
    0x1e, 0x28, 0xe, 0xb, 0x18, 0x30, 0xf, 0x9c,
    0x89, 0x6a, 0x6e, 0x1, 0xfd, 0xc0, 0x81, 0xe0,
    0x1f, 0xe5, 0x0, 0xac, 0x3, 0xf8, 0xa4, 0x24,
    0x1c, 0x80, 0x3f, 0x48, 0x33, 0x1c, 0x38, 0x3,
    0xe6, 0x42, 0x90, 0x81, 0x37, 0x0, 0xe2, 0x90,
    0x90, 0xa, 0x82, 0x8, 0x3, 0x70, 0x32, 0x0,
    0x48, 0xa1, 0xc0, 0x13, 0x98, 0xc8, 0x7, 0x58,
    0x1b, 0x1, 0x40, 0x50, 0x7, 0x86, 0x42, 0x48,

    /* U+0059 "Y" */
    0x8f, 0xe0, 0xf, 0xd3, 0xf8, 0x10, 0x43, 0x20,
    0x1e, 0x36, 0xe, 0x0, 0x48, 0x31, 0x80, 0x77,
    0x84, 0x10, 0x1, 0x18, 0x3c, 0x3, 0x31, 0x93,
    0x80, 0x69, 0x13, 0x60, 0x0, 0xc8, 0x70, 0x7,
    0xa8, 0x24, 0x42, 0xc1, 0xcc, 0x3, 0xc8, 0xa1,
    0x68, 0xa5, 0x0, 0x1f, 0xac, 0x56, 0x83, 0x80,
    0x3f, 0x86, 0xc0, 0x58, 0xc0, 0x3f, 0xca, 0x0,
    0xa0, 0xf, 0xff, 0xf8, 0x7, 0xff, 0x24,

    /* U+005A "Z" */
    0x2f, 0xff, 0xf9, 0xcc, 0x3, 0xff, 0x80, 0x3f,
    0xff, 0xa0, 0x5, 0x40, 0x3f, 0x24, 0x5, 0x10,
    0x7, 0xc5, 0x41, 0x28, 0x1, 0xfb, 0xc5, 0x98,
    0x1, 0xfa, 0x88, 0xe4, 0x3, 0xf4, 0x28, 0xe8,
    0x7, 0xe4, 0x70, 0xd1, 0x0, 0xf8, 0xac, 0x24,
    0xc0, 0x3e, 0x1f, 0x6, 0x60, 0x7, 0xea, 0x24,
    0x90, 0xf, 0xd0, 0x85, 0x40, 0x1f, 0x95, 0xc3,
    0xc4, 0x3, 0xf6, 0x0, 0x37, 0xff, 0xf8, 0x3,
    0xff, 0x82,

    /* U+005B "[" */
    0x5f, 0xfc, 0x60, 0x11, 0x98, 0x40, 0x7, 0x98,
    0x20, 0xf, 0xff, 0xf8, 0x7, 0xff, 0x5c, 0xee,
    0xc4, 0x1, 0x22, 0x4,

    /* U+005C "\\" */
    0x3f, 0xb0, 0xf, 0xe3, 0x32, 0x10, 0x7, 0xf4,
    0x85, 0x80, 0x7f, 0x29, 0x30, 0x80, 0x7f, 0x50,
    0x48, 0x7, 0xf3, 0x83, 0x0, 0x7f, 0x9c, 0x58,
    0x3, 0xfa, 0x42, 0xc0, 0x3f, 0x85, 0x49, 0x0,
    0x3f, 0xa4, 0x3c, 0x3, 0xf8, 0xcc, 0x86, 0x1,
    0xfd, 0x1, 0x20, 0x1f, 0xc8, 0x4a, 0x20, 0x1f,
    0xd6, 0x12, 0x1, 0xfc, 0xc2, 0xc0, 0x1f, 0xe6,
    0x16, 0x0, 0xfe, 0x90, 0xb0, 0xf, 0xe1, 0x52,
    0x50, 0xf, 0xe8, 0x9, 0x0, 0xfe, 0x24, 0x33,
    0x0, 0x7f, 0x43, 0xb8,

    /* U+005D "]" */
    0x3f, 0xfc, 0xc2, 0x66, 0x10, 0x1, 0x66, 0x14,
    0x3, 0xff, 0xfe, 0x1, 0xff, 0xd7, 0x2b, 0xb2,
    0x80, 0x5, 0x10, 0x20, 0x0,

    /* U+005E "^" */
    0x0, 0xdd, 0xfe, 0x40, 0xf, 0x30, 0x88, 0x38,
    0x3, 0xd4, 0x1a, 0x2a, 0x20, 0x18, 0xcf, 0x30,
    0x48, 0x6, 0x90, 0xa0, 0xa0, 0x60, 0x8, 0x54,
    0x58, 0x9, 0x5, 0x40, 0xc, 0xc, 0x1, 0x70,
    0x70, 0x2, 0x42, 0x80, 0x25, 0x14, 0x24, 0x14,
    0x20, 0xd, 0x21, 0x40,

    /* U+005F "_" */
    0xaa, 0xff, 0xe0, 0x2a, 0xff, 0xf0, 0x0,

    /* U+0060 "`" */
    0x38, 0x80, 0x80, 0xd, 0x1e, 0x0, 0x2d, 0x26,
    0x20, 0x0, 0xf8, 0xc8, 0x0,

    /* U+0061 "a" */
    0x0, 0xa3, 0xfe, 0xec, 0x60, 0xf, 0x1a, 0x29,
    0x1c, 0xd8, 0x6, 0x8c, 0xba, 0xcc, 0x2, 0x18,
    0x7, 0xe3, 0x40, 0x50, 0xf, 0xe2, 0x1, 0x0,
    0x13, 0x44, 0xd5, 0x48, 0x1, 0x46, 0xcb, 0xb2,
    0xac, 0x40, 0x4, 0x70, 0x9e, 0xff, 0xcc, 0x0,
    0xd0, 0x66, 0x8, 0x7, 0xc6, 0x1c, 0x1, 0xe4,
    0x0, 0x10, 0x60, 0x6, 0x1b, 0x20, 0x4, 0x8a,
    0x64, 0x42, 0xb9, 0x54, 0x0, 0x1c, 0x52, 0x77,
    0x34, 0x77, 0x80, 0x0,

    /* U+0062 "b" */
    0xdf, 0x40, 0xf, 0xff, 0x81, 0xdf, 0x7f, 0x5a,
    0x0, 0x63, 0xc4, 0x24, 0x4, 0xb7, 0x0, 0xa5,
    0xff, 0x2f, 0x9c, 0x20, 0x80, 0xb, 0x0, 0x1a,
    0x8, 0x14, 0x1, 0xc0, 0x1e, 0x50, 0xe0, 0x0,
    0x80, 0x7b, 0x80, 0x80, 0xc, 0x1, 0xf9, 0xc0,
    0xc, 0x1, 0xf9, 0xc0, 0x4, 0x1, 0xee, 0x2,
    0x0, 0x68, 0x7, 0x94, 0x3c, 0x0, 0x92, 0x1,
    0xa0, 0x81, 0xc0, 0x14, 0xdf, 0x98, 0xe7, 0xa,
    0x10, 0x2, 0xe2, 0x11, 0x82, 0xe2, 0x80,

    /* U+0063 "c" */
    0x0, 0xc, 0x6f, 0xfb, 0xb6, 0x0, 0xbd, 0xc8,
    0x86, 0x62, 0x40, 0xe1, 0x4e, 0xdc, 0xdf, 0xe3,
    0x30, 0x50, 0x80, 0x62, 0x50, 0x31, 0x0, 0xf7,
    0x3, 0x0, 0x7c, 0x20, 0x1f, 0xc2, 0x1, 0xfd,
    0xc0, 0xc0, 0x1f, 0x28, 0x18, 0x80, 0x78, 0xcc,
    0x14, 0x20, 0x18, 0x83, 0x85, 0x3b, 0x73, 0x7f,
    0xc0, 0x5e, 0xe4, 0x43, 0x22, 0x28,

    /* U+0064 "d" */
    0x0, 0xff, 0x7f, 0x84, 0x3, 0xff, 0xd4, 0x33,
    0xbf, 0xec, 0x50, 0xe, 0x2f, 0x62, 0x34, 0x2a,
    0x70, 0xd, 0xc2, 0x7d, 0x97, 0xd5, 0x20, 0x11,
    0x18, 0x70, 0x80, 0x4a, 0xc0, 0x12, 0x1, 0x10,
    0x3, 0xa8, 0x2, 0x10, 0x60, 0xf, 0x10, 0x5,
    0xe0, 0x20, 0x1f, 0x8, 0x3, 0xc0, 0x40, 0x3e,
    0x10, 0x0, 0x83, 0x80, 0x78, 0x40, 0x25, 0x3,
    0x0, 0xf2, 0x0, 0x46, 0x41, 0x20, 0x18, 0xac,
    0x3, 0x70, 0x36, 0x44, 0x2b, 0x5c, 0x40, 0x23,
    0xd5, 0x27, 0x73, 0x4c, 0x94, 0x0,

    /* U+0065 "e" */
    0x0, 0xc, 0x6f, 0xfb, 0xa8, 0x80, 0x22, 0xf7,
    0x23, 0x43, 0x5d, 0x40, 0x7, 0xa, 0xfe, 0x5e,
    0xd0, 0x50, 0x19, 0x82, 0xc0, 0x32, 0x98, 0x9a,
    0x82, 0x8, 0x7, 0x28, 0x2f, 0x0, 0x11, 0x5e,
    0x26, 0x90, 0x4, 0x40, 0x97, 0x50, 0xec, 0xa4,
    0x2, 0x20, 0x6f, 0xff, 0xcd, 0xc0, 0x40, 0x1f,
    0xca, 0x8, 0x20, 0x1f, 0x8c, 0xc1, 0xa4, 0x1,
    0x89, 0x40, 0x1c, 0x27, 0xbd, 0xba, 0xfd, 0x90,
    0x1, 0x7b, 0x90, 0x91, 0x4b, 0x0,

    /* U+0066 "f" */
    0x0, 0xd1, 0xbf, 0xe5, 0x0, 0xa9, 0xcd, 0x14,
    0x40, 0x2, 0xa1, 0x97, 0x48, 0x0, 0x50, 0x32,
    0x0, 0xe2, 0x6, 0x0, 0xd3, 0xf2, 0xb, 0xfe,
    0xb0, 0xf4, 0x20, 0x14, 0x46, 0x3, 0x5d, 0x81,
    0x2e, 0xce, 0x1, 0xff, 0xff, 0x0, 0xff, 0xe2,
    0x0,

    /* U+0067 "g" */
    0x0, 0xc, 0xef, 0xfb, 0x14, 0x3f, 0xc2, 0x5,
    0xec, 0x46, 0x85, 0x4c, 0x1, 0xb8, 0x53, 0xb2,
    0xfa, 0xa0, 0x2, 0x33, 0x5, 0x8, 0x4, 0xb2,
    0x1, 0x28, 0x18, 0x80, 0x72, 0x80, 0x42, 0xe,
    0x1, 0xe2, 0x0, 0xbc, 0x4, 0x3, 0xe1, 0x0,
    0xc2, 0x1, 0xf0, 0x80, 0x38, 0x1c, 0x3, 0xc2,
    0x1, 0x28, 0x18, 0x80, 0x73, 0x80, 0x46, 0x41,
    0x40, 0x19, 0x20, 0x3, 0x48, 0x27, 0xe5, 0xed,
    0xc8, 0x6, 0x4d, 0x51, 0x34, 0x19, 0x70, 0x0,
    0x80, 0xa, 0xbb, 0xfd, 0x8c, 0x40, 0x1f, 0xfc,
    0xa, 0x4, 0x0, 0xfe, 0x67, 0xf, 0x0, 0x9b,
    0xb2, 0xf3, 0xe4, 0x21, 0x0, 0x22, 0x32, 0x43,
    0x26, 0xc7, 0x0, 0x0,

    /* U+0068 "h" */
    0xdf, 0x40, 0xf, 0xff, 0x5a, 0x5f, 0x7f, 0x51,
    0x0, 0x5b, 0x68, 0x4, 0x2b, 0x82, 0x0, 0x66,
    0x77, 0x37, 0x42, 0x29, 0x0, 0x2c, 0x88, 0x0,
    0xa4, 0x8, 0x1, 0xc0, 0x1c, 0x40, 0x20, 0x1f,
    0xe7, 0x0, 0xff, 0xff, 0x80, 0x0,

    /* U+0069 "i" */
    0xd, 0xf4, 0x2, 0x2, 0xb, 0x96, 0x4, 0x60,
    0xf, 0x6f, 0xa0, 0x7, 0xff, 0x90,

    /* U+006A "j" */
    0x0, 0xdb, 0xe8, 0x1, 0x88, 0x8, 0x3, 0x5c,
    0xb0, 0x6, 0x46, 0x0, 0xff, 0xe0, 0x6f, 0xa0,
    0x7, 0xff, 0xfc, 0x3, 0xf3, 0x80, 0x7f, 0xc6,
    0x2, 0x1, 0x20, 0x81, 0x45, 0xdc, 0xe, 0x4,
    0x88, 0x28, 0x80, 0x0,

    /* U+006B "k" */
    0xdf, 0x40, 0xf, 0xff, 0x70, 0xef, 0xc8, 0x7,
    0xd4, 0x49, 0x20, 0x1e, 0x94, 0x3b, 0x0, 0xf3,
    0x30, 0xb4, 0x3, 0xc9, 0x23, 0xe2, 0x1, 0xdd,
    0x41, 0xa4, 0x1, 0xe5, 0x12, 0x20, 0x7, 0xd6,
    0xa5, 0x40, 0x1f, 0xa8, 0x92, 0x40, 0x3f, 0x78,
    0x33, 0x0, 0x3e, 0x2b, 0x9, 0x40, 0xf, 0x91,
    0xc2, 0x88, 0x3, 0xe8, 0x41, 0xf1,

    /* U+006C "l" */
    0xdf, 0x40, 0xf, 0xff, 0xe0, 0x80, 0x80, 0x14,
    0x2e, 0xcb, 0xa, 0x8, 0x60,

    /* U+006D "m" */
    0xdf, 0x46, 0xcf, 0xf6, 0x28, 0x2, 0x37, 0xfd,
    0x68, 0x1, 0xbe, 0x4c, 0x80, 0xe9, 0xb1, 0xcc,
    0x81, 0x2d, 0x0, 0x24, 0xaf, 0xdf, 0x50, 0x92,
    0xbe, 0xdf, 0x40, 0x80, 0x9, 0xd4, 0x2, 0xb0,
    0x4, 0x20, 0x5, 0x0, 0x60, 0x16, 0x0, 0x61,
    0x0, 0x20, 0x6, 0x20, 0xf, 0xfe, 0x30, 0x80,
    0x7f, 0xff, 0xc0, 0x3f, 0xfe, 0x20,

    /* U+006E "n" */
    0xdf, 0x44, 0x5f, 0x7f, 0x51, 0x0, 0x5b, 0x68,
    0x4, 0x2b, 0x82, 0x0, 0x66, 0x77, 0x37, 0x42,
    0x29, 0x0, 0x2c, 0x88, 0x0, 0x98, 0x8, 0x1,
    0xc0, 0x1d, 0xa0, 0x20, 0x1f, 0xe7, 0x0, 0xff,
    0xff, 0x80, 0x0,

    /* U+006F "o" */
    0x0, 0xc, 0x6f, 0xfb, 0xb1, 0xc0, 0x31, 0x7b,
    0x91, 0xa1, 0x1c, 0x68, 0x5, 0xc2, 0xbf, 0x97,
    0x9c, 0x44, 0x90, 0x33, 0x5, 0x80, 0x61, 0xe0,
    0x60, 0x50, 0x31, 0x0, 0xe3, 0x0, 0x1f, 0x3,
    0x0, 0x7c, 0x40, 0xc2, 0x1, 0xfc, 0x20, 0x62,
    0x1, 0xfc, 0x20, 0x7c, 0xc, 0x1, 0xf1, 0x3,
    0x28, 0x18, 0x80, 0x71, 0x80, 0xc, 0xe0, 0xa1,
    0x0, 0x87, 0xc1, 0x80, 0x1c, 0x29, 0xd9, 0x79,
    0xc6, 0x50, 0x0, 0x2f, 0x72, 0x34, 0x23, 0x8d,
    0x10,

    /* U+0070 "p" */
    0xdf, 0x43, 0xbe, 0xfe, 0xb4, 0x0, 0xc7, 0x88,
    0x48, 0x9, 0x6e, 0x1, 0x4b, 0xfe, 0x5f, 0x38,
    0x41, 0x0, 0x16, 0x0, 0x34, 0x10, 0x28, 0x3,
    0x80, 0x3c, 0xa1, 0xc0, 0x1, 0x0, 0xf7, 0x1,
    0x0, 0x18, 0x3, 0xf3, 0x80, 0x18, 0x3, 0xf3,
    0x80, 0x8, 0x3, 0xdc, 0x4, 0x0, 0xd0, 0xf,
    0x28, 0x78, 0x1, 0x24, 0x3, 0x41, 0x3, 0x80,
    0x21, 0xbf, 0x31, 0xce, 0x14, 0x20, 0x3, 0xc4,
    0x23, 0x5, 0xc5, 0x0, 0xc7, 0x7d, 0xfd, 0x46,
    0x1, 0xff, 0xe6,

    /* U+0071 "q" */
    0x0, 0xc, 0xef, 0xf6, 0x28, 0x7f, 0x84, 0xb,
    0xd8, 0x8d, 0x4a, 0x9c, 0x3, 0x70, 0xa7, 0x65,
    0xf5, 0x48, 0x4, 0x46, 0x14, 0x20, 0x12, 0xc8,
    0x4, 0x80, 0x42, 0x1, 0xca, 0x1, 0x8, 0x30,
    0x7, 0x88, 0x2, 0xf0, 0x10, 0xf, 0x84, 0x1,
    0xe0, 0x20, 0x1f, 0x8, 0x0, 0x41, 0xc0, 0x3c,
    0x20, 0x12, 0x81, 0x88, 0x7, 0x30, 0x4, 0x64,
    0x14, 0x20, 0x12, 0xc8, 0x6, 0xe0, 0x4e, 0xcb,
    0xea, 0x80, 0xc, 0x7a, 0xa2, 0x6a, 0x54, 0xc0,
    0x1c, 0x55, 0xdf, 0xd8, 0xa0, 0x1f, 0xfe, 0xc0,

    /* U+0072 "r" */
    0xdf, 0x43, 0xbe, 0x90, 0x6, 0x61, 0x53, 0x0,
    0xe, 0xee, 0xa5, 0x0, 0x2c, 0x0, 0x77, 0x0,
    0x7f, 0xfc, 0x0,

    /* U+0073 "s" */
    0x0, 0x3e, 0x7f, 0xbb, 0x54, 0x1, 0x70, 0x48,
    0xa4, 0x64, 0x6, 0x85, 0xd7, 0x59, 0xce, 0xc,
    0x8, 0x1, 0xf3, 0x2, 0x0, 0x7c, 0x66, 0x2e,
    0xa6, 0x10, 0xd, 0x8e, 0x6b, 0x3d, 0x42, 0x1,
    0x46, 0xf4, 0x92, 0xd0, 0x7, 0xb, 0x60, 0x20,
    0x7, 0xc2, 0x20, 0x10, 0xf, 0x18, 0x8d, 0x3b,
    0x75, 0x4c, 0xc0, 0x48, 0x78, 0x22, 0xa8, 0x92,
    0xdc, 0x0,

    /* U+0074 "t" */
    0x0, 0x5f, 0xa8, 0x7, 0xff, 0x1e, 0xbd, 0x2,
    0xbf, 0xd3, 0xa8, 0x20, 0x68, 0x8f, 0x7b, 0x50,
    0x9b, 0xb3, 0x0, 0x7f, 0xfb, 0x88, 0x30, 0x3,
    0xb4, 0x1b, 0x2d, 0xc0, 0x9, 0x4, 0x69, 0xc0,

    /* U+0075 "u" */
    0xef, 0x20, 0xe, 0x8f, 0x80, 0xf, 0xff, 0xf8,
    0x7, 0xff, 0x4, 0xc1, 0x80, 0x39, 0x0, 0xe,
    0x1c, 0x1, 0xa0, 0xc0, 0x12, 0xb, 0x93, 0x2d,
    0x75, 0x0, 0x1d, 0xa1, 0x33, 0xb6, 0x70, 0x0,

    /* U+0076 "v" */
    0x9f, 0x80, 0xf, 0xbf, 0xc7, 0x40, 0xa0, 0x1e,
    0x50, 0x23, 0x31, 0x10, 0xc0, 0x3b, 0xc2, 0x80,
    0x14, 0x14, 0x1, 0xca, 0xc, 0x0, 0x60, 0x70,
    0xc, 0xa0, 0x82, 0x0, 0x14, 0x14, 0x0, 0xb8,
    0x38, 0x3, 0x70, 0x70, 0x0, 0x50, 0x54, 0x3,
    0x28, 0xa8, 0x1, 0xc1, 0xc0, 0x3c, 0xe0, 0xc1,
    0x41, 0x40, 0x1e, 0xa0, 0xa1, 0x32, 0x30, 0xf,
    0x19, 0x1c, 0x5, 0x0, 0x7e, 0xa0, 0x60, 0x60,
    0xf, 0xcc, 0x0, 0x41, 0x0, 0xc0,

    /* U+0077 "w" */
    0x5f, 0xb0, 0xe, 0x7f, 0xf2, 0x0, 0x76, 0x79,
    0xa0, 0x20, 0x7, 0x58, 0x3, 0x40, 0x38, 0xc0,
    0xc4, 0xc0, 0xc0, 0x21, 0x32, 0x7, 0x0, 0xc8,
    0xa, 0x0, 0x40, 0x40, 0x9, 0x2, 0x94, 0x4c,
    0x2, 0xc0, 0xc0, 0x6, 0x6, 0x0, 0x5e, 0xb,
    0xe1, 0x60, 0x12, 0x3, 0x80, 0x10, 0x10, 0x2,
    0x41, 0x24, 0x4, 0x0, 0x9, 0x90, 0x80, 0x48,
    0x6, 0x6, 0x2e, 0x2, 0x66, 0x10, 0x50, 0x40,
    0xd, 0x80, 0x81, 0x61, 0xa0, 0xb, 0x7, 0xc,
    0xd, 0x0, 0xca, 0x18, 0xa, 0x8, 0x0, 0x50,
    0xd0, 0x40, 0x40, 0xc, 0x42, 0x84, 0x45, 0x0,
    0x88, 0x88, 0x26, 0x80, 0x1e, 0x40, 0x80, 0xf0,
    0xc, 0xa1, 0x61, 0x80, 0x1e, 0xf0, 0x50, 0x40,
    0xd, 0x80, 0xa0, 0xa0, 0x1e, 0x40, 0x2, 0x8,
    0x6, 0x41, 0x1, 0x20, 0x8,

    /* U+0078 "x" */
    0x2f, 0xf1, 0x80, 0x76, 0x7b, 0x81, 0x48, 0x70,
    0x6, 0x63, 0x33, 0x80, 0x18, 0xc9, 0xc0, 0x3,
    0x21, 0xc0, 0x1b, 0x82, 0x8, 0x2c, 0x20, 0x80,
    0x31, 0x40, 0x72, 0x29, 0x38, 0x7, 0x9c, 0xcd,
    0x61, 0xc0, 0x1f, 0xa8, 0x0, 0x66, 0x0, 0xf8,
    0x60, 0x8, 0xd8, 0x3, 0xeb, 0x16, 0xf0, 0x91,
    0x0, 0xe4, 0x52, 0x92, 0x70, 0xa0, 0xc, 0x34,
    0x12, 0x0, 0x82, 0x46, 0x0, 0xac, 0x59, 0x0,
    0x29, 0x9, 0x10, 0x55, 0xc, 0x0, 0x64, 0x60,
    0xa0,

    /* U+0079 "y" */
    0x9f, 0xa0, 0xf, 0xb7, 0xce, 0xc1, 0x40, 0x3c,
    0x64, 0x43, 0x23, 0x5, 0x0, 0xeb, 0xa, 0x0,
    0x50, 0x70, 0x7, 0x30, 0x28, 0x1, 0x81, 0x4,
    0x2, 0x31, 0x32, 0x0, 0x98, 0x18, 0x2, 0xa0,
    0xa0, 0xd, 0x41, 0x40, 0x13, 0x83, 0x0, 0x63,
    0x31, 0x18, 0x20, 0xa8, 0x7, 0xa8, 0x2c, 0x34,
    0x38, 0x3, 0xcc, 0xc, 0xe, 0x28, 0x1, 0xf2,
    0x8c, 0xb, 0x0, 0x7e, 0x90, 0x70, 0xb0, 0xf,
    0xc6, 0x40, 0x46, 0x1, 0xfc, 0xc1, 0x40, 0x1f,
    0xc4, 0x80, 0xe0, 0x1f, 0x8b, 0xc2, 0x0, 0x3e,
    0x4d, 0xd1, 0x2b, 0x80, 0x7c, 0x44, 0x39, 0xa0,
    0xf, 0x80,

    /* U+007A "z" */
    0x6f, 0xff, 0xdc, 0x4, 0x67, 0xe1, 0x2, 0x4,
    0xcc, 0xef, 0x10, 0xe0, 0xf, 0xe, 0x84, 0x90,
    0x7, 0xa8, 0x59, 0x80, 0x1e, 0x74, 0x29, 0x0,
    0xf2, 0x40, 0x78, 0x7, 0x86, 0x82, 0x88, 0x3,
    0xda, 0x2c, 0xa0, 0x1e, 0x83, 0x34, 0x80, 0x79,
    0x1c, 0x74, 0x3, 0xea, 0x0, 0x66, 0xef, 0x8c,
    0x40, 0x48, 0xbe, 0x70,

    /* U+007B "{" */
    0x0, 0xa7, 0x54, 0x1, 0x4c, 0x40, 0x1, 0x50,
    0xe5, 0x2, 0x2, 0x10, 0x3, 0x80, 0x80, 0x7f,
    0xf5, 0x74, 0x18, 0x1, 0xac, 0x30, 0x0, 0x10,
    0x16, 0x0, 0x64, 0x7, 0x80, 0x46, 0xe, 0x1,
    0xff, 0xd5, 0x60, 0x31, 0x0, 0x11, 0x87, 0x28,
    0x3, 0x58, 0x40,

    /* U+007C "|" */
    0xcf, 0x30, 0xf, 0xff, 0xb0,

    /* U+007D "}" */
    0x2e, 0xa1, 0x0, 0x85, 0x70, 0x0, 0x5e, 0x44,
    0x40, 0x9, 0xc0, 0x80, 0x38, 0x40, 0x3f, 0xf9,
    0xe6, 0x1, 0xdc, 0x18, 0x20, 0x6, 0x24, 0xe0,
    0x1, 0x98, 0x3, 0x50, 0xaf, 0x80, 0x4, 0x34,
    0x2, 0x30, 0xf, 0xfe, 0x8b, 0x81, 0x1, 0x79,
    0xa, 0x80, 0x5, 0x30, 0x0,

    /* U+007E "~" */
    0x0, 0x4f, 0x7d, 0x98, 0x4, 0xba, 0xc1, 0x2c,
    0x20, 0x99, 0x0, 0xe, 0x23, 0x16, 0x1e, 0xf9,
    0x7, 0xfe, 0x42, 0x52, 0x36, 0x10, 0x6e, 0x61,
    0x12, 0x78, 0x0,

    /* U+00A7 "§" */
    0x0, 0x3e, 0x7f, 0xbb, 0x54, 0x1, 0x70, 0x48,
    0xa4, 0x64, 0x6, 0x85, 0xd7, 0x59, 0xce, 0xc,
    0x8, 0x1, 0xf0, 0x82, 0x0, 0x7c, 0x84, 0x4e,
    0x95, 0x0, 0xee, 0x1, 0x6a, 0xf9, 0x0, 0xb8,
    0x1e, 0xdc, 0x5a, 0x81, 0x9, 0x21, 0x23, 0xc1,
    0x40, 0x40, 0x80, 0x21, 0x20, 0x16, 0x4, 0x10,
    0x8, 0x80, 0x4d, 0xb, 0xb2, 0x30, 0x1c, 0x1,
    0x72, 0x66, 0x73, 0xa, 0x0, 0x9b, 0x3e, 0xcc,
    0x38, 0x3, 0xc9, 0x80, 0x60, 0x1f, 0x84, 0x4,
    0x3, 0xc6, 0x23, 0x4e, 0xdd, 0x53, 0x30, 0x10,
    0x1e, 0x8, 0xaa, 0x24, 0xb6, 0x0,

    /* U+00B0 "°" */
    0x0, 0x25, 0x64, 0x88, 0x4, 0xf6, 0xa6, 0xde,
    0x60, 0x50, 0x39, 0xf2, 0x3c, 0xa, 0x10, 0x60,
    0xc8, 0x44, 0x0, 0x18, 0x4, 0x20, 0x28, 0x12,
    0x20, 0x6a, 0x26, 0x66, 0x3e, 0xdc, 0xa, 0x0,
    0x4c, 0x9, 0x1e, 0x20, 0x0,

    /* U+00B1 "±" */
    0x0, 0xe6, 0xfa, 0x0, 0xff, 0xf0, 0x17, 0xfe,
    0x90, 0x5f, 0xfc, 0xc0, 0x45, 0x84, 0x4, 0x8b,
    0x19, 0x6e, 0xe8, 0x4, 0xdd, 0xca, 0x1, 0xff,
    0xd3, 0x7d, 0xb0, 0xe, 0x2f, 0xfd, 0xdb, 0xdf,
    0xf9, 0x80, 0x8b, 0xfe, 0x30,

    /* U+00B7 "·" */
    0x9f, 0xc0, 0x70, 0x32, 0x40, 0x22, 0x0,

    /* U+00D7 "×" */
    0x5, 0x0, 0xf9, 0x4, 0x2a, 0x90, 0x1, 0xcb,
    0x78, 0x1c, 0xf, 0x20, 0x12, 0xd0, 0x50, 0x26,
    0x3, 0x48, 0x2d, 0x4, 0x38, 0x0, 0xf0, 0x1a,
    0xe8, 0x25, 0xc0, 0x31, 0xe0, 0x20, 0x4b, 0x0,
    0x79, 0x40, 0x2f, 0x0, 0xf3, 0x48, 0x38, 0xb5,
    0x0, 0x66, 0x90, 0xa8, 0xd1, 0x5a, 0x0, 0x34,
    0x85, 0x28, 0x1e, 0xa, 0xd0, 0x70, 0x52, 0x80,
    0x45, 0x82, 0x20, 0x8d, 0x50, 0xe, 0x2c, 0xb0,

    /* U+00F7 "÷" */
    0x0, 0xe9, 0xfc, 0x0, 0xff, 0x20, 0x18, 0x7,
    0xfa, 0x8d, 0x40, 0x3f, 0xcf, 0x94, 0x1, 0xff,
    0xc6, 0x2f, 0xff, 0xf9, 0x80, 0x3f, 0xf8, 0x25,
    0xff, 0xff, 0x30, 0x7, 0xff, 0x4e, 0x7f, 0x0,
    0x3f, 0xc8, 0x6, 0x1, 0xfe, 0xa3, 0x60, 0xe,

    /* U+2014 "—" */
    0x39, 0x9f, 0xfe, 0x3, 0xb3, 0x7f, 0xf0, 0x6c,

    /* U+2026 "…" */
    0x1d, 0xf8, 0x0, 0xe3, 0xee, 0x28, 0x7, 0x3f,
    0xe8, 0x91, 0x1, 0x0, 0x39, 0x4, 0x58, 0x1,
    0xd8, 0x4, 0xa4, 0x40, 0x40, 0xe, 0x40, 0x6,
    0x0, 0x76, 0x0, 0xa8,

    /* U+2039 "‹" */
    0x0, 0xc8, 0x82, 0x0, 0x9e, 0xec, 0x1, 0x24,
    0x5, 0x90, 0x15, 0x84, 0xa0, 0xe, 0x3, 0x30,
    0x0, 0x2a, 0xa, 0x1, 0xac, 0x8e, 0x80, 0x37,
    0x8a, 0xb8, 0x4, 0x5a, 0x10, 0xa0,

    /* U+203A "›" */
    0x4, 0x40, 0x80, 0x6d, 0xbc, 0x10, 0xa, 0x4c,
    0xa8, 0x3, 0x69, 0x24, 0x80, 0x43, 0xe0, 0xce,
    0x1, 0x38, 0x1, 0x0, 0x7, 0x41, 0x26, 0x3,
    0xa0, 0xec, 0x0, 0xc1, 0x58, 0x0, 0x0,

    /* U+2103 "℃" */
    0x0, 0x36, 0x6d, 0x10, 0x7, 0x92, 0x73, 0x75,
    0x94, 0xa1, 0x32, 0x32, 0x5d, 0x30, 0x8, 0xb6,
    0xd8, 0xc8, 0x86, 0xbe, 0x6c, 0x5b, 0xf2, 0x1c,
    0x0, 0x2d, 0x21, 0x8d, 0xff, 0x75, 0xfd, 0x84,
    0x10, 0x32, 0x10, 0x84, 0x81, 0x7b, 0x90, 0x0,
    0x51, 0x40, 0x3f, 0x89, 0x3, 0x84, 0x3, 0xeb,
    0x8, 0x20, 0x64, 0x21, 0x40, 0x13, 0x0, 0xfc,
    0x6c, 0x5b, 0xf2, 0x1c, 0x1e, 0x8, 0x1, 0xfe,
    0x99, 0x19, 0x2e, 0x98, 0x10, 0x10, 0x7, 0xfc,
    0xd9, 0xb4, 0x40, 0x7, 0xf, 0x0, 0xff, 0xe3,
    0x38, 0x78, 0x7, 0xff, 0x18, 0x40, 0x40, 0x3f,
    0xf8, 0xc4, 0x4, 0x1, 0xff, 0xc6, 0xd0, 0x41,
    0x0, 0xff, 0xe2, 0xa8, 0x2, 0x0, 0x3f, 0xf8,
    0xd0, 0xd, 0x24, 0x1, 0x85, 0x0, 0x3f, 0xce,
    0xc0, 0xdb, 0xdb, 0xae, 0xe4, 0x80, 0x7f, 0xd3,
    0x6a, 0x22, 0x22, 0x9, 0x50, 0x7, 0xff, 0x1,
    0x2b, 0xbf, 0xb9, 0xfa, 0xe0,

    /* U+2191 "↑" */
    0x0, 0xf1, 0x88, 0x7, 0xfc, 0x99, 0x81, 0x0,
    0xfe, 0x4b, 0x2, 0xc1, 0x0, 0xf9, 0x2c, 0x2,
    0x2c, 0x10, 0xe, 0x4b, 0xa, 0x3, 0x72, 0xc1,
    0x0, 0x92, 0xc3, 0x10, 0x1, 0xe, 0x58, 0x20,
    0x76, 0x16, 0x60, 0x1a, 0x1c, 0xb0, 0x14, 0x2d,
    0x0, 0x3d, 0xe, 0x44, 0x3b, 0x40, 0xf, 0xd0,
    0xe0, 0xa8, 0x1, 0xfe, 0x82, 0x0, 0xff, 0xf1,
    0x88, 0x7, 0xff, 0xfc, 0x3, 0xff, 0x97, 0xda,
    0x1, 0xe0,

    /* U+2193 "↓" */
    0x0, 0xf4, 0xb8, 0x7, 0xfc, 0x2d, 0x60, 0x1f,
    0xff, 0xf0, 0xf, 0xff, 0x69, 0x0, 0x7f, 0xc2,
    0x24, 0xa0, 0xf, 0xe1, 0xc3, 0x5, 0xa0, 0xf,
    0x87, 0x8, 0xd9, 0x16, 0x80, 0x38, 0x70, 0xa0,
    0x42, 0xd1, 0x68, 0x2, 0x1c, 0x28, 0x70, 0xa,
    0xd1, 0x68, 0x7, 0xa, 0x1c, 0x3, 0xad, 0x10,
    0x4, 0x48, 0x70, 0xf, 0xad, 0x0, 0x10, 0xe0,
    0x1f, 0xd6, 0x90, 0xe0, 0x1f, 0xf5, 0xb8, 0x7,
    0x80,

    /* U+2261 "≡" */
    0x0, 0xff, 0xe1, 0x77, 0xff, 0xff, 0x1, 0x40,
    0x3f, 0xf8, 0x5d, 0xff, 0xff, 0xc0, 0x50, 0xf,
    0xfe, 0x10, 0x8f, 0xff, 0x4, 0x3f, 0xbb, 0xff,
    0x80, 0xa0, 0x1f, 0xfc, 0x2e, 0xff, 0xff, 0xe0,
    0x28, 0x7, 0xff, 0x8, 0xcf, 0xff, 0x82, 0x3b,
    0x99, 0xff, 0xc0, 0x45, 0x22, 0xff, 0xe0, 0x8,

    /* U+258D "▍" */
    0x33, 0xfe, 0xcc, 0xfe, 0x0, 0xff, 0xff, 0x80,
    0x7f, 0xff, 0xc0, 0x3f, 0xfc, 0x84, 0x5f, 0xc0,

    /* U+25B2 "▲" */
    0x0, 0xfc, 0x22, 0x0, 0xff, 0xe2, 0x44, 0x0,
    0x3f, 0xf8, 0x64, 0xcc, 0x20, 0xf, 0xfe, 0x14,
    0x80, 0x24, 0x3, 0xff, 0x82, 0x88, 0x0, 0x22,
    0x0, 0x3f, 0xf8, 0x12, 0x1, 0xa4, 0x3, 0xfe,
    0x72, 0x0, 0xc4, 0xe0, 0x1f, 0xc3, 0x0, 0x1e,
    0x81, 0x0, 0xfd, 0x0, 0x1f, 0xa0, 0x3, 0xe3,
    0x60, 0xf, 0xcc, 0x60, 0x1e, 0xf0, 0xf, 0xf7,
    0x80, 0x72, 0x98, 0x7, 0xf8, 0xd4, 0x3, 0x58,
    0x7, 0xff, 0x2, 0xc0, 0x28, 0x10, 0xf, 0xfe,
    0x0, 0xc0, 0xb, 0x80, 0x7f, 0xf0, 0x9c, 0x51,
    0x9b, 0xff, 0x88, 0x80,

    /* U+25CE "◎" */
    0x0, 0xff, 0xe5, 0xad, 0xf6, 0xeb, 0xad, 0x40,
    0x3f, 0x16, 0x7c, 0x76, 0xeb, 0xa3, 0xf0, 0x80,
    0x38, 0xfe, 0x28, 0xc0, 0x31, 0xd4, 0x79, 0x80,
    0x43, 0xde, 0x80, 0x2f, 0x54, 0x71, 0x4, 0xfe,
    0x10, 0x5, 0xd8, 0x81, 0x30, 0x62, 0x3, 0x88,
    0x5, 0x76, 0x2, 0x76, 0x2, 0x9c, 0x62, 0x23,
    0x64, 0x90, 0x33, 0x92, 0xd0, 0x2, 0x24, 0x40,
    0x30, 0xf4, 0x80, 0x29, 0x78, 0xc0, 0xe, 0x80,
    0x1e, 0x36, 0x0, 0x1f, 0x1b, 0x80, 0x7f, 0xcc,
    0x20, 0xe6, 0x67, 0x0, 0xff, 0x98, 0x41, 0xcf,
    0x8c, 0x0, 0xe8, 0x1, 0xe3, 0x60, 0x1, 0xfa,
    0xd0, 0x2, 0x20, 0x20, 0x1d, 0xf0, 0x0, 0xa4,
    0x27, 0x60, 0x29, 0xc5, 0x11, 0x2e, 0xc9, 0x83,
    0x39, 0x5, 0xd8, 0x81, 0x7f, 0x77, 0x7a, 0x81,
    0xdd, 0x80, 0x3, 0xde, 0x80, 0x51, 0x98, 0x82,
    0x4, 0xee, 0x8, 0x4, 0x7f, 0x14, 0x60, 0x18,
    0xea, 0x30, 0xc0, 0x38, 0xb3, 0xe3, 0x77, 0x47,
    0xe0, 0x80, 0x7e, 0x5b, 0xdd, 0xd6, 0xa0, 0x1c,

    /* U+25CF "●" */
    0x0, 0xfc, 0x20, 0x1f, 0xfc, 0x26, 0xbf, 0xef,
    0xeb, 0x40, 0xf, 0xc5, 0xb2, 0x80, 0x10, 0xa5,
    0xd8, 0x40, 0x39, 0x34, 0x80, 0x3f, 0x27, 0x90,
    0x4, 0x34, 0x1, 0xff, 0xf, 0x80, 0x54, 0x20,
    0x1f, 0xfc, 0x2, 0x80, 0x34, 0x0, 0xff, 0xe1,
    0x38, 0x58, 0x7, 0xff, 0x11, 0x48, 0x3, 0xff,
    0x89, 0xac, 0x1, 0xff, 0xc4, 0x17, 0x0, 0xff,
    0xe2, 0x9, 0x80, 0x7f, 0xf1, 0x3b, 0x0, 0x3f,
    0xf8, 0x8e, 0x84, 0x1, 0xff, 0xc2, 0x51, 0xe,
    0x0, 0xff, 0xe0, 0x8d, 0x80, 0xe, 0x40, 0x3f,
    0xf8, 0x14, 0x20, 0x13, 0x50, 0x7, 0xf0, 0xe2,
    0x0, 0x72, 0xf3, 0x8, 0x6, 0x17, 0xf3, 0x0,
    0xf8, 0x67, 0xb6, 0xf3, 0x7a, 0x4, 0x3, 0x0,

    /* U+3001 "、" */
    0x0, 0xfd, 0x38, 0x20, 0x1b, 0x8f, 0x4, 0x2,
    0x78, 0x2c, 0x10, 0x9, 0xd8, 0xa8, 0x3, 0x49,
    0x38, 0x80, 0x6c, 0xc0, 0x80,

    /* U+3002 "。" */
    0x0, 0x1a, 0xa0, 0x5, 0x79, 0x76, 0xd2, 0x64,
    0xce, 0xe0, 0x40, 0x88, 0xc0, 0x51, 0x90, 0x65,
    0x1d, 0xac, 0xe9, 0x2e, 0x5d, 0xc0,

    /* U+300A "《" */
    0x0, 0xe2, 0x10, 0x8, 0x84, 0x3, 0x3e, 0xd8,
    0x2, 0xb5, 0x80, 0x35, 0x4, 0x80, 0xa8, 0x30,
    0x4, 0x84, 0x43, 0x6, 0x5, 0x10, 0xb, 0x82,
    0x80, 0x14, 0x12, 0x1, 0xa, 0x83, 0x1, 0x91,
    0xc, 0x2, 0x60, 0x51, 0x9, 0xa, 0x0, 0xd4,
    0x12, 0x2, 0xa0, 0xc0, 0x11, 0x91, 0xc, 0x1c,
    0x14, 0x40, 0x29, 0xa, 0x0, 0x58, 0x48, 0x4,
    0x2a, 0xc, 0x6, 0x44, 0x30, 0x9, 0x40, 0xc4,
    0x10, 0x10, 0x3, 0x20, 0x99, 0x2, 0x83, 0x80,
    0x73, 0x85, 0x1, 0x18, 0xa8, 0x6, 0xb0, 0x60,
    0x5, 0x7, 0x0, 0x62, 0x31, 0x40, 0x60, 0x41,
    0x0, 0xd4, 0x1e, 0x0, 0x60, 0x90, 0xc, 0xc0,
    0x82, 0x14, 0xc, 0x1, 0xcc, 0x12, 0x6, 0x61,
    0x40, 0xd, 0x40, 0xc0, 0xa, 0xf, 0x0, 0xc6,
    0x61, 0x40, 0x60, 0x41, 0x0, 0xd4, 0x1e, 0x0,
    0x60, 0x60,

    /* U+300B "》" */
    0x2, 0x20, 0x4, 0x42, 0x1, 0xef, 0xd4, 0x0,
    0x6f, 0x8, 0x7, 0x58, 0x70, 0x1, 0x81, 0x80,
    0x39, 0xc1, 0x44, 0x28, 0x28, 0x3, 0x85, 0x41,
    0x80, 0xc8, 0x88, 0x1, 0xd2, 0x14, 0x0, 0xb0,
    0xe0, 0xe, 0x32, 0x22, 0x3, 0x82, 0x88, 0x7,
    0x50, 0x70, 0xa, 0x83, 0x0, 0x73, 0x2, 0x88,
    0x48, 0x50, 0x7, 0xa, 0x83, 0x1, 0x91, 0x10,
    0x3, 0xa4, 0x28, 0x1, 0x41, 0xc0, 0x1c, 0x60,
    0x42, 0xa, 0x8, 0x1, 0xc8, 0x6, 0x21, 0x40,
    0xe0, 0x1d, 0xe1, 0x40, 0x6, 0xb, 0x0, 0xc2,
    0x80, 0xc0, 0x82, 0x64, 0x1, 0x98, 0x18, 0x1,
    0xe1, 0x40, 0x1d, 0x21, 0x40, 0x28, 0xc, 0x1,
    0x90, 0x4c, 0xc0, 0xc0, 0xc0, 0x1d, 0xe1, 0x40,
    0xa, 0xa, 0x0, 0xc2, 0x80, 0xc0, 0x84, 0x66,
    0x0, 0xcc, 0xc, 0x0, 0xe0, 0xa0, 0xe, 0xa0,
    0xa0, 0x15, 0x6, 0x0, 0xc0,

    /* U+300C "「" */
    0x3b, 0xbc, 0x4c, 0x89, 0x84, 0x0, 0x7d, 0xc3,
    0x0, 0x84, 0x40, 0x1f, 0xfe, 0x56, 0x35, 0x0,
    0x80,

    /* U+300D "」" */
    0x0, 0x9d, 0xc2, 0x1, 0x44, 0xc, 0x3, 0xff,
    0xd4, 0x99, 0x80, 0x8, 0x8c, 0xc0, 0x10,

    /* U+300E "『" */
    0xef, 0xff, 0x0, 0x1f, 0x32, 0x90, 0x10, 0xe3,
    0x7, 0x0, 0xf6, 0x5c, 0x80, 0x80, 0x6a, 0xff,
    0x0, 0x7f, 0xfb, 0xb9, 0x0, 0x38, 0xde, 0xc0,
    0x40, 0x20,

    /* U+300F "』" */
    0x0, 0xc2, 0x30, 0x6, 0x6e, 0xe9, 0x80, 0x30,
    0xe8, 0x80, 0x78, 0x80, 0x3f, 0xfc, 0xc2, 0x66,
    0xe0, 0xc, 0xf9, 0x87, 0x0, 0xe1, 0xcc, 0x69,
    0x80, 0x43, 0x99, 0x84, 0x0,

    /* U+3010 "【" */
    0x2, 0x2c, 0x2b, 0xbb, 0x88, 0x3, 0x19, 0x80,
    0x34, 0x80, 0x72, 0x80, 0x64, 0x0, 0xe3, 0x0,
    0xec, 0x0, 0xe6, 0x0, 0xe2, 0x0, 0xff, 0x8,
    0x7, 0x8, 0x7, 0xff, 0x0, 0x80, 0x39, 0x80,
    0x38, 0xc0, 0x3b, 0x0, 0x39, 0x0, 0x3c, 0x80,
    0x1d, 0xe0, 0x1c, 0x88,

    /* U+3011 "】" */
    0x12, 0x2c, 0xf, 0xbb, 0x89, 0x84, 0x3, 0x98,
    0x3, 0xac, 0x3, 0x8c, 0x40, 0x39, 0x40, 0x3b,
    0x0, 0x38, 0xc0, 0x39, 0xc0, 0x38, 0x40, 0x38,
    0xc0, 0x38, 0xc0, 0x38, 0x40, 0x39, 0x80, 0x38,
    0x80, 0x3b, 0x40, 0x39, 0xc0, 0x31, 0x10, 0x3,
    0x28, 0x7, 0x48, 0x6, 0x71, 0x0, 0xc0,

    /* U+4E00 "一" */
    0x11, 0xff, 0xe4, 0x87, 0xf7, 0x7f, 0xf2, 0x10,
    0x8b, 0xff, 0x92, 0x0,

    /* U+4E09 "三" */
    0x0, 0xff, 0xe5, 0x8f, 0xff, 0xff, 0x15, 0xc0,
    0x31, 0x9f, 0xff, 0x14, 0x80, 0x21, 0xcc, 0xff,
    0xe2, 0xa8, 0x7, 0xff, 0xfc, 0x3, 0xff, 0x8d,
    0x5b, 0xbf, 0xfc, 0x21, 0x0, 0xf3, 0x11, 0x7f,
    0xf0, 0x80, 0x3e, 0xcf, 0xff, 0xfe, 0x10, 0x80,
    0x7f, 0xff, 0xc0, 0x3f, 0xfe, 0x1b, 0xff, 0xff,
    0xc8, 0x14, 0x33, 0xff, 0xe4, 0x8,

    /* U+4E0A "上" */
    0x0, 0xfe, 0x34, 0x0, 0xff, 0xe4, 0x7d, 0x90,
    0x7, 0xff, 0xfc, 0x3, 0xff, 0xd9, 0x37, 0x7f,
    0x50, 0x7, 0xff, 0x5, 0x13, 0xf8, 0x3, 0xff,
    0x83, 0xbf, 0xff, 0x70, 0x7, 0xff, 0xfc, 0x3,
    0xff, 0xfe, 0x1, 0xff, 0xe6, 0x9a, 0xaf, 0xc4,
    0x13, 0x55, 0xfc, 0x8e, 0xab, 0xf8, 0x41, 0x15,
    0x7f, 0x8f, 0xbf, 0xff, 0xf9, 0xe,

    /* U+4E0B "下" */
    0x9c, 0xcf, 0xfe, 0x40, 0x29, 0x9f, 0xff, 0x20,
    0x73, 0xff, 0xf0, 0x87, 0x7f, 0xff, 0x8, 0x7,
    0xfc, 0x20, 0x1f, 0xfe, 0x6, 0x10, 0xf, 0xfe,
    0x3a, 0xcf, 0x98, 0x7, 0xff, 0x19, 0x60, 0x71,
    0x80, 0x3f, 0xf8, 0xcf, 0x41, 0x32, 0x0, 0xff,
    0xe3, 0x2e, 0xb, 0x58, 0x7, 0xff, 0x18, 0xf0,
    0x52, 0xc0, 0x3f, 0xf8, 0xc5, 0xe4, 0xa2, 0x1,
    0xff, 0xc6, 0x1c, 0xa1, 0x0, 0xff, 0xe3, 0x8a,
    0x0, 0x7f, 0xff, 0xc0, 0x3f, 0xfe, 0x0,

    /* U+4E0D "不" */
    0x0, 0x56, 0x67, 0xff, 0x18, 0x3, 0x21, 0x9f,
    0xff, 0x18, 0x40, 0x2e, 0xff, 0xfc, 0xe0, 0x9f,
    0xff, 0x8, 0x7, 0xfc, 0x4e, 0x12, 0x1, 0xff,
    0xc7, 0xe0, 0x62, 0x0, 0xff, 0xe3, 0x39, 0x87,
    0x0, 0x7f, 0xf1, 0x92, 0x0, 0x30, 0x80, 0x7f,
    0xf0, 0xca, 0xc1, 0x0, 0x5, 0xf2, 0x1, 0xff,
    0xc1, 0x2c, 0x7, 0xe0, 0x8, 0xdb, 0x4, 0x3,
    0xfc, 0x58, 0x2d, 0x0, 0x11, 0x61, 0x9b, 0x8,
    0x3, 0xf1, 0xe0, 0xac, 0x80, 0x70, 0xe2, 0x16,
    0x18, 0x7, 0x97, 0x5, 0xa8, 0x3, 0xf5, 0xa8,
    0xe2, 0x0, 0x69, 0xa0, 0x89, 0x0, 0xff, 0x53,
    0x5, 0xa0, 0x3, 0x18, 0x29, 0xc0, 0x3f, 0xf8,
    0x12, 0xa1, 0x0, 0x9, 0x2d, 0x50, 0xf, 0xfe,
    0x15, 0x2f, 0x0, 0x17, 0x48, 0x3, 0xff, 0x89,
    0x44, 0x1, 0xff, 0xff, 0x0, 0xff, 0xe3, 0x0,

    /* U+4E0E "与" */
    0x0, 0xff, 0xe6, 0xb7, 0xb8, 0x7, 0xff, 0x18,
    0x40, 0x40, 0x3f, 0xf8, 0xde, 0x6, 0x1, 0xff,
    0xc6, 0x10, 0xaf, 0xff, 0xfe, 0xa, 0x0, 0x63,
    0x2, 0x2f, 0xfe, 0x10, 0x7, 0x30, 0x66, 0xef,
    0xff, 0x5, 0x0, 0x30, 0x80, 0x80, 0x7f, 0xf1,
    0x8c, 0x3, 0xff, 0x90, 0x20, 0x45, 0xff, 0xc1,
    0x0, 0xfd, 0xbb, 0xff, 0xc1, 0x10, 0xe, 0x55,
    0xff, 0xe0, 0x80, 0x4, 0x3, 0xaa, 0xbf, 0xf8,
    0x22, 0x1, 0xff, 0xc8, 0x11, 0x0, 0x7f, 0xf1,
    0x84, 0xc, 0x1, 0xff, 0xff, 0xc3, 0x73, 0x1,
    0x0, 0x22, 0x7f, 0xf0, 0xc8, 0x41, 0xc0, 0x17,
    0x7f, 0xfc, 0x35, 0x70, 0x10, 0xf, 0xfe, 0x31,
    0x1, 0x80, 0x7f, 0xf1, 0x46, 0x83, 0xc0, 0x3f,
    0xf8, 0x35, 0x9b, 0xdc, 0x30, 0x70, 0xf, 0xfe,
    0x11, 0x90, 0x92, 0xe0, 0x80, 0x7f, 0xf0, 0x6b,
    0xbf, 0xdb, 0x46, 0x1, 0x0,

    /* U+4E13 "专" */
    0x0, 0xfc, 0x70, 0x60, 0x1f, 0xfc, 0x7b, 0x75,
    0x0, 0xff, 0xe3, 0xa0, 0x20, 0x7, 0xff, 0x6,
    0x6a, 0xb8, 0xc2, 0x2a, 0xbf, 0x8, 0x6, 0x75,
    0x5e, 0x0, 0x2a, 0xff, 0x18, 0x6, 0xef, 0xfc,
    0xa1, 0x5f, 0xff, 0xc4, 0x1, 0xfc, 0x80, 0xa0,
    0x1f, 0xfc, 0x63, 0x14, 0x0, 0xff, 0xe0, 0xd6,
    0x67, 0x70, 0x2e, 0x67, 0xff, 0x0, 0x18, 0xcf,
    0x88, 0x4, 0xcf, 0xff, 0x80, 0x39, 0xff, 0xa8,
    0x1b, 0xff, 0xff, 0x82, 0x20, 0x1d, 0x1, 0x60,
    0x1f, 0xfc, 0x65, 0x21, 0xb9, 0x9f, 0xe8, 0x0,
    0xfc, 0x40, 0x2c, 0xdf, 0xe7, 0x0, 0xfc, 0xdb,
    0xbf, 0xe2, 0x5, 0x0, 0xfc, 0xa4, 0x5f, 0xd0,
    0x47, 0x40, 0x1f, 0x15, 0xfd, 0x28, 0x7, 0x5a,
    0x96, 0x0, 0x7e, 0x37, 0x25, 0xae, 0x93, 0x1c,
    0x43, 0xc0, 0xf, 0xe1, 0x8d, 0xc6, 0x6, 0xce,
    0x33, 0x60, 0x80, 0x7f, 0xf0, 0xe, 0x7a, 0x90,
    0x0, 0x74, 0x80, 0x1f, 0xfc, 0x35, 0xbd, 0x71,
    0x5b, 0xd5, 0x0, 0xff, 0xe1, 0x94, 0x75, 0x19,
    0x18, 0x7, 0xff, 0x19, 0x73, 0xe, 0x1, 0x80,

    /* U+4E14 "且" */
    0x0, 0xff, 0xe6, 0x9f, 0xff, 0xff, 0x7, 0x0,
    0x3f, 0x85, 0x13, 0xf8, 0xc0, 0x3f, 0xe7, 0xbb,
    0xfe, 0xd0, 0xf, 0xff, 0x59, 0x91, 0x7f, 0x80,
    0x3f, 0xe5, 0xdd, 0xfe, 0xc0, 0xf, 0xf8, 0x99,
    0xbf, 0x94, 0x3, 0xfe, 0x49, 0x9f, 0xeb, 0x0,
    0xff, 0xf5, 0xbd, 0xdf, 0xf5, 0x0, 0x7f, 0xc2,
    0x89, 0xfe, 0x0, 0xff, 0x97, 0xff, 0xfb, 0x40,
    0x3f, 0xe3, 0x0, 0xfe, 0x30, 0xf, 0xff, 0x35,
    0x55, 0x0, 0x95, 0x5f, 0xd6, 0x5, 0x55, 0x2a,
    0xe4, 0x2, 0x55, 0xff, 0x0, 0xaa, 0xdb, 0xfd,
    0xdf, 0xfc, 0x88,

    /* U+4E22 "丢" */
    0x0, 0xff, 0xe3, 0x10, 0x7, 0xf8, 0x48, 0xd5,
    0x9e, 0x6f, 0x3b, 0xf4, 0xc0, 0x36, 0xeb, 0xbf,
    0xdd, 0xb9, 0x53, 0xc, 0x86, 0x64, 0x60, 0xe,
    0x13, 0x39, 0x15, 0x9c, 0xe, 0xf7, 0xbf, 0x6e,
    0x4c, 0x3, 0x67, 0x6e, 0x5d, 0x4c, 0x3, 0x21,
    0x8, 0x7, 0xff, 0x4d, 0x26, 0x7e, 0x7, 0x99,
    0xf8, 0x3, 0xb1, 0x9b, 0xe0, 0x26, 0x6f, 0x80,
    0x3a, 0x3b, 0xbe, 0x5, 0xee, 0xf8, 0x3, 0xc2,
    0x3f, 0x0, 0x4, 0x7e, 0x0, 0xff, 0xe7, 0x8,
    0xff, 0x0, 0x4, 0x7f, 0x81, 0xfb, 0xbf, 0x81,
    0x7b, 0xbf, 0x80, 0x91, 0x3e, 0x0, 0x22, 0x7f,
    0xc0, 0xb7, 0x7e, 0x10, 0x7b, 0xba, 0x3a, 0xef,
    0xc0, 0x1f, 0x52, 0xb4, 0x0, 0x5d, 0x4c, 0x1,
    0xff, 0x52, 0xaa, 0x40, 0x36, 0x14, 0xa8, 0x7,
    0xf5, 0xab, 0x50, 0x7, 0xe, 0x15, 0x28, 0x7,
    0x9b, 0x50, 0xba, 0x26, 0xa9, 0x79, 0x91, 0x85,
    0x20, 0x7, 0x49, 0x1, 0x43, 0xb2, 0xa9, 0xc,
    0x8c, 0xe0, 0xb3, 0x0, 0xd0, 0xf3, 0x57, 0x9b,
    0xdf, 0xf7, 0x73, 0x72, 0xc2, 0x40, 0x33, 0xc3,
    0x2a, 0x19, 0x8, 0x7, 0xc9, 0x34, 0x0,

    /* U+4E24 "两" */
    0x0, 0xff, 0xe4, 0xf7, 0xff, 0xff, 0x1f, 0x5d,
    0x57, 0xc0, 0x4a, 0xb1, 0x2, 0xaf, 0xd3, 0x55,
    0xd6, 0xb, 0x55, 0x20, 0x45, 0x57, 0x40, 0x7,
    0x8c, 0x3, 0xe3, 0x0, 0xff, 0xe0, 0x8, 0x7,
    0xc6, 0x1, 0xf2, 0xff, 0xec, 0x7, 0xff, 0x98,
    0x37, 0xff, 0x20, 0x6, 0x46, 0x62, 0x1, 0xb3,
    0x44, 0xc, 0xd1, 0x80, 0x7b, 0xa6, 0x5c, 0x13,
    0x39, 0x82, 0x66, 0xb0, 0xf, 0xe2, 0x1, 0x0,
    0x98, 0x40, 0x3f, 0xf8, 0x3a, 0x1c, 0x1, 0x11,
    0x80, 0x7f, 0xf0, 0x50, 0x16, 0x0, 0xc0, 0xa4,
    0x3, 0xfe, 0x51, 0x73, 0x75, 0xb0, 0x36, 0x70,
    0xf, 0xf4, 0x4, 0xe8, 0x13, 0x16, 0x14, 0x20,
    0x7, 0xe8, 0x27, 0x11, 0x60, 0x8a, 0xc3, 0xc2,
    0xb8, 0x3, 0xd8, 0xe5, 0x0, 0x3, 0x81, 0x60,
    0x2a, 0x12, 0x0, 0xf1, 0x87, 0x0, 0x52, 0x36,
    0x1, 0x2e, 0x60, 0x3, 0xdf, 0xe3, 0x0, 0x2b,
    0x22, 0x80, 0x63, 0x0, 0xff, 0xe0, 0x23, 0x50,
    0x7, 0xb8, 0x3, 0xfe, 0x19, 0x10, 0xa, 0x2f,
    0x18, 0x14, 0x3, 0xff, 0x88, 0x86, 0x54, 0x20,
    0x5, 0xf5, 0x0, 0xff, 0x47, 0x7e, 0xa8, 0x0,

    /* U+4E2A "个" */
    0x0, 0xff, 0xc, 0xc8, 0x3, 0xff, 0x91, 0x4c,
    0xc9, 0x0, 0xff, 0xe3, 0x3a, 0x18, 0xb2, 0x80,
    0x7f, 0xf1, 0x16, 0x7, 0x68, 0x28, 0xc0, 0x3f,
    0xf8, 0x49, 0x41, 0x42, 0x90, 0x18, 0x60, 0x1f,
    0xfc, 0x4, 0xb0, 0xa4, 0x0, 0x3b, 0x83, 0x4c,
    0x3, 0xfc, 0xd6, 0x14, 0xa0, 0x1a, 0x1c, 0x71,
    0x40, 0x3f, 0x4c, 0x82, 0x94, 0x0, 0x20, 0x14,
    0x40, 0x2a, 0x0, 0x38, 0xb1, 0x87, 0x14, 0x0,
    0x3d, 0xc0, 0x9, 0xe8, 0x1f, 0x8, 0x0, 0xfa,
    0x65, 0x86, 0x1, 0xfe, 0x5c, 0x13, 0xd6, 0xb,
    0x6, 0xd2, 0x0, 0xff, 0xe0, 0x1f, 0xa0, 0x8,
    0x6d, 0xc8, 0x7, 0xff, 0xc, 0x6e, 0x9c, 0x5,
    0x0, 0x3f, 0xf8, 0xca, 0x1, 0xff, 0xff, 0x0,
    0xff, 0xff, 0x80, 0x7f, 0xfb, 0x80,

    /* U+4E2D "中" */
    0x0, 0xfc, 0x3b, 0x40, 0x1f, 0xfc, 0x52, 0x70,
    0xf, 0xff, 0xa8, 0xee, 0xfd, 0x80, 0x5b, 0xbf,
    0x58, 0x11, 0x7e, 0x0, 0x11, 0x7c, 0xa0, 0x3,
    0xff, 0xee, 0x2, 0xff, 0xf0, 0x7, 0xff, 0xfc,
    0x3, 0xff, 0x98, 0x55, 0x5d, 0x60, 0x55, 0x5e,
    0x0, 0xc2, 0xab, 0xe0, 0x2, 0xaf, 0x80, 0x3,
    0xbb, 0xf6, 0x1, 0x6e, 0xfd, 0xe0, 0x45, 0xf8,
    0x0, 0x45, 0xf0, 0x80, 0x7f, 0xff, 0xc0, 0x3f,
    0xf9, 0x0,

    /* U+4E32 "串" */
    0x0, 0xfe, 0xa9, 0x0, 0xff, 0xe2, 0xa2, 0x0,
    0x3f, 0xfa, 0x31, 0x1f, 0x9, 0xc4, 0x7c, 0x1,
    0x3b, 0xfc, 0x2, 0xef, 0xf0, 0x6, 0x3f, 0xfe,
    0x12, 0xff, 0xe2, 0x0, 0xff, 0xef, 0x9f, 0xff,
    0x9, 0x7f, 0xf1, 0x0, 0x68, 0x8f, 0x80, 0x62,
    0x3e, 0x0, 0x9d, 0xfe, 0x13, 0x77, 0xf8, 0x3,
    0xff, 0x90, 0x3f, 0xff, 0x84, 0xbf, 0xff, 0x0,
    0x9, 0xdf, 0xc0, 0x2e, 0xfe, 0x10, 0x9, 0xa2,
    0x3c, 0x27, 0x11, 0xe3, 0x0, 0xff, 0xee, 0xad,
    0x57, 0x84, 0xaa, 0xbc, 0x60, 0x10, 0xaa, 0xf8,
    0x0, 0xab, 0xe1, 0x1, 0xff, 0xfc, 0x25, 0xff,
    0xf8, 0x3, 0xff, 0xb4,

    /* U+4E3A "为" */
    0x0, 0xfe, 0x12, 0x0, 0xff, 0xe0, 0x5c, 0x80,
    0x6a, 0xd1, 0x0, 0xff, 0x9d, 0xa0, 0x2, 0x70,
    0x10, 0xf, 0xfb, 0x49, 0xdc, 0x0, 0x10, 0xf,
    0xfe, 0x8, 0xf8, 0xc0, 0x81, 0x8, 0x7, 0xff,
    0x4, 0xae, 0x84, 0x0, 0x60, 0x1f, 0xc3, 0x99,
    0xa6, 0x59, 0xa0, 0x59, 0x9f, 0x94, 0xc, 0xfe,
    0x20, 0x1, 0x9f, 0xf0, 0xff, 0xfd, 0x21, 0x1f,
    0xfe, 0x80, 0x30, 0xf, 0xde, 0x6, 0x1, 0xf8,
    0x40, 0x3f, 0x28, 0x2a, 0x84, 0x3, 0x78, 0x38,
    0x7, 0xc2, 0x64, 0x4a, 0xc1, 0x0, 0xe1, 0x0,
    0xf9, 0x81, 0x4d, 0x8b, 0x40, 0x21, 0x0, 0xfe,
    0xa0, 0xb0, 0x94, 0x3a, 0x0, 0x18, 0x18, 0x7,
    0x98, 0x90, 0xc0, 0x16, 0x4a, 0x80, 0x20, 0x20,
    0x1c, 0x30, 0x10, 0x1, 0xb9, 0x10, 0xe, 0x1,
    0xf5, 0xa, 0x98, 0x6, 0x3b, 0x0, 0x8, 0x80,
    0x3a, 0x10, 0xa8, 0x3, 0xf8, 0xcc, 0x1, 0xa1,
    0xc3, 0x80, 0x3f, 0xc2, 0x20, 0xa, 0x5c, 0x2c,
    0xc0, 0x3f, 0xa4, 0x18, 0x6, 0xd8, 0x2d, 0x0,
    0x38, 0xb7, 0x5d, 0xec, 0x1c, 0x4, 0x83, 0x88,
    0x1, 0xe2, 0x2, 0x12, 0x5b, 0x40, 0x3c, 0xf3,
    0x0, 0xfd, 0xbf, 0xed, 0xa4, 0x0, 0x0,

    /* U+4E3B "主" */
    0x0, 0xff, 0x8, 0x7, 0xff, 0x1c, 0xbf, 0x40,
    0x3f, 0xf8, 0xe4, 0x43, 0x10, 0xf, 0xfe, 0x3a,
    0x83, 0x80, 0x7f, 0xf1, 0xf0, 0x34, 0x3, 0xfe,
    0xef, 0xff, 0xac, 0x13, 0xff, 0xf2, 0x0, 0x11,
    0x3f, 0x18, 0xa, 0x27, 0xe7, 0x0, 0x55, 0xdf,
    0xd0, 0x9, 0x77, 0xf8, 0xc0, 0x3f, 0xff, 0x22,
    0x3f, 0x80, 0x2, 0x3f, 0x0, 0x77, 0xf7, 0x7a,
    0x81, 0x7b, 0xbe, 0x40, 0xc, 0x89, 0xf1, 0x80,
    0xa2, 0x7c, 0xe0, 0x1a, 0xae, 0xfd, 0x0, 0x97,
    0x7f, 0x18, 0x7, 0xff, 0xfc, 0x3, 0xff, 0x87,
    0x35, 0x5f, 0xa0, 0x12, 0xab, 0xf8, 0xdd, 0x57,
    0xf1, 0x80, 0xaa, 0xff, 0x3f, 0x7f, 0xff, 0xf2,
    0x10,

    /* U+4E3E "举" */
    0x0, 0xff, 0x88, 0x3, 0xff, 0x87, 0x56, 0x1,
    0xb7, 0x0, 0x38, 0xb9, 0xc0, 0x3e, 0x24, 0x70,
    0xa, 0x85, 0xc0, 0x34, 0x9, 0x0, 0x7d, 0x5,
    0x4, 0x0, 0x71, 0x90, 0x8, 0xd4, 0xd4, 0x3,
    0xf7, 0x7, 0x0, 0x52, 0x2a, 0x0, 0xf0, 0xf0,
    0xf, 0x8, 0xc4, 0xfc, 0x23, 0x2c, 0xa0, 0xb9,
    0xb1, 0x8, 0x80, 0x25, 0xee, 0xcf, 0xbd, 0xd6,
    0xcf, 0x72, 0x1, 0xbb, 0xb0, 0x1, 0x9b, 0xc8,
    0x4, 0xcd, 0x80, 0xc, 0xde, 0x0, 0x1c, 0xcf,
    0x30, 0x7c, 0x17, 0x4c, 0x80, 0x66, 0x74, 0x0,
    0x7d, 0x65, 0x24, 0x9, 0xa0, 0xca, 0xea, 0x1,
    0xfe, 0xb4, 0x86, 0x0, 0xf5, 0x2d, 0x30, 0x7,
    0xc7, 0xa9, 0xe, 0x0, 0x30, 0xe, 0xa5, 0x9a,
    0x10, 0xd, 0x18, 0x6f, 0x1f, 0xf6, 0x82, 0xff,
    0xe6, 0xa5, 0xf6, 0x1, 0xe7, 0x4f, 0xa6, 0x6c,
    0xa0, 0x4c, 0xda, 0xd7, 0x4a, 0x68, 0x5e, 0xac,
    0x4a, 0x67, 0x58, 0x3c, 0xce, 0x70, 0x2c, 0x99,
    0x4, 0xa8, 0x7, 0xff, 0x19, 0x8c, 0x0, 0xf3,
    0x3f, 0x58, 0x3c, 0xcf, 0xe3, 0x0, 0xad, 0x9b,
    0xe5, 0x2, 0x66, 0xfe, 0x0, 0xb3, 0xff, 0xed,
    0x5, 0xff, 0xfc, 0xa0, 0x1f, 0xf1, 0x80, 0x7f,
    0xfb, 0x80,

    /* U+4E45 "久" */
    0x0, 0xfc, 0xa6, 0x1, 0xff, 0xc8, 0x2a, 0xc0,
    0xf, 0xfe, 0x45, 0x3, 0x0, 0x7f, 0xf1, 0xc5,
    0xc2, 0xc0, 0x3f, 0xf8, 0xf2, 0x0, 0xce, 0xef,
    0x28, 0x7, 0xfc, 0x4e, 0x0, 0x11, 0xf8, 0x3,
    0xff, 0x81, 0x20, 0xff, 0xfe, 0x0, 0x38, 0x7,
    0xf9, 0x90, 0xa0, 0x3, 0x98, 0x10, 0x80, 0x3f,
    0x8a, 0x42, 0x40, 0x3d, 0x61, 0xc0, 0x1f, 0xef,
    0x7, 0x40, 0xe, 0x52, 0x22, 0x80, 0x7f, 0x59,
    0x24, 0x0, 0x7a, 0x2, 0x40, 0x3f, 0xc2, 0x56,
    0x1, 0xe8, 0x21, 0x40, 0xf, 0xf5, 0x60, 0x7,
    0x91, 0xc0, 0x58, 0x3, 0xfe, 0x10, 0xe, 0x2a,
    0x6, 0x9, 0x10, 0xf, 0xfe, 0x18, 0xf8, 0xb4,
    0xb0, 0x50, 0x7, 0xff, 0x8, 0x70, 0x92, 0x42,
    0x45, 0x24, 0x3, 0xff, 0x80, 0x5e, 0x49, 0x60,
    0x16, 0x83, 0x38, 0x7, 0xf9, 0x74, 0x52, 0xc0,
    0x31, 0xd0, 0x44, 0x80, 0x7e, 0xaa, 0x3, 0xd8,
    0x7, 0x96, 0x81, 0xac, 0x40, 0x32, 0xf2, 0x85,
    0x40, 0x7, 0xe5, 0xb0, 0x4f, 0x50, 0x5, 0xd0,
    0x9e, 0xa8, 0x7, 0xf9, 0x30, 0x86, 0x90, 0x30,
    0x23, 0x8, 0x3, 0xff, 0x80, 0x78, 0xa8, 0x80,
    0x7e, 0x70, 0xf, 0xfe, 0x18, 0xd5, 0x80,

    /* U+4E49 "义" */
    0x0, 0xff, 0x10, 0x7, 0xff, 0x26, 0x74, 0xc0,
    0x3f, 0xf8, 0x62, 0xa0, 0x16, 0x7, 0x0, 0x74,
    0xc0, 0x80, 0x7d, 0xd4, 0x1, 0x2a, 0x13, 0x80,
    0x66, 0x71, 0x0, 0xf9, 0x41, 0x40, 0x29, 0x8,
    0x10, 0x1, 0x81, 0x80, 0x7e, 0xe0, 0x90, 0x8,
    0x9c, 0x2c, 0x1, 0x61, 0x60, 0x1f, 0x90, 0x4c,
    0x80, 0x29, 0xd, 0x0, 0x30, 0x28, 0x7, 0xf4,
    0x84, 0x0, 0x43, 0xce, 0x8, 0x24, 0x40, 0xf,
    0xe6, 0x5, 0x20, 0x8, 0x40, 0x1c, 0x14, 0x1,
    0xfe, 0x17, 0x9, 0x0, 0xe3, 0x50, 0x60, 0xf,
    0xfa, 0x5, 0x14, 0x3, 0x40, 0x30, 0x80, 0x7f,
    0xf0, 0x2c, 0x2c, 0x40, 0xa, 0x81, 0x0, 0x1f,
    0xfc, 0x15, 0x50, 0xe8, 0x15, 0x84, 0x8, 0x7,
    0xff, 0xa, 0xc8, 0xeb, 0x84, 0xdc, 0x3, 0xff,
    0x86, 0x3e, 0x2a, 0x63, 0xa0, 0x1f, 0xfc, 0x53,
    0x20, 0x1, 0x0, 0x7f, 0xf1, 0x53, 0xcc, 0x44,
    0x78, 0x60, 0x1f, 0xfc, 0x11, 0xab, 0x13, 0xff,
    0x19, 0x64, 0x88, 0x7, 0xf0, 0xc7, 0x28, 0x3e,
    0x8, 0xb1, 0xc1, 0xbd, 0xc0, 0x3c, 0x31, 0xee,
    0x7, 0xb0, 0x1, 0xa3, 0x4c, 0x63, 0xa0, 0x40,
    0x13, 0xce, 0x25, 0x78, 0x40, 0x1e, 0x2c, 0xa2,
    0x17, 0xe4, 0xf, 0x3, 0xbd, 0x40, 0xf, 0xf2,
    0xed, 0x11, 0x10, 0x1b, 0x30, 0x80, 0x1f, 0xfc,
    0x25, 0xdc, 0x0,

    /* U+4E4B "之" */
    0x0, 0xff, 0x84, 0x3, 0xff, 0x93, 0x5c, 0x40,
    0x1f, 0xfc, 0x8d, 0x4, 0x0, 0xff, 0xe4, 0x28,
    0x68, 0x7, 0xff, 0x20, 0x81, 0x0, 0x3f, 0xf8,
    0x3d, 0xff, 0xf0, 0x3, 0xff, 0xe2, 0x0, 0xe5,
    0x33, 0xff, 0xe0, 0x88, 0x7, 0xeb, 0xcc, 0xff,
    0xe0, 0x40, 0x84, 0x10, 0x7, 0xff, 0x15, 0xac,
    0x25, 0xc0, 0x3f, 0xf8, 0xb1, 0x21, 0x4c, 0x1,
    0xff, 0xc4, 0x1b, 0x71, 0xb5, 0x0, 0xff, 0xe2,
    0x1f, 0xa1, 0x62, 0x0, 0x7f, 0xf1, 0x23, 0x5,
    0x74, 0x80, 0x3f, 0xf8, 0x65, 0x8e, 0x13, 0x40,
    0x1f, 0xfc, 0x48, 0xd3, 0x36, 0xb0, 0x7, 0xff,
    0x8, 0x97, 0x9c, 0x23, 0x8, 0x3, 0xff, 0x82,
    0x3b, 0xaa, 0x15, 0xe7, 0x0, 0xff, 0xe1, 0xd1,
    0x0, 0x6, 0xc4, 0x3, 0xff, 0x87, 0x28, 0x3a,
    0xa3, 0xec, 0x20, 0x1f, 0xfc, 0x14, 0x60, 0xc2,
    0xa6, 0x19, 0xee, 0x66, 0x2e, 0xea, 0xa5, 0xdd,
    0x86, 0x8f, 0x44, 0x0, 0x9c, 0x63, 0x3, 0x32,
    0x24, 0xaa, 0x44, 0x8c, 0xc1, 0xa, 0x1, 0x8e,
    0x73, 0xbf, 0xee, 0xed, 0xff, 0x80,

    /* U+4E50 "乐" */
    0x0, 0xff, 0xe2, 0x92, 0x20, 0x3, 0xe1, 0x23,
    0x45, 0x67, 0x89, 0xbd, 0xef, 0xdb, 0x90, 0xf,
    0x17, 0x6e, 0x5d, 0x4c, 0x3b, 0x21, 0x1, 0xa3,
    0x58, 0x7, 0x98, 0x5, 0x59, 0xe2, 0xaf, 0x3b,
    0xfb, 0x2e, 0x58, 0x3, 0xc2, 0xf, 0x53, 0xe,
    0xa7, 0x62, 0x1, 0xff, 0xc0, 0x20, 0xe0, 0xe,
    0x97, 0x10, 0xf, 0xfe, 0x7, 0x1, 0x0, 0x7f,
    0xf2, 0xc, 0x18, 0x3, 0xff, 0x90, 0xc0, 0x40,
    0x1f, 0xfc, 0x82, 0xd, 0xcc, 0xe1, 0xc, 0xcf,
    0xc4, 0x1, 0x84, 0xc, 0xfc, 0x0, 0x23, 0x3f,
    0x84, 0x3, 0x7f, 0xfe, 0x10, 0xef, 0xff, 0x8c,
    0x3, 0xe7, 0x0, 0xfe, 0x60, 0xf, 0xf9, 0xa2,
    0xc0, 0x3e, 0x99, 0x50, 0x7, 0xf1, 0x48, 0x40,
    0x7, 0xd0, 0x4b, 0x0, 0x1f, 0xf, 0x84, 0x18,
    0x7, 0xc3, 0x82, 0xee, 0x0, 0xf6, 0x92, 0xb8,
    0x7, 0xf0, 0xe0, 0x42, 0x80, 0x6a, 0x33, 0x50,
    0x7, 0xfc, 0x56, 0x14, 0x60, 0xa, 0x52, 0xd0,
    0xe, 0x11, 0x0, 0x80, 0x64, 0x80, 0xd1, 0x13,
    0x16, 0x8, 0x0, 0xb3, 0x78, 0x4, 0x3, 0xce,
    0x8a, 0x22, 0xcc, 0x8, 0x4, 0x45, 0x1, 0xe8,
    0x7, 0xd5, 0x60, 0x10, 0x80, 0x77, 0xfd, 0x86,
    0x1, 0xf0, 0x80, 0x0,

    /* U+4E5F "也" */
    0x0, 0xff, 0x84, 0x3, 0xff, 0x92, 0x3d, 0x80,
    0x1f, 0xfd, 0x92, 0x20, 0x7, 0xff, 0x27, 0xf4,
    0x3, 0xff, 0x82, 0x60, 0x1f, 0xfc, 0x64, 0x8c,
    0xfd, 0x0, 0xff, 0xe1, 0x96, 0x7d, 0xb9, 0x80,
    0x7f, 0xf0, 0x12, 0x33, 0x80, 0x4c, 0x9e, 0xf8,
    0xc, 0x3, 0xc8, 0x61, 0xf6, 0xe6, 0x40, 0x5d,
    0xb0, 0x82, 0x2, 0x1, 0xaf, 0xec, 0x40, 0x9a,
    0xbb, 0x0, 0x44, 0x1, 0xce, 0x1, 0x9c, 0x98,
    0x43, 0x65, 0x44, 0x3, 0xe1, 0x1, 0x0, 0xd9,
    0xb2, 0x60, 0x1f, 0xfc, 0x3, 0x0, 0xff, 0xe5,
    0x30, 0x18, 0x7, 0xff, 0x19, 0x1e, 0x83, 0xc0,
    0x3f, 0xf8, 0xd7, 0x2, 0x4e, 0x1, 0xff, 0xc6,
    0x99, 0x66, 0x88, 0x7, 0xff, 0x19, 0x98, 0x60,
    0x7, 0x81, 0x0, 0xff, 0x8, 0x38, 0x7, 0xda,
    0xe4, 0x1, 0xff, 0x7d, 0x80, 0x7c, 0xe0, 0x40,
    0x19, 0x81, 0xc0, 0x3f, 0xe1, 0x72, 0x11, 0x0,
    0x6e, 0x8, 0xff, 0x76, 0xef, 0xbb, 0xfa, 0x2,
    0x40, 0x39, 0x69, 0x4c, 0x80, 0x8b, 0xc0, 0x46,
    0xd6, 0xe0,

    /* U+4E86 "了" */
    0x4c, 0xcf, 0xfe, 0x2d, 0x11, 0x9f, 0xff, 0x15,
    0x1b, 0xff, 0xff, 0x83, 0xa6, 0x0, 0xb0, 0xf,
    0xfe, 0xa, 0xe9, 0x9b, 0x54, 0x3, 0xff, 0x81,
    0x34, 0xf, 0x84, 0x1, 0xff, 0x1e, 0xb0, 0xdc,
    0x0, 0x7f, 0xf0, 0x1b, 0x9, 0x3d, 0x0, 0x3f,
    0xf8, 0x36, 0xf, 0x62, 0x1, 0xff, 0xc4, 0x90,
    0xf, 0xff, 0xf8, 0x7, 0xff, 0xf8, 0xc0, 0x3f,
    0xf8, 0x42, 0x47, 0x2, 0x2, 0x1, 0xff, 0xc0,
    0xbd, 0xc7, 0x4, 0x0, 0xff, 0xe0, 0xf1, 0xab,
    0xd5, 0x80, 0x7e,

    /* U+4E8B "事" */
    0x0, 0xff, 0x18, 0x80, 0x7f, 0xf1, 0xc7, 0x2c,
    0x3, 0xfc, 0xd1, 0x1f, 0xa4, 0x1e, 0x23, 0xf8,
    0x29, 0xdf, 0xf8, 0x9, 0xdf, 0xf8, 0x33, 0xff,
    0xf7, 0x2, 0xff, 0xff, 0x0, 0x66, 0x6f, 0x38,
    0x33, 0x7c, 0x60, 0x1e, 0x99, 0x44, 0x70, 0x1c,
    0x46, 0x99, 0x58, 0x7, 0xc9, 0xdd, 0xbc, 0x17,
    0xbb, 0x60, 0x7, 0xf2, 0x77, 0x6f, 0x5, 0xee,
    0xda, 0x1, 0xfa, 0x65, 0x11, 0xa4, 0xe, 0x23,
    0xa6, 0xc0, 0x3c, 0xcd, 0xf0, 0x33, 0x7c, 0x60,
    0x18, 0x7f, 0xfe, 0xe0, 0x5f, 0xff, 0x80, 0x30,
    0xc4, 0x7e, 0x3, 0x88, 0xe3, 0x0, 0xf3, 0xbf,
    0xcc, 0xc, 0xef, 0xcc, 0x1, 0xb7, 0xff, 0xf7,
    0x2, 0xff, 0xf2, 0x87, 0xf8, 0x62, 0x67, 0xf8,
    0xe, 0x67, 0x8c, 0x26, 0x42, 0xac, 0xdf, 0x9c,
    0x19, 0xbe, 0x6, 0x60, 0x0, 0x7f, 0xfe, 0xe0,
    0x5f, 0xfe, 0x50, 0xe, 0x18, 0x8f, 0xc0, 0x71,
    0x1f, 0x0, 0x73, 0xbf, 0xcc, 0xc, 0xef, 0xf0,
    0x7, 0xf1, 0x4c, 0xb4, 0x8, 0x3, 0xff, 0x88,
    0x6c, 0xc3, 0x49, 0x0, 0xff, 0xe2, 0xf, 0x7f,
    0xac, 0x40, 0x3f, 0xc0,

    /* U+4E8C "二" */
    0x0, 0x8c, 0xff, 0xf8, 0x64, 0x1, 0x8f, 0x33,
    0xff, 0x87, 0xe0, 0x18, 0x51, 0x3f, 0xf8, 0x80,
    0x18, 0xae, 0xff, 0xf8, 0x72, 0x1, 0xff, 0xff,
    0x0, 0xff, 0xff, 0x80, 0x7f, 0xff, 0xc0, 0x3f,
    0x26, 0xef, 0xff, 0x20, 0x48, 0xbf, 0xf9, 0xb,
    0xff, 0xff, 0xc8,

    /* U+4E8E "于" */
    0x0, 0x35, 0xdf, 0xff, 0x10, 0x3, 0x7a, 0x27,
    0xff, 0x10, 0x40, 0x29, 0xff, 0xf7, 0x0, 0x3f,
    0xfe, 0x10, 0xf, 0xf0, 0x80, 0x7f, 0xff, 0xc0,
    0x3f, 0x8, 0x7, 0xfd, 0x1f, 0xff, 0xb8, 0x1,
    0xff, 0xfd, 0xa8, 0x9f, 0xc0, 0x4, 0x4f, 0xe5,
    0xbb, 0xfe, 0x0, 0x5d, 0xff, 0x0, 0x7f, 0xff,
    0xc0, 0x3f, 0xfe, 0xa, 0x2, 0x1, 0xff, 0xc2,
    0x1d, 0xef, 0xa0, 0x50, 0xf, 0xfe, 0x10, 0x80,
    0x88, 0xda, 0x80, 0x3f, 0xf8, 0x7b, 0xfd, 0x92,
    0x20, 0x1f, 0xc0,

    /* U+4E91 "云" */
    0x0, 0x2d, 0xdf, 0xff, 0xe, 0x80, 0x38, 0x91,
    0x3f, 0xf8, 0x6a, 0x1, 0xcf, 0xff, 0xff, 0xc4,
    0x0, 0xff, 0xff, 0x80, 0x7f, 0xf1, 0x1f, 0xff,
    0xff, 0x90, 0x4, 0x89, 0xf0, 0x80, 0xa2, 0x7f,
    0x81, 0x6e, 0xfd, 0x40, 0xb, 0xbf, 0xf8, 0x3,
    0xf4, 0xa, 0x28, 0x0, 0xd4, 0x3, 0xff, 0x82,
    0x6c, 0x12, 0x0, 0x1c, 0xa2, 0x0, 0xff, 0xe0,
    0x70, 0x41, 0x0, 0x6, 0x43, 0xc0, 0x3f, 0xea,
    0x24, 0x70, 0xc, 0xca, 0x52, 0x1, 0xfc, 0xea,
    0x34, 0x1, 0xea, 0x16, 0x50, 0xf, 0x96, 0x3,
    0x44, 0x3, 0xea, 0xb, 0x10, 0xc, 0x31, 0x40,
    0x88, 0x89, 0xab, 0xcd, 0xef, 0xb0, 0x1a, 0x0,
    0xc8, 0xe0, 0x4, 0x87, 0x65, 0x43, 0x20, 0x23,
    0x41, 0x45, 0x0, 0x95, 0x4f, 0x35, 0x79, 0xba,
    0xef, 0xf7, 0x6e, 0x5c, 0x4, 0x80, 0x6a, 0x86,
    0x54, 0x32, 0x20, 0x80, 0x79, 0x99, 0xa0, 0x0,

    /* U+4E92 "互" */
    0x0, 0xff, 0xe5, 0xef, 0xff, 0xff, 0x19, 0x80,
    0x8, 0x98, 0x80, 0x91, 0x3f, 0xf8, 0x4, 0x0,
    0x9b, 0xba, 0x82, 0xef, 0xff, 0x82, 0x80, 0x1e,
    0xd0, 0x50, 0xf, 0xfe, 0x3b, 0x1, 0x80, 0x7f,
    0xf1, 0xcc, 0x37, 0x7f, 0xce, 0x1, 0xf8, 0x80,
    0x4, 0x5f, 0xe0, 0xf, 0xe7, 0x7, 0xff, 0xfd,
    0x20, 0x20, 0x1f, 0x88, 0x34, 0x3, 0xf7, 0x1,
    0x80, 0x7e, 0xd0, 0x70, 0xf, 0xc2, 0x2, 0x1,
    0xf9, 0xc0, 0x80, 0x3f, 0x18, 0x38, 0x7, 0xe2,
    0xc, 0xcf, 0xe4, 0x1, 0x0, 0xf8, 0x80, 0x6,
    0x7f, 0xc2, 0x6, 0x1, 0xf1, 0x7f, 0xff, 0xc2,
    0x2, 0x1, 0xff, 0xc7, 0x10, 0xf, 0xfe, 0x51,
    0x0, 0x7f, 0xf1, 0xc4, 0x4, 0x3, 0xae, 0xff,
    0xf8, 0x5a, 0x5, 0x77, 0x95, 0x13, 0xff, 0x84,
    0x60, 0x28, 0x98, 0x80,

    /* U+4E95 "井" */
    0x0, 0xe1, 0x53, 0x0, 0xf3, 0x28, 0x7, 0xfc,
    0x95, 0x40, 0xf, 0x4d, 0x80, 0x7f, 0xff, 0x7,
    0x33, 0x40, 0x3e, 0x67, 0x80, 0x73, 0x31, 0x1,
    0x9f, 0x10, 0x9, 0x9f, 0x80, 0x6, 0x78, 0x40,
    0xbf, 0xf5, 0x3, 0x7f, 0xf7, 0x0, 0xff, 0xe3,
    0x0, 0xff, 0xe1, 0x8, 0x7, 0xff, 0xf8, 0x47,
    0x8c, 0x0, 0x23, 0xe0, 0x0, 0x8f, 0x6, 0x77,
    0x69, 0x6, 0xee, 0xf0, 0xf, 0x77, 0x13, 0x99,
    0xe1, 0x2, 0x33, 0xf0, 0x0, 0xcf, 0xd5, 0x99,
    0x90, 0x27, 0x33, 0xc0, 0x39, 0x9c, 0x20, 0x1c,
    0x80, 0xa0, 0x1f, 0xfc, 0x66, 0x14, 0x10, 0xf,
    0xfe, 0x29, 0x40, 0x40, 0x7, 0xff, 0x14, 0xb0,
    0x5c, 0xc0, 0x3f, 0xf8, 0x89, 0x82, 0xd0, 0x1,
    0xff, 0xc5, 0xc1, 0x79, 0x0, 0xff, 0xe3, 0x46,
    0x40, 0x7, 0xfb, 0xf8, 0x3, 0xc0,

    /* U+4EA4 "交" */
    0x0, 0xff, 0x10, 0x7, 0xff, 0x21, 0xb5, 0x40,
    0x3f, 0xf8, 0xee, 0x12, 0x1, 0xff, 0xc7, 0x14,
    0x33, 0x0, 0x7f, 0xf, 0xff, 0xf2, 0x6, 0x7f,
    0xfd, 0xc0, 0x26, 0x7f, 0xfc, 0x75, 0x0, 0x66,
    0x7a, 0x33, 0x3a, 0x3b, 0x33, 0xac, 0x3, 0xe7,
    0xb8, 0x0, 0x86, 0xf5, 0x80, 0x3f, 0xe7, 0x81,
    0xa0, 0x8, 0x68, 0x66, 0x80, 0x3f, 0xa2, 0x3,
    0x84, 0x1, 0x97, 0xcd, 0x74, 0x80, 0x3d, 0x4e,
    0x38, 0x40, 0x1e, 0x1c, 0x62, 0xd4, 0x0, 0x8f,
    0x54, 0xb2, 0x30, 0x3, 0x87, 0xa6, 0x50, 0x16,
    0xa0, 0xb, 0x25, 0xd2, 0x13, 0x60, 0xd, 0x2,
    0x0, 0x79, 0x6, 0x0, 0x45, 0x50, 0x1, 0x21,
    0x24, 0x0, 0x46, 0x18, 0x0, 0x36, 0x18, 0x4,
    0xa0, 0x11, 0x50, 0x78, 0xd, 0x5, 0x88, 0x4,
    0x60, 0x1f, 0xca, 0xc5, 0x98, 0x16, 0x50, 0xf,
    0xfe, 0x1c, 0xa1, 0x92, 0x48, 0x7, 0xff, 0x12,
    0x10, 0x0, 0x90, 0x1, 0xff, 0xc2, 0x7e, 0x71,
    0xab, 0x17, 0xe8, 0x10, 0xf, 0xc7, 0x3f, 0x2,
    0xde, 0xa9, 0xce, 0x2f, 0xd6, 0xc2, 0x0, 0x49,
    0xec, 0x60, 0x6d, 0x91, 0x0, 0xa3, 0x9c, 0x52,
    0x7b, 0x5b, 0x98, 0x4e, 0x7e, 0x48, 0x3, 0xc3,
    0x1d, 0x6a, 0x4, 0x71, 0xd, 0xc6, 0x0, 0xff,
    0xe0, 0x25, 0x7d, 0xa8,

    /* U+4EA7 "产" */
    0x0, 0xff, 0x14, 0x18, 0x7, 0xff, 0x20, 0x5e,
    0x40, 0x3f, 0xf9, 0x6, 0x2a, 0x1, 0xff, 0xd,
    0xdf, 0xf0, 0x3, 0x2e, 0xff, 0x10, 0x1a, 0x27,
    0xf0, 0x81, 0xa2, 0x7e, 0x60, 0x2e, 0xed, 0x40,
    0xbd, 0xde, 0xa0, 0x5e, 0xec, 0x80, 0x1, 0x1c,
    0xa0, 0x82, 0x3e, 0xc0, 0xe1, 0x1c, 0x1, 0xf9,
    0x44, 0xc0, 0x39, 0xc5, 0x0, 0x3f, 0xf8, 0x1e,
    0x16, 0x1, 0x94, 0x5c, 0x3, 0xf8, 0xea, 0xae,
    0x6, 0xaa, 0xd0, 0xb, 0x55, 0x94, 0x3, 0x32,
    0xac, 0x80, 0x2a, 0xb8, 0x80, 0xd5, 0x71, 0x0,
    0x7a, 0x3b, 0xbf, 0xf8, 0x6e, 0x1, 0xe1, 0x1f,
    0xfe, 0x20, 0x7, 0x18, 0x7, 0xff, 0x30, 0xc0,
    0x3f, 0xf9, 0x1c, 0x2, 0x1, 0xff, 0xc8, 0x30,
    0x60, 0xf, 0xfe, 0x42, 0x89, 0x0, 0x7f, 0xf1,
    0xd4, 0x50, 0x3, 0xff, 0x91, 0x1, 0x20, 0x1f,
    0xfc, 0x77, 0x24, 0x30, 0xf, 0xfe, 0x30, 0xc8,
    0x48, 0x7, 0xff, 0x1c, 0x7b, 0x8, 0x3, 0xff,
    0x8e,

    /* U+4EAB "享" */
    0x0, 0xfe, 0x25, 0x0, 0xff, 0xe4, 0x5d, 0x28,
    0x7, 0xff, 0x1f, 0x43, 0xc0, 0x3f, 0xcd, 0xff,
    0xfa, 0xc1, 0x7f, 0xff, 0x60, 0x2b, 0xbf, 0xff,
    0x1e, 0x80, 0xe2, 0x3f, 0xf8, 0xec, 0x1, 0x9f,
    0xff, 0xff, 0x83, 0xa0, 0x1f, 0xcf, 0x55, 0xfe,
    0x13, 0x0, 0xfe, 0xb5, 0x5f, 0xf1, 0x80, 0x7f,
    0xb3, 0xff, 0xfc, 0x40, 0x1f, 0x92, 0x67, 0xff,
    0x83, 0x0, 0x1f, 0x1b, 0x37, 0xff, 0x8, 0x3,
    0xd9, 0xff, 0xff, 0xc3, 0x70, 0xe, 0x98, 0x8f,
    0xf3, 0x88, 0x0, 0x48, 0x3, 0x95, 0xdf, 0xe6,
    0x1c, 0x70, 0x6b, 0xe5, 0x0, 0xff, 0xe0, 0x17,
    0x48, 0xdf, 0x4a, 0x0, 0x77, 0x7f, 0xfe, 0xd0,
    0x2, 0xdf, 0xff, 0xca, 0xcd, 0xfc, 0xa0, 0x4c,
    0xdf, 0xe8, 0x99, 0xfd, 0x0, 0xf3, 0x3f, 0xc6,
    0x1, 0xfc, 0x20, 0x60, 0x1f, 0xfc, 0x41, 0x9b,
    0xd0, 0x10, 0xf, 0xfe, 0x20, 0xa2, 0x5, 0x24,
    0x3, 0xff, 0x8b, 0x9f, 0xeb, 0x10, 0xf, 0xf0,

    /* U+4EAE "亮" */
    0x0, 0xff, 0x20, 0x80, 0x7f, 0xf1, 0x96, 0xe0,
    0x3, 0xff, 0x8c, 0x80, 0xe0, 0x1f, 0xc5, 0xff,
    0xfb, 0x80, 0x7f, 0xff, 0x71, 0xbb, 0xff, 0xf1,
    0xe4, 0x62, 0x3f, 0xf8, 0xee, 0x1, 0xbf, 0xff,
    0xf8, 0x3a, 0x1, 0xf8, 0xaa, 0xbf, 0xc0, 0x1f,
    0xe1, 0x55, 0xff, 0x8, 0x7, 0xf1, 0xff, 0xff,
    0x84, 0x3, 0xf4, 0xcf, 0xff, 0x6, 0x0, 0x38,
    0x88, 0x89, 0xff, 0xc1, 0x72, 0x20, 0x1, 0xb7,
    0x7f, 0xf8, 0xc8, 0x1, 0x3d, 0x57, 0xff, 0x9,
    0x40, 0x3b, 0x15, 0x7f, 0xf8, 0x5a, 0x1, 0x19,
    0x9c, 0x1, 0xff, 0xfc, 0x40, 0x2, 0x37, 0x5,
    0xc3, 0x0, 0x85, 0x9b, 0x88, 0x3, 0x2e, 0x18,
    0x7, 0x8, 0x14, 0xcf, 0x38, 0x7, 0x20, 0x7,
    0x9c, 0x18, 0x3, 0xfe, 0xac, 0x0, 0xcf, 0x21,
    0x20, 0x1f, 0x8, 0x0, 0x44, 0xc0, 0x93, 0xd0,
    0x34, 0x60, 0x1c, 0x41, 0xd7, 0x6f, 0xd, 0x3b,
    0x60, 0x6f, 0x50, 0xf, 0x51, 0x92, 0x20, 0x55,
    0x8e, 0x2f, 0xa4, 0x40, 0x3e, 0x2c, 0xff, 0xd4,
    0x20,

    /* U+4EBA "人" */
    0x0, 0xff, 0xea, 0x7d, 0x80, 0x7f, 0xf2, 0x5c,
    0x3, 0xff, 0x8e, 0x20, 0xe0, 0x1f, 0xfc, 0x73,
    0x0, 0xff, 0xe4, 0x88, 0x30, 0x7, 0xff, 0x1d,
    0x80, 0x80, 0x3f, 0xf8, 0xe4, 0x0, 0x20, 0xf,
    0xfe, 0x36, 0x0, 0x10, 0x3, 0xff, 0x8c, 0xa0,
    0xd, 0x0, 0xff, 0xe2, 0x98, 0xa2, 0x42, 0x1,
    0xff, 0xc4, 0xa0, 0xdd, 0x3, 0x0, 0x7f, 0xf0,
    0xc5, 0x81, 0x98, 0x32, 0x1, 0xff, 0xc3, 0x80,
    0x70, 0x4, 0x8c, 0x0, 0x7f, 0xf0, 0x4d, 0x86,
    0x0, 0xe, 0x2e, 0x60, 0x1f, 0xf0, 0xe8, 0x58,
    0x6, 0xa0, 0xe1, 0x0, 0xff, 0x68, 0xaa, 0x80,
    0x32, 0x31, 0x68, 0x7, 0xf5, 0x99, 0x50, 0x7,
    0xa4, 0xcd, 0x40, 0x1e, 0x1c, 0x42, 0xc0, 0xf,
    0xda, 0x2b, 0x60, 0x18, 0xb0, 0xcb, 0x4, 0x3,
    0xf0, 0xe0, 0xa6, 0x8, 0x16, 0x91, 0xe0, 0x80,
    0x7f, 0x8b, 0x4, 0xfc, 0x88, 0xaa, 0xc1, 0x0,
    0xff, 0xe0, 0x17, 0x92, 0x90, 0x55, 0x0, 0x3f,
    0xf8, 0x63, 0xb6, 0x0,

    /* U+4EC5 "仅" */
    0x0, 0xf1, 0x0, 0x7f, 0xf2, 0x4b, 0x74, 0x1,
    0xff, 0xc8, 0xa0, 0x54, 0xcc, 0xff, 0xac, 0x3,
    0xe5, 0xa, 0x23, 0x3f, 0xf9, 0x40, 0x3c, 0x84,
    0x64, 0xd2, 0x11, 0xff, 0xed, 0x2, 0x0, 0xf4,
    0x4, 0x80, 0x10, 0x30, 0x3, 0xce, 0x8, 0x1,
    0xc6, 0x60, 0x40, 0x1, 0x2, 0x80, 0x7b, 0x43,
    0x0, 0x3b, 0xc0, 0x3c, 0x82, 0x60, 0x1c, 0xa0,
    0x80, 0x19, 0x8c, 0x3, 0xdc, 0x14, 0x1, 0x8c,
    0x94, 0x3, 0xc, 0x1, 0x0, 0x72, 0x3, 0x80,
    0x6a, 0xe, 0x0, 0xd4, 0x30, 0xc0, 0x1c, 0x2a,
    0x2c, 0x0, 0x26, 0x24, 0x0, 0x95, 0x10, 0xe0,
    0x1f, 0x48, 0x40, 0x2, 0x2, 0x0, 0x32, 0xbd,
    0x0, 0x7e, 0x34, 0x18, 0x55, 0x1a, 0x80, 0x74,
    0x8, 0x7, 0xf4, 0x83, 0xd8, 0x70, 0x7, 0xff,
    0x14, 0x9c, 0x6, 0x8, 0x3, 0xff, 0x8a, 0x28,
    0x0, 0xb0, 0xf, 0xfe, 0x29, 0x61, 0xa9, 0x1e,
    0x8, 0x7, 0xff, 0x9, 0x30, 0x96, 0xbc, 0x4f,
    0x8, 0x3, 0xff, 0x81, 0x36, 0x2f, 0x40, 0x58,
    0x44, 0xd5, 0x0, 0xfe, 0x4d, 0x60, 0xa8, 0x0,
    0x8b, 0x10, 0x2a, 0x40, 0x3e, 0x5b, 0x22, 0x6a,
    0x80, 0x70, 0xdb, 0x83, 0x50, 0x7, 0x96, 0x9f,
    0x48, 0x3, 0xf4, 0x61, 0x40, 0x6, 0xbf, 0x15,
    0x80, 0xf, 0xf8, 0xf4, 0x80,

    /* U+4ECD "仍" */
    0x0, 0xf6, 0x48, 0x7, 0xff, 0x1d, 0xc, 0x89,
    0x55, 0xfe, 0x90, 0xf, 0xb8, 0x38, 0x55, 0x7f,
    0xc8, 0x1, 0xe1, 0x50, 0x53, 0xfe, 0x5, 0xff,
    0xd6, 0xc, 0x1, 0xe9, 0x7, 0x0, 0x84, 0x3,
    0xc6, 0x18, 0x1, 0xe6, 0x9, 0x0, 0x84, 0xc,
    0x3, 0x58, 0x28, 0x7, 0x40, 0x80, 0x80, 0x7f,
    0x8c, 0x48, 0x3, 0x13, 0x80, 0x7e, 0x10, 0x9,
    0x1, 0xc0, 0x3b, 0x80, 0x3e, 0x30, 0xe, 0xc0,
    0x5a, 0xa2, 0x3, 0x99, 0xc0, 0x1c, 0x21, 0xe0,
    0x1c, 0x6a, 0xa2, 0x24, 0x7, 0x0, 0x79, 0xc0,
    0x80, 0x28, 0xff, 0x40, 0x19, 0x2d, 0x10, 0x7,
    0x84, 0x4, 0x3, 0xde, 0x1, 0x52, 0x80, 0x7d,
    0xa0, 0xa0, 0x1f, 0x84, 0x3, 0xfc, 0x42, 0x20,
    0xf, 0x8, 0x38, 0x7, 0xf9, 0x14, 0x3, 0xe3,
    0x1, 0x0, 0xfe, 0x41, 0xd0, 0xf, 0x84, 0xc,
    0x3, 0xfb, 0xc1, 0xc0, 0x3e, 0x70, 0xf, 0xf2,
    0x21, 0xc4, 0x3, 0xe1, 0x1, 0x0, 0xf8, 0x68,
    0x60, 0x3, 0xe3, 0x21, 0x0, 0xfd, 0x43, 0x40,
    0x18, 0x6f, 0x37, 0x1, 0x0, 0x3e, 0x27, 0x84,
    0x0, 0xc2, 0xc6, 0x44, 0x7a, 0x0, 0xec, 0xf2,
    0xc7, 0x0, 0xf6, 0xff, 0xb6, 0x0, 0x0,

    /* U+4ECE "从" */
    0x0, 0xf0, 0x88, 0x3, 0xc4, 0x40, 0xf, 0xfe,
    0xd, 0xf0, 0x80, 0x74, 0xe8, 0x80, 0x7f, 0xf0,
    0x4, 0x3, 0xff, 0xa4, 0xe0, 0x20, 0x1f, 0xfc,
    0x7, 0x1, 0x0, 0xe1, 0x0, 0xff, 0xe1, 0x8,
    0x7, 0xff, 0x48, 0xc0, 0x40, 0x3f, 0xf8, 0x6,
    0x20, 0x1e, 0x10, 0x30, 0xf, 0xfe, 0x0, 0x8a,
    0x0, 0x31, 0x0, 0x1c, 0x3, 0xfe, 0x20, 0x3,
    0xa0, 0x4, 0xc0, 0x2, 0x0, 0xff, 0x98, 0xc,
    0x24, 0x2, 0x30, 0x6, 0x0, 0x7f, 0xd8, 0x12,
    0xa5, 0x0, 0xb, 0x2, 0x40, 0xf, 0xf9, 0x1,
    0xec, 0x5c, 0x84, 0xcd, 0x40, 0x80, 0x1f, 0xc2,
    0x62, 0x43, 0x1, 0xe, 0x16, 0x81, 0xa0, 0x1f,
    0xcc, 0xc, 0x0, 0x62, 0xeb, 0x5, 0x32, 0x61,
    0x0, 0xfd, 0x41, 0x60, 0x16, 0x9, 0x29, 0x5,
    0x84, 0x80, 0x7c, 0xc4, 0x66, 0x0, 0x86, 0x2,
    0x40, 0xc, 0x2e, 0x20, 0x1e, 0x80, 0x80, 0xd,
    0x24, 0xa6, 0x1, 0x48, 0x50, 0x7, 0x48, 0x9a,
    0x0, 0x4a, 0xc1, 0x60, 0x19, 0xc9, 0x18, 0x2,
    0x36, 0xf, 0x0, 0x8a, 0x82, 0x84, 0x3, 0xb8,
    0x24, 0xc0, 0x1c, 0xc, 0x60, 0x2, 0xc0, 0x65,
    0x0, 0xf1, 0xc0, 0x69, 0x7, 0xac, 0x80, 0x46,
    0x74, 0x80, 0x7e, 0x74, 0x0, 0x8a, 0x80, 0x30,
    0xee, 0x80, 0x3f, 0xd5, 0x84,

    /* U+4EE3 "代" */
    0x0, 0xf8, 0x80, 0x21, 0x64, 0x0, 0xff, 0xe1,
    0xae, 0xd0, 0x0, 0xa7, 0x80, 0x8, 0x1, 0xff,
    0xc0, 0xe0, 0xe0, 0x0, 0x80, 0x49, 0x78, 0x20,
    0x1f, 0xc2, 0x82, 0x80, 0x3, 0x1, 0x4, 0x63,
    0xc2, 0x0, 0xfd, 0x21, 0x20, 0x10, 0x83, 0x80,
    0x26, 0xb, 0x8, 0x3, 0xc2, 0xe2, 0xe0, 0x1c,
    0x20, 0x13, 0xc8, 0x80, 0x7d, 0x20, 0xa0, 0x1c,
    0x26, 0x1, 0x9b, 0x48, 0x3, 0x89, 0xc0, 0x3e,
    0x31, 0x34, 0x67, 0x98, 0xcd, 0x30, 0xa, 0x40,
    0x24, 0xab, 0xde, 0x20, 0xcb, 0x98, 0x65, 0x33,
    0x0, 0x4a, 0x84, 0x0, 0x25, 0x43, 0x30, 0x82,
    0xc5, 0x5e, 0xf7, 0xf1, 0x81, 0x50, 0x70, 0x1,
    0xbb, 0xfb, 0x64, 0x3d, 0xd5, 0x8, 0x40, 0x37,
    0x84, 0x90, 0x4, 0x20, 0x11, 0x1, 0x0, 0x7f,
    0x32, 0xb0, 0x7, 0xe7, 0xd, 0x0, 0xfe, 0xba,
    0x0, 0xfe, 0x20, 0x40, 0xf, 0xfe, 0x49, 0x88,
    0x80, 0x3f, 0xf9, 0x8, 0xe, 0x1, 0xff, 0xc8,
    0xb0, 0xd0, 0xc, 0xc8, 0x1, 0xff, 0xc2, 0x32,
    0x42, 0x0, 0xb6, 0xc0, 0x3f, 0xf8, 0x76, 0x10,
    0x0, 0x14, 0x40, 0x7, 0xff, 0xd, 0x89, 0x60,
    0xa0, 0x38, 0x3, 0xff, 0x89, 0xe0, 0xfa, 0xc2,
    0xa0, 0x1f, 0xfc, 0x42, 0xc3, 0x2, 0xd0, 0xf,
    0xe, 0xd0, 0x7, 0xf1, 0xe7, 0xe9, 0x80, 0x0,

    /* U+4EE4 "令" */
    0x0, 0xff, 0xea, 0xc7, 0xf0, 0x80, 0x7f, 0xf1,
    0x91, 0xc0, 0x74, 0x3, 0xff, 0x8a, 0x76, 0x16,
    0x87, 0x20, 0x1f, 0xfc, 0x33, 0xc0, 0x94, 0xa2,
    0x69, 0x0, 0xff, 0xe0, 0xa6, 0x4, 0x30, 0xf,
    0x8b, 0x48, 0x7, 0xfd, 0x16, 0x10, 0xec, 0x0,
    0x2c, 0x26, 0xc2, 0x0, 0xf8, 0xb1, 0xc6, 0xdd,
    0xa6, 0xc0, 0x5, 0x88, 0x7a, 0xa0, 0x18, 0x63,
    0x4c, 0xde, 0x80, 0xc8, 0x89, 0x0, 0xd, 0xc0,
    0x56, 0x18, 0x17, 0xb8, 0x46, 0x8, 0x5, 0x44,
    0xcc, 0x0, 0x9f, 0xc, 0xd9, 0x4, 0xa9, 0xae,
    0x1, 0xc3, 0xc0, 0x20, 0x18, 0xf2, 0x46, 0xc2,
    0xec, 0x40, 0x18, 0x46, 0x2b, 0x61, 0x18, 0x88,
    0xd, 0xc6, 0x1, 0x77, 0xfe, 0xee, 0xd7, 0xdd,
    0xb7, 0x4a, 0x1, 0xe7, 0x55, 0xff, 0xe0, 0x18,
    0x0, 0x40, 0x3d, 0x35, 0x5f, 0xf5, 0x88, 0x2a,
    0x0, 0x7f, 0x8, 0x7, 0xc3, 0x84, 0xb4, 0x1,
    0xfc, 0xfd, 0x68, 0x1, 0x8b, 0x9, 0x28, 0x3,
    0xfc, 0x24, 0x97, 0xac, 0x7, 0x84, 0xb6, 0x1,
    0xff, 0x36, 0xe2, 0x14, 0xf6, 0xb, 0x50, 0x7,
    0xff, 0x8, 0xef, 0x54, 0x40, 0x1e, 0x1, 0xff,
    0xc5, 0x2a, 0xd5, 0x9, 0xd4, 0x0, 0xff, 0xe2,
    0x95, 0x61, 0x97, 0x0, 0x7f, 0xf1, 0xcf, 0x26,
    0x0, 0x3c,

    /* U+4EE5 "以" */
    0x1, 0x0, 0xca, 0xe0, 0x1f, 0x34, 0x88, 0x6,
    0xee, 0x0, 0x53, 0x8, 0x1, 0xec, 0x62, 0x0,
    0xfe, 0xe0, 0x90, 0xf, 0xc2, 0x1, 0xfc, 0x4e,
    0x4e, 0x1, 0xff, 0xc6, 0x81, 0x81, 0x0, 0xc2,
    0x1, 0xff, 0xc1, 0x90, 0x80, 0xf, 0xfe, 0x33,
    0x8a, 0x0, 0x67, 0x3, 0x0, 0xff, 0xe0, 0x56,
    0x80, 0x61, 0x1, 0x0, 0xff, 0xe0, 0x20, 0x7,
    0x10, 0x80, 0x7f, 0xf1, 0x88, 0x8, 0x3, 0xff,
    0x8c, 0xe0, 0xa0, 0x1f, 0xfc, 0xa, 0x20, 0xd,
    0xe1, 0x80, 0x1f, 0xe1, 0xc5, 0x80, 0xc, 0xa0,
    0x80, 0x1f, 0xc7, 0xe6, 0x94, 0x1, 0x40, 0x20,
    0x80, 0x7e, 0x5c, 0x16, 0xb0, 0x8, 0x9c, 0x11,
    0x0, 0x1f, 0x3d, 0x4, 0xc8, 0x2, 0x1f, 0x4,
    0x1b, 0x40, 0xe, 0x18, 0x1b, 0x60, 0x8, 0x70,
    0x8e, 0xf4, 0x2d, 0x0, 0x4, 0x0, 0x2c, 0x40,
    0x9, 0x3c, 0x8f, 0x40, 0xec, 0x2c, 0x82, 0x0,
    0xf0, 0x80, 0x29, 0xb1, 0x4c, 0x10, 0x2, 0x40,
    0x78, 0x5a, 0xe0, 0x80, 0x13, 0x98, 0x26, 0xc0,
    0x39, 0xd0, 0xc8, 0x68, 0x3, 0x30, 0xa6, 0xb0,
    0x7, 0xd5, 0xa4, 0x1, 0xe2, 0xdb, 0x20, 0xf,
    0xc2, 0x60,

    /* U+4EF6 "件" */
    0x0, 0xf0, 0x80, 0x7d, 0x34, 0x1, 0xff, 0xc0,
    0x6e, 0x80, 0x2, 0x8, 0x1, 0x14, 0x3, 0xff,
    0x81, 0x41, 0x80, 0xb, 0xc0, 0xf, 0xfe, 0x18,
    0x98, 0x20, 0x20, 0x38, 0x7, 0xff, 0xd, 0x81,
    0x40, 0x18, 0x1a, 0x1, 0xff, 0xc3, 0x90, 0xe0,
    0x2, 0x1, 0x80, 0x7f, 0xf0, 0x94, 0x41, 0x0,
    0x4c, 0x2f, 0xfc, 0x41, 0xff, 0xca, 0x1, 0xa0,
    0x3, 0x38, 0x12, 0xac, 0x0, 0x55, 0xe6, 0x0,
    0x98, 0x80, 0x36, 0x84, 0x55, 0x44, 0x15, 0x5c,
    0x60, 0x1, 0x80, 0x10, 0x0, 0xa0, 0xa8, 0x7,
    0xff, 0x6, 0xc5, 0x88, 0x1, 0x20, 0xc0, 0x1f,
    0xfc, 0x14, 0x52, 0x90, 0xa, 0x62, 0x80, 0x3f,
    0xf8, 0x2a, 0x7c, 0x1, 0x85, 0xc8, 0x3, 0xff,
    0x82, 0x38, 0x60, 0x1a, 0xf3, 0x3c, 0x41, 0x99,
    0xe4, 0x0, 0xf9, 0x8c, 0xfc, 0x0, 0x33, 0xf0,
    0x80, 0x7d, 0xbf, 0xfe, 0x20, 0xff, 0xf2, 0x80,
    0x7f, 0xff, 0xc0, 0x3f, 0xfc, 0xe, 0x1, 0xff,
    0xc6,

    /* U+4EFB "任" */
    0x0, 0xff, 0xe8, 0x1f, 0x40, 0x7, 0xfc, 0x46,
    0x1, 0xf5, 0xf, 0x80, 0x62, 0x46, 0x8a, 0xcf,
    0xde, 0x0, 0xf9, 0xc1, 0x73, 0x7b, 0xf6, 0xe5,
    0xd4, 0xc5, 0x14, 0x3, 0xcc, 0x28, 0x45, 0x1,
    0x22, 0x1, 0x73, 0xfa, 0xe0, 0x3, 0xd6, 0x1e,
    0x1d, 0xfd, 0xb7, 0xc0, 0x46, 0x1, 0xfc, 0xa4,
    0x8, 0x1, 0xff, 0xc7, 0xb0, 0xf, 0xfe, 0x4c,
    0x8, 0x7, 0xff, 0x20, 0xdc, 0x8, 0x3, 0xff,
    0x8f, 0xc1, 0x2c, 0x0, 0xac, 0xce, 0x80, 0x6c,
    0xcf, 0x1a, 0x92, 0x30, 0x4, 0xe6, 0x7c, 0x40,
    0x26, 0x7e, 0x75, 0xaa, 0x0, 0x6d, 0xff, 0xea,
    0x6, 0xff, 0xf2, 0x2, 0x88, 0x7, 0xff, 0x0,
    0x40, 0x3f, 0xff, 0xe0, 0x1f, 0xfe, 0xa2, 0xcc,
    0xe8, 0x6, 0xcc, 0xe7, 0x0, 0xfc, 0x26, 0x7c,
    0x40, 0x26, 0x7d, 0xc0, 0x1f, 0x8f, 0xff, 0xff,
    0x83, 0x20,

    /* U+4EFD "份" */
    0x0, 0xff, 0xe2, 0x10, 0x7, 0xfc, 0x5f, 0x0,
    0x11, 0x42, 0x7, 0x60, 0x7, 0xfd, 0x41, 0xa0,
    0x15, 0x39, 0x83, 0x8a, 0x0, 0x7f, 0x94, 0x14,
    0x2, 0x60, 0x70, 0xa0, 0xe0, 0xf, 0xe4, 0x25,
    0x0, 0x9c, 0x5c, 0x0, 0x66, 0x52, 0x0, 0xfd,
    0xe1, 0xc0, 0x1, 0x81, 0x80, 0xa, 0x2, 0x0,
    0x3e, 0x24, 0x4, 0x0, 0x40, 0x58, 0x6, 0x44,
    0x2a, 0x80, 0x3d, 0x20, 0x20, 0x5, 0x65, 0x50,
    0x7, 0x48, 0x58, 0x80, 0x64, 0x40, 0x4, 0x56,
    0x56, 0x1, 0xe2, 0x91, 0xd1, 0x0, 0xa4, 0x2,
    0x2c, 0x1e, 0x10, 0xf, 0x99, 0x4f, 0x44, 0x20,
    0x94, 0xc1, 0x85, 0xb3, 0xff, 0xfb, 0xc, 0xca,
    0x6e, 0x36, 0x0, 0x4e, 0xa3, 0x30, 0x81, 0x9e,
    0x20, 0x3d, 0xc4, 0x23, 0xb1, 0x0, 0x84, 0xf3,
    0x4, 0x19, 0x99, 0x40, 0x44, 0x60, 0x38, 0xa0,
    0x1f, 0x88, 0x40, 0x30, 0x83, 0x80, 0x7f, 0xf0,
    0x84, 0x80, 0x3c, 0x20, 0x1f, 0xfc, 0x13, 0x4,
    0x0, 0xc6, 0x1, 0xff, 0xc3, 0xb0, 0xc0, 0xc,
    0x20, 0x60, 0x1f, 0xfc, 0x16, 0x24, 0x0, 0xce,
    0x2, 0x1, 0xff, 0xc0, 0x91, 0x90, 0xe, 0x20,
    0xf, 0xfe, 0xb, 0xb3, 0x10, 0x3, 0x28, 0x90,
    0x7, 0xfd, 0x10, 0x59, 0x0, 0x2e, 0x75, 0x5,
    0x0, 0x7f, 0x91, 0xda, 0x80, 0x26, 0x31, 0x27,
    0x70, 0x7, 0xec, 0xe4, 0xf9, 0x0, 0xc7, 0xfe,
    0xd8, 0x0, 0xe0,

    /* U+4F18 "优" */
    0x0, 0xf0, 0x80, 0x70, 0x88, 0x3, 0xff, 0x87,
    0xfc, 0x1, 0xaf, 0x88, 0x6, 0xc8, 0x3, 0xf9,
    0x5, 0x0, 0x3f, 0x2a, 0x78, 0x80, 0x7e, 0xd0,
    0xe0, 0xc, 0x20, 0x12, 0x49, 0x50, 0x7, 0xc2,
    0xc4, 0x80, 0x1e, 0x30, 0x3, 0x2a, 0x40, 0x7,
    0x98, 0x2c, 0x3, 0xfe, 0xa3, 0xb0, 0xf, 0x48,
    0x32, 0x6e, 0xe4, 0xc, 0xdd, 0xc3, 0xd8, 0x1,
    0x9c, 0x40, 0x2, 0x45, 0x80, 0x4, 0x5f, 0x80,
    0x21, 0x80, 0x9, 0x7f, 0xf0, 0x87, 0xff, 0xdc,
    0x1, 0x40, 0x7, 0xf0, 0x88, 0x3e, 0xc0, 0x3e,
    0x56, 0x32, 0x0, 0xf0, 0x81, 0x80, 0x1c, 0x3,
    0xc5, 0x41, 0xe2, 0x1, 0xe2, 0x6, 0x0, 0xff,
    0xc, 0x18, 0x7, 0xcc, 0x6, 0x1, 0xfc, 0x5e,
    0xe0, 0x1f, 0xb0, 0x34, 0x3, 0xfc, 0x20, 0x1f,
    0xce, 0xa, 0x1, 0xff, 0xc7, 0x41, 0x40, 0xf,
    0xfe, 0x44, 0x4, 0x0, 0x7c, 0x28, 0x1, 0xfe,
    0x43, 0x43, 0x0, 0xf9, 0x6d, 0xc0, 0x3f, 0xd,
    0x4, 0x80, 0x7e, 0x10, 0x10, 0xf, 0xd4, 0x34,
    0x40, 0x18, 0x40, 0x2d, 0x3, 0x0, 0xfa, 0x91,
    0xd4, 0x3, 0x9, 0x65, 0xd9, 0xc1, 0x0, 0x3c,
    0x6e, 0xd0, 0x1, 0xd4, 0x46, 0x88, 0x2a, 0x10,
    0xd, 0x9e, 0x7b, 0x20, 0x1e, 0x4d, 0xff, 0xb5,
    0x40,

    /* U+4F1A "会" */
    0x0, 0xff, 0x88, 0x40, 0x3f, 0xf9, 0x11, 0xbc,
    0x60, 0x1f, 0xfc, 0x66, 0x71, 0xd, 0x20, 0xf,
    0xfe, 0x22, 0xc8, 0xe4, 0x8f, 0x90, 0x7, 0xff,
    0x9, 0xa8, 0x34, 0x9a, 0xb, 0xc, 0x3, 0xff,
    0x81, 0x32, 0x1c, 0x30, 0x3, 0xc8, 0xe3, 0x0,
    0x7f, 0x16, 0xb1, 0x61, 0x80, 0x66, 0xc1, 0x9b,
    0x10, 0xe, 0x18, 0xd2, 0x6d, 0x20, 0xf, 0x1f,
    0xaa, 0x73, 0x80, 0x4f, 0xee, 0x30, 0x75, 0x5f,
    0xd6, 0x74, 0x31, 0xc8, 0x18, 0x31, 0xc6, 0xab,
    0xff, 0x22, 0xfb, 0xb, 0x85, 0x73, 0x82, 0x7f,
    0xff, 0xda, 0x3, 0x3c, 0x60, 0x22, 0x0, 0xff,
    0xe3, 0x8, 0x7, 0xff, 0x3b, 0xff, 0xff, 0x8e,
    0xe0, 0x13, 0x2a, 0xf2, 0x0, 0x15, 0x7f, 0xc6,
    0x1, 0x4d, 0x57, 0x0, 0x1a, 0xaa, 0xbe, 0xaa,
    0xe4, 0x0, 0xfd, 0x8, 0x89, 0x0, 0xb2, 0xd4,
    0x3, 0xff, 0x80, 0xce, 0x54, 0x1, 0xbc, 0x68,
    0xc0, 0x3f, 0xcd, 0x23, 0xe2, 0x1, 0x8b, 0x43,
    0x48, 0x3, 0xe1, 0x99, 0x2, 0x54, 0xca, 0xa9,
    0x79, 0xe0, 0x3e, 0x1, 0xf2, 0x30, 0x1, 0x5d,
    0x98, 0xa8, 0xa2, 0x23, 0x22, 0x50, 0x7, 0x92,
    0x6f, 0x37, 0xbf, 0xee, 0xe6, 0xeb, 0x34, 0x9c,
    0x3, 0xc2, 0xc8, 0x64, 0x20, 0x1f, 0xdf, 0x80,
    0x10,

    /* U+4F20 "传" */
    0x0, 0xf1, 0x0, 0x79, 0x4c, 0x3, 0xff, 0x85,
    0xbc, 0x1, 0x86, 0xa0, 0x3, 0xff, 0x82, 0xc0,
    0xe0, 0x19, 0x40, 0xc0, 0x3f, 0xf8, 0x34, 0x16,
    0x1, 0x88, 0x38, 0x3, 0xff, 0x80, 0x86, 0x85,
    0x5f, 0xf4, 0x84, 0xff, 0xf9, 0x0, 0x3a, 0x3,
    0xc3, 0x51, 0x20, 0x2, 0x27, 0xcc, 0x1, 0x8c,
    0xc0, 0x80, 0xf7, 0x6a, 0x4, 0xbb, 0xf8, 0x80,
    0x37, 0x80, 0x7c, 0x80, 0x60, 0x1f, 0xf3, 0x18,
    0x5, 0x13, 0x38, 0xe, 0x67, 0xf2, 0x0, 0xc0,
    0x18, 0x1, 0xd9, 0xa3, 0x4, 0x66, 0xfc, 0x61,
    0x43, 0x2e, 0x0, 0xff, 0xb0, 0x13, 0xff, 0xf9,
    0xd9, 0xd, 0x80, 0x3c, 0x81, 0xa0, 0x1f, 0xe6,
    0x4e, 0x0, 0xfa, 0xc1, 0x44, 0x7e, 0x0, 0xd6,
    0x40, 0x1f, 0x18, 0x67, 0x77, 0xc8, 0x1, 0xff,
    0xc0, 0x66, 0xf9, 0x40, 0xe, 0x1, 0xff, 0xc0,
    0x99, 0xf8, 0x81, 0x8c, 0x3, 0xfe, 0x4a, 0x50,
    0xc, 0x8e, 0x52, 0x1, 0xff, 0xc0, 0x35, 0xae,
    0x82, 0x25, 0x8f, 0x80, 0x7f, 0xf0, 0x5f, 0xa4,
    0xdf, 0x74, 0x14, 0x40, 0x1f, 0xfc, 0x21, 0x6d,
    0xb4, 0x0, 0x4a, 0x80, 0x7f, 0xf1, 0x52, 0xf5,
    0x4a, 0xb4, 0x40, 0x3f, 0xf8, 0xa5, 0x5a, 0x80,
    0x20, 0x1e, 0xbf, 0x0, 0xff, 0x8a, 0xf0, 0x2,

    /* U+4F30 "估" */
    0x0, 0xf2, 0x8, 0x7, 0xa, 0x90, 0x7, 0xff,
    0x1, 0x6e, 0xc0, 0x1c, 0x94, 0xa0, 0x1f, 0xfc,
    0xe, 0xe, 0x0, 0xff, 0xe3, 0x8a, 0xa, 0x0,
    0x7f, 0xf1, 0xe4, 0x18, 0x3, 0xff, 0x90, 0xe1,
    0x2f, 0xff, 0xd4, 0x11, 0xff, 0xe1, 0x0, 0x9c,
    0x8, 0x44, 0x67, 0xc4, 0x4, 0x67, 0xe1, 0x0,
    0xc, 0x0, 0x4d, 0x99, 0xd0, 0x15, 0x99, 0xe0,
    0xa, 0x0, 0x3f, 0xf9, 0x26, 0xc4, 0x1, 0xff,
    0xc8, 0xe0, 0xf1, 0x0, 0xff, 0xe3, 0x21, 0x49,
    0x0, 0x61, 0xaa, 0xd2, 0x15, 0x5c, 0x40, 0x4,
    0xb6, 0x0, 0xe3, 0x55, 0xc6, 0x4, 0xab, 0x84,
    0x2, 0x40, 0xf, 0xc9, 0xbb, 0xf2, 0x80, 0x7f,
    0xf0, 0xc8, 0xbe, 0x0, 0xff, 0xff, 0x80, 0x7f,
    0xf5, 0x17, 0x33, 0xe4, 0x0, 0xff, 0xe1, 0x9,
    0x9f, 0xc2, 0x1, 0xff, 0xc2, 0x4f, 0xff, 0x94,
    0x3, 0xf7, 0x68, 0x0, 0xb6, 0x80, 0x3e, 0xbd,
    0x30, 0x0,

    /* U+4F3C "似" */
    0x0, 0xe1, 0x62, 0x0, 0xff, 0xe4, 0x3c, 0xd0,
    0x6, 0x99, 0x0, 0x69, 0xb0, 0xf, 0xd4, 0x14,
    0xc, 0x80, 0x6c, 0x80, 0x12, 0xa0, 0x7, 0xc2,
    0x66, 0x20, 0x9f, 0xb, 0x9, 0x0, 0xff, 0xe0,
    0x48, 0x50, 0x7, 0xb, 0x93, 0x80, 0x4, 0x3,
    0xf3, 0x3, 0x0, 0x7a, 0x42, 0x40, 0x21, 0x0,
    0xf3, 0x8, 0x80, 0x3e, 0x17, 0x21, 0x3, 0x0,
    0xfa, 0x0, 0x3f, 0xd3, 0x82, 0x0, 0x30, 0xe,
    0x71, 0x0, 0xff, 0x8, 0x4, 0x22, 0x0, 0xc5,
    0x0, 0x40, 0x1f, 0xfc, 0x1, 0x7, 0x0, 0xdc,
    0x10, 0x20, 0x1f, 0xfc, 0x2, 0x2, 0x0, 0x8c,
    0xc4, 0xe0, 0x1f, 0xe3, 0x0, 0x28, 0x70, 0x4,
    0x73, 0xc0, 0x1f, 0xe8, 0xc2, 0xf, 0x3, 0x0,
    0xcc, 0x60, 0x1f, 0xd2, 0xe4, 0x0, 0x70, 0x40,
    0xf, 0xfe, 0x15, 0x31, 0xe1, 0x28, 0xa8, 0x7,
    0xff, 0x9, 0x15, 0x58, 0x21, 0x0, 0xa6, 0x1,
    0xff, 0x20, 0x1, 0xa8, 0x1, 0x24, 0x61, 0xa2,
    0x1, 0xfe, 0x10, 0x89, 0x0, 0x3b, 0xe, 0xc8,
    0xe8, 0x7, 0xf9, 0x71, 0xc0, 0x11, 0x0, 0xd1,
    0x65, 0x38, 0x0, 0xff, 0x18, 0xd, 0xb8, 0xe1,
    0x80, 0x28, 0x5c, 0xc0, 0x3f, 0xc7, 0xe8, 0x58,
    0x60, 0x1a, 0x81, 0x40, 0x3f, 0xc6, 0x65, 0xd2,
    0x0, 0xe4, 0xb6, 0x0, 0xd9, 0xc0, 0x1d, 0x94,
    0x1, 0xf9, 0x0,

    /* U+4F4D "位" */
    0x0, 0xff, 0xe8, 0x27, 0xd0, 0x7, 0x65, 0x80,
    0x7f, 0xf0, 0x74, 0x30, 0x3, 0x9d, 0x8, 0x3,
    0xff, 0x80, 0xe0, 0xe0, 0x1d, 0xc1, 0x40, 0x1f,
    0xf3, 0xa, 0x89, 0x17, 0x38, 0x29, 0x17, 0x8,
    0x7, 0x58, 0x72, 0x6e, 0xf8, 0xb, 0x77, 0xc0,
    0x19, 0x8, 0x11, 0x9b, 0xff, 0x85, 0x60, 0x1a,
    0x40, 0x40, 0xa6, 0x7f, 0xd7, 0x32, 0x70, 0x9,
    0x88, 0x3, 0xa7, 0xc4, 0x3, 0x8b, 0x70, 0x3,
    0xc, 0x0, 0x7b, 0xc1, 0x80, 0x39, 0x1, 0x0,
    0x35, 0x8b, 0x10, 0x6, 0x70, 0xb0, 0xe, 0xc0,
    0xc0, 0x9, 0x54, 0x52, 0x1, 0xc2, 0x66, 0x10,
    0xc, 0x80, 0x80, 0x12, 0x17, 0x0, 0x7d, 0x60,
    0xe0, 0x11, 0x8a, 0x0, 0x61, 0xd3, 0x0, 0xf9,
    0x43, 0x0, 0x24, 0xd, 0x0, 0xff, 0xe1, 0x10,
    0xa0, 0x5, 0x60, 0x80, 0x1f, 0xfc, 0x34, 0x12,
    0x1, 0x33, 0x10, 0x7, 0xff, 0xf, 0x41, 0xc1,
    0xc2, 0xc0, 0x3f, 0xf8, 0x88, 0xae, 0x1a, 0xa,
    0x1, 0xff, 0xc4, 0x3a, 0x21, 0x43, 0x20, 0xf,
    0xfe, 0x4, 0xd5, 0x7c, 0x3, 0x55, 0xc4, 0x1,
    0xf3, 0xaa, 0xf9, 0x0, 0x95, 0x78, 0x40, 0x3e,
    0xef, 0xff, 0xfe, 0x11, 0x80,

    /* U+4F4F "住" */
    0x0, 0xff, 0xe1, 0x8, 0x7, 0xff, 0x4, 0xa9,
    0x0, 0x31, 0xfd, 0x80, 0x7f, 0xf0, 0x69, 0x44,
    0x3, 0x18, 0xa8, 0x7, 0xff, 0x5, 0x81, 0x40,
    0x39, 0xc1, 0x0, 0x3f, 0xe5, 0x15, 0x0, 0xf7,
    0x86, 0x80, 0x7f, 0xd2, 0x12, 0xdf, 0xfd, 0x20,
    0xdf, 0xfd, 0x20, 0x19, 0xc, 0x8c, 0x91, 0x38,
    0x80, 0x91, 0x3b, 0xc0, 0x34, 0x0, 0x82, 0x5d,
    0xf5, 0x5, 0xdf, 0x98, 0x2, 0x53, 0x0, 0xff,
    0xe4, 0xd8, 0x7, 0xff, 0x26, 0x45, 0x0, 0x3f,
    0xf8, 0xe6, 0xc3, 0x40, 0x1f, 0xfc, 0x73, 0x4b,
    0x10, 0xd, 0xbf, 0xfa, 0x2, 0x7f, 0xf6, 0x80,
    0x56, 0xa0, 0x1c, 0x89, 0xc4, 0x4, 0x89, 0xc0,
    0x1f, 0xe9, 0xbb, 0xd4, 0x17, 0x7d, 0x20, 0x1f,
    0xff, 0xf0, 0xf, 0xfe, 0x74, 0xd5, 0x78, 0x2a,
    0xbe, 0x40, 0xf, 0x9d, 0x57, 0x88, 0xd, 0x57,
    0xc4, 0x1, 0xf7, 0x7f, 0xff, 0xf0, 0x98,

    /* U+4F53 "体" */
    0x0, 0xf2, 0x88, 0x7, 0x24, 0x18, 0x7, 0xff,
    0x5, 0x6a, 0x80, 0x1c, 0x6e, 0xa0, 0x1f, 0xfc,
    0x1f, 0xd, 0x0, 0xff, 0xe4, 0xa8, 0x38, 0x7,
    0xff, 0x21, 0x81, 0x44, 0x3, 0xff, 0x91, 0x41,
    0x27, 0xff, 0xd0, 0x13, 0xff, 0xdc, 0x1, 0xc8,
    0x67, 0xa, 0xae, 0x20, 0x8, 0x95, 0x73, 0x80,
    0x74, 0x3, 0x1, 0x55, 0x60, 0xe, 0xaa, 0xd2,
    0x1, 0x94, 0xc0, 0x3e, 0x42, 0x40, 0x62, 0x50,
    0xf, 0xd0, 0x1, 0xfa, 0xb, 0x3, 0xce, 0x0,
    0x3e, 0x82, 0x40, 0xf, 0x29, 0xd0, 0x5, 0x24,
    0xc0, 0x1c, 0x6e, 0x32, 0x1, 0xc3, 0x64, 0xe0,
    0x12, 0x94, 0x8, 0x6, 0x23, 0xa3, 0x0, 0xeb,
    0x18, 0x0, 0xe9, 0x1b, 0x0, 0xc3, 0x88, 0x1,
    0xce, 0xa8, 0xa0, 0x1c, 0x8a, 0xa7, 0x0, 0xff,
    0x24, 0xd, 0x0, 0x7d, 0x63, 0xa, 0x1, 0xf9,
    0x2c, 0x28, 0x40, 0x3e, 0x1d, 0xa, 0x50, 0xf,
    0x35, 0x84, 0x84, 0xcd, 0x61, 0x53, 0x33, 0x50,
    0x52, 0x0, 0x73, 0x4b, 0xb1, 0xb3, 0x46, 0x6,
    0xcd, 0x6a, 0xd1, 0xa0, 0x7, 0x9a, 0x1, 0xff,
    0xe8, 0x9, 0xff, 0xa0, 0x17, 0x0, 0x3f, 0xfd,
    0x24, 0x40, 0xf, 0xfe, 0x30,

    /* U+4F55 "何" */
    0x0, 0xe1, 0x20, 0xf, 0xfe, 0x4c, 0xea, 0x80,
    0x7f, 0xf2, 0x14, 0x12, 0xab, 0xff, 0x84, 0xc0,
    0x18, 0x88, 0x80, 0xab, 0xff, 0xc2, 0xc0, 0xd,
    0x41, 0xc3, 0xff, 0xfe, 0x90, 0x8f, 0xa0, 0xc,
    0xc2, 0xa0, 0x1f, 0xf1, 0x80, 0x7c, 0xc2, 0x80,
    0x1f, 0xfc, 0x8b, 0x0, 0xc9, 0x33, 0xe8, 0x0,
    0xfe, 0x62, 0x0, 0xc6, 0xcd, 0xe5, 0x0, 0xfc,
    0x30, 0x1, 0xf6, 0x7f, 0xc6, 0x1, 0xfd, 0x62,
    0xe0, 0x1f, 0xfc, 0x76, 0x53, 0x90, 0xf, 0xfe,
    0x3b, 0x2f, 0x0, 0x7f, 0xf2, 0x68, 0x80, 0x3f,
    0xfd, 0x39, 0xff, 0x18, 0x7, 0xff, 0x10, 0x91,
    0x3e, 0x0, 0xff, 0xe1, 0xad, 0xdf, 0xa4, 0x3,
    0xff, 0x9a, 0x60, 0x20, 0x1f, 0xfc, 0x61, 0x3a,
    0x3, 0x0, 0xff, 0xe2, 0x3f, 0xf6, 0x18, 0xa0,
    0x7, 0xff, 0x11, 0x48, 0xd5, 0xf0, 0x40, 0x0,

    /* U+4F59 "余" */
    0x0, 0xff, 0x84, 0x3, 0xff, 0x93, 0xbd, 0xc1,
    0x0, 0xff, 0xe3, 0x59, 0x10, 0x74, 0x3, 0xff,
    0x8b, 0x28, 0x8d, 0x53, 0xb0, 0xf, 0xfe, 0x1d,
    0xb1, 0xd8, 0x52, 0x23, 0x4, 0x3, 0xfe, 0x2d,
    0x44, 0x60, 0x5, 0x6a, 0x78, 0x80, 0x1f, 0xcf,
    0xa4, 0xd6, 0x1, 0xd5, 0x5, 0x72, 0x1, 0xe4,
    0xd8, 0x19, 0x90, 0x7, 0xcf, 0x64, 0xdc, 0xc0,
    0x16, 0x59, 0x2f, 0xc7, 0xff, 0xf5, 0xfb, 0x8c,
    0xe9, 0x3, 0x9e, 0x50, 0xba, 0xac, 0x80, 0x2a,
    0xb8, 0xe3, 0x54, 0x8, 0x2b, 0xc, 0x1, 0x35,
    0x57, 0x82, 0x55, 0x61, 0x2, 0xad, 0x0, 0x8,
    0x7, 0xff, 0x2e, 0x6a, 0xbe, 0xf0, 0x4a, 0xaf,
    0xc4, 0x1, 0x3a, 0xaf, 0xc8, 0x2, 0xab, 0xf8,
    0x40, 0x2e, 0xff, 0xfa, 0xc1, 0x7f, 0xff, 0x18,
    0x7, 0x87, 0x8, 0x3, 0xe5, 0xa1, 0x0, 0xff,
    0x69, 0xa8, 0x7, 0xde, 0xbe, 0x60, 0x1f, 0xb0,
    0xd9, 0xc0, 0x3e, 0xa9, 0x1c, 0x50, 0xe, 0x1c,
    0x35, 0x90, 0xf, 0xe6, 0xb1, 0xa8, 0x0, 0x8b,
    0xd, 0xa8, 0x3, 0x18, 0x7, 0x93, 0x5, 0xdc,
    0x0, 0x72, 0x79, 0x0, 0x36, 0xf4, 0x6, 0x0,
    0x71, 0x61, 0x28, 0x1, 0x76, 0x0, 0x24, 0x21,
    0x37, 0x60, 0xf, 0x16, 0x90, 0x4, 0x40, 0x18,
    0xbf, 0xd9, 0x0, 0x1f, 0xf0,

    /* U+4F5C "作" */
    0x0, 0xff, 0xe0, 0x8, 0x7, 0xff, 0x12, 0xd8,
    0x2, 0x2e, 0x90, 0xf, 0xfe, 0x12, 0x23, 0x40,
    0x2a, 0xe, 0x0, 0xff, 0xe1, 0x70, 0x78, 0x4,
    0xc0, 0xc0, 0x1f, 0xfc, 0x11, 0x52, 0x40, 0x3,
    0x88, 0x6e, 0x67, 0xe3, 0x0, 0xd0, 0x16, 0x1,
    0x48, 0x0, 0xcf, 0xf9, 0xc0, 0x21, 0x60, 0x60,
    0x4, 0x8b, 0xf0, 0x1f, 0xff, 0xc8, 0x1, 0x58,
    0x6, 0x36, 0x28, 0x0, 0xff, 0xe0, 0xa2, 0x80,
    0x6e, 0x9, 0x0, 0xff, 0xe1, 0x48, 0x6, 0xa2,
    0x64, 0x0, 0xff, 0xe0, 0xd1, 0x29, 0x0, 0xa1,
    0x48, 0x6, 0x3f, 0xff, 0x0, 0x15, 0x45, 0x40,
    0x1, 0xcf, 0x0, 0xe1, 0x44, 0xe5, 0x0, 0x2a,
    0xbc, 0x3, 0x11, 0x0, 0x38, 0xae, 0xfa, 0x80,
    0x2a, 0x20, 0xf, 0xff, 0x69, 0x5d, 0xf9, 0x0,
    0x3f, 0xf8, 0x62, 0x89, 0xe1, 0x0, 0xff, 0xe1,
    0x9f, 0xff, 0x94, 0x3, 0xff, 0xfc, 0x22, 0x0,
    0xff, 0xe2, 0x80,

    /* U+4F73 "佳" */
    0x0, 0xff, 0xe1, 0x8, 0x7, 0xff, 0x4, 0xfa,
    0x40, 0x38, 0xba, 0xc0, 0x3f, 0xf8, 0x16, 0x3c,
    0x1, 0xff, 0xc8, 0x50, 0x50, 0xf, 0xfe, 0x3a,
    0x11, 0x93, 0xff, 0xed, 0x4, 0xff, 0xe0, 0xf,
    0x40, 0x48, 0x12, 0x26, 0x30, 0x14, 0x4e, 0x0,
    0xe3, 0x30, 0x28, 0x2d, 0xde, 0xe0, 0x5b, 0xbe,
    0x0, 0xef, 0x0, 0xff, 0xe4, 0xa9, 0x80, 0x7f,
    0xf2, 0x6, 0xc0, 0x35, 0xe6, 0x77, 0x2, 0xe6,
    0x79, 0x2, 0xc5, 0x10, 0x0, 0x53, 0x3f, 0x0,
    0x99, 0xf8, 0x51, 0x46, 0x80, 0x2e, 0xff, 0xee,
    0x69, 0xff, 0xf2, 0xa2, 0xd8, 0x80, 0x7f, 0x1b,
    0x68, 0x7, 0xea, 0x50, 0xf, 0xfe, 0x83, 0xff,
    0xed, 0x4, 0xff, 0xe0, 0xf, 0xf1, 0x22, 0x70,
    0xa, 0x27, 0x0, 0x7f, 0x96, 0xef, 0x48, 0x2d,
    0xdf, 0x0, 0x7f, 0xfa, 0xea, 0xbd, 0x0, 0xb5,
    0x5e, 0x40, 0xf, 0xa, 0xaf, 0xc0, 0x2a, 0xbe,
    0x20, 0xf, 0xf, 0x77, 0xff, 0xd, 0x80,

    /* U+4F8B "例" */
    0x0, 0xe1, 0x0, 0xff, 0xe4, 0xe7, 0x80, 0x7f,
    0xf0, 0x23, 0xc4, 0x3, 0x11, 0x12, 0xbb, 0xbe,
    0x10, 0x8, 0x40, 0x3c, 0xa1, 0xa4, 0x40, 0x12,
    0x2e, 0x72, 0x0, 0xfd, 0x60, 0xf1, 0x88, 0x39,
    0x99, 0xe1, 0xc0, 0x3e, 0x23, 0x41, 0x0, 0x22,
    0x80, 0x7f, 0xf0, 0xac, 0xc, 0x0, 0x22, 0x30,
    0xf, 0xfe, 0x8, 0xb0, 0x6, 0x70, 0x5c, 0xc8,
    0xc0, 0x3f, 0x98, 0x3, 0xb0, 0x8, 0xce, 0x70,
    0xf, 0xc3, 0x20, 0x1c, 0xaa, 0xff, 0x40, 0x38,
    0x7, 0xe8, 0x18, 0x0, 0x94, 0x38, 0x1, 0xa0,
    0x60, 0x1f, 0x13, 0x1b, 0x0, 0x5c, 0x1, 0x90,
    0xc0, 0x3f, 0x14, 0x78, 0x4, 0x48, 0x16, 0x84,
    0x2a, 0x1, 0xfc, 0xe6, 0x1, 0x40, 0x58, 0xd5,
    0x3, 0x40, 0x3f, 0xf8, 0x4f, 0x9, 0xb2, 0xc2,
    0x80, 0x1f, 0xfc, 0x2d, 0x70, 0x31, 0x13, 0x0,
    0x7f, 0xf1, 0xe0, 0x24, 0x3, 0xff, 0x8d, 0x43,
    0x2, 0x0, 0x4f, 0x50, 0xf, 0xfe, 0x3, 0x29,
    0xb8, 0x7, 0xff, 0x15, 0x64, 0x74, 0x3, 0xe1,
    0x40, 0x10, 0xf, 0x2d, 0xe, 0x8, 0x6, 0x1d,
    0xee, 0x12, 0x80, 0x7e, 0x1c, 0x20, 0xe, 0x17,
    0x56, 0x9a, 0x0, 0xc3, 0xf0, 0xbc, 0x40, 0x1f,
    0x55, 0xcb, 0x0, 0x0,

    /* U+4F9B "供" */
    0x0, 0xe1, 0x51, 0x0, 0x9, 0x0, 0x71, 0x8,
    0x7, 0xf3, 0xd4, 0x80, 0x1f, 0x58, 0x3, 0x6e,
    0x80, 0x3f, 0xa8, 0x28, 0x3, 0xff, 0x8e, 0x46,
    0x62, 0x0, 0xff, 0xe3, 0xd8, 0x48, 0x7, 0xff,
    0x1c, 0x58, 0x54, 0x2e, 0xe0, 0xbb, 0xe0, 0x2b,
    0xb4, 0x0, 0x69, 0x5, 0x1, 0x44, 0x10, 0x12,
    0x26, 0x1, 0x44, 0x18, 0x4, 0x4e, 0x1, 0xf,
    0xfa, 0x42, 0x7f, 0xf0, 0x1f, 0xfa, 0xc0, 0x29,
    0x0, 0xff, 0xe4, 0xaa, 0x18, 0x7, 0xff, 0x1c,
    0x68, 0x38, 0x3, 0xff, 0x8e, 0xe1, 0x24, 0x1,
    0xff, 0xc7, 0x6b, 0x60, 0xf, 0xfe, 0x4a, 0x0,
    0x63, 0xff, 0xa4, 0x27, 0xff, 0x1, 0xff, 0xd2,
    0x1, 0xe1, 0x33, 0xff, 0xe1, 0xf8, 0x7, 0x8b,
    0x33, 0xb7, 0x33, 0x6e, 0x66, 0x60, 0xf, 0xf9,
    0xfc, 0xc0, 0x17, 0x82, 0x1, 0xff, 0xc2, 0x68,
    0x33, 0x0, 0x34, 0xb0, 0x40, 0x3f, 0xf8, 0xd,
    0x25, 0x80, 0x13, 0x49, 0x60, 0x80, 0x7f, 0x9e,
    0x4b, 0x4, 0x3, 0x34, 0x96, 0x8, 0x7, 0xeb,
    0x83, 0xc1, 0x0, 0xf3, 0x49, 0x68, 0x7, 0xee,
    0x4c, 0x10, 0xf, 0xcc, 0xca, 0x0, 0xef, 0xb0,
    0x5b, 0x0, 0xff, 0xa5, 0x80,

    /* U+4F9D "依" */
    0x0, 0xf0, 0x80, 0x78, 0xc4, 0x3, 0xff, 0x82,
    0xdc, 0xc0, 0x19, 0x32, 0x40, 0x3f, 0xf8, 0x34,
    0xe, 0x1, 0x90, 0x58, 0x3, 0xff, 0x80, 0x26,
    0x61, 0x0, 0xe6, 0x14, 0x0, 0xff, 0xa4, 0x29,
    0xbf, 0xf9, 0xc2, 0xff, 0xfb, 0x80, 0x39, 0x81,
    0x88, 0xcf, 0x80, 0x6, 0x7e, 0x50, 0xc, 0xc2,
    0xa0, 0x99, 0x9a, 0x40, 0x73, 0x3d, 0x60, 0x1a,
    0x0, 0x3f, 0x40, 0x8, 0x80, 0x3f, 0x9c, 0x40,
    0x3e, 0x62, 0x20, 0x20, 0x4, 0x6a, 0x1, 0xc,
    0x0, 0x7c, 0x52, 0x3e, 0x1e, 0x0, 0x3d, 0xa1,
    0x0, 0x50, 0x38, 0x7, 0xb8, 0x2c, 0x8d, 0x41,
    0x30, 0x6c, 0x41, 0x50, 0xe4, 0x3, 0xa8, 0xc9,
    0x42, 0xc2, 0xac, 0x71, 0x0, 0xa, 0xdc, 0x1,
    0xd2, 0xa0, 0x19, 0x81, 0x4f, 0xcc, 0x3, 0x49,
    0x0, 0x6a, 0x62, 0x10, 0x8, 0x54, 0x24, 0x40,
    0x3f, 0xd8, 0xa5, 0x80, 0x1d, 0x1, 0x60, 0x1f,
    0xf2, 0xa6, 0x88, 0x7, 0x13, 0xd, 0x0, 0x7f,
    0xa6, 0xc0, 0x3f, 0x49, 0x2c, 0x0, 0x7f, 0xf1,
    0x49, 0x43, 0xc5, 0xe4, 0x3, 0xff, 0x84, 0x33,
    0xb2, 0x5, 0xa0, 0xd6, 0x20, 0x1f, 0xe1, 0x2e,
    0x63, 0x80, 0x1, 0xe8, 0xa3, 0x0, 0x7f, 0x40,
    0x1, 0x33, 0x8, 0x1, 0x17, 0xc3, 0x80, 0x7f,
    0x5a, 0x65, 0x98, 0x7, 0x85, 0xc0, 0x30, 0xfd,
    0x0, 0x47, 0x66, 0x1, 0xff, 0x0,

    /* U+4FA7 "侧" */
    0x0, 0xe4, 0x10, 0xf, 0xfe, 0x3a, 0xda, 0x0,
    0x7f, 0xf0, 0x23, 0x84, 0x3, 0x78, 0x2f, 0x7f,
    0xf9, 0xc0, 0x30, 0x88, 0x3, 0x95, 0x0, 0x44,
    0x67, 0x83, 0xc3, 0x64, 0x3, 0xe6, 0xe, 0x0,
    0x3e, 0x66, 0x0, 0x8c, 0x80, 0x3e, 0xa0, 0x40,
    0xd, 0xd0, 0x1, 0xff, 0xc0, 0x33, 0x0, 0x78,
    0x44, 0x1, 0xff, 0xc0, 0x80, 0xf, 0xfe, 0x41,
    0x20, 0x7, 0xff, 0x23, 0x81, 0x40, 0x3f, 0xf8,
    0xca, 0x6e, 0x40, 0x1f, 0xfc, 0x65, 0x69, 0x0,
    0xff, 0xe4, 0x48, 0x80, 0x7f, 0xf4, 0x84, 0x3,
    0xff, 0x8e, 0x41, 0xe0, 0x1f, 0xfc, 0x76, 0x2,
    0x0, 0xff, 0xe2, 0xec, 0x70, 0x0, 0xba, 0x0,
    0x3f, 0xf8, 0x44, 0x45, 0x4e, 0xc2, 0x0, 0x75,
    0x80, 0x7f, 0xc3, 0xc1, 0x34, 0x78, 0x60, 0x1f,
    0xfc, 0x12, 0xc2, 0xa2, 0x1c, 0x2d, 0x20, 0x0,
    0xa0, 0x8, 0x7, 0x26, 0x95, 0xa8, 0x0, 0x7c,
    0x0, 0xdf, 0xc4, 0x80, 0x1e, 0x45, 0xd4, 0x0,
    0xc5, 0xc4, 0x8c, 0xf5, 0x60,

    /* U+4FDD "保" */
    0x0, 0xe2, 0xd6, 0x0, 0xff, 0xe4, 0x29, 0x10,
    0x3b, 0xff, 0xfc, 0x60, 0x1f, 0x50, 0xa0, 0x4,
    0xab, 0xf1, 0x0, 0x7e, 0x32, 0x70, 0x8, 0x6a,
    0xbe, 0x40, 0xf, 0xd2, 0x16, 0x1, 0xff, 0xc7,
    0x15, 0x12, 0x0, 0xff, 0xe3, 0xd8, 0x7, 0x86,
    0x67, 0xe4, 0x0, 0xf1, 0xa8, 0x7, 0xcc, 0xdf,
    0x10, 0x7, 0xbc, 0x4, 0x3, 0x7e, 0xed, 0x93,
    0x9b, 0xb8, 0xc0, 0x28, 0x36, 0x20, 0xc, 0x24,
    0x53, 0xca, 0x11, 0x60, 0x8, 0xdc, 0x60, 0x3,
    0xff, 0x8e, 0x6b, 0x42, 0x1, 0x5f, 0xff, 0x58,
    0x47, 0xff, 0x80, 0x14, 0x80, 0x18, 0xd5, 0x78,
    0x2, 0x55, 0xf0, 0x7, 0xe8, 0xaa, 0xda, 0x1,
    0x15, 0x57, 0x0, 0x7f, 0xf0, 0x1a, 0x4, 0x9,
    0xe0, 0x3, 0xff, 0x86, 0xf2, 0x76, 0x14, 0xcf,
    0x40, 0x1f, 0xfc, 0x1, 0xb8, 0x3d, 0x10, 0x4,
    0xba, 0xe9, 0x80, 0x7f, 0x37, 0xa2, 0xe0, 0x80,
    0x68, 0x92, 0xca, 0x20, 0xf, 0x44, 0x84, 0xd0,
    0x7, 0xcd, 0xa6, 0xb0, 0x1, 0xe8, 0x87, 0xb0,
    0x7, 0xf1, 0x65, 0x50, 0x3, 0xe7, 0x10, 0xe,
    0x11, 0x0, 0x72, 0x80,

    /* U+4FE1 "信" */
    0x0, 0xf0, 0x80, 0x78, 0x4c, 0x3, 0xff, 0x82,
    0x9c, 0xc0, 0x1d, 0x98, 0x10, 0xf, 0xfe, 0x6,
    0x82, 0x0, 0x72, 0x83, 0x80, 0x7f, 0xf0, 0x1c,
    0x96, 0x67, 0x8c, 0x2e, 0x67, 0xc4, 0x1, 0x98,
    0x6a, 0xd9, 0xb9, 0x0, 0x99, 0xbe, 0x0, 0xd4,
    0xd, 0x9f, 0xff, 0xfc, 0x24, 0x0, 0x90, 0xcc,
    0x20, 0x1f, 0xfc, 0x78, 0x7, 0x0, 0x24, 0xcf,
    0xfc, 0xa0, 0x19, 0x4c, 0x3, 0x1b, 0x37, 0xfd,
    0xa0, 0x1a, 0x0, 0x39, 0xff, 0xff, 0xe8, 0x0,
    0xa0, 0x94, 0x3, 0xff, 0x8e, 0x4e, 0x36, 0x1,
    0xa3, 0xff, 0xfe, 0x90, 0x1, 0x34, 0x8, 0x6,
    0xc7, 0x7f, 0xfb, 0x40, 0x29, 0x60, 0xe, 0x48,
    0x8f, 0xf9, 0x0, 0x3f, 0xc9, 0x33, 0xff, 0x20,
    0x7, 0xf8, 0xd9, 0xbf, 0xec, 0x0, 0xff, 0xe0,
    0x5f, 0xff, 0xd4, 0x1, 0xff, 0xf0, 0xf9, 0x9f,
    0xb8, 0x3, 0xff, 0x84, 0x8c, 0xdf, 0x20, 0x7,
    0xff, 0xa, 0xff, 0xfe, 0xa0, 0xc,

    /* U+503C "值" */
    0x0, 0xe1, 0x0, 0xf8, 0x50, 0x80, 0x3f, 0xf8,
    0x1b, 0xe2, 0x1, 0xc5, 0x76, 0x0, 0xff, 0x84,
    0xcc, 0x20, 0x1c, 0xe0, 0x1f, 0xfc, 0x17, 0xb,
    0x2f, 0xfe, 0xb0, 0x6f, 0xfe, 0xe0, 0xe, 0xd0,
    0x52, 0x88, 0xe6, 0x3, 0x88, 0xe9, 0x0, 0xc4,
    0x86, 0x40, 0xef, 0xd4, 0xa, 0xef, 0xe0, 0xd,
    0x40, 0xc0, 0x1, 0x77, 0xd4, 0xa, 0xef, 0x8c,
    0x3, 0x98, 0x3, 0x1c, 0x46, 0x60, 0x38, 0x8c,
    0x80, 0x19, 0xc4, 0x3, 0xcb, 0xff, 0xf5, 0x0,
    0x70, 0xc8, 0x7, 0xe1, 0x1f, 0x8c, 0x3, 0xac,
    0x60, 0x3, 0xcb, 0xdd, 0xf4, 0x80, 0x72, 0x1b,
    0x0, 0x79, 0x2e, 0xfe, 0x70, 0xe, 0xdf, 0x0,
    0xf8, 0x51, 0x3e, 0xd0, 0xe, 0x33, 0x0, 0x7c,
    0xbf, 0xff, 0x50, 0x7, 0xff, 0x8, 0xe2, 0x3e,
    0x60, 0xf, 0xfe, 0x13, 0x3b, 0xfd, 0x80, 0x1f,
    0xfc, 0x26, 0x77, 0xfb, 0x0, 0x3f, 0xf8, 0x47,
    0x11, 0xf3, 0x0, 0x7f, 0xf0, 0x97, 0xff, 0xea,
    0x0, 0xff, 0xea, 0x94, 0xd8, 0x3c, 0xcf, 0xdc,
    0x17, 0x2e, 0x1, 0xe6, 0x68, 0x9, 0x9b, 0xe4,
    0x3, 0x6a,

    /* U+5047 "假" */
    0x0, 0xff, 0xe8, 0x5f, 0x88, 0x7, 0xff, 0x21,
    0x8, 0x3f, 0xfb, 0x83, 0xff, 0xc2, 0x1, 0xca,
    0xa, 0x0, 0x26, 0x60, 0x80, 0x15, 0x71, 0x0,
    0x7d, 0xe1, 0x40, 0x5, 0x99, 0x28, 0x2, 0xab,
    0x28, 0x7, 0x85, 0x4c, 0x80, 0x3f, 0xf8, 0xec,
    0x8, 0x1, 0xff, 0xc1, 0x10, 0xf, 0x48, 0x7,
    0x3f, 0xf9, 0x0, 0x1f, 0xf9, 0x80, 0x39, 0xc4,
    0x3, 0x89, 0x56, 0x70, 0x66, 0xf0, 0x80, 0x6,
    0x40, 0x3c, 0xb5, 0x54, 0x84, 0xcf, 0x80, 0x28,
    0x19, 0x0, 0xff, 0x9, 0x17, 0x80, 0x27, 0x47,
    0x0, 0xe5, 0xbb, 0xa2, 0xb7, 0x7c, 0xa0, 0xd,
    0x90, 0xf, 0x12, 0x26, 0x30, 0x78, 0x82, 0x80,
    0x80, 0xc, 0x80, 0x3c, 0xff, 0xf6, 0x48, 0x7b,
    0xb8, 0xc5, 0x0, 0x3f, 0xf8, 0x62, 0x76, 0x0,
    0x67, 0x0, 0xff, 0xe2, 0xd1, 0xa4, 0x5, 0x80,
    0x7f, 0xcf, 0xff, 0x85, 0x86, 0x5d, 0x88, 0x3,
    0xfe, 0x36, 0x6c, 0x21, 0x24, 0x12, 0x1, 0xff,
    0xc0, 0x49, 0x9c, 0xd, 0x0, 0xa, 0x0, 0xff,
    0xe2, 0x1e, 0x4a, 0x74, 0x2f, 0x28, 0x7, 0xff,
    0x6, 0x70, 0xa6, 0xc5, 0xf0, 0xea, 0x80, 0x1f,
    0x8b, 0xc0, 0x1a, 0xde, 0xc0, 0x11, 0xeb, 0xc8,

    /* U+504F "偏" */
    0x0, 0xff, 0xe0, 0xb, 0x20, 0x7, 0xfc, 0x3f,
    0x20, 0x1e, 0x98, 0x0, 0xff, 0x90, 0x38, 0x3,
    0x84, 0xcc, 0x40, 0x1f, 0xef, 0x5, 0x1f, 0xfe,
    0x30, 0xdf, 0xfd, 0x60, 0x1c, 0x84, 0x40, 0x1,
    0xbb, 0xff, 0x3, 0x80, 0x65, 0x1a, 0x0, 0x92,
    0x23, 0xf8, 0x3, 0xdc, 0xa, 0x1, 0xff, 0xc6,
    0x24, 0x3, 0x0, 0x9f, 0xff, 0xf8, 0x3, 0xa0,
    0x3, 0xc6, 0xef, 0xfe, 0xa0, 0x1, 0x28, 0x7,
    0x92, 0x23, 0xfc, 0xc0, 0xe, 0x4, 0x0, 0x8c,
    0x4, 0xcf, 0xfe, 0x3, 0x33, 0x18, 0x4, 0x20,
    0xd9, 0x9f, 0xf0, 0x9c, 0xc0, 0x6, 0x70, 0x1,
    0x64, 0x5, 0x60, 0x36, 0x30, 0x4, 0xc2, 0x1,
    0x88, 0x8, 0x4c, 0x81, 0xcc, 0x38, 0xc4, 0x3,
    0xfb, 0xc1, 0xc0, 0x3f, 0xf8, 0xee, 0x60, 0x4f,
    0x81, 0x4e, 0x18, 0xe6, 0x1, 0xf8, 0xc5, 0x0,
    0x61, 0x81, 0xe0, 0x12, 0x10, 0x3, 0xf5, 0x5,
    0x1, 0xfd, 0x6, 0xf8, 0x47, 0xb8, 0x7, 0xca,
    0xc6, 0x40, 0x1f, 0xfc, 0x68, 0x8, 0x0, 0xff,
    0xe3, 0xfb, 0xa0, 0x6, 0x10, 0xd, 0xee, 0xa0,
    0x20, 0x1c, 0x50, 0x1, 0xc9, 0xe4, 0x1f, 0x12,
    0x72, 0x1, 0xa7, 0x44, 0x2, 0xac, 0x0, 0xfb,
    0xb8, 0xc0,

    /* U+505A "做" */
    0x0, 0xfe, 0x23, 0x0, 0xe5, 0x20, 0xf, 0xf3,
    0xf9, 0x0, 0x23, 0x0, 0x3a, 0xac, 0x3, 0xfd,
    0x60, 0x40, 0x1f, 0x8c, 0x30, 0x3, 0xfc, 0x68,
    0x1, 0xfc, 0x80, 0xe0, 0x1f, 0xca, 0x1a, 0x1,
    0xfd, 0x60, 0xea, 0xb8, 0x40, 0x37, 0x3, 0xd7,
    0xf9, 0x43, 0xfd, 0xc2, 0x61, 0x55, 0xce, 0x1,
    0xa, 0x8, 0xb5, 0x10, 0x20, 0x89, 0x30, 0x3c,
    0xc8, 0x89, 0x28, 0x1, 0x48, 0x4, 0xf7, 0x64,
    0xb, 0xb5, 0x50, 0x61, 0x98, 0x8, 0xc4, 0x1,
    0x38, 0x7, 0xf9, 0x48, 0x40, 0x22, 0xe0, 0xd,
    0x0, 0x1f, 0xf4, 0x0, 0xc, 0x4, 0x8, 0x2,
    0x27, 0x13, 0x0, 0xfe, 0x78, 0x5, 0x5, 0x6,
    0x0, 0xe8, 0x70, 0xb, 0x7d, 0x43, 0xfd, 0xe,
    0x78, 0x18, 0x6, 0x1, 0x16, 0x30, 0x6, 0x31,
    0x44, 0x10, 0x4, 0xaa, 0x14, 0x40, 0x7, 0x18,
    0x7, 0x92, 0xee, 0x0, 0xb4, 0x24, 0xf0, 0x3,
    0xff, 0x8e, 0x84, 0xe0, 0xc0, 0x1f, 0xfc, 0x8a,
    0x5, 0x10, 0xf, 0xfe, 0x46, 0x2, 0x8, 0x7,
    0xff, 0x1d, 0xd0, 0x87, 0x40, 0x3f, 0xf8, 0xf,
    0x55, 0x0, 0x1a, 0xf, 0x54, 0xe8, 0x3, 0xfe,
    0x25, 0x51, 0x85, 0x49, 0x68, 0x51, 0xad, 0x0,
    0x7f, 0x77, 0xfe, 0x87, 0x2c, 0x10, 0x6, 0x92,
    0xd8, 0x7, 0xff, 0x4, 0x8f, 0x4, 0x2, 0x1c,
    0x4f, 0x0, 0xd7, 0xc0, 0x1f, 0x2e, 0x8, 0x7,
    0xd, 0xa0, 0x0,

    /* U+505C "停" */
    0x0, 0xe1, 0x20, 0xf, 0x23, 0x80, 0x7f, 0xf0,
    0x23, 0x54, 0x3, 0xb6, 0x10, 0x3, 0xfe, 0x70,
    0x50, 0xe, 0xd0, 0xe0, 0xf, 0xf1, 0x8a, 0x1f,
    0xff, 0x58, 0x2f, 0xff, 0x68, 0x6, 0x90, 0xe2,
    0x66, 0xff, 0xe0, 0xa8, 0x4, 0x2a, 0x2a, 0x33,
    0x3f, 0xfc, 0x18, 0x0, 0x98, 0x1c, 0x2, 0xdf,
    0xff, 0xf0, 0x80, 0x69, 0x0, 0xe3, 0x2a, 0xaf,
    0x90, 0x3, 0x9c, 0x40, 0x3e, 0x55, 0xf8, 0x80,
    0x30, 0xc0, 0x7, 0xc5, 0xff, 0xf3, 0x0, 0x6a,
    0x7, 0x0, 0xec, 0xcf, 0xf8, 0x40, 0x90, 0xe4,
    0x2, 0x57, 0x54, 0x4f, 0xf3, 0xb1, 0x57, 0x0,
    0x6e, 0x88, 0xff, 0xe0, 0xd8, 0x29, 0x0, 0x7b,
    0xff, 0xfe, 0x10, 0xf, 0xfe, 0x96, 0xbb, 0xbf,
    0xff, 0xa2, 0x68, 0x3, 0xe6, 0x83, 0x77, 0xc0,
    0x2e, 0xf6, 0xbb, 0x80, 0x3f, 0x92, 0x23, 0x1,
    0x44, 0x4a, 0x1, 0xff, 0xd9, 0x10, 0x70, 0xf,
    0xfe, 0x21, 0x5e, 0x70, 0x10, 0x7, 0xff, 0x10,
    0x94, 0x8d, 0xe0, 0x3, 0xc0,

    /* U+50A8 "储" */
    0x0, 0xe1, 0x0, 0xfe, 0x30, 0xf, 0xfe, 0x5,
    0x78, 0xb0, 0x80, 0x63, 0xc5, 0x0, 0xff, 0x90,
    0xcd, 0x36, 0x1, 0xfe, 0x77, 0x0, 0x72, 0x85,
    0x93, 0xa9, 0x83, 0xba, 0x83, 0xdd, 0xc3, 0x38,
    0x1, 0xde, 0xa, 0x10, 0x3e, 0x11, 0x6, 0x5,
    0x88, 0x30, 0xf8, 0x6, 0x15, 0x42, 0x0, 0x49,
    0xf, 0xfb, 0x2, 0xbf, 0xd4, 0x68, 0x1, 0x98,
    0xc, 0x2, 0x6f, 0x10, 0xf, 0x41, 0x78, 0x7,
    0x48, 0x0, 0x46, 0x1, 0x0, 0xf1, 0x3a, 0x98,
    0x6, 0x61, 0x0, 0x57, 0x73, 0xc3, 0xfe, 0xc0,
    0xad, 0x5, 0xff, 0x38, 0x2, 0x0, 0x2d, 0x61,
    0x0, 0x43, 0xbe, 0x0, 0x3b, 0xe4, 0x8, 0x18,
    0x0, 0x34, 0xa8, 0x1, 0xe2, 0x23, 0xb, 0x88,
    0xc6, 0xe, 0x6c, 0x1, 0xfc, 0x38, 0x92, 0x80,
    0x1e, 0x7f, 0x0, 0xfe, 0x4f, 0x30, 0x9f, 0xfa,
    0xc0, 0x28, 0x30, 0xf, 0x86, 0x6c, 0x4e, 0x23,
    0x8, 0x7, 0xff, 0x4, 0xdd, 0xc2, 0xce, 0xf8,
    0xc0, 0x3f, 0xf8, 0x25, 0xd0, 0x6c, 0x89, 0x8c,
    0x3, 0xff, 0x84, 0x80, 0x3, 0xbb, 0xc2, 0x1,
    0xff, 0xc1, 0x6b, 0x50, 0x4d, 0xdc, 0x40, 0x1f,
    0xfc, 0x1, 0x94, 0x50, 0x12, 0x2c, 0x1, 0xff,
    0xa, 0x83, 0x58, 0x1, 0x9d, 0xf1, 0x80, 0x7f,
    0xf0, 0x22, 0x40, 0x23, 0x88, 0xc2, 0x1, 0xfe,
    0x1f, 0x70, 0xc, 0xbf, 0xf8, 0x80, 0x3c, 0x3d,
    0x0, 0x1, 0x0, 0xdb, 0x40, 0x1b, 0x6c, 0x0,

    /* U+5141 "允" */
    0x0, 0xff, 0xe9, 0xe, 0xb0, 0x7, 0xff, 0x1e,
    0xcb, 0x40, 0x3f, 0xf8, 0xce, 0xa3, 0x40, 0x1f,
    0xfc, 0x54, 0x80, 0xd1, 0x0, 0x90, 0x3, 0xff,
    0x80, 0x76, 0x14, 0x60, 0x15, 0x5b, 0x0, 0x7f,
    0x8b, 0x42, 0x14, 0x3, 0x40, 0xca, 0x80, 0x7e,
    0x2c, 0x17, 0x70, 0x7, 0x16, 0x5, 0x18, 0x7,
    0x8f, 0x5, 0xe0, 0x3, 0xe2, 0xb0, 0xd2, 0x0,
    0x86, 0x30, 0x48, 0x22, 0x6a, 0x97, 0x6c, 0xdd,
    0x50, 0xf, 0x80, 0x42, 0xe0, 0x2, 0x77, 0x32,
    0xa9, 0x10, 0x64, 0x60, 0x42, 0x52, 0x1, 0x44,
    0x26, 0xac, 0x82, 0xfb, 0xa0, 0x1e, 0xe6, 0xf8,
    0xb1, 0x0, 0x1d, 0xcc, 0xa8, 0x20, 0xa2, 0x20,
    0xf, 0xd, 0xd1, 0x0, 0x7c, 0x20, 0x20, 0x1f,
    0xca, 0xa0, 0xf, 0xc6, 0x1, 0xff, 0xc8, 0x11,
    0x80, 0x3f, 0xf8, 0xe8, 0x8, 0x1, 0xff, 0xc7,
    0xe0, 0xc0, 0xf, 0xfa, 0x34, 0x80, 0x32, 0x20,
    0x58, 0x3, 0xfe, 0x12, 0x10, 0x8, 0xac, 0x20,
    0x3, 0xff, 0x80, 0x40, 0x40, 0x4, 0xc0, 0x66,
    0x0, 0x61, 0x1, 0x30, 0x8, 0x50, 0x4, 0x26,
    0xc5, 0xa4, 0x3, 0xc6, 0x19, 0xb9, 0xbc, 0x8,
    0x16, 0xc1, 0x12, 0x1, 0xf6, 0xa8, 0x91, 0x90,
    0x25, 0x5, 0x1e, 0x38, 0x7, 0xe1, 0xae, 0xfe,
    0xff, 0x58, 0x80, 0xe1, 0x80, 0x7f, 0xf0, 0x44,
    0x3, 0x80,

    /* U+5143 "元" */
    0x0, 0xb7, 0x7f, 0xf8, 0x62, 0x1, 0xe2, 0x2f,
    0xfe, 0x18, 0x7, 0xdf, 0xff, 0xfc, 0x31, 0x0,
    0xff, 0xfd, 0x55, 0xdf, 0xff, 0x18, 0xc0, 0x8,
    0x9f, 0xfc, 0x77, 0x0, 0x77, 0x72, 0x85, 0xf7,
    0x48, 0x17, 0xdd, 0xc8, 0x1, 0x8, 0xf0, 0x38,
    0x8c, 0x0, 0x71, 0x1e, 0x0, 0xfc, 0xe0, 0x20,
    0x1f, 0xfc, 0x72, 0x3, 0x0, 0xff, 0xe3, 0x88,
    0xc0, 0x1f, 0xfc, 0x64, 0x5, 0x0, 0xff, 0xe3,
    0xf0, 0x68, 0x7, 0xfd, 0x10, 0x0, 0xe4, 0x51,
    0x60, 0xf, 0xf8, 0xdc, 0x40, 0x22, 0xa0, 0xb0,
    0xf, 0xfe, 0x3, 0x0, 0x80, 0xf, 0x5, 0x94,
    0x3, 0x84, 0x14, 0x2, 0x32, 0x30, 0x4, 0x60,
    0xb4, 0x80, 0x7b, 0x42, 0x77, 0x37, 0x1, 0x2,
    0xdc, 0x26, 0x40, 0x1f, 0x3b, 0x9, 0x19, 0x11,
    0xa0, 0x25, 0x31, 0x80, 0x3f, 0xa7, 0xbf, 0xed,
    0x90, 0x0,

    /* U+5144 "兄" */
    0x0, 0xbf, 0xff, 0xf8, 0x62, 0x1, 0xf0, 0x99,
    0xff, 0xc0, 0x1f, 0xe5, 0xcc, 0xff, 0x8c, 0x3,
    0xff, 0xfe, 0x1, 0xff, 0xe0, 0x4c, 0xcf, 0xf8,
    0xc0, 0x3f, 0xc6, 0x7f, 0xf0, 0x7, 0xf7, 0xfc,
    0x81, 0xdf, 0xf0, 0x87, 0xfe, 0x10, 0xf, 0xe6,
    0x1, 0x0, 0xff, 0xe3, 0x91, 0x0, 0x3f, 0xf8,
    0xe4, 0xe, 0x1, 0xff, 0xc7, 0x50, 0xc0, 0xf,
    0xf9, 0x50, 0x3, 0xd2, 0xe, 0x1, 0xff, 0x75,
    0x88, 0x6, 0xb1, 0x71, 0x0, 0xff, 0x98, 0x4,
    0x0, 0x36, 0x87, 0x0, 0x1c, 0x60, 0x40, 0x11,
    0x14, 0x0, 0x7e, 0x43, 0xd0, 0xf, 0x38, 0x6e,
    0x63, 0x74, 0xa, 0x17, 0x0, 0xf8, 0x20, 0x1e,
    0xb5, 0x13, 0x31, 0xa, 0xc8, 0x4a, 0xec, 0x0,
    0x7e, 0x1a, 0xef, 0xfb, 0xa8, 0x40,

    /* U+5145 "充" */
    0x0, 0xff, 0x18, 0x7, 0xff, 0x23, 0x30, 0x40,
    0x1f, 0xfc, 0x79, 0xb, 0x0, 0xff, 0x84, 0x7f,
    0x20, 0xb0, 0x8f, 0xe0, 0x0, 0xf7, 0x7f, 0x8,
    0x77, 0x7e, 0x70, 0x15, 0x5f, 0x20, 0x1, 0x57,
    0xfc, 0x40, 0xa, 0xaf, 0x38, 0x4d, 0x55, 0x13,
    0x55, 0xca, 0x1, 0xf5, 0x1b, 0xb0, 0x5, 0x98,
    0x30, 0xf, 0xfa, 0x55, 0xa0, 0x3, 0x50, 0x61,
    0x80, 0x7f, 0x4b, 0x2c, 0x80, 0x72, 0x58, 0x69,
    0x0, 0x79, 0x31, 0x80, 0xa6, 0xa9, 0x76, 0xcd,
    0x90, 0x1c, 0x10, 0xe, 0xf3, 0x0, 0x3b, 0x2a,
    0x91, 0x6, 0x46, 0x44, 0x1d, 0x0, 0xe8, 0x9b,
    0xb6, 0x8, 0x77, 0xf0, 0x27, 0x6e, 0x8c, 0x84,
    0x3, 0x1b, 0x22, 0xc, 0x46, 0x0, 0xfb, 0xb4,
    0x40, 0x3f, 0x10, 0x28, 0x7, 0xe2, 0x30, 0xf,
    0xe4, 0x2, 0x0, 0xff, 0xe3, 0xd0, 0x68, 0x7,
    0xf8, 0x80, 0x3e, 0x63, 0x24, 0x0, 0xff, 0x4f,
    0x80, 0x72, 0x48, 0x48, 0x7, 0xfc, 0xc0, 0x1d,
    0x16, 0x10, 0x80, 0x10, 0x83, 0x0, 0x61, 0x23,
    0x0, 0x2e, 0xb8, 0x43, 0x80, 0x70, 0x97, 0x5d,
    0xb3, 0x81, 0x41, 0xa8, 0x89, 0x8e, 0x1, 0xea,
    0x21, 0x44, 0x18, 0xb4, 0x83, 0x24, 0xe9, 0x80,
    0x7c, 0x9b, 0xff, 0xba, 0x40, 0x0,

    /* U+5148 "先" */
    0x0, 0xff, 0x3b, 0x80, 0x3f, 0xf8, 0x45, 0x4a,
    0x1, 0x54, 0x0, 0x7f, 0xf0, 0x95, 0x44, 0x1,
    0xff, 0xc7, 0xb0, 0x60, 0xf, 0xfe, 0x31, 0x18,
    0x5d, 0x54, 0x61, 0x55, 0xf4, 0x80, 0x75, 0x0,
    0x15, 0x70, 0x82, 0xaf, 0xce, 0x1, 0xcc, 0x3d,
    0xff, 0x88, 0x3f, 0xfe, 0xe0, 0xc, 0xe3, 0x22,
    0x1, 0xff, 0xc5, 0x18, 0x6, 0x0, 0xff, 0xe3,
    0x28, 0xc0, 0x80, 0x7f, 0xf1, 0x97, 0x14, 0x47,
    0xc0, 0x1, 0x1f, 0xe0, 0x9e, 0xdd, 0x77, 0x78,
    0x83, 0xbb, 0xf8, 0x31, 0x9b, 0x94, 0x5, 0x9a,
    0x20, 0x46, 0x6f, 0x2, 0xcc, 0xf8, 0x16, 0x66,
    0x50, 0xf9, 0x9f, 0x0, 0x7c, 0xc0, 0x40, 0x1f,
    0xfc, 0x7d, 0xe, 0x0, 0xff, 0xe3, 0xa8, 0x28,
    0x7, 0xf8, 0x40, 0x3e, 0x52, 0x28, 0x3, 0xfc,
    0xdc, 0x40, 0x18, 0xec, 0x24, 0x3, 0xfe, 0xe1,
    0x20, 0x9, 0x74, 0x5d, 0x0, 0x3c, 0x60, 0x19,
    0x4, 0x0, 0x57, 0x42, 0xd0, 0x1, 0xdc, 0x11,
    0xb7, 0x6e, 0x25, 0x3, 0xd4, 0x1a, 0x90, 0xf,
    0x33, 0x4, 0x91, 0x0, 0x90, 0x6, 0x8f, 0xea,
    0x1, 0xfa, 0x7b, 0xfe, 0xeb, 0x30, 0x5, 0xc0,
    0x80, 0x7f, 0xf1, 0x80,

    /* U+514D "免" */
    0x0, 0xf8, 0x40, 0x3f, 0xf8, 0xe5, 0xd6, 0x1,
    0xff, 0xc6, 0xe0, 0xd0, 0xf, 0xfe, 0x2d, 0x18,
    0x4f, 0xff, 0xce, 0x1, 0xfa, 0x14, 0x9d, 0xfc,
    0xc0, 0x2, 0x0, 0xfa, 0x5c, 0xf2, 0x23, 0xca,
    0x12, 0xa0, 0x1e, 0xa6, 0x3c, 0x10, 0xe, 0xc3,
    0x86, 0x0, 0xe2, 0xc5, 0x3, 0xff, 0xf8, 0xc2,
    0x3f, 0xeb, 0x0, 0x41, 0xb8, 0xa, 0xaf, 0x0,
    0xaa, 0xf0, 0x38, 0x2, 0xea, 0x0, 0xaa, 0xb5,
    0x82, 0xd5, 0x70, 0x6, 0x15, 0x0, 0xf8, 0xc0,
    0x80, 0x3f, 0xf8, 0xcc, 0x2, 0x1, 0xff, 0xc6,
    0x30, 0xe0, 0xf, 0xfe, 0x9, 0xff, 0xe8, 0x9,
    0xff, 0xe0, 0xf, 0x9d, 0xfc, 0x2, 0x2, 0xef,
    0xd4, 0x1, 0xd1, 0x1d, 0xc0, 0xc0, 0xb1, 0x1c,
    0xc0, 0x1f, 0xc3, 0x1, 0x20, 0x1f, 0xfc, 0x41,
    0xc1, 0x91, 0x0, 0xfd, 0x90, 0x1, 0xc9, 0xe4,
    0xec, 0x1, 0xfc, 0x6a, 0x1, 0x15, 0x58, 0xc4,
    0x0, 0x26, 0x0, 0xe2, 0x6, 0x5, 0xbd, 0x53,
    0xc7, 0x0, 0x88, 0x9b, 0x53, 0x2b, 0xc0, 0xc6,
    0xa4, 0x2a, 0xc3, 0x0, 0xd2, 0x44, 0x56, 0x62,
    0x2, 0xbb, 0x32, 0xf5, 0x40, 0x3c, 0x9b, 0xfe,
    0xef, 0xf7, 0x50, 0x0,

    /* U+515C "兜" */
    0x0, 0xff, 0x32, 0x0, 0x7f, 0xf1, 0xc6, 0x78,
    0x3, 0xff, 0x84, 0x70, 0x40, 0x7, 0xc, 0x0,
    0xff, 0xe0, 0x47, 0x63, 0xaf, 0xfa, 0x42, 0x7f,
    0xd7, 0x5f, 0xf5, 0x0, 0x66, 0x16, 0xb7, 0x2,
    0x66, 0xc0, 0xd, 0x43, 0x0, 0xf8, 0xe5, 0x0,
    0x9, 0x33, 0x80, 0xf, 0x7a, 0x1, 0xff, 0xd6,
    0x49, 0x9c, 0x1, 0xff, 0xc5, 0x26, 0x6c, 0x1,
    0xff, 0xc5, 0x6f, 0xfc, 0x1, 0xff, 0xc2, 0x12,
    0x0, 0xff, 0xe3, 0xb, 0xf2, 0x1, 0x80, 0x7f,
    0xf0, 0x84, 0x45, 0x2, 0x60, 0xbf, 0xf8, 0x1,
    0x5f, 0xc0, 0x1c, 0xa0, 0x31, 0xca, 0xbf, 0xb3,
    0x51, 0x2d, 0x0, 0x92, 0x79, 0xc0, 0x4b, 0xaa,
    0xa2, 0xc7, 0x75, 0xdc, 0xe0, 0x19, 0x80, 0x23,
    0x7d, 0x0, 0x9e, 0x80, 0x3f, 0xf8, 0x4e, 0x1e,
    0x1, 0xff, 0xc7, 0xf0, 0x40, 0xf, 0xf4, 0x60,
    0x80, 0x73, 0xaa, 0x10, 0x7, 0xf8, 0x4c, 0x3,
    0x1d, 0xc1, 0x50, 0x6, 0x12, 0x0, 0xe4, 0x1,
    0x13, 0x66, 0x11, 0x74, 0x40, 0x31, 0xe, 0xdd,
    0xdc, 0x46, 0x11, 0x26, 0xb9, 0x40, 0x1e, 0x82,
    0x22, 0x24, 0x27, 0xe1, 0x13, 0xd4, 0x60, 0x1f,
    0x26, 0xff, 0xf6, 0x18, 0x0,

    /* U+5165 "入" */
    0x0, 0xf9, 0x80, 0x3f, 0xf9, 0xb, 0x3a, 0x40,
    0x1f, 0xfc, 0x65, 0x62, 0xc1, 0x0, 0xff, 0xe3,
    0x4b, 0x8d, 0x0, 0x7f, 0xf1, 0xe0, 0xd1, 0x0,
    0x1f, 0xfc, 0x78, 0x8, 0x0, 0xff, 0xe3, 0xe8,
    0x19, 0x80, 0x3f, 0xf8, 0xce, 0x0, 0xa0, 0xf,
    0xfe, 0x2a, 0xa, 0x13, 0x8, 0x7, 0xff, 0x13,
    0xc3, 0xac, 0x24, 0x3, 0xff, 0x86, 0x88, 0x25,
    0x61, 0x70, 0xf, 0xfe, 0x1c, 0x5, 0x80, 0x24,
    0x24, 0x3, 0xff, 0x82, 0xe6, 0x66, 0x0, 0x38,
    0xb1, 0x80, 0x7f, 0xc5, 0x1, 0xe0, 0x1a, 0x3,
    0xc0, 0x3f, 0xef, 0x7, 0x30, 0xc, 0xc6, 0x68,
    0x0, 0xfe, 0xa2, 0x38, 0x0, 0xf7, 0x3, 0xa0,
    0x7, 0xd2, 0xa5, 0xa0, 0x1f, 0x14, 0x85, 0x98,
    0x7, 0x4b, 0xf, 0x88, 0x7, 0xe6, 0x60, 0x61,
    0x80, 0x54, 0xc3, 0xa4, 0x1, 0xfe, 0x94, 0xc,
    0x50, 0xb5, 0x2c, 0x30, 0xf, 0xfe, 0x5, 0xa8,
    0x52, 0x4a, 0x61, 0x0, 0x7f, 0xf0, 0xa9, 0xd1,
    0x5, 0x62, 0x1, 0xff, 0xc4, 0x8b, 0x0,

    /* U+5168 "全" */
    0x0, 0xff, 0xa, 0x98, 0x7, 0xff, 0x22, 0xa9,
    0x84, 0x1, 0xff, 0xc6, 0x74, 0x20, 0xf1, 0x0,
    0xff, 0xe2, 0x2c, 0xe, 0x41, 0x68, 0x7, 0xff,
    0xd, 0x68, 0x28, 0x5d, 0x4e, 0xc0, 0x3f, 0xf8,
    0x2f, 0x41, 0x68, 0x0, 0xa5, 0x4d, 0x20, 0xf,
    0xe1, 0xa8, 0xb, 0x40, 0xd, 0x4e, 0x5a, 0xa0,
    0x1f, 0x2f, 0xa9, 0x6a, 0x0, 0x7a, 0x28, 0x2a,
    0x82, 0x1, 0x1e, 0x50, 0xa7, 0x98, 0x8f, 0xe4,
    0xc1, 0x5e, 0x70, 0x6, 0x98, 0xaa, 0x6f, 0x77,
    0xfb, 0x2, 0x2, 0x20, 0x11, 0xe, 0xe2, 0xaf,
    0x20, 0xa, 0xaf, 0x3b, 0xb9, 0x64, 0x19, 0xc1,
    0x2a, 0xba, 0x41, 0x6a, 0xba, 0x40, 0x68, 0x40,
    0x3f, 0xfa, 0xa2, 0x1, 0xff, 0xc4, 0xef, 0xfe,
    0xc0, 0x4f, 0xff, 0x38, 0x7, 0xc8, 0x9f, 0x0,
    0xa2, 0x78, 0x80, 0x3e, 0xab, 0xbe, 0x90, 0x5b,
    0xbf, 0x28, 0x7, 0xff, 0x9e, 0x67, 0xf4, 0x2,
    0xcc, 0xfe, 0x50, 0x0, 0xb3, 0x7e, 0x50, 0x16,
    0x6f, 0xd8, 0x0, 0x1e, 0xef, 0xfe, 0x3c, 0x80,

    /* U+516D "六" */
    0x0, 0xff, 0x10, 0x7, 0xff, 0x18, 0x7f, 0x0,
    0x3f, 0xf8, 0xc2, 0x62, 0x80, 0x1f, 0xfc, 0x6b,
    0xd, 0x0, 0xff, 0xe3, 0x28, 0x38, 0x7, 0xff,
    0x18, 0x88, 0x28, 0x1, 0xf9, 0xbf, 0xff, 0x88,
    0x2f, 0xff, 0xf1, 0x9f, 0xff, 0x21, 0x17, 0x33,
    0xff, 0x8f, 0x60, 0x1f, 0xfd, 0x2, 0x0, 0xe2,
    0x20, 0x7, 0xff, 0x1, 0xb6, 0x80, 0x22, 0xdf,
    0x0, 0xff, 0xe0, 0x58, 0x78, 0x4, 0x48, 0x52,
    0x1, 0xfe, 0x52, 0x22, 0x80, 0x6a, 0x16, 0x40,
    0xf, 0xeb, 0x8, 0x0, 0xe1, 0xb0, 0xa0, 0xf,
    0xd0, 0x26, 0xa0, 0x1e, 0x54, 0x18, 0x0, 0xf1,
    0x38, 0x78, 0x7, 0xea, 0x7, 0x30, 0xe, 0xf0,
    0x63, 0x0, 0xfc, 0x30, 0x1e, 0x1, 0xa0, 0x89,
    0x20, 0x1f, 0xe7, 0x23, 0x60, 0x2, 0xb8, 0x70,
    0x7, 0xff, 0x2, 0x42, 0x4, 0xe8, 0x20, 0xc0,
    0x3f, 0xf8, 0x8, 0x81, 0x91, 0x25, 0x70, 0xf,
    0xfe, 0x14, 0x86, 0x96, 0xd0, 0x7, 0xff, 0xc,
    0xb9, 0x40,

    /* U+5171 "共" */
    0x0, 0xf0, 0x80, 0x7c, 0x20, 0x1f, 0xfc, 0x5,
    0xe9, 0x0, 0xe6, 0xe8, 0x0, 0xff, 0xfe, 0xd7,
    0xfd, 0x40, 0xdf, 0xfd, 0x20, 0xff, 0xf8, 0x2,
    0x23, 0x38, 0x80, 0x4c, 0xf8, 0x80, 0x4c, 0xf0,
    0x5, 0x19, 0x94, 0x3, 0xe6, 0x75, 0x83, 0x66,
    0x60, 0xf, 0xff, 0xf8, 0x7, 0xff, 0xc, 0x47,
    0x8c, 0x0, 0x23, 0xc0, 0x1, 0x1f, 0x7, 0x77,
    0x48, 0x37, 0x77, 0x48, 0x37, 0x77, 0x22, 0xc,
    0xff, 0xf9, 0xf, 0x79, 0x9e, 0xdc, 0xce, 0xdc,
    0xcf, 0x8c, 0x3, 0xc7, 0xec, 0x1, 0x17, 0x50,
    0x80, 0x7f, 0xcd, 0x83, 0xc0, 0x10, 0x92, 0xfa,
    0x0, 0x7e, 0x1a, 0x90, 0x98, 0x0, 0x8f, 0x58,
    0x6e, 0x0, 0x3c, 0x9e, 0xa3, 0x8c, 0x1, 0xe9,
    0xb1, 0x7c, 0x20, 0x0, 0xd5, 0x8a, 0xf9, 0x80,
    0x7e, 0x4c, 0x33, 0x61, 0x80, 0x10, 0x6a, 0x82,
    0x1, 0xfe, 0x2c, 0x41, 0x20, 0x1c, 0xf5, 0x0,
    0xff, 0xe1, 0x5e, 0x8, 0x0,

    /* U+5173 "关" */
    0x0, 0xe2, 0x0, 0xfe, 0x40, 0xf, 0xf1, 0xed,
    0x0, 0x7c, 0x77, 0x60, 0xf, 0xe3, 0x45, 0x60,
    0xf, 0x78, 0x78, 0x7, 0xfa, 0x82, 0x48, 0x3,
    0x39, 0xaa, 0x0, 0x7f, 0x86, 0x42, 0x80, 0x23,
    0x81, 0xb0, 0xf, 0xd1, 0x77, 0x68, 0x1d, 0xdd,
    0xa0, 0x75, 0x77, 0x8, 0x6, 0x54, 0x4c, 0x8,
    0x98, 0x40, 0x91, 0x31, 0x80, 0x6d, 0xff, 0xf5,
    0x82, 0x7f, 0xfc, 0x40, 0x1f, 0xfc, 0x11, 0x0,
    0xff, 0xf5, 0xe6, 0x7e, 0x90, 0x4c, 0xcf, 0xcc,
    0x2, 0x67, 0xf8, 0x80, 0x4c, 0xff, 0x70, 0xf,
    0xff, 0xe4, 0x1, 0xef, 0xff, 0xa0, 0x3, 0xf8,
    0x90, 0x5, 0x80, 0x3f, 0xf8, 0xbc, 0x10, 0x10,
    0x40, 0x1f, 0xfc, 0x3b, 0x34, 0x78, 0xc, 0x20,
    0xf, 0xfe, 0x1, 0x6a, 0x1d, 0x83, 0xa8, 0xe1,
    0x80, 0x7f, 0xc, 0x69, 0x26, 0x0, 0x54, 0xa3,
    0x92, 0x20, 0x1c, 0x31, 0xce, 0x13, 0x60, 0x1d,
    0x52, 0xd, 0xd2, 0x60, 0x8, 0xe7, 0x5, 0xe6,
    0x0, 0xf9, 0xb9, 0x81, 0xb3, 0x4a, 0xc1, 0x76,
    0x84, 0x3, 0xf8, 0x67, 0x5c, 0x44, 0x47, 0xd4,
    0x40, 0x1f, 0xfc, 0x12, 0x8e, 0xd0,

    /* U+5176 "其" */
    0x0, 0xc4, 0x80, 0x1f, 0xc6, 0x80, 0x1f, 0xd1,
    0x64, 0x1, 0xfa, 0x6c, 0x80, 0x3f, 0xf9, 0xf5,
    0x53, 0x84, 0xd5, 0x7e, 0x40, 0x8a, 0xa2, 0x80,
    0x15, 0x62, 0x4, 0x55, 0xfc, 0x20, 0xab, 0x10,
    0x3, 0xfe, 0x50, 0xdf, 0xff, 0xca, 0x1b, 0xfe,
    0x70, 0xf, 0xfe, 0x8c, 0x55, 0x7e, 0x40, 0xf,
    0xfe, 0x2, 0xaf, 0xf0, 0x80, 0x7f, 0xf0, 0x37,
    0xff, 0xf2, 0x80, 0x7f, 0xf5, 0xb7, 0xff, 0xf2,
    0x80, 0x7f, 0xf0, 0x11, 0x57, 0xf0, 0x80, 0x7f,
    0xf0, 0x26, 0xab, 0xf2, 0x0, 0x7f, 0xf4, 0x3b,
    0xfe, 0x50, 0xdf, 0xff, 0xca, 0x1b, 0xff, 0x33,
    0xaa, 0xff, 0xf2, 0xa, 0x6a, 0xbd, 0x91, 0x55,
    0xb6, 0x2a, 0xbc, 0x80, 0x1c, 0x9b, 0x36, 0x1,
    0x1c, 0x6e, 0x28, 0x7, 0xe5, 0xcb, 0x27, 0x90,
    0x8, 0xf1, 0x8e, 0xb9, 0x80, 0x21, 0x7d, 0xa3,
    0x6e, 0x80, 0xe, 0x39, 0xe8, 0x9, 0xe6, 0x2,
    0x82, 0x7e, 0x91, 0x0, 0xfc, 0x2f, 0xd0, 0x3e,
    0x7, 0x7f, 0x2, 0x1, 0xff, 0xc1, 0x7e, 0x80,

    /* U+5177 "具" */
    0x0, 0xff, 0xe6, 0xb7, 0xff, 0xff, 0x7, 0x0,
    0x3f, 0x91, 0x9b, 0xfc, 0x1, 0xff, 0x6c, 0xcf,
    0xf8, 0x3, 0xfe, 0xa9, 0x9f, 0xea, 0x0, 0xff,
    0x8d, 0x9b, 0xf9, 0x40, 0x3f, 0xe9, 0xff, 0xff,
    0x0, 0x7f, 0xd8, 0xef, 0xfd, 0x0, 0x1f, 0xf2,
    0xc4, 0x7f, 0x38, 0x7, 0xfd, 0x3f, 0xff, 0xdc,
    0x1, 0xff, 0xc9, 0x10, 0xf, 0xfa, 0x7f, 0xff,
    0xc0, 0x1f, 0xf2, 0x33, 0x7f, 0x80, 0x3f, 0xed,
    0x99, 0xff, 0x0, 0x7a, 0x26, 0x5a, 0x15, 0x33,
    0xfe, 0x2, 0x99, 0x8d, 0x9a, 0x40, 0x36, 0x6f,
    0xf0, 0xb, 0x34, 0xbd, 0xff, 0xdc, 0xfd, 0xff,
    0x73, 0xe7, 0xff, 0x98, 0x3, 0x9b, 0xde, 0x40,
    0x27, 0x76, 0x61, 0x80, 0x3f, 0x36, 0xc8, 0x44,
    0x0, 0x26, 0xc6, 0x39, 0xe8, 0x10, 0x1, 0x4f,
    0x49, 0xc7, 0x38, 0x7, 0x1c, 0xf4, 0x3, 0xf4,
    0x5, 0x31, 0xcf, 0x38, 0x7, 0xf0, 0xbf, 0x50,
    0x80, 0x26, 0xf5, 0x80, 0x3f, 0xf8, 0x4b, 0xd2,
    0x0,

    /* U+517C "兼" */
    0x0, 0xf4, 0x28, 0x7, 0xd6, 0xa0, 0x1f, 0xf0,
    0xad, 0x18, 0x7, 0x3a, 0x68, 0x7, 0xfc, 0x3c,
    0x12, 0x1, 0x8e, 0xa, 0x0, 0x3e, 0x8f, 0xfd,
    0x80, 0xbf, 0xfb, 0x0, 0xbf, 0xf9, 0x80, 0x1a,
    0xcd, 0xca, 0x6, 0xcc, 0x50, 0x36, 0x6f, 0x10,
    0x1, 0x66, 0x7a, 0x1, 0x26, 0x60, 0xb9, 0x9f,
    0x20, 0x7, 0xe1, 0x0, 0xff, 0xe2, 0xa7, 0xfe,
    0xc0, 0x7f, 0xf6, 0x4, 0x7f, 0xe5, 0x0, 0xe6,
    0x88, 0xcc, 0x9, 0x10, 0x60, 0x48, 0x82, 0x80,
    0x7c, 0x4e, 0xfa, 0xc0, 0xdd, 0xd4, 0x18, 0xee,
    0xf0, 0xf, 0x77, 0xff, 0x68, 0x3f, 0xfb, 0x2,
    0x3f, 0xd4, 0x15, 0xfe, 0x0, 0x3b, 0x37, 0x28,
    0x1b, 0x31, 0x40, 0xd9, 0x88, 0x8, 0xcc, 0x0,
    0x4c, 0xfa, 0x1, 0x26, 0x60, 0xb9, 0x97, 0x7,
    0x4c, 0x80, 0x23, 0x88, 0xd6, 0x9, 0x10, 0xa0,
    0xc8, 0x87, 0x80, 0x7c, 0x8e, 0xf9, 0x80, 0xdd,
    0xcc, 0x8, 0xee, 0x50, 0xf, 0x9f, 0xfe, 0xb0,
    0x3, 0xff, 0xb0, 0x0, 0xbf, 0xf2, 0x80, 0x7e,
    0x3a, 0x0, 0xf8, 0x96, 0x80, 0x3f, 0xcd, 0x81,
    0x60, 0x1e, 0xa8, 0x5d, 0x30, 0xf, 0xd, 0xc9,
    0xfb, 0x0, 0x7c, 0xf6, 0x59, 0x22, 0x1, 0x47,
    0x23, 0x60, 0x80, 0x7f, 0x26, 0xa3, 0x75, 0x11,
    0xb9, 0x5c, 0x80, 0x7f, 0xf0, 0xa, 0xe8, 0x90,
    0xcd, 0x9a, 0x80, 0x1f, 0xfc, 0x35, 0xdc, 0x10,

    /* U+5185 "内" */
    0x0, 0xf8, 0x54, 0xc0, 0x3f, 0xf8, 0x65, 0x52,
    0x1, 0xff, 0xe0, 0xab, 0xbf, 0x78, 0x25, 0xdf,
    0xce, 0xa8, 0x9e, 0x30, 0x14, 0x4f, 0xb0, 0xb,
    0xff, 0xac, 0x17, 0xff, 0xb4, 0x3, 0xf8, 0x40,
    0x80, 0x3f, 0xf8, 0x7a, 0x1c, 0x1, 0xff, 0xc3,
    0x40, 0xd0, 0xf, 0xfe, 0x11, 0x18, 0x26, 0x88,
    0x7, 0xff, 0x2, 0x42, 0x54, 0xb0, 0x40, 0x3f,
    0xce, 0x84, 0xd4, 0xa5, 0x82, 0x1, 0xf9, 0xa0,
    0x3c, 0x1, 0x4a, 0x58, 0x20, 0x1e, 0x89, 0xb,
    0x20, 0xa, 0x90, 0xb4, 0x3, 0xa5, 0xc2, 0xd0,
    0x3, 0xac, 0x8d, 0xc0, 0x35, 0x96, 0xa0, 0x7,
    0xdf, 0x2e, 0x1, 0x8b, 0x48, 0x3, 0xf1, 0x30,
    0x7, 0xff, 0x20, 0x40, 0x3f, 0xf8, 0x6a, 0x1,
    0xff, 0xc2, 0x9e, 0xf8, 0xc, 0x0, 0xff, 0xe0,
    0x78, 0x92, 0xcb, 0x7e, 0x80, 0x7f, 0x9b, 0xf6,
    0x98, 0x0,

    /* U+518C "册" */
    0x0, 0xb7, 0xff, 0xa0, 0x1, 0xff, 0xe9, 0x0,
    0xf1, 0x81, 0x9c, 0x2, 0x1, 0x9, 0x9c, 0x6,
    0x1, 0xf1, 0xe6, 0x38, 0x3, 0x93, 0x32, 0x0,
    0xff, 0xff, 0x80, 0x7f, 0xf4, 0x44, 0x3, 0x8,
    0x7, 0x7f, 0xc2, 0x7f, 0xed, 0x6, 0xfe, 0x5,
    0xff, 0x70, 0x2f, 0xfa, 0x15, 0x10, 0x2, 0x89,
    0x1, 0x22, 0x0, 0x51, 0x20, 0x14, 0x46, 0xd5,
    0xd8, 0x4a, 0xed, 0x20, 0x97, 0x40, 0x97, 0x70,
    0x25, 0xd9, 0x40, 0x21, 0x70, 0xf, 0xc6, 0x1,
    0xff, 0xc0, 0x10, 0xf, 0x18, 0x7, 0xff, 0x0,
    0x40, 0xc0, 0x3c, 0x20, 0x20, 0x1f, 0xe5, 0xe,
    0x0, 0xf3, 0x7, 0x0, 0x7f, 0xb0, 0xc, 0x3,
    0xda, 0xa, 0x1, 0xfe, 0x50, 0x40, 0xf, 0x28,
    0x18, 0x7, 0xf2, 0x12, 0x80, 0x4e, 0x2, 0x64,
    0x80, 0x11, 0x1, 0x80, 0x69, 0x9, 0x1b, 0xca,
    0xd, 0x80, 0xf0, 0x79, 0xf0, 0x10, 0x9, 0xc9,
    0xc, 0x58, 0xc5, 0xc1, 0xd, 0x2, 0x98, 0x86,
    0x80, 0x27, 0x89, 0x0, 0x67, 0xf4, 0x2c, 0x78,
    0x3, 0xaf, 0x78, 0x80, 0x20,

    /* U+518D "再" */
    0x0, 0x7f, 0xff, 0xf1, 0xe4, 0x2, 0x55, 0xfc,
    0x80, 0x2a, 0xbf, 0xbc, 0x2, 0xaa, 0xfd, 0x20,
    0x95, 0x5f, 0x98, 0x3, 0xff, 0xa1, 0x35, 0x5d,
    0x20, 0x95, 0x5e, 0x40, 0xf, 0x9d, 0x57, 0x90,
    0x5, 0x57, 0xc6, 0x1, 0xf8, 0xbf, 0xf6, 0x82,
    0xff, 0xea, 0x0, 0xff, 0xea, 0x94, 0xce, 0xb0,
    0x79, 0x9d, 0xc0, 0x1f, 0xf3, 0x37, 0x1, 0x33,
    0x64, 0x0, 0xff, 0x17, 0xfe, 0xd0, 0x5f, 0xfd,
    0x40, 0x1f, 0xfe, 0x8f, 0xf8, 0x4b, 0xff, 0x68,
    0x2f, 0xfe, 0xa0, 0x8f, 0xf4, 0x2, 0x24, 0x0,
    0x44, 0xff, 0x8c, 0x9, 0x11, 0xc1, 0x77, 0x9,
    0x5d, 0xff, 0xd2, 0x15, 0x76, 0x60, 0xf, 0xfe,
    0xe6, 0x80, 0x7f, 0xf1, 0xd7, 0xbd, 0xc1, 0x0,
    0x3f, 0xf8, 0xa8, 0x68, 0xd6, 0x60, 0x10,

    /* U+5192 "冒" */
    0x3, 0x3f, 0xfe, 0x29, 0xe, 0x67, 0xff, 0x17,
    0xc0, 0x5, 0x77, 0xff, 0xc1, 0xa0, 0xc, 0x28,
    0xce, 0xff, 0xe4, 0x40, 0x7, 0xb3, 0x3f, 0xe4,
    0x0, 0xfb, 0x37, 0x7f, 0xc8, 0x1, 0xf3, 0x37,
    0xfc, 0x20, 0x1f, 0x55, 0xdf, 0xf9, 0x40, 0x21,
    0x98, 0xe, 0xef, 0xf9, 0x6, 0x64, 0xc, 0xc,
    0xc7, 0x7f, 0xf3, 0x31, 0x10, 0x0, 0xe9, 0x9f,
    0xfe, 0x13, 0x80, 0x77, 0xff, 0xfc, 0x60, 0x1f,
    0x32, 0xaf, 0xf8, 0x40, 0x3e, 0x9a, 0xaf, 0xf1,
    0x0, 0x7d, 0xff, 0xff, 0x18, 0x7, 0xc8, 0x9f,
    0xf0, 0x80, 0x7d, 0x77, 0xff, 0x10, 0x7, 0xdd,
    0xdf, 0xf1, 0x80, 0x7c, 0xa4, 0x5f, 0xe0, 0xf,
    0xd7, 0x99, 0xfe, 0x30, 0xf, 0xbb, 0xbf, 0xe4,
    0x0, 0x80,

    /* U+5199 "写" */
    0x5, 0xff, 0xff, 0xe2, 0xf0, 0x4, 0x26, 0x7f,
    0xfc, 0x20, 0x10, 0xa, 0x73, 0x3f, 0xf8, 0x42,
    0x1, 0xc7, 0xf2, 0x1, 0xff, 0xc5, 0x60, 0x10,
    0xf, 0xfe, 0x12, 0xeb, 0x18, 0x2d, 0xdf, 0xf9,
    0xbf, 0x80, 0x4, 0x3c, 0x4, 0x89, 0xfe, 0xf1,
    0x10, 0x6, 0x20, 0xcf, 0xff, 0xf4, 0x80, 0x78,
    0x40, 0x40, 0x3f, 0xf8, 0xac, 0x6, 0x1, 0xff,
    0xc5, 0x30, 0xef, 0xff, 0xfe, 0x0, 0x7, 0x22,
    0xaf, 0xff, 0x0, 0x4, 0x3, 0xaa, 0xbf, 0xf8,
    0x20, 0x60, 0x1f, 0xfc, 0x51, 0x1, 0x7, 0xbb,
    0xff, 0xe1, 0x1, 0x83, 0x87, 0x22, 0x7f, 0xf0,
    0x84, 0x40, 0x21, 0x3f, 0xff, 0xfc, 0x21, 0x60,
    0x30, 0xf, 0xfe, 0x20, 0xc8, 0x78, 0x7, 0xff,
    0x0, 0x6a, 0xf7, 0x8c, 0x5c, 0x3, 0xff, 0x80,
    0x28, 0x83, 0x33, 0xf8, 0x80, 0x7f, 0xf0, 0x7b,
    0xfb, 0x20, 0x40, 0x0,

    /* U+51B2 "冲" */
    0x0, 0xff, 0xe0, 0x46, 0x0, 0x7c, 0x6a, 0x1,
    0xfc, 0x46, 0x20, 0x1e, 0xda, 0x10, 0xf, 0xfe,
    0x2d, 0x84, 0x0, 0x7f, 0xf1, 0x54, 0x98, 0x80,
    0x3f, 0xf8, 0xb0, 0x16, 0x3, 0xff, 0xca, 0x1d,
    0xff, 0xa0, 0x0, 0xa4, 0xc2, 0x0, 0x13, 0x38,
    0x40, 0x8c, 0xc4, 0x2, 0x1, 0x50, 0x48, 0x1,
    0x33, 0x24, 0xc, 0xca, 0x40, 0x39, 0x96, 0x40,
    0x3f, 0xf8, 0xa3, 0x42, 0x1, 0xff, 0xd9, 0x2b,
    0x30, 0xf, 0xfe, 0x2a, 0x21, 0x80, 0x3f, 0xf8,
    0xb4, 0x8, 0x0, 0x12, 0x28, 0x40, 0x8a, 0x10,
    0xc, 0x46, 0x82, 0x0, 0x4d, 0xd9, 0x3, 0x37,
    0x54, 0x1, 0xa8, 0x34, 0x5, 0x13, 0x84, 0xd,
    0x13, 0x78, 0x1, 0x81, 0x80, 0x17, 0x7c, 0x81,
    0xb7, 0x79, 0x81, 0x45, 0x40, 0x3f, 0xf8, 0xb2,
    0x12, 0x1, 0xff, 0xc4, 0x43, 0x38, 0x3, 0xff,
    0x88, 0xb3, 0x0, 0x1f, 0xfc, 0x51, 0x64, 0x0,
    0xff, 0xe2, 0x80,

    /* U+51B5 "况" */
    0x2, 0x10, 0xf, 0xfe, 0x39, 0x6d, 0x80, 0x6a,
    0xbb, 0xff, 0x9c, 0x0, 0x48, 0xa8, 0x1, 0x22,
    0x7f, 0xf0, 0x34, 0x2, 0x80, 0x80, 0xc, 0x5f,
    0xff, 0xb4, 0x3, 0x8d, 0xd, 0x0, 0x3f, 0xf8,
    0xf0, 0x10, 0x1, 0xff, 0xc7, 0x33, 0x88, 0x3,
    0xff, 0x8f, 0x4e, 0x40, 0x1f, 0xfc, 0x76, 0x80,
    0xf, 0xfe, 0x69, 0x66, 0x7e, 0xe0, 0xf, 0x8d,
    0xc0, 0x31, 0x9f, 0xf0, 0x18, 0x7, 0x54, 0x20,
    0x77, 0xd0, 0x5f, 0xf9, 0x43, 0xbf, 0xd2, 0x1,
    0xc8, 0x28, 0x1, 0x18, 0x38, 0x7, 0xff, 0x0,
    0x88, 0x80, 0x1b, 0x80, 0x80, 0x3f, 0xf8, 0x14,
    0x1e, 0x1, 0x88, 0x4, 0x3, 0xff, 0x80, 0xa0,
    0xa0, 0x19, 0x10, 0x1, 0xfc, 0x20, 0x4, 0x25,
    0x0, 0xcc, 0x38, 0x1, 0xfd, 0x96, 0x1c, 0x12,
    0x1, 0xc, 0x3, 0x80, 0x7f, 0x13, 0x8a, 0x91,
    0x80, 0xb, 0x6, 0x80, 0x3c, 0x60, 0x1, 0x6,
    0x90, 0xb0, 0x2, 0xe1, 0x42, 0x80, 0x62, 0xc,
    0xaa, 0x78, 0x6c, 0x41, 0xc1, 0xe8, 0x69, 0xc0,
    0x3a, 0x4c, 0x55, 0x42, 0x8c, 0xe, 0x20, 0xcb,
    0xaa, 0x1, 0xe1, 0xcf, 0xfd, 0x62,

    /* U+51C0 "净" */
    0x0, 0xfe, 0x2a, 0x50, 0xf, 0xf1, 0xc0, 0x7,
    0xd2, 0xa0, 0x1f, 0xf5, 0x3a, 0x80, 0x72, 0xa0,
    0x6c, 0x47, 0x8, 0x6, 0x80, 0x80, 0xc, 0x36,
    0x0, 0x77, 0xf0, 0x7, 0xb, 0x12, 0x80, 0x5a,
    0x33, 0xff, 0xa0, 0x18, 0x40, 0x3a, 0xc2, 0x40,
    0x16, 0x6c, 0xc0, 0x9, 0x61, 0x24, 0x3, 0xc4,
    0x86, 0x66, 0x40, 0xe7, 0x7a, 0x28, 0xd, 0xdc,
    0xc0, 0x1d, 0xa2, 0xed, 0x21, 0x11, 0x9c, 0x0,
    0xf1, 0xb, 0x0, 0xe6, 0xe4, 0x6, 0xff, 0xce,
    0x19, 0xff, 0x10, 0x7, 0xff, 0x98, 0x75, 0xbb,
    0xff, 0x9c, 0x33, 0xfe, 0x22, 0x7f, 0x90, 0x0,
    0xa4, 0x32, 0xef, 0xc6, 0xc, 0xef, 0x8, 0x9d,
    0xcc, 0x0, 0xc0, 0x47, 0x88, 0xe4, 0xa, 0x88,
    0x8c, 0xd1, 0x2, 0x0, 0x28, 0x18, 0x7, 0xff,
    0x18, 0x88, 0x80, 0x9, 0xaa, 0xca, 0x11, 0x55,
    0x18, 0x7, 0x28, 0x68, 0x1, 0x95, 0x71, 0x2,
    0x2a, 0xc2, 0x20, 0xd, 0x60, 0xe0, 0xf, 0xfe,
    0x70, 0xcf, 0xfd, 0x80, 0x11, 0x19, 0x84, 0x3,
    0xff, 0x8d, 0x41, 0x40, 0x1f, 0x88, 0x4, 0x3,
    0xf7, 0x1b, 0x0, 0x74, 0xde, 0x28, 0x10, 0x7,
    0xe6, 0xc0, 0xf, 0x1a, 0x19, 0xac, 0x3, 0xff,
    0x8b, 0x5f, 0xec, 0x40, 0xf, 0xe0,

    /* U+51CF "减" */
    0x0, 0xff, 0xe1, 0xb2, 0x0, 0x80, 0x78, 0x48,
    0x3, 0xfe, 0x9f, 0xc, 0xb0, 0xe, 0xe9, 0x0,
    0xff, 0x85, 0xc2, 0x12, 0x80, 0x32, 0xa1, 0x0,
    0x7f, 0x8c, 0x0, 0xb2, 0xc0, 0x1a, 0x42, 0xc0,
    0x7f, 0xff, 0x11, 0xff, 0xa4, 0xf4, 0x2, 0x32,
    0x70, 0x8, 0x95, 0x7c, 0x20, 0xab, 0x90, 0x3,
    0x50, 0xa0, 0x1, 0x6a, 0xbc, 0xa1, 0x55, 0xa4,
    0x3, 0x28, 0x68, 0x7, 0xf0, 0x80, 0x4a, 0xe0,
    0x1c, 0x55, 0x20, 0x12, 0xff, 0xe8, 0x30, 0x10,
    0xea, 0x0, 0xf2, 0x80, 0x66, 0x6e, 0xde, 0x3,
    0x5, 0x70, 0xf, 0x10, 0x6, 0x39, 0x9c, 0xa2,
    0xc, 0x43, 0x80, 0x1c, 0xba, 0xa0, 0x11, 0xc4,
    0x63, 0x20, 0x25, 0x4, 0x0, 0xed, 0x4, 0x0,
    0x95, 0xdf, 0x23, 0x7, 0x51, 0x10, 0x3, 0x94,
    0x84, 0x3, 0xf, 0x70, 0x40, 0x81, 0x4a, 0x80,
    0x38, 0x49, 0x0, 0x3c, 0x22, 0x0, 0x8c, 0x81,
    0x80, 0x39, 0xc3, 0x0, 0xc3, 0xc0, 0x3e, 0x50,
    0x61, 0x0, 0xed, 0x5, 0x1, 0x1, 0x1, 0x77,
    0x8, 0x0, 0xc3, 0x0, 0xa, 0xa0, 0x2, 0x20,
    0x0, 0xa0, 0xa0, 0x8, 0x80, 0x1, 0x54, 0x18,
    0x0, 0xc9, 0x5, 0xd, 0x0, 0x60, 0x1b, 0x7f,
    0xe4, 0xa3, 0x33, 0x80, 0x15, 0x41, 0xc0, 0xe0,
    0x2a, 0x80, 0x1c, 0x5a, 0x3b, 0x42, 0xa2, 0x7e,
    0x4, 0xa2, 0x12, 0x1a, 0x1, 0x93, 0x47, 0x45,
    0x8a, 0xb0, 0x1c, 0x26, 0x80, 0x9c, 0x58, 0x3,
    0x38, 0xe1, 0x80, 0x3c, 0x8e, 0x44, 0x3, 0x15,
    0xd0, 0x7, 0x1f, 0x18, 0x4, 0x5b, 0xcc, 0x0,

    /* U+51ED "凭" */
    0x0, 0xf2, 0x8, 0x7, 0xff, 0x21, 0x2e, 0x0,
    0x3f, 0x9, 0xac, 0x18, 0x7, 0xd0, 0x10, 0xac,
    0xf1, 0x57, 0xbf, 0xd9, 0x4e, 0xc0, 0x1e, 0x73,
    0x71, 0xa9, 0x87, 0x72, 0x92, 0x4d, 0xef, 0xa8,
    0x7, 0x14, 0x4, 0x86, 0xf7, 0xfb, 0x64, 0x39,
    0x90, 0x80, 0x3c, 0x3e, 0x1, 0x88, 0x40, 0x3f,
    0xf8, 0x7a, 0x40, 0x14, 0x4c, 0xf5, 0x87, 0x4c,
    0xf8, 0x7, 0xd, 0xd4, 0x0, 0xac, 0xdc, 0x60,
    0x8c, 0xde, 0x1, 0x7, 0x80, 0xb, 0x7f, 0xfa,
    0x2, 0xbf, 0xfc, 0x0, 0xc8, 0x0, 0xff, 0xe8,
    0x3b, 0xf6, 0x7, 0xbb, 0xf0, 0x80, 0x7f, 0x44,
    0x72, 0x2, 0xc4, 0x71, 0x80, 0x71, 0x8, 0x3,
    0xff, 0xff, 0x82, 0x40, 0x1d, 0x1c, 0x20, 0x1f,
    0xfc, 0xa6, 0xbb, 0xfe, 0x0, 0xff, 0xe0, 0xfa,
    0x27, 0xf0, 0x80, 0x7f, 0xf0, 0xc, 0x37, 0xff,
    0x8c, 0x3, 0xff, 0x84, 0xc0, 0x60, 0x1f, 0xf3,
    0xd8, 0x7, 0x8c, 0xc4, 0x20, 0x1f, 0xf7, 0x20,
    0x7, 0x16, 0x84, 0x0, 0x79, 0xc0, 0x39, 0x48,
    0x2, 0x19, 0xd1, 0x85, 0x0, 0xf1, 0x6, 0x55,
    0x30, 0xdc, 0x0, 0x9c, 0xc5, 0x6e, 0x1, 0xf5,
    0x99, 0x2a, 0x8c, 0xd0, 0x0, 0x45, 0x9d, 0x40,
    0xf, 0xc5, 0x9f, 0xfb, 0x8, 0x0,

    /* U+51FA "出" */
    0x0, 0xfe, 0x75, 0x0, 0xff, 0xe2, 0xc, 0x70,
    0x7, 0xf8, 0x84, 0x3, 0xff, 0x80, 0x42, 0x0,
    0x1d, 0xd0, 0x7, 0xfc, 0x3b, 0xa0, 0xf, 0xff,
    0xf8, 0x7, 0xff, 0x30, 0xf7, 0x76, 0x2, 0x6e,
    0xec, 0x0, 0xf8, 0x8b, 0x80, 0x4, 0x5c, 0xe,
    0x0, 0x1f, 0xff, 0x70, 0x27, 0xff, 0xac, 0x1,
    0x2c, 0x1, 0xff, 0xc2, 0xa7, 0x16, 0xa0, 0xf,
    0xfe, 0x8, 0xad, 0x0, 0x7f, 0xff, 0xc0, 0x3f,
    0xf9, 0x47, 0x77, 0xda, 0xb, 0x77, 0xda, 0x1,
    0xc8, 0x9c, 0x60, 0x28, 0x9c, 0x60, 0x1, 0xff,
    0xff, 0xe1, 0xe8, 0x0,

    /* U+51FB "击" */
    0x0, 0xfe, 0x16, 0x30, 0xf, 0xfe, 0x3a, 0xcd,
    0x80, 0x7f, 0xfa, 0xcf, 0x33, 0xe9, 0x6, 0xcc,
    0xf9, 0x80, 0x27, 0x33, 0xf8, 0x80, 0x4c, 0xfe,
    0xe0, 0x9, 0x3f, 0xfe, 0xb0, 0x7f, 0xff, 0xa0,
    0x3, 0xff, 0xf1, 0x9f, 0xff, 0xac, 0x1f, 0xff,
    0xf8, 0x58, 0xcf, 0xf1, 0x0, 0x99, 0xff, 0xd,
    0x66, 0x7e, 0x90, 0x6c, 0xcf, 0xe0, 0x9, 0x64,
    0x80, 0x3f, 0xf8, 0x12, 0xe0, 0x1d, 0x8c, 0x20,
    0x1f, 0xfc, 0x6, 0xa0, 0xf, 0xff, 0xf8, 0x7,
    0xff, 0x23, 0xee, 0xf4, 0x3, 0x5d, 0xf0, 0x7,
    0xc2, 0x6, 0x89, 0x8c, 0x5, 0x13, 0x80, 0x3e,
    0x8f, 0xff, 0xfe, 0x10, 0x7, 0x0,

    /* U+5206 "分" */
    0x0, 0xff, 0xe1, 0x10, 0x7, 0xff, 0x11, 0xe4,
    0x80, 0x1b, 0x80, 0x1f, 0xfc, 0x31, 0x86, 0x30,
    0x2, 0x8b, 0x0, 0x7f, 0xf0, 0xa4, 0x1c, 0x40,
    0x12, 0x16, 0x1, 0xff, 0xc1, 0x37, 0x19, 0x0,
    0x85, 0xca, 0x40, 0x3f, 0xe1, 0xd0, 0xb1, 0x0,
    0xd0, 0x2c, 0x80, 0x1f, 0xea, 0x16, 0x50, 0xf,
    0x58, 0x51, 0x0, 0x7e, 0xc4, 0x39, 0x0, 0xf9,
    0x58, 0x70, 0xc0, 0x38, 0x70, 0xcd, 0xa0, 0x1f,
    0xd2, 0xa3, 0x8a, 0x1, 0x2f, 0x9a, 0x68, 0x80,
    0x7f, 0xad, 0x82, 0xa4, 0x1, 0x62, 0xd7, 0xdf,
    0xff, 0xf7, 0x4c, 0x81, 0xa4, 0x32, 0xa4, 0x11,
    0x6, 0x2, 0x89, 0xe0, 0x9, 0xb5, 0x20, 0x9,
    0x40, 0x17, 0x6f, 0x7, 0xbb, 0xf0, 0x8, 0x0,
    0xac, 0x40, 0x3e, 0x60, 0x10, 0xe, 0x10, 0x30,
    0xf, 0xfe, 0x6, 0x86, 0x80, 0x71, 0x80, 0x80,
    0x7f, 0xf0, 0x10, 0x1c, 0x3, 0x84, 0x1c, 0x3,
    0xfe, 0x13, 0x22, 0x0, 0x73, 0x80, 0x80, 0x7f,
    0xd6, 0x14, 0x1, 0xe2, 0x2, 0x0, 0xff, 0x3a,
    0x93, 0x80, 0x7b, 0x83, 0xc0, 0x3f, 0xd, 0x40,
    0xf8, 0x7, 0x9, 0xb0, 0x10, 0x7, 0xcd, 0xea,
    0x58, 0x40, 0x11, 0xff, 0x60, 0x82, 0x0, 0x78,
    0x60, 0x5f, 0x48, 0x3, 0x1a, 0x21, 0x5f, 0x44,
    0x3, 0xc3, 0xba, 0x80, 0xf, 0xae, 0xd5, 0x4,
    0x1, 0xe0,

    /* U+5207 "切" */
    0x0, 0xff, 0xe7, 0x5f, 0x88, 0x7, 0xff, 0x30,
    0x48, 0xbf, 0xe0, 0xf, 0xf3, 0xee, 0xff, 0xc8,
    0x1, 0xfc, 0x48, 0x90, 0x1, 0x13, 0x8, 0x7,
    0xfc, 0x97, 0x70, 0x15, 0xde, 0x40, 0x70, 0xf,
    0xfe, 0x61, 0x23, 0x5, 0xe7, 0x79, 0x80, 0x42,
    0x1, 0x84, 0x4, 0xbf, 0x6c, 0x81, 0x4c, 0xc,
    0x0, 0x20, 0x1e, 0x70, 0x32, 0x22, 0x31, 0x6,
    0x7f, 0x61, 0x81, 0x83, 0x80, 0x7e, 0xdb, 0x96,
    0x2, 0x0, 0xe1, 0x1, 0x0, 0xc2, 0x2, 0x1,
    0xff, 0xc0, 0x60, 0x20, 0xf, 0xfe, 0x39, 0x7,
    0x0, 0x63, 0x0, 0xff, 0xe1, 0x70, 0x10, 0x7,
    0xff, 0x1d, 0x1, 0x40, 0x30, 0x88, 0x3, 0xf9,
    0x78, 0x8, 0x86, 0x20, 0x1f, 0xfc, 0x12, 0xba,
    0x12, 0xb0, 0xb0, 0xf, 0x18, 0x7, 0x38, 0x62,
    0x1e, 0x83, 0x3, 0x0, 0x61, 0x1, 0x0, 0xc4,
    0x60, 0x9, 0xc2, 0xf0, 0x81, 0x0, 0xc4, 0x1,
    0xe3, 0x14, 0xe6, 0xb, 0x23, 0x70, 0xc, 0x7e,
    0xa, 0x1, 0x87, 0x2c, 0x42, 0xd0, 0x74, 0x2,
    0xef, 0xc3, 0xa, 0x0, 0xe2, 0x0, 0x42, 0xe,
    0x8, 0x4, 0x82, 0x6f, 0xa6, 0x1, 0xfa, 0x1b,
    0x8, 0x3, 0x57, 0x64, 0x10, 0x0,

    /* U+5212 "划" */
    0x0, 0xc2, 0x20, 0xf, 0xfe, 0x8, 0x80, 0x76,
    0x70, 0x1a, 0x80, 0x7f, 0xb7, 0x80, 0x30, 0x80,
    0x2a, 0x8c, 0x1, 0x88, 0x80, 0x1f, 0xce, 0x0,
    0x95, 0x94, 0x0, 0xaf, 0x44, 0x3, 0xff, 0x81,
    0x47, 0x0, 0x1f, 0xfc, 0x21, 0x1, 0x0, 0x6c,
    0x2a, 0x80, 0x3f, 0xf8, 0x6, 0x13, 0x2c, 0xeb,
    0xa8, 0x0, 0xfe, 0x6c, 0xe6, 0x7, 0x61, 0x57,
    0xaf, 0x0, 0xfe, 0xf2, 0x53, 0x9, 0xfd, 0xa8,
    0x52, 0x0, 0xfe, 0x9e, 0xba, 0x3, 0x0, 0xad,
    0x80, 0x3f, 0xf8, 0x24, 0x4, 0x0, 0x54, 0xe0,
    0xf, 0xfe, 0xb, 0x7, 0x80, 0x2c, 0x60, 0x3,
    0xff, 0x82, 0x40, 0x61, 0x43, 0x40, 0x1f, 0xfc,
    0x31, 0x67, 0x55, 0x20, 0x7, 0xff, 0xd, 0x4a,
    0xe, 0x80, 0x3f, 0xf8, 0x84, 0x3, 0xa0, 0x1f,
    0xfc, 0x48, 0x60, 0x71, 0x0, 0x4a, 0x0, 0x80,
    0x7e, 0x1a, 0x72, 0x17, 0x0, 0x9f, 0x82, 0x3c,
    0x40, 0x39, 0x7d, 0x55, 0xac, 0x2a, 0x4, 0x3a,
    0x1, 0xfd, 0x1, 0x34, 0x12, 0x16, 0x34, 0x8,
    0x1, 0xc2, 0x40, 0xc, 0xf6, 0x0, 0xc, 0xf,
    0x39, 0x98, 0x1, 0x3b, 0xdc, 0x15, 0x1, 0x10,
    0x6, 0x77, 0x9, 0x70, 0x5, 0xc4, 0x66, 0x7a,

    /* U+5217 "列" */
    0x0, 0xff, 0xee, 0xe7, 0x88, 0x3, 0xbb, 0xfe,
    0x60, 0xf, 0xf1, 0x9e, 0x11, 0x19, 0xf0, 0x16,
    0xb8, 0x7, 0xdb, 0xb7, 0x3, 0x6e, 0xf3, 0x1,
    0x70, 0x7, 0xfa, 0xc3, 0x40, 0x3f, 0xf8, 0xea,
    0x28, 0x1, 0xff, 0xc6, 0x42, 0x1c, 0xce, 0x30,
    0xf, 0xfe, 0xf, 0x80, 0x91, 0x46, 0x67, 0x0,
    0xff, 0xe0, 0x1a, 0x23, 0xbb, 0x20, 0x30, 0x7,
    0xff, 0x3, 0xc2, 0x0, 0x32, 0x11, 0x0, 0x3f,
    0xe5, 0x30, 0xb0, 0x9, 0x1, 0x0, 0x3f, 0xe1,
    0xb0, 0x27, 0xb0, 0x7, 0x85, 0x0, 0x7f, 0xd4,
    0x33, 0x88, 0x8b, 0x24, 0x33, 0x0, 0x7f, 0x85,
    0x95, 0x86, 0xd3, 0x60, 0x24, 0x3, 0xfe, 0x1c,
    0xa0, 0xa, 0xc9, 0x4d, 0x40, 0x3f, 0xf8, 0x2,
    0x1, 0x8a, 0x83, 0x80, 0x3f, 0xf8, 0xa3, 0xe3,
    0x24, 0x1, 0x8b, 0xe4, 0x3, 0xf8, 0x70, 0x99,
    0x80, 0x1f, 0xfc, 0x43, 0xf2, 0x69, 0x0, 0xff,
    0x9, 0x80, 0x80, 0x1b, 0x5, 0xe4, 0x3, 0xf2,
    0x6f, 0x70, 0xc, 0x0, 0x52, 0x15, 0x0, 0x1f,
    0xca, 0x42, 0x4d, 0xa0, 0x2, 0x9d, 0x50, 0xf,
    0xf0, 0xff, 0xb6, 0x44, 0x0,

    /* U+5219 "则" */
    0x0, 0xff, 0xe5, 0x88, 0xff, 0x0, 0x7d, 0x5e,
    0x0, 0x1e, 0xef, 0xe1, 0x0, 0xff, 0xe0, 0x12,
    0x27, 0x10, 0x6, 0xeb, 0x0, 0xfc, 0x97, 0x7c,
    0xa0, 0x1f, 0xfc, 0x5c, 0x70, 0xf, 0xfe, 0x30,
    0x9f, 0x0, 0x7f, 0xff, 0xc0, 0x3f, 0xfc, 0x86,
    0x2, 0x1, 0xff, 0xc6, 0x10, 0xf0, 0xf, 0xfe,
    0x32, 0x81, 0x0, 0x7f, 0xf1, 0xb4, 0x18, 0x3,
    0xff, 0x84, 0x3d, 0x24, 0x85, 0x13, 0x1c, 0x20,
    0x1f, 0xf0, 0x87, 0x4, 0x13, 0x50, 0x80, 0x5d,
    0x60, 0x1f, 0xa8, 0xd5, 0x52, 0xeb, 0x60, 0x1f,
    0xf0, 0xe2, 0x9d, 0x0, 0x21, 0xd3, 0x0, 0x38,
    0x5c, 0x0, 0xdc, 0x6b, 0x80, 0x1a, 0x19, 0x40,
    0x2c, 0xee, 0x12, 0x1, 0x84, 0xd0, 0x7, 0xa6,
    0x40, 0x12, 0x12, 0xc5, 0x2, 0xfb, 0x0, 0x7f,
    0xf0, 0x23, 0x29, 0xc4, 0x0,

    /* U+521A "刚" */
    0x0, 0xff, 0xe2, 0xc7, 0xd, 0x7f, 0xff, 0xa4,
    0x3, 0x84, 0x40, 0x12, 0xaf, 0xe0, 0x9, 0xac,
    0x3, 0xea, 0xaf, 0xc0, 0x17, 0x20, 0x80, 0x78,
    0x5c, 0x2, 0x2a, 0x30, 0xf, 0xfe, 0x3, 0x42,
    0x0, 0x29, 0x44, 0x3, 0xff, 0x80, 0xe5, 0x20,
    0x5, 0x32, 0x0, 0xff, 0xe0, 0xc9, 0x32, 0x15,
    0x0, 0x7f, 0xf0, 0x91, 0x11, 0x0, 0x60, 0xf,
    0xfe, 0x1c, 0x9, 0xb0, 0x7, 0xff, 0x10, 0xcc,
    0x14, 0x1, 0xff, 0xc4, 0x23, 0x4, 0x0, 0xff,
    0xe2, 0x48, 0x14, 0x80, 0x7f, 0xf0, 0xd1, 0xd,
    0x2, 0xc0, 0x1f, 0xfc, 0x29, 0x8, 0x52, 0xb0,
    0xf, 0xfe, 0xc, 0x14, 0x8, 0x51, 0x20, 0x7,
    0xff, 0x1, 0x4d, 0xc0, 0xc, 0x2, 0x1, 0x47,
    0x88, 0x7, 0xb7, 0x80, 0x21, 0xd5, 0x0, 0xff,
    0xe0, 0x90, 0x6, 0x23, 0x1, 0x0, 0xe2, 0x1,
    0x0, 0xfa, 0xb3, 0x1, 0xa0, 0x6, 0xbd, 0x41,
    0x0, 0xfc, 0x24, 0x70, 0xa0, 0x12, 0x1a, 0xe8,
    0x57, 0x80, 0x75, 0xf6, 0x38, 0x4, 0xdf, 0xd4,
    0x60,

    /* U+521B "创" */
    0x0, 0xf8, 0x84, 0x3, 0xff, 0x91, 0x9c, 0x20,
    0x1f, 0xd7, 0xc0, 0x1f, 0x40, 0x90, 0x7, 0x88,
    0x40, 0xe, 0x20, 0x1e, 0x47, 0x2, 0xf2, 0x0,
    0x87, 0x6c, 0x3, 0xf8, 0xa8, 0x36, 0x47, 0x50,
    0x3, 0xff, 0x82, 0x3e, 0x34, 0x4d, 0x61, 0x6a,
    0x1, 0xff, 0xe, 0x14, 0x28, 0x1, 0x30, 0x29,
    0x80, 0x3f, 0x8f, 0xca, 0x1c, 0x3, 0x1e, 0x4,
    0x98, 0x7, 0xc7, 0x82, 0xc4, 0xab, 0xe0, 0xba,
    0x30, 0xf, 0x8d, 0x70, 0xea, 0xbe, 0xb4, 0x50,
    0xf, 0xea, 0x30, 0x5, 0x5d, 0xe0, 0xf, 0xfe,
    0x2a, 0x27, 0x0, 0x7f, 0xf2, 0x44, 0x3c, 0x3,
    0xff, 0x8e, 0x60, 0x1f, 0xfc, 0x81, 0xa0, 0x20,
    0xf, 0xfe, 0x2d, 0x73, 0x8a, 0x0, 0x7f, 0xf1,
    0x66, 0x2b, 0x84, 0x0, 0x27, 0xa0, 0x1f, 0xfc,
    0x3, 0x75, 0x4, 0x40, 0x3, 0x1c, 0x3, 0xff,
    0x89, 0xb6, 0x40, 0x1f, 0xf1, 0x80, 0x7c, 0x40,
    0x40, 0x1f, 0xf0, 0x86, 0xcc, 0xa2, 0x6d, 0x8,
    0x2, 0x68, 0xa3, 0x0, 0xe9, 0x43, 0x66, 0x3b,
    0x21, 0x70, 0x5, 0x4e, 0xa0, 0xe0, 0x18, 0x6f,
    0xfd, 0xdd, 0x7e, 0x98, 0x5, 0xf5, 0x9d, 0x0,

    /* U+521D "初" */
    0x0, 0xd2, 0xc0, 0x1f, 0xfc, 0x87, 0xa0, 0xf,
    0xfe, 0x42, 0x98, 0x4, 0x91, 0x1f, 0xf0, 0x7,
    0x18, 0x10, 0x0, 0xdd, 0xff, 0xe1, 0x4, 0xaa,
    0x20, 0x4d, 0x2b, 0x5d, 0x94, 0x26, 0xef, 0x10,
    0x8, 0x1a, 0xa8, 0xc1, 0x14, 0x85, 0x10, 0x40,
    0x89, 0xc0, 0x19, 0xfb, 0xb1, 0x82, 0x80, 0x42,
    0x1, 0xff, 0x8, 0xca, 0x6c, 0x40, 0x1c, 0x60,
    0x18, 0xc4, 0x3, 0xd2, 0x30, 0x4, 0x0, 0x20,
    0x10, 0xc, 0x26, 0x1, 0xd4, 0x54, 0x27, 0xaa,
    0xe, 0x1, 0xf0, 0x80, 0x66, 0x50, 0x51, 0xe2,
    0x50, 0x11, 0x0, 0x7f, 0x92, 0x40, 0x9, 0xa5,
    0xc0, 0x2, 0x30, 0xc, 0x20, 0xe0, 0x4, 0xb3,
    0x40, 0xa3, 0x83, 0x1, 0x6, 0x0, 0xf0, 0x82,
    0x59, 0x68, 0x82, 0x5, 0x88, 0x28, 0x18, 0x6,
    0x30, 0x9, 0x4f, 0x4, 0x1, 0x4e, 0x7a, 0x18,
    0x16, 0x1, 0x84, 0xc, 0x7, 0x4, 0x3, 0x44,
    0x2c, 0x14, 0x4c, 0x3, 0xc2, 0x1, 0xfc, 0xee,
    0x42, 0x60, 0xe, 0x70, 0xf, 0xfe, 0xc, 0xc,
    0x80, 0x7d, 0xe0, 0x1f, 0xe6, 0x38, 0x10, 0xe,
    0x30, 0x10, 0xf, 0xe3, 0x94, 0x60, 0xe, 0x2a,
    0x2, 0x0, 0xfc, 0x5a, 0x54, 0x1, 0x5f, 0x7e,
    0x90, 0xa0, 0x7, 0xea, 0x1f, 0x10, 0x8, 0xc4,
    0x9, 0xbc, 0x3, 0xd5, 0xe3, 0x1e, 0x40, 0x1a,
    0x3f, 0xdb, 0x22, 0x0,

    /* U+5220 "删" */
    0x0, 0xff, 0xe3, 0xbe, 0x88, 0x0, 0xbb, 0xb4,
    0x85, 0x77, 0x63, 0x0, 0xdc, 0x40, 0x18, 0x4d,
    0x44, 0x81, 0x85, 0x48, 0x40, 0x11, 0x0, 0xf,
    0xd7, 0x62, 0x0, 0x8e, 0xe4, 0x2, 0x44, 0x0,
    0x7f, 0xff, 0xc0, 0x3f, 0xfb, 0x97, 0xe1, 0x78,
    0x4b, 0x86, 0x6c, 0x80, 0xe7, 0x0, 0xff, 0x18,
    0x7, 0xff, 0x1a, 0xf8, 0x23, 0x9, 0x70, 0xcd,
    0x90, 0x1c, 0xe0, 0x1f, 0xe3, 0x0, 0xe7, 0x0,
    0xff, 0xe0, 0xb8, 0x7, 0x84, 0x3, 0xff, 0x84,
    0x20, 0xc0, 0x18, 0xc4, 0x3, 0xff, 0x82, 0x40,
    0x20, 0x18, 0x48, 0x3, 0xce, 0x1, 0xed, 0x2,
    0x0, 0x88, 0x38, 0x3, 0xb2, 0xc0, 0x3c, 0x86,
    0x1, 0x90, 0x14, 0xc, 0x3, 0xfc, 0x83, 0x60,
    0x64, 0x3a, 0x6, 0x2, 0x1, 0xf8, 0x43, 0xc1,
    0xa3, 0x0, 0x91, 0x4b, 0xa0, 0x8, 0x16, 0x69,
    0x88, 0x2, 0x61, 0xb7, 0xad, 0x9, 0x25, 0x55,
    0x88, 0x13, 0x2a, 0x70, 0x2, 0xe4, 0xe, 0x15,
    0x5c, 0x61, 0x74, 0x80, 0x7, 0xff, 0x59, 0x80,

    /* U+5224 "判" */
    0x0, 0xe1, 0x20, 0xf, 0xfe, 0x33, 0x6a, 0x0,
    0x7f, 0xbf, 0x1, 0xcc, 0x3, 0xe7, 0x80, 0xf,
    0x84, 0x27, 0xc0, 0x3c, 0x30, 0x61, 0x5e, 0x20,
    0x1d, 0x6, 0xa0, 0x1d, 0x21, 0x0, 0x1f, 0xcc,
    0x50, 0x1, 0x85, 0xd4, 0xc0, 0x3f, 0xd6, 0x4a,
    0x1, 0x58, 0x40, 0x7, 0xfc, 0xca, 0x80, 0x16,
    0xc9, 0x0, 0x7f, 0x8c, 0xd2, 0x5c, 0x6, 0x8a,
    0x64, 0x1, 0xf8, 0x73, 0x33, 0x4, 0x66, 0x52,
    0x1, 0xf8, 0x5d, 0xf2, 0x2, 0xbb, 0xdc, 0x1,
    0xfd, 0x11, 0xb0, 0x3a, 0x22, 0x50, 0xf, 0xfe,
    0x1b, 0x80, 0x7f, 0xf0, 0x19, 0xdf, 0x60, 0x5b,
    0xbe, 0x10, 0xf, 0xa2, 0x39, 0x1, 0xe2, 0x31,
    0x0, 0x7d, 0xb7, 0x78, 0x82, 0xef, 0x8c, 0x3,
    0xe3, 0x44, 0xc4, 0x68, 0x9c, 0x1, 0xff, 0xc0,
    0x70, 0xb0, 0xf, 0x57, 0x88, 0x7, 0xc3, 0x20,
    0xc0, 0x1f, 0xfc, 0x4d, 0x18, 0x10, 0xf, 0xf2,
    0x80, 0x80, 0x2c, 0xd1, 0xc0, 0x3f, 0x67, 0x7d,
    0x2, 0x3, 0x22, 0x2c, 0x3, 0xf9, 0x44, 0xd,
    0xe0, 0x1a, 0xac, 0x3, 0xfd, 0x3f, 0xec, 0x80,

    /* U+522B "别" */
    0x0, 0xff, 0xe3, 0xed, 0x0, 0x7, 0xff, 0xf8,
    0x3, 0xe3, 0x60, 0xc, 0x4c, 0xdc, 0x20, 0x10,
    0xfc, 0x80, 0x7e, 0x79, 0x9e, 0x20, 0xf, 0xff,
    0x63, 0xc4, 0x71, 0x0, 0x7f, 0xf0, 0x89, 0xdf,
    0x84, 0x3, 0xff, 0x80, 0x3d, 0xc6, 0xc, 0xee,
    0xc0, 0x1f, 0xfc, 0x1, 0x10, 0x0, 0x84, 0x70,
    0x7, 0xff, 0x4d, 0xbf, 0xe6, 0xe, 0xff, 0xc6,
    0x1, 0xfc, 0x68, 0x90, 0x1, 0x12, 0x20, 0xf,
    0xf9, 0x6e, 0xe1, 0x3b, 0xb9, 0x40, 0x40, 0x3f,
    0xf8, 0x2, 0x26, 0x0, 0xff, 0xe3, 0x38, 0x78,
    0x4, 0x20, 0x60, 0x29, 0xe0, 0x1f, 0xa8, 0x10,
    0x3, 0x84, 0x1, 0x6c, 0x1, 0xf3, 0x1b, 0x8,
    0x4, 0x40, 0x1f, 0xfc, 0x3, 0x91, 0x80, 0x8,
    0x50, 0x40, 0x3c, 0x62, 0xe0, 0x98, 0x14, 0x29,
    0x59, 0xc0, 0xc0, 0x13, 0x66, 0xe0, 0x18, 0x70,
    0x4a, 0x3, 0xa9, 0x93, 0xc0, 0x4, 0xa6, 0x44,
    0x78, 0xa, 0xd6, 0x0, 0x1f, 0xfb, 0x60, 0x3,
    0x1f, 0xfb, 0x60, 0x0,

    /* U+5230 "到" */
    0x0, 0xff, 0xe3, 0x4e, 0x89, 0xdd, 0xff, 0xd4,
    0x1, 0xc4, 0x40, 0x74, 0x4f, 0xfe, 0x0, 0x67,
    0x0, 0x72, 0x7f, 0xd8, 0x7, 0xff, 0xdc, 0x2,
    0x1, 0xfe, 0xe0, 0xe0, 0x29, 0x0, 0xff, 0xe1,
    0x49, 0x49, 0x2, 0x34, 0x80, 0x7f, 0xf0, 0x15,
    0x95, 0x80, 0xc, 0xac, 0x80, 0x1f, 0xe4, 0xa0,
    0xe4, 0x56, 0x61, 0x5, 0x8, 0x7, 0xf5, 0x0,
    0x2e, 0xd5, 0x32, 0x70, 0x1b, 0x0, 0xfe, 0x89,
    0xab, 0xc0, 0x3e, 0xff, 0x23, 0x80, 0x7f, 0x33,
    0x15, 0xc, 0x0, 0x20, 0x9, 0xd0, 0xf, 0xfe,
    0x39, 0x0, 0x7f, 0x91, 0x57, 0x0, 0xaa, 0xe3,
    0x0, 0xfe, 0x9a, 0xac, 0x5, 0x55, 0xac, 0x3,
    0xfb, 0xae, 0xf0, 0x15, 0xde, 0xa0, 0xf, 0xe3,
    0x44, 0xc0, 0x28, 0x98, 0x80, 0x3f, 0xf9, 0x59,
    0x80, 0xf, 0xf1, 0x0, 0xb3, 0xcd, 0xe1, 0x89,
    0x0, 0x74, 0xef, 0x7f, 0xb4, 0xa, 0x61, 0x90,
    0x40, 0x30, 0xa8, 0x8, 0xa, 0xa9, 0xa2, 0x6b,
    0x37, 0xfd, 0xa6, 0x6c, 0xde, 0x12, 0x9, 0xcb,
    0xa9, 0x76, 0x53, 0x20, 0xc, 0x64, 0x41, 0x5f,
    0x0, 0xff, 0xe2, 0x77, 0xf5, 0x10, 0x0,

    /* U+5236 "制" */
    0x0, 0xf4, 0xc8, 0x3, 0xfc, 0x6a, 0x1, 0x2c,
    0x88, 0x22, 0x0, 0x3f, 0xd5, 0x41, 0x0, 0x7b,
    0x0, 0x7f, 0xf1, 0xd0, 0x84, 0x3, 0xfa, 0x7c,
    0x40, 0x38, 0xc4, 0xbb, 0x84, 0x4e, 0xec, 0xe0,
    0x1f, 0xd6, 0x8, 0xaa, 0x0, 0x2a, 0xe2, 0x0,
    0xfe, 0x61, 0xbb, 0x88, 0x97, 0x79, 0x40, 0x3f,
    0x11, 0xc8, 0x7, 0xff, 0x19, 0xec, 0x59, 0xa3,
    0x33, 0x37, 0x0, 0x7e, 0x89, 0x9e, 0x11, 0x4c,
    0xf0, 0x7, 0xee, 0xbb, 0xe2, 0x1b, 0xbd, 0x80,
    0x1f, 0x8d, 0x13, 0x80, 0xd1, 0x31, 0x80, 0x7f,
    0xa, 0x26, 0x33, 0x22, 0x61, 0x0, 0xfe, 0x5b,
    0xbc, 0x22, 0xbb, 0xca, 0x1, 0xff, 0x45, 0x50,
    0x45, 0x54, 0x60, 0xf, 0xfe, 0x9, 0xaa, 0x8c,
    0xca, 0xac, 0x0, 0xff, 0xf0, 0xdd, 0x84, 0x3,
    0xff, 0x84, 0x40, 0xe0, 0x48, 0x1, 0xff, 0xc1,
    0x2e, 0x80, 0x20, 0xe, 0x50, 0x10, 0x0, 0xb8,
    0x6, 0x24, 0x6c, 0x10, 0x3, 0x56, 0x9a, 0x0,
    0x13, 0x8c, 0x3, 0xaa, 0x4c, 0x2, 0x31, 0x4a,
    0xb0,

    /* U+5237 "刷" */
    0x0, 0xff, 0xe3, 0x88, 0x80, 0x31, 0x17, 0xf8,
    0x40, 0x3a, 0x38, 0x40, 0x2c, 0xdd, 0xfe, 0x90,
    0x13, 0x0, 0xfe, 0x39, 0x9f, 0x80, 0x26, 0xc1,
    0x0, 0xfc, 0xcd, 0xf3, 0x80, 0x7f, 0xf6, 0x13,
    0x33, 0xda, 0x1, 0xff, 0xc3, 0x77, 0xf9, 0x38,
    0x3, 0xff, 0x80, 0x97, 0x74, 0x1d, 0xdc, 0xc0,
    0x1f, 0xfc, 0x45, 0x70, 0xf, 0xfe, 0x18, 0x99,
    0x15, 0xc0, 0x64, 0x41, 0x0, 0xff, 0xe0, 0xf,
    0xee, 0x9c, 0x33, 0x75, 0x60, 0x1f, 0xfc, 0xf,
    0x4, 0x95, 0x9, 0x90, 0x80, 0x7f, 0xc6, 0x2,
    0x4, 0xd8, 0xc, 0xc3, 0x0, 0xff, 0x98, 0x14,
    0x3, 0xff, 0x8e, 0x40, 0x40, 0x1f, 0xfc, 0x7b,
    0x21, 0x0, 0xff, 0xe3, 0x9a, 0x80, 0x7f, 0xcf,
    0xe2, 0x1, 0xca, 0x18, 0x1, 0xe2, 0x42, 0x30,
    0xf, 0xe9, 0x14, 0x0, 0xf3, 0x58, 0x50, 0x7,
    0x18, 0x8, 0x8d, 0x80, 0x1f, 0x0, 0x12, 0x6f,
    0x98, 0x1, 0xeb, 0x14, 0x80, 0x7a, 0x40, 0x4,
    0x20, 0x18, 0x80, 0x37, 0xb8, 0x37, 0x80,

    /* U+523B "刻" */
    0x0, 0xf9, 0x4, 0x3, 0xff, 0x8e, 0x97, 0x20,
    0x1f, 0xe9, 0xe1, 0x0, 0xf2, 0xb, 0x0, 0x7f,
    0x8c, 0x40, 0x4, 0xab, 0xc4, 0x2e, 0xab, 0x20,
    0x64, 0x80, 0x79, 0x2a, 0xb8, 0xc2, 0x2a, 0xb0,
    0x11, 0x0, 0x3c, 0x95, 0x52, 0x82, 0xd5, 0x75,
    0x80, 0x7f, 0x12, 0xac, 0x83, 0x4a, 0xa3, 0x5,
    0x50, 0x7, 0xff, 0x2, 0x46, 0xc0, 0x3, 0x12,
    0x1, 0xff, 0xc1, 0x46, 0x55, 0x0, 0x20, 0x7c,
    0x3, 0xff, 0x80, 0xd6, 0x0, 0xab, 0xb3, 0x30,
    0xc0, 0x3f, 0xf8, 0x1e, 0x0, 0x55, 0x22, 0xa,
    0x40, 0x3f, 0xf8, 0x37, 0x9b, 0xdc, 0x30, 0xe0,
    0x27, 0x0, 0xff, 0x88, 0xc8, 0x34, 0xe8, 0xc3,
    0xa0, 0x40, 0x3f, 0xf8, 0x5, 0x87, 0x2a, 0xe,
    0x72, 0x20, 0x1f, 0xf3, 0x69, 0x53, 0x2, 0x42,
    0x30, 0x7, 0xf8, 0xb2, 0x47, 0x14, 0x12, 0xca,
    0x80, 0x3f, 0xe5, 0x35, 0xf3, 0x5, 0xb0, 0xf1,
    0x0, 0xff, 0x9f, 0x28, 0x42, 0x28, 0x1, 0xc2,
    0x1, 0x64, 0x80, 0x7c, 0x60, 0x58, 0xe5, 0xac,
    0x7e, 0x40, 0x2, 0x20, 0x7, 0xc3, 0x3a, 0x6b,
    0xa5, 0x30, 0x38, 0x60, 0x1c, 0xe0, 0x21, 0x1c,
    0xc3, 0x54, 0x0, 0x9e, 0x47, 0x40, 0x17, 0x9e,
    0x44, 0x0, 0x18, 0x3f, 0x28, 0x7, 0x33, 0xc0,
    0x1, 0xcc, 0x13, 0xc0, 0x15, 0xd0, 0x1, 0xfa,
    0x18, 0x1, 0x9f, 0xeb, 0x20,

    /* U+524D "前" */
    0x0, 0xff, 0xe7, 0xb3, 0x80, 0x7d, 0x54, 0x10,
    0xf, 0xe1, 0x88, 0x18, 0x7, 0x1a, 0xa0, 0x80,
    0x7f, 0xd, 0x87, 0x0, 0x77, 0x85, 0x0, 0x79,
    0xe2, 0x36, 0x80, 0xc4, 0x6a, 0x31, 0xc8, 0x8e,
    0xa, 0x77, 0xe0, 0x37, 0x7c, 0xa0, 0x2e, 0xfe,
    0x1c, 0xee, 0xff, 0xe4, 0x8, 0xff, 0xf1, 0x80,
    0x2, 0x20, 0xa, 0xab, 0xf1, 0x0, 0x4, 0x2,
    0xde, 0x0, 0xc2, 0xab, 0xf9, 0x81, 0x39, 0x80,
    0x3f, 0xc9, 0xdd, 0xa0, 0x3, 0xff, 0x8a, 0x23,
    0x80, 0x3f, 0xf8, 0xad, 0x33, 0xac, 0x3, 0xff,
    0x88, 0x4c, 0xd8, 0xc0, 0x3f, 0xf8, 0x89, 0xff,
    0xa0, 0x3, 0xff, 0xb4, 0xb3, 0x3a, 0xc0, 0x3f,
    0xf8, 0x82, 0xcd, 0x8c, 0x3, 0xff, 0x88, 0x9f,
    0xfa, 0x0, 0x3f, 0xf9, 0xa9, 0xcc, 0x1, 0xff,
    0xc3, 0xf0, 0x70, 0x0, 0x80, 0x44, 0x1, 0xfe,
    0x8b, 0x70, 0x20, 0x9, 0x77, 0x84, 0x80, 0x3f,
    0xca, 0x72, 0x20, 0x13, 0x81, 0x2f, 0x0, 0x40,

    /* U+529E "办" */
    0x0, 0xfe, 0x10, 0xf, 0xfe, 0x57, 0x60, 0x7,
    0xff, 0x7c, 0x41, 0xc0, 0x3f, 0xf9, 0x6, 0x2,
    0x1, 0xff, 0xc2, 0xbf, 0xfe, 0xd0, 0x5f, 0xff,
    0x90, 0x3, 0xd8, 0x89, 0xc6, 0x4, 0x89, 0xc2,
    0xe, 0x1, 0xe7, 0xbb, 0xe9, 0x5, 0xbb, 0xe2,
    0x1, 0x0, 0xff, 0xe0, 0x10, 0x78, 0x7, 0x8,
    0x18, 0x7, 0xec, 0x70, 0x7, 0x1, 0x0, 0x71,
    0x80, 0x14, 0x3, 0xcc, 0x7c, 0x0, 0x20, 0x60,
    0xe, 0x10, 0xaa, 0x18, 0x7, 0x58, 0x58, 0x1,
    0x40, 0x80, 0x3c, 0x3e, 0x12, 0x1, 0x90, 0x8c,
    0x80, 0x84, 0x60, 0xc, 0x20, 0x68, 0x4a, 0x40,
    0x14, 0x84, 0x0, 0x14, 0x10, 0x3, 0x8c, 0x4,
    0x2c, 0x28, 0x0, 0xc4, 0x68, 0x0, 0xa0, 0xf0,
    0xe, 0x60, 0x70, 0x70, 0x60, 0x4, 0x7, 0x80,
    0x10, 0x85, 0x40, 0x38, 0x40, 0x40, 0x50, 0x50,
    0x35, 0xcc, 0x1, 0x21, 0x20, 0x1e, 0x30, 0x30,
    0x6, 0xba, 0x81, 0xc0, 0x2, 0x48, 0xdc, 0x3,
    0xc2, 0x1c, 0x0, 0x68, 0x10, 0xd, 0xc, 0x3c,
    0x1, 0xf7, 0x0, 0x80, 0x7e, 0x87, 0xd, 0x20,
    0xf, 0xb, 0x81, 0x0, 0x78, 0x6d, 0xc7, 0xc,
    0x3, 0x4d, 0x67, 0x8, 0x90, 0x3, 0xd0, 0x85,
    0x86, 0x1, 0xc4, 0xa6, 0xb, 0x80, 0x1f, 0x4b,
    0xe1, 0x0, 0x7a, 0x6f, 0xbe, 0x88, 0x3, 0xc0,

    /* U+529F "功" */
    0x0, 0xff, 0xe0, 0xbb, 0x0, 0x7f, 0xf2, 0x22,
    0xc0, 0x3f, 0xfa, 0x45, 0x55, 0xf4, 0x0, 0x61,
    0x0, 0xfc, 0x2a, 0xbf, 0x80, 0x3f, 0xf8, 0x27,
    0xdd, 0x1, 0xf7, 0x36, 0xae, 0xc0, 0x57, 0x7e,
    0x0, 0x84, 0x60, 0x0, 0x88, 0x15, 0x10, 0x2,
    0x89, 0xe0, 0xf, 0xfb, 0xb9, 0x80, 0x9d, 0xd8,
    0x80, 0x3f, 0xf8, 0x2, 0x20, 0x0, 0x8f, 0x0,
    0x7f, 0xf0, 0xdc, 0xc, 0x3, 0x18, 0x7, 0xff,
    0x8, 0x40, 0x40, 0x38, 0x40, 0x3f, 0xf8, 0x24,
    0x1c, 0x1, 0x84, 0x3, 0xff, 0x85, 0xc0, 0x40,
    0x1c, 0x60, 0x1f, 0xfc, 0x15, 0x6, 0x0, 0xff,
    0xe1, 0xa4, 0xa8, 0x98, 0x90, 0x7, 0x8, 0x7,
    0x18, 0x1f, 0xdb, 0x6b, 0x83, 0x80, 0x61, 0x0,
    0xd1, 0x7f, 0x80, 0x1, 0x6a, 0x98, 0xa, 0x0,
    0xc6, 0xe, 0x0, 0x44, 0x2, 0x46, 0xf4, 0xac,
    0x8a, 0x98, 0x6, 0x10, 0x10, 0x7, 0x67, 0xdb,
    0x90, 0x1, 0x1c, 0x20, 0x3, 0x98, 0xc, 0x0,
    0x46, 0x1, 0xc7, 0x61, 0x64, 0x2, 0x6a, 0xf6,
    0x1e, 0x1, 0xf9, 0x30, 0x25, 0x0, 0xb, 0x95,
    0x2, 0x6c, 0x1, 0xfb, 0x2, 0x18, 0x2, 0x46,
    0x79, 0xcc, 0x0, 0x7f, 0x46, 0xb8, 0x7, 0x4c,
    0x31, 0x80, 0x40,

    /* U+52A0 "加" */
    0x0, 0xc2, 0x20, 0xf, 0xfe, 0x3c, 0xf2, 0x0,
    0x7f, 0xf7, 0x5c, 0x3, 0xc8, 0xab, 0xf0, 0x6,
    0x10, 0x70, 0xf, 0x4d, 0x57, 0xc0, 0xff, 0xe6,
    0xb, 0xff, 0xc4, 0x1, 0x44, 0x61, 0x0, 0x12,
    0x20, 0x40, 0xd1, 0x2, 0x6, 0x0, 0x17, 0x7c,
    0x60, 0x5, 0xbb, 0x20, 0x75, 0xd9, 0x40, 0x3f,
    0xf8, 0x62, 0x6, 0x1, 0xff, 0xc6, 0x70, 0x10,
    0x3, 0x80, 0x80, 0x7f, 0xf0, 0x44, 0x40, 0x1f,
    0xfc, 0x72, 0x30, 0xf, 0xfe, 0x30, 0x83, 0x0,
    0x42, 0x1, 0xff, 0xc2, 0x50, 0x30, 0xf, 0xfe,
    0x36, 0x6, 0x80, 0x46, 0x20, 0x1f, 0xfc, 0x13,
    0x4, 0x0, 0xff, 0xe2, 0x8a, 0x10, 0x80, 0x7f,
    0xf1, 0x5c, 0x28, 0x3, 0x9, 0x80, 0x7f, 0xf0,
    0x20, 0x18, 0x3, 0xf8, 0x73, 0x31, 0x0, 0x1c,
    0x58, 0x40, 0x4d, 0xc0, 0x40, 0x31, 0x9e, 0x0,
    0x14, 0x5, 0x80, 0x3f, 0x20, 0x10, 0x2, 0x1f,
    0xfc, 0x40, 0x81, 0x4, 0x0, 0x63, 0x59, 0x80,
    0xf, 0xf3, 0x73, 0x80, 0x51, 0x94, 0xc0, 0x16,
    0xf0, 0x6, 0xdf,

    /* U+52A1 "务" */
    0x0, 0xfc, 0xc2, 0x1, 0xff, 0xc8, 0x79, 0xb0,
    0xf, 0xfe, 0x3a, 0x40, 0x71, 0x9f, 0xf0, 0x7,
    0xf1, 0x58, 0x2, 0xf3, 0x3f, 0x84, 0x3, 0xe2,
    0xc0, 0x2b, 0xbf, 0xa8, 0x41, 0x4, 0x3, 0xc5,
    0x82, 0x65, 0xc8, 0x9c, 0xf6, 0x2b, 0x60, 0x1e,
    0x4d, 0x1b, 0xc5, 0x56, 0x8, 0x1, 0xb0, 0x62,
    0x80, 0x3c, 0x36, 0x5a, 0x81, 0x4e, 0x7c, 0xf9,
    0x25, 0x8e, 0x1, 0xf0, 0xee, 0x88, 0x2, 0x87,
    0x8, 0x32, 0xc3, 0x0, 0xfe, 0x20, 0x8, 0x5f,
    0x5c, 0x10, 0x4b, 0xad, 0x84, 0x3, 0xf1, 0xc6,
    0x74, 0x1b, 0xf5, 0xf5, 0x22, 0x27, 0xb9, 0x4e,
    0x82, 0x2c, 0xfc, 0x72, 0x5b, 0xe0, 0x80, 0x2,
    0xdf, 0xdb, 0x92, 0xc5, 0xb0, 0xba, 0x46, 0x75,
    0x20, 0x33, 0x0, 0x39, 0x23, 0x3e, 0xe1, 0x82,
    0xec, 0x37, 0x11, 0x84, 0x51, 0x1f, 0x89, 0x1c,
    0x40, 0x2a, 0x77, 0xe0, 0x17, 0x7f, 0xc2, 0x1,
    0xec, 0xff, 0xce, 0x13, 0xff, 0xe3, 0x2, 0x0,
    0xff, 0x98, 0x1c, 0x3, 0xc4, 0x2, 0x1, 0xfe,
    0x91, 0x61, 0x0, 0xf0, 0x90, 0x7, 0xfa, 0x18,
    0xa0, 0x3, 0xc6, 0xc, 0x1, 0xf9, 0x31, 0xcb,
    0xc4, 0x3, 0xd2, 0x6, 0x1, 0xc2, 0xfb, 0x66,
    0xda, 0x40, 0x10, 0xe7, 0x7a, 0x85, 0x0, 0x71,
    0x41, 0xb6, 0xc8, 0x7, 0xb, 0x92, 0xbe, 0x10,
    0x7, 0x1e, 0x74, 0x90, 0x7, 0xd7, 0x95, 0x6,
    0x1, 0xc0,

    /* U+52A8 "动" */
    0x0, 0xff, 0xe0, 0xab, 0x0, 0x7f, 0xf1, 0xe6,
    0x40, 0x1f, 0x1d, 0x57, 0xe0, 0xf, 0xfe, 0x3,
    0x2a, 0xfe, 0x10, 0xf, 0xf9, 0x7b, 0xbf, 0x8,
    0x0, 0x40, 0x3f, 0x84, 0x7f, 0x4d, 0xd8, 0x82,
    0xef, 0x8c, 0x3, 0xfc, 0x89, 0x0, 0x11, 0x39,
    0xc0, 0x3f, 0xdb, 0xfe, 0x12, 0xff, 0xa4, 0x0,
    0xb5, 0x5f, 0xd2, 0x1, 0xf0, 0x83, 0xea, 0xaf,
    0xf3, 0x80, 0x4, 0x40, 0x1e, 0x8e, 0xe8, 0x45,
    0xdd, 0xc0, 0x13, 0x80, 0x5e, 0x2, 0x2, 0x22,
    0x17, 0x11, 0xc0, 0x1, 0x1, 0x0, 0xfe, 0xa0,
    0xd3, 0xc4, 0x0, 0x8c, 0xc, 0x2, 0x10, 0x30,
    0x9, 0xc5, 0x4, 0xfc, 0x2, 0x60, 0xe0, 0x8,
    0xc0, 0x32, 0x8b, 0x81, 0x22, 0x8, 0x0, 0x60,
    0x60, 0x1c, 0x20, 0xe, 0xa, 0x0, 0x78, 0x58,
    0x3, 0x41, 0x40, 0x21, 0x0, 0x89, 0xc, 0xc0,
    0x4, 0x16, 0x0, 0x29, 0x8, 0x4, 0xe0, 0x14,
    0x83, 0xd6, 0x77, 0x88, 0x2b, 0x5, 0x0, 0x70,
    0x81, 0x20, 0x22, 0x99, 0x91, 0x43, 0xa0, 0x18,
    0x3, 0x19, 0x80, 0x9a, 0x2f, 0x7f, 0x6e, 0x9c,
    0x5, 0xc4, 0x91, 0xb0, 0x18, 0x1, 0x2e, 0x84,
    0x1, 0xb9, 0xa, 0x1, 0xee, 0x4c, 0x3c, 0x3,
    0xfd, 0x1, 0xc0, 0x4, 0x68, 0xbf, 0x40, 0xf,
    0xf7, 0xd9, 0x80, 0x6, 0x5d, 0x0, 0x20,

    /* U+52BF "势" */
    0x0, 0xe1, 0x20, 0xf, 0x10, 0x80, 0x7f, 0xf0,
    0x5f, 0x50, 0x3, 0xb6, 0xc0, 0x3f, 0xf9, 0x46,
    0x1, 0xfc, 0x31, 0x16, 0x87, 0x44, 0xa, 0x20,
    0xb, 0x11, 0x8c, 0x3, 0x13, 0xbc, 0x80, 0xae,
    0xe6, 0x77, 0x1, 0xbb, 0xe4, 0x0, 0xc7, 0xff,
    0x48, 0x5f, 0xf9, 0x3f, 0x41, 0xbf, 0xdc, 0x1,
    0xff, 0xc1, 0x43, 0x20, 0xb, 0x80, 0x3f, 0xc2,
    0x8f, 0x41, 0x76, 0xac, 0xfe, 0x2, 0x0, 0x8,
    0x78, 0x6, 0xee, 0x5c, 0x18, 0x36, 0x4d, 0x29,
    0x87, 0x90, 0x7, 0x8, 0x1, 0xa7, 0x3e, 0x43,
    0x4c, 0x13, 0x80, 0x97, 0x68, 0x44, 0x41, 0x72,
    0x10, 0xc6, 0x1, 0x38, 0x1, 0x2c, 0x73, 0x51,
    0x4c, 0x9c, 0x13, 0x80, 0x24, 0x5a, 0x1, 0x8,
    0xb1, 0xc1, 0x2b, 0xb1, 0x59, 0x68, 0xb0, 0x5,
    0x74, 0x6a, 0x40, 0x2, 0xc2, 0x0, 0x90, 0x1c,
    0xc9, 0xc4, 0x2, 0xdd, 0x7d, 0x0, 0x10, 0x80,
    0x3f, 0x67, 0x40, 0x4, 0x75, 0x48, 0x8c, 0x61,
    0x51, 0x1f, 0x38, 0x80, 0x65, 0x77, 0xf0, 0x1,
    0xdf, 0xf5, 0x0, 0x73, 0x7f, 0xf5, 0x2, 0x7f,
    0xfc, 0x2, 0x1, 0xff, 0x48, 0x70, 0x7, 0x84,
    0x18, 0x3, 0xfd, 0x26, 0x65, 0x0, 0xf2, 0x81,
    0x80, 0x7e, 0x5d, 0x62, 0xe0, 0xf, 0xbc, 0x38,
    0x3, 0x92, 0x7a, 0x89, 0x70, 0x80, 0x29, 0xce,
    0xf4, 0x5, 0x0, 0xd7, 0x66, 0x16, 0xca, 0x10,
    0xd, 0xc6, 0x8, 0xfa, 0x40, 0x1b, 0xda, 0xfe,
    0x4c, 0x3, 0xcf, 0xfd, 0x70, 0x40, 0x18,

    /* U+52E4 "勤" */
    0x0, 0x88, 0x40, 0x31, 0x8, 0x4, 0x24, 0x1,
    0xfb, 0x60, 0x2, 0x2d, 0x60, 0x9, 0xb4, 0x80,
    0x30, 0x9a, 0x1, 0x19, 0xce, 0x1c, 0x66, 0x0,
    0xfc, 0x99, 0x60, 0x99, 0x95, 0x3, 0x67, 0x0,
    0x46, 0x1, 0x97, 0x30, 0xb, 0x99, 0x58, 0x36,
    0x78, 0x78, 0x7, 0xc6, 0x60, 0x16, 0x68, 0xc3,
    0x8d, 0xe1, 0x2, 0x62, 0x26, 0x0, 0x89, 0xa2,
    0xae, 0x88, 0x43, 0x9c, 0xc1, 0xdf, 0x68, 0x5,
    0xba, 0xc0, 0x9d, 0xd3, 0x5, 0x6a, 0x86, 0xec,
    0x20, 0x5, 0xdd, 0xb0, 0x27, 0x76, 0xc1, 0x20,
    0x1, 0x14, 0x22, 0x2, 0x25, 0xc5, 0x82, 0x44,
    0x4, 0xc0, 0x2, 0x1, 0xfc, 0xea, 0xe1, 0xaa,
    0xa6, 0x0, 0x9c, 0x40, 0x31, 0x80, 0x5d, 0xfc,
    0x11, 0xfe, 0x50, 0x8, 0x4c, 0x3, 0xcd, 0x77,
    0x81, 0xae, 0xec, 0x0, 0x18, 0x80, 0x4, 0x4,
    0xd, 0x9a, 0x70, 0x3, 0x34, 0x20, 0x1, 0x70,
    0xf, 0x7e, 0xed, 0x80, 0xdb, 0xb8, 0xc4, 0x8,
    0x0, 0x61, 0xe1, 0xf9, 0x95, 0x83, 0x66, 0x63,
    0x20, 0xe0, 0xf, 0x95, 0x62, 0x3, 0x55, 0x9c,
    0x10, 0xc, 0x0, 0x20, 0x20, 0xf3, 0x38, 0x16,
    0x66, 0x80, 0xc0, 0x40, 0xf, 0x2f, 0xfd, 0xc1,
    0x1f, 0xf6, 0xa, 0x28, 0x4, 0xc0, 0x64, 0x88,
    0x55, 0x30, 0x5c, 0xd5, 0xe4, 0x4, 0x89, 0x24,
    0x83, 0x4d, 0xda, 0xa9, 0x2, 0x25, 0x11, 0x3b,
    0x19, 0xab, 0x6c, 0xc8, 0xeb, 0x75, 0xdf, 0xee,
    0xdc, 0xba, 0x10, 0xf0, 0xf5, 0x7a, 0xd0, 0x12,
    0x20, 0x80, 0x7d, 0x54, 0x30, 0x4a, 0x85, 0x0,
    0x0,

    /* U+52FF "勿" */
    0x0, 0xf1, 0x20, 0x7, 0xff, 0x1e, 0x2d, 0x40,
    0x3f, 0xf8, 0xa2, 0xa2, 0xa0, 0x1f, 0xfc, 0x58,
    0x9, 0x0, 0xff, 0xe2, 0x93, 0x4, 0x7f, 0xff,
    0xf0, 0x28, 0x3, 0x48, 0x11, 0x98, 0x0, 0x67,
    0x0, 0xc, 0xc4, 0x6, 0x1, 0x32, 0x1e, 0xe6,
    0x0, 0x73, 0x1a, 0x9, 0x98, 0xb0, 0x10, 0x0,
    0xc8, 0x70, 0x1, 0x1, 0xc0, 0xa, 0x6, 0x0,
    0x10, 0xf0, 0x6, 0x84, 0x10, 0x3, 0x83, 0x40,
    0x6, 0x1a, 0x0, 0xf0, 0x10, 0xa3, 0x47, 0x0,
    0xa, 0x8a, 0x0, 0x30, 0x10, 0x0, 0x20, 0x60,
    0xc3, 0x40, 0x14, 0x84, 0x80, 0x48, 0x42, 0x0,
    0x30, 0x10, 0xcc, 0x8, 0x0, 0x5c, 0x18, 0x0,
    0xa0, 0xa0, 0x10, 0x83, 0x80, 0x8, 0x2, 0xb0,
    0x81, 0x0, 0x70, 0x58, 0x4, 0xe0, 0x20, 0x1c,
    0xaa, 0x27, 0x0, 0x1a, 0x19, 0x80, 0x21, 0x3,
    0x0, 0xc7, 0x41, 0xc0, 0x14, 0x4, 0x80, 0x63,
    0x1, 0x0, 0x8f, 0x42, 0x4c, 0x0, 0xa8, 0x4a,
    0x1, 0x84, 0x3, 0x26, 0xb, 0xb0, 0x0, 0xa8,
    0x38, 0x3, 0x8, 0x8, 0x1, 0xec, 0x1e, 0x0,
    0x3, 0xe0, 0xc6, 0x1, 0x8c, 0x3, 0x78, 0x4c,
    0x0, 0x7, 0x48, 0xe4, 0x3, 0x98, 0x8, 0x1,
    0x1a, 0xc0, 0x1, 0xd3, 0x2d, 0x0, 0xf7, 0x3,
    0x0, 0x44, 0x0, 0x3f, 0x31, 0xf1, 0x0, 0x4e,
    0x77, 0xa8, 0x70, 0x7, 0xe, 0x9, 0x79, 0x0,
    0x5c, 0x62, 0x24, 0xb4, 0x0, 0xe1, 0xb4, 0xc1,
    0x0, 0xcf, 0xfe, 0xeb, 0x40, 0x0,

    /* U+5305 "包" */
    0x0, 0xf2, 0x18, 0x7, 0xff, 0x20, 0x6f, 0x8,
    0x3, 0xff, 0x8f, 0x20, 0xa4, 0x1, 0xff, 0xc6,
    0x27, 0x5, 0xff, 0xff, 0xb4, 0x3, 0xe9, 0x2,
    0x33, 0xff, 0x80, 0x3f, 0x2a, 0xe, 0xe6, 0x7f,
    0xc0, 0x1f, 0x15, 0x5, 0x80, 0x7f, 0xf0, 0x44,
    0x3, 0xf, 0x82, 0x28, 0x7, 0xff, 0x1b, 0x48,
    0x89, 0xff, 0xfa, 0x80, 0x3f, 0x8c, 0x87, 0x0,
    0x55, 0x7c, 0x1, 0xc2, 0x1, 0xc7, 0x98, 0x10,
    0x2a, 0xae, 0xb0, 0xf, 0x9c, 0x3, 0x11, 0x0,
    0x3f, 0xfb, 0x26, 0x1, 0xfe, 0x3b, 0xbe, 0xa0,
    0xe, 0x10, 0x10, 0xf, 0xe4, 0x4f, 0x0, 0x73,
    0x81, 0x80, 0x7e, 0x3f, 0xff, 0xa8, 0x0, 0x70,
    0x1c, 0x1, 0xff, 0xc4, 0x4f, 0xf6, 0x19, 0x30,
    0x80, 0x7f, 0xf0, 0xd0, 0x91, 0xab, 0x46, 0x34,
    0x80, 0x3f, 0xf8, 0x5b, 0x72, 0xa0, 0x5, 0x20,
    0xe, 0x13, 0x10, 0xf, 0xfe, 0x1, 0x18, 0x10,
    0x6, 0x40, 0xec, 0xbb, 0xaa, 0xb5, 0xdb, 0x37,
    0x40, 0xa0, 0x1d, 0x6a, 0x26, 0x89, 0x2a, 0xe4,
    0x41, 0x91, 0x16, 0xc0, 0x38, 0x6b, 0xbf, 0xf7,
    0x76, 0xff, 0xdb, 0x42, 0x0,

    /* U+5316 "化" */
    0x0, 0xf9, 0x90, 0x2, 0x97, 0x0, 0xff, 0xe1,
    0x8c, 0xd0, 0x0, 0x5a, 0x80, 0x3f, 0xf8, 0x6c,
    0xc, 0x1, 0xff, 0xc8, 0x90, 0xa0, 0xf, 0xf8,
    0xc0, 0x3e, 0x71, 0x52, 0x0, 0xff, 0x4e, 0x28,
    0x7, 0xa4, 0x20, 0x3, 0xfc, 0xec, 0x2e, 0x1,
    0xd0, 0x26, 0x40, 0x1f, 0xcb, 0x1, 0xa4, 0x1,
    0x8d, 0xc0, 0x3f, 0xe6, 0xa0, 0xb3, 0x0, 0xef,
    0x0, 0xff, 0x9e, 0x42, 0xd0, 0x3, 0xa0, 0xc8,
    0x3, 0xfa, 0x60, 0x2d, 0x0, 0x39, 0x5c, 0x78,
    0x3, 0xf1, 0x30, 0xe2, 0x0, 0x7a, 0xc2, 0x88,
    0x3, 0xca, 0x0, 0x3f, 0x30, 0xf, 0xa2, 0x50,
    0x3, 0xd1, 0x60, 0x38, 0x20, 0x1f, 0x99, 0x80,
    0x1c, 0x9a, 0xe0, 0x3, 0x0, 0xff, 0xe2, 0x45,
    0x92, 0x68, 0x7, 0xe2, 0x10, 0xf, 0xd6, 0x57,
    0x63, 0x0, 0xfd, 0x7c, 0x60, 0x1f, 0x1e, 0xa0,
    0x7, 0xf8, 0xc0, 0x80, 0x3f, 0xe1, 0x0, 0xfc,
    0xc0, 0x20, 0x1f, 0xfc, 0x12, 0x10, 0xc, 0x46,
    0x40, 0x1f, 0xfc, 0x12, 0xe, 0xdc, 0xc6, 0xe8,
    0x14, 0x3, 0xff, 0x83, 0xe8, 0x4, 0x66, 0x21,
    0x58, 0x0, 0xe1, 0xfc, 0x0, 0xe2, 0xbf, 0xfe,
    0xea, 0x0, 0x0,

    /* U+5339 "匹" */
    0xbc, 0xcf, 0xfe, 0x2d, 0x82, 0x19, 0xff, 0xf1,
    0x54, 0x0, 0x3f, 0xf8, 0xc3, 0xbf, 0xc8, 0x1d,
    0xff, 0xb8, 0x3, 0xff, 0xf2, 0x20, 0x1f, 0xfd,
    0x92, 0x10, 0xf, 0xc2, 0x60, 0x1f, 0x8, 0x88,
    0x3, 0xf1, 0x63, 0x0, 0x79, 0x82, 0xc0, 0x3f,
    0x30, 0x10, 0x7, 0xc, 0x83, 0x0, 0x71, 0x0,
    0x30, 0x18, 0x3, 0xe, 0xc, 0x88, 0x4, 0x61,
    0x9d, 0xc6, 0x2, 0x0, 0x8b, 0x9, 0x98, 0x1,
    0xa5, 0x48, 0xc, 0xd6, 0x1, 0xe7, 0x90, 0xe,
    0x1a, 0xde, 0xdc, 0x40, 0xc, 0x5b, 0x0, 0x1f,
    0xfd, 0x81, 0xbb, 0xff, 0xe2, 0x88, 0x1, 0x13,
    0xff, 0x8a, 0x7f, 0xdd, 0xff, 0xc6, 0x20,

    /* U+533A "区" */
    0xdf, 0xff, 0xfe, 0x2d, 0x1, 0x81, 0x17, 0xff,
    0x10, 0xc0, 0x2d, 0xdf, 0xfe, 0x24, 0x80, 0x75,
    0x30, 0x7, 0xe8, 0xd3, 0x0, 0xf1, 0x24, 0xc8,
    0x3, 0xc6, 0xe4, 0x20, 0x1e, 0x2c, 0x26, 0xb0,
    0xc, 0x3a, 0x14, 0x40, 0x1f, 0x16, 0x1a, 0x60,
    0x80, 0x30, 0x5d, 0x40, 0x3f, 0x87, 0x10, 0xf0,
    0xac, 0x96, 0x0, 0x3f, 0xf8, 0x16, 0xa5, 0xa8,
    0x74, 0x1, 0xff, 0xc2, 0xa1, 0x0, 0x78, 0x7,
    0xff, 0x8, 0x70, 0x44, 0x1a, 0x40, 0x1f, 0xfc,
    0x2, 0xf3, 0x4e, 0x61, 0xc3, 0x0, 0xff, 0x2e,
    0x8a, 0xd8, 0x4b, 0xe, 0x18, 0x7, 0xe9, 0xa0,
    0x7a, 0x0, 0xa5, 0x83, 0xc, 0x3, 0x8f, 0x58,
    0x2e, 0x0, 0x3a, 0x58, 0x34, 0x80, 0x31, 0x1,
    0xea, 0x0, 0x7d, 0x2a, 0x44, 0x0, 0xc3, 0x98,
    0x20, 0xf, 0xea, 0xd0, 0xe, 0xba, 0xbb, 0xff,
    0xe0, 0x55, 0xd8, 0x80, 0x8, 0x9f, 0xfc, 0x56,
    0xef, 0xff, 0xfe, 0x32, 0x0,

    /* U+533F "匿" */
    0x0, 0xff, 0xe4, 0x8f, 0xff, 0xff, 0x1c, 0x2,
    0x26, 0x6f, 0xfe, 0x23, 0x80, 0x4d, 0x33, 0xb9,
    0xee, 0x67, 0x20, 0x4c, 0xd0, 0x1, 0xca, 0xb6,
    0x8a, 0xaf, 0x12, 0xae, 0x30, 0xc, 0x35, 0x52,
    0x84, 0x55, 0x60, 0x3a, 0xaa, 0x40, 0x30, 0xff,
    0xd0, 0x19, 0x7f, 0xf0, 0xa7, 0xfd, 0x40, 0x1f,
    0x92, 0x12, 0xd8, 0x1, 0x1e, 0x1, 0xfc, 0xef,
    0x20, 0x50, 0xb, 0xb8, 0x4d, 0xde, 0x50, 0xe,
    0x88, 0xe2, 0x8, 0x8f, 0xde, 0x1, 0xdf, 0xf5,
    0x3, 0x7f, 0xff, 0x50, 0x7, 0xcb, 0x43, 0x88,
    0x9f, 0x10, 0x7, 0xe8, 0xa0, 0x1a, 0xbb, 0xf9,
    0x40, 0x3c, 0x9a, 0xe8, 0xf, 0xdd, 0xeb, 0x0,
    0xfd, 0xe7, 0x50, 0x1e, 0x23, 0xe7, 0x0, 0xfd,
    0x3e, 0xa0, 0xd, 0x55, 0xf2, 0x0, 0x7e, 0x21,
    0x0, 0x96, 0xab, 0xd0, 0x2, 0x1, 0xfc, 0x7f,
    0xff, 0xe6, 0x0, 0xff, 0xe7, 0x27, 0xff, 0xff,
    0x15, 0x5, 0xdf, 0xff, 0x8e, 0xc0,

    /* U+534A "半" */
    0x0, 0xfe, 0x29, 0x40, 0xf, 0xfe, 0xa, 0x80,
    0x73, 0x33, 0x0, 0x39, 0x0, 0x3d, 0x54, 0x40,
    0xf, 0xf8, 0x6b, 0x40, 0x3a, 0x2, 0x84, 0x3,
    0xfd, 0x62, 0xa0, 0x1c, 0x50, 0x36, 0x1, 0xfc,
    0x8a, 0x50, 0x1, 0xe7, 0x35, 0x40, 0xf, 0x86,
    0x83, 0x80, 0x3f, 0x78, 0x48, 0x7, 0xd4, 0x30,
    0x60, 0x1f, 0x8d, 0x8c, 0x80, 0x38, 0x94, 0xdc,
    0x3, 0xfd, 0x1e, 0x40, 0x1c, 0x5f, 0xa0, 0x1f,
    0x35, 0x55, 0x76, 0xaa, 0x78, 0x2d, 0x52, 0xed,
    0x55, 0x48, 0x5, 0x8a, 0xbf, 0x20, 0x12, 0xaf,
    0xce, 0x1, 0x57, 0xff, 0xd6, 0xf, 0xff, 0xf7,
    0x0, 0x7f, 0xf8, 0x84, 0x7f, 0xc0, 0x1, 0x1f,
    0xe0, 0xfe, 0xef, 0xd4, 0xf, 0xdd, 0xfc, 0x2c,
    0xdf, 0xc8, 0x6, 0xcd, 0xfc, 0x31, 0x33, 0xfb,
    0xc1, 0x26, 0x7f, 0x80, 0x3f, 0xff, 0xe0, 0x1f,
    0xfc, 0x20,

    /* U+534F "协" */
    0x0, 0x2c, 0x0, 0x7d, 0x2e, 0x1, 0xff, 0x7b,
    0x88, 0x7, 0x9a, 0xc0, 0x3f, 0xfb, 0xee, 0x1,
    0xff, 0xc4, 0x11, 0xc0, 0x1, 0x1e, 0x0, 0xff,
    0xf, 0x76, 0x4, 0xee, 0xe3, 0x0, 0xff, 0x22,
    0x60, 0x14, 0x48, 0x40, 0x40, 0x2f, 0xf2, 0x87,
    0x7c, 0x5d, 0xd2, 0x9, 0x77, 0x38, 0x18, 0x4,
    0x86, 0x20, 0x66, 0xe0, 0x8, 0x40, 0xc0, 0x23,
    0x1, 0x0, 0xaf, 0x10, 0x37, 0x1d, 0xb0, 0x9c,
    0x4, 0x2, 0x10, 0x54, 0x0, 0xfe, 0xa2, 0x28,
    0x38, 0x2, 0x70, 0xba, 0x0, 0xfc, 0x26, 0xe1,
    0xc0, 0x40, 0x10, 0x8a, 0x45, 0x80, 0x3e, 0x60,
    0xd0, 0x30, 0x60, 0x8, 0xcc, 0xe3, 0x0, 0x1f,
    0x49, 0x20, 0x28, 0x10, 0x4, 0x22, 0x6, 0x15,
    0x0, 0xe6, 0x1a, 0x3, 0x14, 0x0, 0xe7, 0x9,
    0xf, 0x0, 0xe2, 0x47, 0xa, 0xd, 0x0, 0x84,
    0x4, 0x6, 0x68, 0x3, 0x92, 0xc0, 0x58, 0x18,
    0x2, 0x30, 0xc, 0xc0, 0x1f, 0xd2, 0xe, 0x1,
    0x84, 0xc, 0x3, 0xfe, 0x37, 0x18, 0x0, 0xcc,
    0x2, 0x1, 0xfe, 0x1d, 0xa, 0x0, 0x89, 0x24,
    0x38, 0x3, 0xf8, 0x70, 0x61, 0x0, 0xb, 0xb6,
    0x62, 0xe0, 0x1f, 0xc6, 0xe, 0xe0, 0x9, 0x54,
    0xd3, 0xe2, 0x1, 0xea, 0xf1, 0x2d, 0x80, 0xe,
    0xa9, 0x61, 0x0, 0xe0,

    /* U+5355 "单" */
    0x0, 0xf2, 0x80, 0x7c, 0x68, 0x1, 0xff, 0x4d,
    0x28, 0x7, 0xbe, 0xc8, 0x3, 0xfd, 0x3, 0x62,
    0x1, 0x9c, 0xd8, 0x80, 0x3f, 0xc3, 0x22, 0x80,
    0x11, 0xc0, 0xc0, 0x7, 0xe1, 0xff, 0xa0, 0x2b,
    0xfe, 0xc0, 0x1e, 0xff, 0x48, 0x7, 0xc4, 0xef,
    0x98, 0x9, 0xdf, 0x30, 0x7, 0xf3, 0x44, 0x6b,
    0x7, 0x88, 0xd4, 0x1, 0xff, 0xd3, 0x4f, 0xfd,
    0xa0, 0xbf, 0xfb, 0x0, 0x3f, 0x85, 0x9b, 0x28,
    0x13, 0x36, 0x40, 0xf, 0xe5, 0x99, 0xd0, 0xf,
    0x33, 0xa0, 0x3, 0xff, 0xa6, 0xb7, 0x7a, 0x41,
    0x2e, 0xf7, 0x80, 0x7f, 0xa, 0x27, 0x0, 0xa2,
    0x63, 0x0, 0xf8, 0x7f, 0xfd, 0xa0, 0xbf, 0xfe,
    0x90, 0xf, 0xfe, 0x6a, 0xd5, 0x7e, 0x80, 0x7a,
    0xaf, 0xe0, 0xc5, 0x5f, 0xe0, 0x25, 0x5f, 0xe1,
    0x9e, 0xef, 0xd8, 0xb, 0xdd, 0xfc, 0x20, 0x23,
    0xfc, 0x0, 0x11, 0xfe, 0x0, 0xff, 0xf0, 0x80,

    /* U+5360 "占" */
    0x0, 0xf9, 0xe0, 0x3, 0xff, 0x8b, 0x4e, 0x20,
    0x1f, 0xfe, 0xcd, 0xcc, 0xfd, 0x40, 0x1f, 0xc6,
    0x7f, 0xce, 0x1, 0xfd, 0xdf, 0xff, 0xb4, 0x3,
    0xff, 0xdd, 0x55, 0xe2, 0xa, 0xaf, 0xc0, 0x1,
    0x55, 0xf0, 0x1, 0x15, 0x7e, 0x10, 0x8, 0xf7,
    0x7f, 0xf8, 0x4, 0x1, 0xe2, 0x2f, 0xfe, 0x0,
    0x7, 0xff, 0xfc, 0x3, 0xff, 0x9c, 0x7f, 0xff,
    0xfc, 0x2, 0x0, 0xf2, 0x27, 0xff, 0x0, 0x3,
    0xc7, 0x77, 0xff, 0xc0, 0x20, 0x8,

    /* U+5361 "卡" */
    0x0, 0xfe, 0x89, 0x0, 0xff, 0xe4, 0x2b, 0x0,
    0x7f, 0xfd, 0xbf, 0xff, 0x8, 0x7, 0xff, 0x5,
    0x13, 0xf0, 0x7, 0xff, 0xa, 0xef, 0xf0, 0x80,
    0x7f, 0xf8, 0x96, 0x67, 0xf1, 0x4, 0xcf, 0xf8,
    0x31, 0x9b, 0xf0, 0x1, 0x9b, 0xfc, 0x31, 0xbb,
    0xf8, 0x83, 0x77, 0xfc, 0x22, 0x22, 0xfc, 0x0,
    0x23, 0x22, 0xfc, 0x1, 0xff, 0xc0, 0x5e, 0x81,
    0x0, 0xff, 0xe3, 0x9, 0x3f, 0x38, 0x7, 0xff,
    0x15, 0x36, 0x86, 0x39, 0x40, 0x3f, 0xf8, 0xab,
    0xce, 0x35, 0x64, 0x1, 0xff, 0xc5, 0x8d, 0x34,
    0x90, 0xf, 0xfe, 0x31, 0x64, 0x40, 0x3, 0xff,
    0x90, 0xe6, 0x1, 0xff, 0xe2,

    /* U+5373 "即" */
    0x2, 0x44, 0xfc, 0x1, 0xff, 0x5d, 0xff, 0x0,
    0x2f, 0x33, 0xd2, 0x1, 0x4d, 0x56, 0x30, 0x9,
    0xc, 0xfc, 0x80, 0x13, 0xaa, 0xe7, 0x0, 0xc7,
    0xff, 0x84, 0x3, 0xff, 0x99, 0x31, 0x19, 0x80,
    0x3f, 0xf8, 0x4e, 0xfc, 0x40, 0x1f, 0xfc, 0x2e,
    0xff, 0xc8, 0x1, 0xff, 0xea, 0xba, 0xac, 0xa0,
    0x1f, 0xfc, 0x25, 0x5e, 0x11, 0x0, 0x7f, 0xf0,
    0x7b, 0xfd, 0xd7, 0xfc, 0x1, 0xff, 0xc4, 0xab,
    0x30, 0xf, 0xfe, 0x2c, 0x87, 0x80, 0x7f, 0xf1,
    0x88, 0xd8, 0x3, 0xe2, 0x11, 0x0, 0x64, 0xbd,
    0x20, 0x80, 0xe, 0x8f, 0xd0, 0x50, 0x30, 0xcb,
    0x45, 0xc7, 0x17, 0x0, 0xd6, 0x6b, 0x32, 0x25,
    0x2, 0x6d, 0xa3, 0x91, 0x0, 0xe3, 0xca, 0x60,
    0x24, 0x7e, 0x92, 0x0, 0xf, 0xb8, 0x7, 0xfa,
    0xe0, 0x40, 0x38, 0x40, 0x3f, 0xc0,

    /* U+5378 "卸" */
    0x0, 0xc4, 0xe4, 0x1, 0xff, 0xc7, 0xa8, 0x70,
    0xf, 0xfe, 0x3b, 0x2, 0x80, 0x7c, 0xef, 0xf0,
    0x6, 0x61, 0xf, 0xff, 0x68, 0xc4, 0x7c, 0x20,
    0x14, 0x2, 0x20, 0x41, 0x13, 0x0, 0x13, 0x32,
    0x40, 0xd, 0x2, 0xf7, 0x64, 0xa, 0xbb, 0x48,
    0x0, 0x4c, 0xe2, 0x0, 0x85, 0xc6, 0x0, 0x3f,
    0xf8, 0xc3, 0x94, 0x1, 0xff, 0xc7, 0x78, 0xfb,
    0xb9, 0x2, 0xae, 0xe3, 0x0, 0xfe, 0xd4, 0x4e,
    0x10, 0x44, 0xc0, 0x1f, 0xea, 0xff, 0xe5, 0xe,
    0xff, 0x8c, 0x3, 0xfe, 0x63, 0x0, 0xff, 0xe3,
    0x8c, 0xc8, 0x3, 0xff, 0x9d, 0xdf, 0xed, 0x0,
    0xff, 0xe3, 0x2a, 0xe0, 0xf, 0xfe, 0x35, 0xd5,
    0x20, 0x3, 0xff, 0xa0, 0xa0, 0x20, 0x1f, 0xca,
    0xd3, 0x60, 0x1b, 0xbc, 0xc8, 0x0, 0x48, 0xf,
    0x58, 0xa1, 0x72, 0xcc, 0x0, 0xce, 0x8f, 0x80,
    0x7b, 0x40, 0x4e, 0xe6, 0x8b, 0xdf, 0xd0, 0xd,
    0x37, 0x2, 0x5, 0x59, 0xdf, 0xb7, 0x2e, 0x84,
    0x1, 0xff, 0xa, 0x98, 0x80, 0x7f, 0xf1, 0x80,

    /* U+5386 "历" */
    0x0, 0xe, 0xef, 0xff, 0x18, 0xc0, 0x22, 0x2f,
    0xfe, 0x33, 0x80, 0x64, 0xff, 0xf4, 0xdf, 0xff,
    0xe4, 0x0, 0xff, 0xa6, 0x0, 0x3f, 0xf8, 0xe2,
    0xe, 0x1, 0xff, 0xd9, 0x8b, 0xba, 0x81, 0x6e,
    0xfd, 0x40, 0x1f, 0x91, 0x38, 0x5, 0x13, 0xca,
    0x1, 0xfb, 0x3b, 0xab, 0x6, 0xee, 0xe1, 0x10,
    0x7, 0x84, 0x0, 0x23, 0x80, 0x47, 0xe3, 0x0,
    0xc6, 0x1, 0xf1, 0x87, 0x0, 0x7f, 0xc2, 0x6,
    0x1, 0xd8, 0xa, 0x1, 0x84, 0x4, 0x3, 0x30,
    0x70, 0x7, 0x20, 0x18, 0x6, 0x30, 0x70, 0xd,
    0xa0, 0x40, 0x19, 0x45, 0x0, 0x3e, 0x10, 0xc,
    0x80, 0xe0, 0x1a, 0x3, 0x80, 0x38, 0x40, 0xc0,
    0x21, 0x32, 0x20, 0x5, 0x4, 0x45, 0x0, 0xe7,
    0x1, 0x0, 0x98, 0x14, 0x2, 0x67, 0xe, 0x0,
    0xf1, 0x87, 0x80, 0x52, 0x14, 0x0, 0x79, 0x9,
    0x30, 0x0, 0x92, 0x34, 0x81, 0x0, 0x1c, 0x50,
    0x82, 0xa0, 0x21, 0x80, 0x2d, 0xd5, 0xc8, 0x9a,
    0x80, 0x3c, 0x24, 0x0, 0x41, 0x4e, 0x1, 0xa5,
    0x15, 0xef, 0x0, 0x28, 0xe2, 0x0, 0x47, 0x28,
    0x7, 0x2d, 0xd4, 0x20, 0x6,

    /* U+538B "压" */
    0x0, 0x87, 0x33, 0xff, 0x8c, 0x20, 0x18, 0xcf,
    0xff, 0x8e, 0x1, 0xc9, 0xff, 0xf6, 0xf7, 0xff,
    0xc4, 0x1, 0xff, 0xc0, 0x2d, 0xd0, 0x7, 0xff,
    0xfc, 0x3, 0xff, 0x84, 0x20, 0x1f, 0xfc, 0x13,
    0x0, 0x2f, 0xff, 0x60, 0x1f, 0xff, 0x94, 0x3,
    0xc2, 0x23, 0x3f, 0x0, 0xc, 0xfc, 0xc0, 0x18,
    0x40, 0x9, 0x99, 0xdc, 0x7, 0x98, 0xdc, 0xc8,
    0xc0, 0x33, 0x81, 0x80, 0x7f, 0x9f, 0x8c, 0x3,
    0xe1, 0xe, 0x0, 0xff, 0x20, 0x69, 0x80, 0x7b,
    0x40, 0x80, 0x3f, 0xc7, 0x63, 0xa2, 0x1, 0xc6,
    0xe, 0x1, 0xff, 0x24, 0x8e, 0x80, 0x72, 0x9,
    0x0, 0x7f, 0xf0, 0x19, 0x80, 0x1c, 0xc0, 0xe0,
    0x1f, 0xfc, 0x29, 0xc0, 0xd, 0x61, 0x4f, 0x77,
    0xee, 0x2, 0xbb, 0xfa, 0x1, 0x89, 0xf, 0x11,
    0x3c, 0x60, 0x28, 0x9f, 0x82, 0x82, 0x2, 0xff,
    0xff, 0xf8, 0x98, 0x19, 0x66, 0x1, 0xff, 0xc7,

    /* U+539F "原" */
    0x0, 0xff, 0xe7, 0xf, 0xff, 0xff, 0x19, 0xc0,
    0x38, 0x55, 0x7e, 0x20, 0x35, 0x5f, 0x18, 0x7,
    0x2d, 0x57, 0xc0, 0xf, 0xaa, 0xf2, 0x0, 0x7f,
    0x8, 0xc6, 0x45, 0x8, 0xe0, 0xf, 0xfb, 0xbb,
    0x60, 0x17, 0x77, 0x58, 0x7, 0xfc, 0x53, 0x3f,
    0xc0, 0x1f, 0xfc, 0x11, 0x66, 0xfe, 0x0, 0xff,
    0xe0, 0x94, 0x47, 0xf0, 0x7, 0xff, 0x4, 0x5d,
    0xff, 0x80, 0x3e, 0x30, 0xe, 0x3f, 0xff, 0xe0,
    0xf, 0xe1, 0x0, 0xff, 0xe4, 0x30, 0x18, 0x4,
    0x7f, 0xff, 0xc0, 0x1f, 0x8, 0x70, 0x2, 0x62,
    0x33, 0x1, 0x44, 0x6e, 0x0, 0xed, 0x2, 0x0,
    0x3b, 0x91, 0xdd, 0x60, 0xce, 0xe4, 0x75, 0x0,
    0xe3, 0x7, 0x0, 0xa7, 0xc, 0x3, 0xa3, 0x18,
    0x3, 0x85, 0x4, 0x80, 0xa, 0xc6, 0x60, 0xe,
    0x83, 0x97, 0x0, 0xce, 0xe, 0x0, 0x4a, 0x2d,
    0x0, 0xfb, 0xe, 0x18, 0x2, 0x80, 0xa0, 0x4b,
    0x1f, 0x10, 0x3, 0x0, 0x76, 0x94, 0xa8, 0x38,
    0x99, 0xd6, 0x38, 0x44, 0xac, 0xb0, 0x20, 0x8,
    0x7c, 0x7c, 0x30, 0x3c, 0xe, 0x30, 0x80, 0x90,
    0xc9, 0x60, 0x3, 0x16, 0x50, 0x5d, 0x8c, 0x0,
    0xe4, 0x1, 0x77, 0xed, 0x8, 0x7, 0x10, 0x0,

    /* U+53BB "去" */
    0x0, 0xfe, 0x26, 0x20, 0xf, 0xfe, 0x3b, 0xca,
    0x80, 0x7f, 0xfa, 0xce, 0xab, 0xe9, 0xb, 0xaa,
    0xf9, 0x0, 0x27, 0x55, 0xf8, 0xc0, 0xd5, 0x7e,
    0x30, 0x9, 0x3f, 0xfe, 0xa0, 0x8f, 0xff, 0x9c,
    0x3, 0xff, 0xfe, 0x1, 0xff, 0xc3, 0xef, 0xff,
    0xd4, 0x11, 0xff, 0xfc, 0x2a, 0x67, 0xf0, 0x80,
    0x99, 0xff, 0x86, 0xf3, 0x3d, 0xc2, 0x1b, 0x99,
    0xfe, 0x0, 0xfd, 0xc1, 0x26, 0x5, 0xb0, 0x1,
    0xff, 0xc1, 0xa3, 0x66, 0x0, 0xc, 0x1d, 0xc0,
    0x1f, 0xf4, 0x2a, 0x48, 0x4, 0x38, 0x50, 0xa0,
    0x1f, 0xcc, 0xe7, 0x60, 0x1c, 0x3e, 0x34, 0x60,
    0x1f, 0x34, 0x96, 0x80, 0x78, 0x4e, 0xc3, 0x44,
    0x3, 0x15, 0xc8, 0x3, 0x76, 0xef, 0xfb, 0xb9,
    0x40, 0x3a, 0x1, 0x8d, 0x0, 0x4, 0x40, 0x15,
    0x45, 0x66, 0x3b, 0xa1, 0xe, 0x0, 0x21, 0xbc,
    0xef, 0xed, 0xcb, 0xb5, 0x4c, 0xa2, 0xf, 0x42,
    0x40, 0x19, 0xc, 0x40, 0x3f, 0xf8, 0x3, 0xb4,
    0x0,

    /* U+53C2 "参" */
    0x0, 0xff, 0x38, 0x7, 0xff, 0x20, 0x72, 0x1c,
    0x0, 0x42, 0x1, 0xff, 0xc2, 0x3f, 0x39, 0x70,
    0x7, 0x7a, 0x80, 0x7f, 0xf0, 0x1f, 0xf, 0x18,
    0x2, 0xe2, 0xaa, 0x8, 0x7, 0xe3, 0xc8, 0x39,
    0x75, 0x67, 0x8a, 0x50, 0x5f, 0x30, 0xf, 0x2e,
    0x18, 0x1d, 0xda, 0xa6, 0x1d, 0xe2, 0x30, 0xc7,
    0x0, 0xe5, 0xac, 0xc6, 0xea, 0x5f, 0x7f, 0xee,
    0xdc, 0xc1, 0x60, 0x7, 0x94, 0xcc, 0x47, 0xe,
    0x60, 0x1e, 0x2d, 0xa0, 0x8, 0x7f, 0xfd, 0xc2,
    0x1d, 0xff, 0xfb, 0xa4, 0x0, 0x2c, 0xdc, 0x40,
    0x4c, 0xd2, 0x0, 0xb3, 0x76, 0x0, 0x53, 0x3b,
    0xc8, 0x72, 0x66, 0xb5, 0x11, 0x4c, 0xe5, 0x0,
    0xf4, 0x49, 0x60, 0x80, 0x1b, 0x2d, 0x1e, 0xc4,
    0x3, 0xe4, 0xd7, 0x4c, 0x23, 0x9f, 0x91, 0x2b,
    0x74, 0xe8, 0x0, 0xc7, 0x76, 0x39, 0xdb, 0xec,
    0x64, 0xbd, 0x33, 0x55, 0x93, 0xf4, 0x90, 0xea,
    0x37, 0xb7, 0xaa, 0xa7, 0xad, 0x11, 0x79, 0x29,
    0xb2, 0xd, 0x3, 0xbd, 0x22, 0x13, 0xf6, 0xc0,
    0xfb, 0x68, 0xf4, 0x2, 0xdd, 0x30, 0x6, 0x20,
    0x10, 0xa4, 0x6f, 0x40, 0xcf, 0xc0, 0x47, 0x28,
    0x31, 0x0, 0x66, 0xde, 0xb7, 0x18, 0xdc, 0x62,
    0x8e, 0x73, 0x10, 0xf, 0x95, 0x9e, 0xff, 0x1c,
    0x96, 0xf5, 0xce, 0xf1, 0x0, 0x3e, 0x3b, 0x84,
    0x36, 0xbf, 0xa4, 0x6c, 0xc2, 0x0, 0x7e, 0x36,
    0x9c, 0xfc, 0x95, 0x55, 0x7c, 0x98, 0x7, 0xfa,
    0x25, 0x85, 0x67, 0x3a, 0x94, 0x3, 0xff, 0x83,
    0x39, 0xfb, 0x4c, 0x60, 0x1f, 0xfc, 0x10,

    /* U+53C8 "又" */
    0x1, 0xdd, 0xff, 0xe2, 0x38, 0x7, 0x11, 0x7f,
    0xf1, 0x38, 0x3, 0xf, 0xe8, 0x1f, 0xff, 0xf9,
    0x83, 0xc0, 0x3c, 0x44, 0x31, 0x0, 0xfe, 0x70,
    0x70, 0xf, 0xa8, 0x18, 0x3, 0xf2, 0x9, 0x88,
    0x7, 0xcc, 0x12, 0x1, 0xfb, 0x82, 0x80, 0x3f,
    0xa, 0x8a, 0x80, 0x78, 0x54, 0x18, 0x3, 0xfa,
    0x42, 0x0, 0x3d, 0x20, 0xe0, 0x1f, 0xe3, 0x31,
    0x38, 0x6, 0x27, 0x9, 0x0, 0xff, 0xbc, 0x20,
    0x40, 0x2e, 0x8, 0x10, 0xf, 0xf8, 0xd8, 0x34,
    0x1, 0x6, 0x4e, 0x1, 0xff, 0xc1, 0x82, 0x39,
    0x67, 0xe, 0x0, 0xff, 0xe1, 0xf, 0x83, 0x48,
    0x59, 0x80, 0x7f, 0xf0, 0xc9, 0x0, 0x6, 0x80,
    0x1f, 0xfc, 0x33, 0xd4, 0x0, 0x1e, 0x98, 0x7,
    0xff, 0x0, 0xab, 0x8, 0x9b, 0xa2, 0x26, 0x48,
    0x80, 0x7e, 0x2a, 0xd5, 0x8, 0xd2, 0x26, 0xb8,
    0x37, 0x40, 0x80, 0x65, 0xbd, 0x50, 0x5e, 0x70,
    0xd, 0x1a, 0x80, 0xfd, 0x26, 0x13, 0x48, 0xd,
    0xb4, 0x20, 0x1e, 0x2b, 0xc4, 0x6, 0xc8, 0xb1,
    0x7e, 0x92, 0x0, 0xff, 0x1d, 0xe3, 0x5, 0x17,
    0x40, 0x80, 0x7f, 0xf0, 0x8e, 0x7c, 0x80,

    /* U+53C9 "叉" */
    0x2, 0xbb, 0xff, 0xe2, 0x40, 0x6, 0x14, 0x4f,
    0xfe, 0x28, 0x6, 0x3f, 0x90, 0x8f, 0xfb, 0x3b,
    0xff, 0xac, 0x18, 0x3, 0xce, 0x16, 0x0, 0x4c,
    0x80, 0xe, 0xc0, 0xf0, 0xf, 0xa, 0x18, 0x82,
    0x13, 0x28, 0x6, 0x50, 0x50, 0xf, 0xb4, 0x18,
    0x1, 0xe1, 0x62, 0x0, 0x32, 0x50, 0xf, 0xcc,
    0x14, 0x0, 0x27, 0x1b, 0x0, 0x48, 0x70, 0x7,
    0xf3, 0x12, 0x80, 0x20, 0x48, 0x5, 0x49, 0x0,
    0x3f, 0xac, 0x20, 0x2, 0xf8, 0xb, 0x9, 0x0,
    0xff, 0x12, 0x93, 0x80, 0x4, 0x11, 0x51, 0x0,
    0x1f, 0xf5, 0x8c, 0x10, 0x0, 0x68, 0x68, 0x3,
    0xff, 0x80, 0x36, 0x1e, 0x22, 0xc1, 0xb1, 0x0,
    0xff, 0xe0, 0xab, 0x96, 0x69, 0x4a, 0x80, 0x7f,
    0xf0, 0xe1, 0x8, 0xd9, 0x80, 0x1f, 0xfc, 0x48,
    0x40, 0x3, 0x40, 0x7, 0xff, 0x9, 0xb9, 0xcb,
    0x68, 0x5f, 0x54, 0x3, 0xfc, 0xdb, 0x22, 0xfa,
    0x4b, 0xea, 0x55, 0x8a, 0x1, 0xc2, 0xfd, 0x24,
    0xbb, 0x0, 0x10, 0xd6, 0x19, 0xab, 0x5c, 0x42,
    0x3a, 0x5, 0x32, 0x88, 0x3, 0xc7, 0x96, 0x85,
    0x1c, 0xfc, 0xb, 0x96, 0x60, 0x1f, 0xe4, 0xbc,
    0x50, 0x26, 0xea, 0x30, 0xf, 0xfe, 0x11, 0xd7,
    0x28,

    /* U+53CA "及" */
    0x0, 0x36, 0x67, 0xff, 0xc, 0x3, 0xe1, 0x33,
    0xff, 0xe1, 0x88, 0x7, 0x9f, 0xfe, 0x80, 0xcf,
    0xff, 0x40, 0x20, 0x80, 0x7f, 0xbc, 0x1c, 0x3,
    0x8a, 0x2, 0x80, 0x3f, 0xe1, 0xd, 0x0, 0xe9,
    0x9, 0x10, 0xf, 0xf8, 0xc1, 0xc0, 0x33, 0x21,
    0xb0, 0x7, 0xff, 0x0, 0x40, 0x54, 0x2, 0xb0,
    0x3f, 0xfb, 0x80, 0x3f, 0x98, 0x45, 0x0, 0x13,
    0x99, 0xe0, 0x10, 0xf, 0xe2, 0x56, 0x25, 0x0,
    0x56, 0x65, 0x40, 0xc0, 0x1f, 0x88, 0xe, 0x42,
    0xc0, 0x3d, 0x61, 0x0, 0x1f, 0x90, 0x34, 0x60,
    0x68, 0x3, 0x41, 0x38, 0x80, 0x7e, 0xd0, 0x40,
    0x73, 0x56, 0x0, 0x23, 0x94, 0x0, 0x7e, 0x14,
    0x40, 0x80, 0x38, 0x65, 0x4a, 0x83, 0x80, 0x3f,
    0xa4, 0x38, 0x2, 0x2d, 0xa, 0xc1, 0x93, 0x0,
    0xfc, 0x2e, 0x2a, 0x1, 0x8d, 0xc0, 0x4d, 0x80,
    0x3f, 0xac, 0x20, 0x3, 0xa5, 0xc0, 0x4f, 0x8,
    0x3, 0xe5, 0x51, 0xb0, 0x4, 0xdc, 0xc5, 0x9e,
    0x87, 0xb0, 0x1, 0xc5, 0x41, 0xc0, 0x6, 0xd9,
    0x17, 0xd3, 0x1b, 0x90, 0x7e, 0x71, 0x0, 0x78,
    0x41, 0x4f, 0x49, 0x26, 0xc0, 0x6, 0x6e, 0x61,
    0x8e, 0x50, 0x44, 0x38, 0x28, 0xae, 0x59, 0x0,
    0x78, 0x67, 0x54, 0x50, 0x26, 0xc0, 0x1d, 0xca,
    0x30, 0xf, 0xf1, 0x57, 0x8,

    /* U+53CC "双" */
    0x1, 0xbb, 0xfd, 0xd, 0x77, 0xfc, 0x1, 0xc8,
    0x9f, 0x8f, 0xd1, 0x3f, 0x80, 0x30, 0xff, 0xfb,
    0x40, 0x64, 0x13, 0xff, 0x84, 0x40, 0x1e, 0x30,
    0xc, 0xe1, 0xa0, 0x4a, 0x1, 0x84, 0x4a, 0x1,
    0xcd, 0x8c, 0x1, 0x68, 0x18, 0x38, 0x80, 0x65,
    0x3, 0x0, 0xe7, 0x19, 0x20, 0x2, 0x2, 0x81,
    0x2, 0x0, 0x58, 0x18, 0x1, 0xc3, 0x41, 0xc0,
    0x26, 0x42, 0x18, 0x18, 0x1, 0x20, 0x20, 0x7,
    0x91, 0x8d, 0x9c, 0x14, 0x0, 0x80, 0x80, 0x1,
    0x34, 0x0, 0xfd, 0x3, 0x34, 0x16, 0x1, 0x21,
    0x90, 0x30, 0x68, 0x7, 0xe1, 0xb0, 0x32, 0x30,
    0xb, 0x41, 0x42, 0x81, 0x80, 0x3f, 0x94, 0x82,
    0x80, 0x33, 0x4, 0xb1, 0x30, 0x7, 0xf8, 0x88,
    0x14, 0x1, 0xce, 0x32, 0x10, 0x1, 0xfe, 0x90,
    0x12, 0x60, 0xd, 0x20, 0x7, 0x10, 0xf, 0xe5,
    0x43, 0xc0, 0x80, 0xc, 0x80, 0x4, 0x0, 0xfe,
    0x1b, 0xf, 0x26, 0x16, 0x0, 0x25, 0x1, 0x9a,
    0x80, 0x3f, 0x68, 0xc1, 0x85, 0x80, 0x82, 0xd8,
    0x5e, 0x92, 0xc8, 0x7, 0xa0, 0xd1, 0xc0, 0x5,
    0x8e, 0xea, 0xb, 0x41, 0xf1, 0x6a, 0x0, 0xcc,
    0xe3, 0x40, 0x18, 0xae, 0x6, 0xd0, 0x0, 0x58,
    0x2b, 0x62, 0x3, 0x21, 0xa2, 0x1, 0x2f, 0xa1,
    0x62, 0x0, 0x62, 0xc2, 0x4c, 0x1, 0xba, 0x30,
    0xc, 0x62, 0xba, 0x40, 0x1e, 0x2c, 0x35, 0x0,
    0x22, 0x80, 0x73, 0x65, 0x0, 0x7f, 0xe, 0x40,
    0x0,

    /* U+53CD "反" */
    0x0, 0xff, 0xe3, 0x12, 0x18, 0x7, 0xf0, 0x91,
    0xa3, 0x3c, 0xd6, 0x6f, 0xed, 0xc8, 0x7, 0xa7,
    0xfd, 0xdb, 0x97, 0x30, 0xca, 0x64, 0x44, 0x6f,
    0x0, 0xf1, 0x81, 0xa2, 0xb4, 0x4d, 0x66, 0xff,
    0xb6, 0xe5, 0x40, 0x3f, 0x6d, 0xd4, 0xbb, 0x29,
    0x90, 0x7, 0xff, 0x64, 0xc4, 0x7f, 0xf8, 0x0,
    0x1f, 0xed, 0xee, 0xff, 0xe0, 0x80, 0x7f, 0x18,
    0x81, 0x22, 0x7c, 0x60, 0x1f, 0xf6, 0xd0, 0x35,
    0xdf, 0xc8, 0xe, 0x1, 0xf0, 0x80, 0xa1, 0x21,
    0x80, 0x79, 0x82, 0xc0, 0x3e, 0x70, 0xa, 0xc3,
    0xc0, 0x39, 0xc5, 0x48, 0x3, 0xe1, 0x10, 0x1,
    0x88, 0xd8, 0x2, 0x28, 0xb, 0x0, 0xfc, 0x44,
    0x0, 0xb8, 0x24, 0xc0, 0x1e, 0x10, 0x20, 0x1f,
    0x10, 0x28, 0x4, 0x70, 0x1a, 0x78, 0x48, 0xe0,
    0x1f, 0x90, 0x3c, 0x3, 0x3b, 0xe, 0x19, 0xac,
    0x3, 0xfa, 0x81, 0xc0, 0x3b, 0x0, 0x24, 0x0,
    0xfe, 0x43, 0x41, 0x0, 0x8a, 0xe8, 0x10, 0x1f,
    0x50, 0x3, 0xe8, 0xf, 0x0, 0x1d, 0x6a, 0x15,
    0xdb, 0x4c, 0xaf, 0x14, 0x3, 0x31, 0x99, 0x5f,
    0x71, 0x46, 0x35, 0x0, 0xb2, 0x44, 0xeb, 0xa4,
    0xc2, 0x3, 0xd2, 0x8, 0x93, 0xce, 0x1, 0xcd,
    0xd2, 0x42, 0xcc, 0xc, 0x93, 0x58, 0xcd, 0x60,
    0xf, 0xe6, 0xdc, 0x85,

    /* U+53D1 "发" */
    0x0, 0xfe, 0x22, 0x0, 0x62, 0x0, 0xff, 0xe,
    0x38, 0x5, 0x3a, 0x40, 0x6, 0xda, 0x10, 0xf,
    0xca, 0x7c, 0x1, 0x30, 0x10, 0x1, 0x4d, 0x79,
    0xc0, 0x3e, 0xc0, 0xc0, 0x8, 0x84, 0x2, 0x3c,
    0x91, 0x90, 0xf, 0x90, 0x10, 0x0, 0x40, 0xa0,
    0x1c, 0xdf, 0x60, 0x1f, 0x18, 0x44, 0xcc, 0xd,
    0x33, 0xe8, 0xc9, 0x94, 0x0, 0x42, 0x0, 0x66,
    0x90, 0x9, 0x9b, 0xfc, 0xa0, 0x10, 0xff, 0xf0,
    0x86, 0xff, 0xff, 0xb4, 0x3, 0xf1, 0x89, 0x10,
    0x3, 0xff, 0x8f, 0x60, 0xa0, 0x1f, 0xfc, 0x85,
    0x7, 0xff, 0xfe, 0x30, 0xf, 0xe5, 0x20, 0x1,
    0x9f, 0xc0, 0x1f, 0xfc, 0x8, 0x0, 0xbb, 0x33,
    0xbc, 0xc, 0xc0, 0x1f, 0x94, 0x86, 0xc3, 0x80,
    0x3b, 0xc3, 0xc0, 0x3f, 0xa0, 0x2d, 0x14, 0xe0,
    0x2, 0x83, 0x63, 0x0, 0xfd, 0x4, 0x6a, 0x16,
    0x4f, 0x0, 0xee, 0x39, 0x0, 0xfc, 0x8e, 0x1c,
    0x0, 0x1f, 0x17, 0xc8, 0x2d, 0x0, 0xfc, 0x54,
    0x12, 0x40, 0x11, 0x40, 0x18, 0x48, 0x80, 0x7e,
    0xf1, 0x66, 0x0, 0x47, 0x52, 0x4, 0x17, 0x2,
    0x1, 0xec, 0x24, 0x90, 0x2, 0xe6, 0x14, 0xf3,
    0x64, 0x5f, 0xa4, 0xc0, 0x22, 0x21, 0xda, 0x57,
    0xd1, 0xa5, 0xe1, 0x83, 0x74, 0xb, 0x66, 0xc0,
    0x96, 0x68, 0x1a, 0x8b, 0xed, 0xa0, 0x7, 0x3f,
    0x49, 0x93, 0x98, 0x10, 0x83, 0xdf, 0x41, 0x0,
    0x7f, 0x36, 0x6d, 0x10,

    /* U+53D6 "取" */
    0x0, 0x11, 0x7f, 0x84, 0x3, 0xfe, 0x1d, 0xdf,
    0xf3, 0x0, 0x7f, 0xc2, 0xc6, 0xc, 0xd8, 0x41,
    0xbf, 0xff, 0x84, 0x2, 0x95, 0xb, 0x99, 0x88,
    0x66, 0xc0, 0x8, 0x98, 0x40, 0x3f, 0xf8, 0x66,
    0x83, 0x77, 0x88, 0x4, 0x3, 0xff, 0x84, 0x42,
    0x1, 0x8c, 0xc0, 0x1f, 0x6f, 0xfc, 0x60, 0x17,
    0x1, 0x80, 0x8, 0x14, 0x3, 0xe6, 0x6c, 0x20,
    0x11, 0x82, 0x80, 0x10, 0x3c, 0x3, 0xeb, 0x99,
    0x88, 0x2, 0x40, 0xf0, 0x7, 0x82, 0x0, 0x7f,
    0xf1, 0x9, 0xc0, 0xe, 0x24, 0x1, 0xff, 0xc4,
    0x51, 0x33, 0xb, 0x0, 0x7e, 0xdf, 0xf8, 0xc0,
    0x35, 0x85, 0x50, 0x2c, 0x3, 0xf3, 0x36, 0x10,
    0xc, 0x64, 0xec, 0x66, 0x0, 0xfd, 0x73, 0x31,
    0x0, 0x75, 0x88, 0x48, 0x7, 0xff, 0x10, 0x40,
    0x4, 0x0, 0x60, 0xf, 0xf8, 0x94, 0x87, 0xbc,
    0x6, 0x80, 0x1c, 0x20, 0x19, 0x5d, 0x43, 0x3f,
    0x68, 0x40, 0x98, 0x34, 0x65, 0xcb, 0x40, 0x35,
    0x41, 0x81, 0x2c, 0x59, 0xe, 0x46, 0x1b, 0xb4,
    0x29, 0xe0, 0x80, 0x2f, 0x3b, 0xf2, 0x9d, 0x4,
    0x7, 0xd, 0xa0, 0x1, 0x4a, 0x78, 0x40, 0x86,
    0x20, 0x1f, 0x41, 0xbc, 0x80, 0x6a, 0x72, 0xb0,
    0xf, 0xfa, 0x6e, 0x0, 0x3d, 0x17, 0x20,

    /* U+53D7 "受" */
    0x0, 0xff, 0xe0, 0x89, 0x22, 0xbc, 0x90, 0x4,
    0x93, 0x54, 0xbc, 0xc6, 0xeb, 0xbf, 0xdd, 0xb7,
    0x50, 0xc8, 0x1, 0x99, 0x56, 0x21, 0x13, 0x1a,
    0xbc, 0x4d, 0x43, 0xf3, 0x0, 0x49, 0xf8, 0x5b,
    0xdb, 0x84, 0x4b, 0x87, 0x65, 0xb7, 0x0, 0xf8,
    0x4b, 0xc0, 0x2d, 0xb, 0x0, 0x94, 0xe0, 0x40,
    0x3c, 0x4e, 0x6c, 0x0, 0x44, 0x29, 0x0, 0x2c,
    0x5c, 0x3, 0xf4, 0x87, 0x0, 0x5c, 0x22, 0x5,
    0x1b, 0x0, 0xf5, 0xff, 0xb8, 0x1f, 0xfe, 0xa1,
    0xcf, 0xa0, 0xaf, 0xf8, 0x40, 0x33, 0xbf, 0xff,
    0xc, 0xc0, 0x3d, 0x11, 0xff, 0xc3, 0x40, 0xf,
    0xfe, 0x76, 0x29, 0x7f, 0xff, 0xf0, 0x57, 0x54,
    0x40, 0xf, 0x46, 0xa0, 0x4, 0x55, 0xf2, 0x0,
    0x5, 0x68, 0x3, 0x86, 0xa4, 0x1e, 0xab, 0xad,
    0x81, 0x50, 0x3, 0xf9, 0x9c, 0xec, 0x2, 0x1c,
    0x24, 0xa0, 0xf, 0xfa, 0x1d, 0x34, 0xd7, 0xc9,
    0x6c, 0x3, 0xff, 0x83, 0x12, 0x59, 0x43, 0x14,
    0x1, 0xff, 0xc2, 0x5d, 0x0, 0xde, 0x40, 0x1f,
    0xe2, 0x6a, 0xfa, 0x45, 0xcb, 0x47, 0xdd, 0x42,
    0x0, 0x66, 0xbe, 0xd9, 0x53, 0x8e, 0xa3, 0x4b,
    0xd7, 0x7, 0xbf, 0xda, 0x30, 0x43, 0x6a, 0xec,
    0x71, 0x0, 0xc5, 0x1b, 0xd2, 0xa0, 0xa4, 0xdd,
    0xb2, 0xa2, 0x1, 0xfe, 0x16, 0xad, 0xf1,

    /* U+53D8 "变" */
    0x0, 0xff, 0x1b, 0x88, 0x7, 0xff, 0x21, 0x21,
    0xc0, 0x3f, 0xf9, 0xa, 0x14, 0x1, 0xff, 0xf,
    0xff, 0xed, 0x3, 0xff, 0xfd, 0x40, 0x1, 0x55,
    0xf1, 0x81, 0xaa, 0x84, 0x15, 0x7d, 0xa0, 0x15,
    0x57, 0xc1, 0x15, 0x45, 0xa, 0xa5, 0xd5, 0x4e,
    0x1, 0xe3, 0xe4, 0x0, 0xfd, 0x3e, 0x60, 0x1f,
    0x8f, 0x1, 0x80, 0x3f, 0x68, 0x63, 0x0, 0x79,
    0x70, 0x34, 0x80, 0x3f, 0x26, 0xc, 0xc0, 0x6,
    0x8a, 0x1c, 0x30, 0xf, 0xf1, 0x79, 0x3c, 0x80,
    0x21, 0xc7, 0xc, 0x0, 0x46, 0xe0, 0x3, 0x30,
    0x4, 0x38, 0x48, 0x0, 0x94, 0xf2, 0x0, 0x93,
    0xc, 0x1, 0x18, 0x1, 0x87, 0xf8, 0x0, 0x36,
    0x5f, 0xff, 0xfc, 0x28, 0x2, 0x30, 0xc, 0x4c,
    0x80, 0x6, 0x6f, 0xc0, 0xf, 0x0, 0xf8, 0x66,
    0xcc, 0xe, 0x67, 0xc6, 0x6, 0xe0, 0x1f, 0xed,
    0x15, 0x80, 0xd, 0x2a, 0x3a, 0x1, 0xff, 0xe,
    0xb, 0xd0, 0x16, 0x30, 0xe0, 0x80, 0x7f, 0xf0,
    0xb, 0x9, 0x77, 0x46, 0x6f, 0x20, 0xf, 0xfe,
    0x11, 0xa8, 0x10, 0xc, 0x8, 0x7, 0xff, 0x0,
    0x9f, 0x39, 0xc5, 0xd4, 0x6f, 0xa9, 0x48, 0x3,
    0x91, 0xeb, 0xb6, 0xd, 0x6b, 0xa2, 0xba, 0x9,
    0x6b, 0x7a, 0xe0, 0xc2, 0x20, 0xa6, 0xd7, 0xf4,
    0xa0, 0x10, 0xbe, 0x74, 0xa8, 0x23, 0x80, 0x3e,
    0xbb, 0x65, 0x0, 0x3f, 0x85, 0xab, 0xb6, 0x8c,

    /* U+53E0 "叠" */
    0x0, 0x4e, 0xef, 0xff, 0xd, 0x80, 0x3a, 0x91,
    0x15, 0x11, 0xf5, 0xb9, 0x10, 0x54, 0x3, 0x8c,
    0xcf, 0x15, 0x3e, 0x42, 0x7d, 0x28, 0xd9, 0x83,
    0x0, 0xf5, 0x75, 0xb1, 0x2c, 0x5c, 0xa0, 0xb6,
    0x8, 0x7, 0x93, 0x3b, 0xed, 0xd5, 0xef, 0xb6,
    0x98, 0xef, 0x7a, 0x0, 0x39, 0x99, 0x39, 0xb1,
    0x6e, 0x0, 0x6b, 0x8d, 0xa6, 0x12, 0x0, 0xb9,
    0x1a, 0x37, 0x6c, 0xc2, 0x76, 0xee, 0xb6, 0x67,
    0x80, 0x55, 0x6b, 0x39, 0x87, 0x18, 0x5d, 0x59,
    0xdf, 0x83, 0x4f, 0x0, 0xce, 0x51, 0xba, 0x6b,
    0x70, 0x13, 0x9c, 0xe9, 0x78, 0x20, 0x2, 0xe6,
    0xa3, 0xe6, 0xc4, 0xf0, 0xf3, 0x25, 0x75, 0x1e,
    0xf3, 0x83, 0xac, 0xc6, 0xb3, 0x94, 0xc2, 0x45,
    0xf8, 0x20, 0x65, 0xb1, 0x1, 0x24, 0xd5, 0x7a,
    0x6a, 0x6a, 0xbe, 0x75, 0x0, 0x97, 0xfb, 0xbf,
    0xf8, 0x3f, 0x0, 0x1e, 0x6e, 0xef, 0xfe, 0xd,
    0x0, 0x76, 0x50, 0x3, 0x3b, 0xbf, 0xc2, 0xf,
    0xc0, 0x10, 0x80, 0x5b, 0xff, 0xfe, 0x10, 0x0,
    0x80, 0x7d, 0x59, 0x9f, 0xe1, 0x0, 0xff, 0x56,
    0x67, 0xf8, 0x40, 0x3f, 0xd7, 0xbb, 0xfe, 0x0,
    0xf2, 0xad, 0xe0, 0x6c, 0xdf, 0xe0, 0x65, 0x58,
    0x2e, 0xa8, 0xc1, 0x35, 0x5f, 0xe0, 0x3a, 0xa8,
    0x80,

    /* U+53E3 "口" */
    0xaf, 0xff, 0xfe, 0x1e, 0x8, 0x8, 0xff, 0xf0,
    0x40, 0x40, 0x1b, 0xdd, 0xff, 0x78, 0x7, 0xff,
    0xfc, 0x3, 0xff, 0xfe, 0x1, 0xff, 0xee, 0xcf,
    0xff, 0xfb, 0x80, 0x31, 0x17, 0xff, 0x4, 0x3,
    0x76, 0xef, 0xfd, 0x80, 0x1f, 0xfc, 0x7a, 0xd3,
    0x0, 0xff, 0x87, 0xf4,

    /* U+53E6 "另" */
    0x0, 0xff, 0xe5, 0xff, 0xff, 0xf0, 0xdc, 0x3,
    0xc8, 0x9f, 0xf1, 0x80, 0x7c, 0x57, 0x7f, 0xf4,
    0x80, 0x7f, 0xfd, 0xcb, 0xff, 0xfe, 0xa0, 0xf,
    0x2a, 0x24, 0x60, 0x48, 0x9f, 0x8c, 0x3, 0x55,
    0xdd, 0x1, 0x57, 0x7f, 0x90, 0x3, 0xf1, 0x0,
    0x80, 0x7f, 0x8e, 0xef, 0xe0, 0xab, 0xbf, 0xe1,
    0x64, 0x4f, 0x10, 0x1a, 0x27, 0xf0, 0xaf, 0xff,
    0x84, 0x3b, 0xff, 0xe3, 0x0, 0xfc, 0x42, 0x42,
    0x1, 0xf0, 0x88, 0x3, 0xe8, 0xa, 0x0, 0xfc,
    0x66, 0x0, 0xf3, 0x28, 0xb8, 0x7, 0xe1, 0x60,
    0xe, 0x79, 0xd, 0x0, 0xfc, 0x20, 0x20, 0x11,
    0x5c, 0x5, 0x98, 0x7, 0xe9, 0xd, 0x2, 0x9d,
    0x43, 0xd4, 0x0, 0xc9, 0x79, 0xbe, 0xe0, 0xa1,
    0x6c, 0x33, 0x84, 0x1, 0xce, 0x86, 0x44, 0x6d,
    0x20, 0x98, 0xe6, 0x0, 0xf8, 0xfb, 0xfd, 0xb2,
    0x40, 0x0,

    /* U+53EA "只" */
    0x0, 0xd5, 0xbb, 0xff, 0xc2, 0x10, 0xf, 0x98,
    0x8b, 0xff, 0x84, 0x1, 0xfe, 0xff, 0xff, 0x8c,
    0x3, 0xff, 0xfe, 0x1, 0xff, 0xfe, 0xbb, 0xff,
    0x88, 0x3, 0xfe, 0x44, 0xff, 0x84, 0x3, 0xfb,
    0x3b, 0xbf, 0xf8, 0x42, 0x1, 0xf8, 0x44, 0xaa,
    0x11, 0xe0, 0x61, 0x18, 0x3, 0xfc, 0x55, 0x64,
    0x1, 0xaa, 0x2c, 0x3, 0xfe, 0x2c, 0x15, 0x20,
    0xd, 0x24, 0x9a, 0x20, 0x1f, 0x8b, 0x5, 0x28,
    0x3, 0x8b, 0x4c, 0xbc, 0x80, 0x3c, 0xba, 0x29,
    0x60, 0x1f, 0xb1, 0x47, 0xc, 0x3, 0x45, 0x2,
    0xd8, 0x7, 0xfa, 0x94, 0x74, 0xc0, 0x18, 0xe0,
    0xf4, 0x1, 0xff, 0xc0, 0xa5, 0x1f, 0x0, 0x40,
    0xdc, 0x0, 0x7f, 0xf0, 0xa9, 0x3c, 0x0, 0x9c,
    0x80, 0x1f, 0xfc, 0x4b, 0x30,

    /* U+53ED "叭" */
    0x0, 0xff, 0x19, 0x0, 0x2a, 0x0, 0x3c, 0x23,
    0xc0, 0x10, 0xe7, 0x0, 0x11, 0x80, 0x3a, 0xfb,
    0xba, 0x40, 0x3f, 0xf8, 0x8a, 0xb0, 0x7, 0x9c,
    0x0, 0x62, 0x1, 0xe1, 0xaa, 0x58, 0x6, 0x30,
    0xc, 0x20, 0x1f, 0xfc, 0x51, 0x0, 0xff, 0xe3,
    0x8, 0x18, 0x1, 0x80, 0x80, 0x3f, 0xf8, 0x2e,
    0x2, 0x0, 0x30, 0x10, 0xf, 0xfe, 0x8, 0x87,
    0x0, 0x38, 0x18, 0x3, 0xff, 0x82, 0x40, 0x60,
    0x2, 0x2, 0x0, 0xff, 0xe0, 0xf0, 0x30, 0x1,
    0x83, 0x80, 0x3f, 0xf8, 0x24, 0x4, 0x0, 0x30,
    0x50, 0xf, 0xfe, 0xa, 0x88, 0x80, 0x22, 0x30,
    0xf, 0xfe, 0x1, 0xa, 0x0, 0x64, 0x4, 0x0,
    0xff, 0x94, 0x30, 0x3, 0x60, 0x68, 0x7, 0x11,
    0x40, 0x15, 0x3, 0x80, 0x65, 0x6, 0x10, 0x8,
    0x77, 0x58, 0x0, 0x52, 0x51, 0x0, 0xe6, 0x9,
    0x0, 0x1a, 0x27, 0x75, 0x84, 0x0, 0x7a, 0xc1,
    0xc4, 0x22, 0xef, 0xb8, 0x58, 0x80, 0x3c, 0x4a,
    0x16, 0x1, 0xe4, 0x61, 0x80, 0xf, 0xd6, 0xa,
    0xa0, 0xe, 0xf0, 0xb1, 0x0, 0xfc, 0x30, 0x4,
    0x1, 0xd7, 0x65, 0x0, 0xff, 0x3e, 0xb8,

    /* U+53EF "可" */
    0xb, 0xbf, 0xfe, 0x42, 0xa, 0x27, 0xff, 0x20,
    0x87, 0xff, 0xff, 0x86, 0xe1, 0x7f, 0xe6, 0x0,
    0xff, 0xf1, 0xb5, 0x57, 0xe2, 0x0, 0xff, 0xe0,
    0x7a, 0xaf, 0xe6, 0x0, 0xff, 0xe1, 0x6f, 0xfe,
    0x80, 0xf, 0xff, 0xf8, 0x7, 0xff, 0x9e, 0x6a,
    0xb8, 0x3, 0xff, 0x88, 0x8a, 0xb8, 0x80, 0x3f,
    0xf8, 0x53, 0xff, 0xf9, 0x0, 0x3f, 0xfc, 0x42,
    0x60, 0x1f, 0xfc, 0x6d, 0xfe, 0x40, 0x60, 0xf,
    0xfe, 0x22, 0x11, 0xad, 0x90, 0x4,

    /* U+53F0 "台" */
    0x0, 0xfe, 0x30, 0xf, 0xfe, 0x3c, 0x63, 0x0,
    0x7f, 0xf1, 0x51, 0xc5, 0xc0, 0x3f, 0xf8, 0x85,
    0x61, 0xa2, 0x0, 0x67, 0x0, 0xff, 0x87, 0x2,
    0x8c, 0x2, 0xb8, 0x80, 0x7, 0xf0, 0xe0, 0xba,
    0x80, 0x6c, 0x27, 0x80, 0xf, 0x87, 0x9, 0xa0,
    0x3, 0x87, 0x5, 0xdc, 0x1, 0xc7, 0x84, 0xd2,
    0x1, 0x8, 0x88, 0x87, 0x1, 0xc, 0x1, 0x66,
    0x8, 0x1f, 0xff, 0x77, 0x37, 0x69, 0x0, 0x4a,
    0x0, 0x61, 0x23, 0x39, 0x10, 0xaa, 0x66, 0x3b,
    0xa1, 0xc2, 0x84, 0x33, 0xfb, 0x75, 0x98, 0xbb,
    0x55, 0x26, 0x51, 0x7, 0x87, 0x41, 0x0, 0xff,
    0xe3, 0x45, 0x0, 0x6a, 0xbb, 0xff, 0xe1, 0x8,
    0x7, 0x22, 0x7f, 0xf0, 0xcc, 0x3, 0xc3, 0xff,
    0xff, 0x28, 0x7, 0xff, 0xfc, 0x3, 0xff, 0x8a,
    0x37, 0x7f, 0xf2, 0x0, 0x7f, 0x22, 0x7f, 0xc2,
    0x1, 0xf8, 0x7f, 0xff, 0xe5, 0x0, 0xc0,

    /* U+53F2 "史" */
    0x0, 0xff, 0x8c, 0x40, 0x3f, 0xf9, 0x3, 0x94,
    0x1, 0xff, 0xef, 0xcf, 0xff, 0x70, 0x27, 0xff,
    0xc4, 0x1, 0xc2, 0x6, 0x7e, 0x1, 0x33, 0xe1,
    0x0, 0xfe, 0xcc, 0xed, 0x5, 0xcc, 0xe4, 0x0,
    0xff, 0xff, 0x80, 0x7f, 0xf3, 0xbf, 0xfb, 0x81,
    0x3f, 0xf9, 0x40, 0x3e, 0x55, 0xf9, 0x0, 0x55,
    0x7e, 0x30, 0xe, 0x8b, 0x69, 0xaa, 0xc0, 0x95,
    0x5f, 0x8, 0x7, 0x90, 0xf4, 0x80, 0x4, 0x6,
    0x1, 0xff, 0xc2, 0x58, 0x1c, 0x20, 0x50, 0xe0,
    0xf, 0xfe, 0x1b, 0xc0, 0xe2, 0x58, 0x28, 0x7,
    0xff, 0x11, 0xe4, 0x6c, 0x94, 0x80, 0x3f, 0xf8,
    0xaa, 0x40, 0x5, 0x92, 0x0, 0xff, 0xe1, 0x2d,
    0xe1, 0x2c, 0x93, 0x6e, 0xa5, 0x48, 0x3, 0xc9,
    0x17, 0xf4, 0x87, 0x74, 0xdb, 0x6c, 0x6d, 0x5b,
    0xfd, 0x96, 0x41, 0xe, 0x84, 0xfb, 0x88, 0x1,
    0x24, 0xf6, 0x42, 0x98, 0x9a, 0x10, 0x7c, 0x6e,
    0xa0, 0x80, 0x3f, 0x1b, 0xd6, 0x7f, 0x68, 0x0,

    /* U+53F3 "右" */
    0x0, 0xff, 0x9, 0x80, 0x7f, 0xf2, 0x67, 0x20,
    0x3, 0xff, 0x90, 0xa1, 0x80, 0x1f, 0xfc, 0x73,
    0x21, 0x40, 0xf, 0xf9, 0x3f, 0xfe, 0xc0, 0x1f,
    0xff, 0xf0, 0x83, 0x99, 0xf8, 0x80, 0x6, 0x7f,
    0xf0, 0x0, 0xf3, 0x3c, 0x80, 0xd9, 0x9f, 0xf0,
    0x80, 0x7c, 0x4c, 0x16, 0x1, 0xff, 0xc7, 0x90,
    0x72, 0x0, 0xff, 0xe3, 0x3a, 0x14, 0x0, 0x7f,
    0xf1, 0x8e, 0x2, 0x4, 0x7f, 0xe0, 0xf, 0x8b,
    0x40, 0x15, 0xdd, 0xff, 0x0, 0x78, 0x70, 0x40,
    0x6, 0x7f, 0xe0, 0xf, 0x8b, 0x5, 0x0, 0xb3,
    0x3f, 0xc2, 0x1, 0xc7, 0x84, 0x96, 0x1, 0xff,
    0xc5, 0x2c, 0x15, 0xb0, 0xf, 0xfe, 0x31, 0x23,
    0xd0, 0x7, 0xff, 0x22, 0xe0, 0x3, 0xff, 0xcc,
    0x5f, 0xff, 0xe1, 0x0, 0xff, 0xe0, 0x22, 0x7f,
    0x80, 0x3f, 0xf8, 0x5, 0x77, 0xfe, 0x10, 0xc,

    /* U+53F7 "号" */
    0x0, 0xff, 0xe6, 0xd7, 0xff, 0xff, 0x7, 0x40,
    0x3f, 0x9a, 0x23, 0xfc, 0x1, 0xff, 0x53, 0xbf,
    0xf8, 0x3, 0xff, 0xab, 0x51, 0x1f, 0xe0, 0xf,
    0xf9, 0x9d, 0xff, 0xc0, 0x1f, 0xd5, 0xff, 0xff,
    0xc1, 0xd0, 0xf, 0xfe, 0x74, 0xd5, 0x7f, 0xf2,
    0x5, 0xd5, 0x7f, 0xf9, 0x7, 0xdf, 0xf2, 0x84,
    0xff, 0xff, 0xf0, 0x88, 0x3, 0x38, 0x28, 0x7,
    0xff, 0x1c, 0x82, 0x6a, 0xbf, 0xca, 0x1, 0xf1,
    0x80, 0x15, 0x7f, 0xe2, 0x0, 0xf8, 0xff, 0xff,
    0xe6, 0x1, 0x0, 0xff, 0xe3, 0x98, 0x10, 0x7,
    0xff, 0x1d, 0xc1, 0xc0, 0x3f, 0xf8, 0xc8, 0x40,
    0x60, 0x1f, 0xfc, 0x18, 0xbc, 0xdf, 0xb0, 0x50,
    0xf, 0xfe, 0x17, 0xa1, 0x91, 0x12, 0x28, 0x3,
    0xff, 0x84, 0xfd, 0xfe, 0xdb, 0x70, 0xf, 0x0,

    /* U+5403 "吃" */
    0x0, 0xff, 0x8c, 0x40, 0x3f, 0xf8, 0xcb, 0x96,
    0x1, 0xff, 0xc6, 0xf0, 0x90, 0xf, 0xd3, 0xff,
    0xd6, 0x0, 0x15, 0x23, 0x0, 0xff, 0x19, 0xc0,
    0x1a, 0x40, 0xbf, 0xfe, 0xe0, 0xb, 0x73, 0x2,
    0x0, 0x16, 0x15, 0x5f, 0xce, 0x1, 0xfd, 0x3,
    0x75, 0x5f, 0xa4, 0x3, 0xf2, 0x31, 0xa8, 0x7,
    0xff, 0x11, 0xe8, 0x20, 0x47, 0xe0, 0xf, 0xf3,
    0xec, 0xdf, 0x77, 0xcc, 0x1, 0xfe, 0x36, 0x6f,
    0x18, 0x0, 0x80, 0x3f, 0xf8, 0x13, 0x3a, 0xc8,
    0x1d, 0x0, 0x3f, 0xf8, 0x63, 0xe2, 0xd0, 0x1,
    0xff, 0xc4, 0xd2, 0x59, 0x0, 0xff, 0xe2, 0x51,
    0xa5, 0x0, 0x7f, 0xf1, 0x21, 0x4e, 0xc0, 0x3f,
    0xf8, 0x88, 0xe3, 0xa0, 0x1c, 0x84, 0x1, 0x77,
    0xf8, 0x40, 0x2a, 0xa, 0x10, 0xe, 0xed, 0x1e,
    0x33, 0xe2, 0x7, 0x16, 0x40, 0xf, 0x30, 0xb,
    0xe6, 0x74, 0x86, 0x6, 0x0, 0x78, 0x4c, 0x80,
    0x3f, 0x88, 0x2b, 0x2e, 0xf6, 0x78, 0x38, 0x7,
    0xf4, 0x28, 0x1a, 0x26, 0x30, 0x4b, 0x0, 0xfe,
    0x1a, 0xff, 0xfb, 0xac, 0x40,

    /* U+5404 "各" */
    0x0, 0xfc, 0xcc, 0x10, 0xf, 0xfe, 0x39, 0xcc,
    0x0, 0x7f, 0xf1, 0xc7, 0x41, 0x62, 0x67, 0xf2,
    0x0, 0x7e, 0x1c, 0x10, 0x46, 0x6f, 0xec, 0x0,
    0xf8, 0x74, 0x8f, 0xbf, 0xfe, 0x90, 0x1a, 0x0,
    0xf0, 0xe1, 0x89, 0xd0, 0x7, 0x9e, 0x47, 0x8,
    0x3, 0x93, 0xca, 0x79, 0x11, 0xa6, 0x0, 0x1b,
    0x82, 0xc2, 0x0, 0xf7, 0x8d, 0xb0, 0x5b, 0x96,
    0x44, 0x39, 0x1b, 0x48, 0x3, 0xeb, 0xd4, 0x0,
    0xa2, 0x81, 0xdc, 0x15, 0x20, 0x1f, 0xe2, 0x0,
    0x8e, 0x68, 0x4, 0x1, 0x54, 0x40, 0xf, 0xf2,
    0x4e, 0xe3, 0x14, 0xf7, 0x20, 0x96, 0xfe, 0xe1,
    0x4, 0x1, 0x19, 0xf6, 0xc6, 0xd9, 0xac, 0x2,
    0xfb, 0x8e, 0x48, 0xf7, 0xd0, 0x0, 0x33, 0x3e,
    0x74, 0x98, 0x7, 0x8e, 0x37, 0xa9, 0x8e, 0x82,
    0x3f, 0x26, 0x2e, 0xff, 0xf8, 0x14, 0xb3, 0x84,
    0x1, 0x8d, 0x13, 0xff, 0x84, 0x1, 0xfe, 0x6f,
    0xff, 0xf1, 0x80, 0x7f, 0xff, 0xc0, 0x39, 0x2a,
    0xbf, 0xc4, 0x1, 0xff, 0x12, 0xaf, 0xf8, 0x40,
    0x3f, 0xe6, 0xff, 0xff, 0x18, 0x7, 0x0,

    /* U+5408 "合" */
    0x0, 0xff, 0xea, 0xdf, 0xe8, 0x7, 0xff, 0x1e,
    0x50, 0x4a, 0x80, 0x3f, 0xf8, 0xb0, 0xc7, 0xe8,
    0xb0, 0x1, 0xff, 0xc3, 0x97, 0x1d, 0x1a, 0x27,
    0xa0, 0xf, 0xfe, 0x0, 0xdb, 0x17, 0x88, 0xe,
    0x1a, 0xe1, 0x0, 0x7f, 0x37, 0xa2, 0x34, 0x40,
    0x21, 0xc4, 0x3d, 0x70, 0xf, 0x1e, 0x48, 0xc5,
    0x80, 0x7d, 0x70, 0x11, 0xaa, 0x0, 0x3b, 0xc3,
    0x2b, 0xcb, 0xbf, 0xec, 0x92, 0x25, 0x62, 0x3a,
    0xc, 0xeb, 0x22, 0x7f, 0xc5, 0xb2, 0x26, 0x49,
    0x3c, 0xc0, 0x5f, 0xff, 0xf2, 0x3, 0x74, 0xb0,
    0x30, 0x7, 0xff, 0x1d, 0x80, 0x3f, 0xfa, 0x19,
    0xff, 0xff, 0xc2, 0x0, 0xff, 0x2a, 0xff, 0xc0,
    0x1f, 0xfc, 0xb, 0xaa, 0xff, 0x8, 0x7, 0xff,
    0xfc, 0x3, 0xaa, 0xef, 0xfc, 0x20, 0x1f, 0xf2,
    0x27, 0xfc, 0x1, 0xff, 0xc0, 0xef, 0xff, 0xf0,
    0x80, 0x70,

    /* U+540C "同" */
    0x9f, 0xff, 0xfe, 0x2c, 0x98, 0x22, 0x7f, 0xf0,
    0x8c, 0xc, 0x1, 0x57, 0x7f, 0xfc, 0x1f, 0x0,
    0xff, 0xe6, 0x24, 0xcf, 0xfc, 0x1, 0xf6, 0x33,
    0x7f, 0xc2, 0x1, 0xe8, 0xff, 0xff, 0x84, 0x3,
    0xff, 0xc2, 0x5f, 0xff, 0xa8, 0x3, 0xfe, 0x37,
    0x7e, 0x0, 0xff, 0xe0, 0xa4, 0x47, 0x0, 0x7f,
    0xfe, 0x9f, 0xff, 0x80, 0x3f, 0xe2, 0x88, 0xfd,
    0xc0, 0x1f, 0xe7, 0x7f, 0xc8, 0x0, 0x60, 0x30,
    0xf, 0xfe, 0xd, 0x5e, 0xd0, 0x78, 0x7, 0xff,
    0x9, 0x8, 0x8e, 0xd5, 0xe2, 0x1, 0xfe, 0xaf,
    0xf6, 0xc0, 0x0,

    /* U+540D "名" */
    0x0, 0xff, 0x20, 0x7, 0xff, 0x1d, 0x6e, 0xc0,
    0x1f, 0xfc, 0x53, 0xa0, 0x90, 0xf, 0xfe, 0x21,
    0xe0, 0xc, 0xdd, 0xfe, 0x0, 0xf8, 0xf0, 0x0,
    0x28, 0x9f, 0xc0, 0x1e, 0x5c, 0x8, 0xff, 0xfb,
    0x88, 0x1c, 0x3, 0x9e, 0x80, 0x6, 0x1, 0xe1,
    0xc2, 0x68, 0x0, 0x8b, 0x20, 0x5c, 0x2e, 0x0,
    0x31, 0xf9, 0x3c, 0x80, 0x6a, 0x33, 0x7c, 0x69,
    0x3d, 0x80, 0x1f, 0x6, 0xa0, 0x3, 0xa2, 0xb0,
    0x40, 0xb5, 0xc, 0xdb, 0x5, 0x8a, 0x1, 0xf2,
    0x80, 0x74, 0x1e, 0x13, 0xe9, 0x80, 0x7f, 0xf0,
    0x12, 0xf1, 0x17, 0x60, 0x3, 0xfe, 0x28, 0xdb,
    0x40, 0x20, 0x8a, 0xaf, 0x80, 0x6, 0xf9, 0xae,
    0x40, 0x11, 0x2a, 0xff, 0x9, 0x64, 0x1a, 0x48,
    0x27, 0xff, 0xf9, 0x0, 0x5, 0x15, 0xf6, 0xe0,
    0x1f, 0xfc, 0x47, 0x50, 0xf, 0xff, 0xba, 0x7f,
    0xff, 0x90, 0x3, 0xf8, 0x55, 0x7f, 0xc2, 0x1,
    0xfc, 0xb5, 0x5f, 0xe5, 0x0, 0x0,

    /* U+540E "后" */
    0x0, 0xff, 0xe1, 0x9, 0xab, 0xcd, 0x0, 0x7c,
    0xf1, 0x32, 0xab, 0xcd, 0xef, 0xec, 0xa8, 0x65,
    0x10, 0xf, 0x4b, 0xb3, 0x15, 0xc, 0xe4, 0x57,
    0x8a, 0xce, 0x10, 0xf, 0x8b, 0x75, 0xdf, 0xee,
    0xdb, 0xa8, 0x75, 0x31, 0x0, 0xfe, 0x22, 0x8,
    0x7, 0xff, 0x78, 0xe6, 0x7f, 0xf8, 0x80, 0x1e,
    0x16, 0x6f, 0xfe, 0x20, 0x7, 0x9, 0xff, 0xff,
    0xf1, 0x0, 0x3c, 0xe0, 0x1f, 0xfd, 0xf2, 0x2,
    0x6, 0x99, 0xff, 0xa0, 0x3, 0xc2, 0x1c, 0x1a,
    0xcd, 0xff, 0x28, 0x7, 0x90, 0xc, 0x2, 0xef,
    0xff, 0xc2, 0x1, 0xf6, 0x82, 0x0, 0x7f, 0xf2,
    0x15, 0x0, 0x3f, 0xf9, 0xc, 0x1c, 0x1, 0xff,
    0xc8, 0x82, 0x50, 0xf, 0xfe, 0x3b, 0x8c, 0x0,
    0x77, 0x7f, 0xfe, 0x10, 0xc, 0x50, 0x8a, 0x1,
    0xca, 0xbf, 0xc0, 0x1c, 0x55, 0x20, 0x1e, 0xba,
    0xaf, 0xc2, 0x1, 0x80,

    /* U+5411 "向" */
    0x0, 0xfc, 0xec, 0x40, 0x1f, 0xfc, 0x33, 0x89,
    0x10, 0xf, 0xfe, 0x1d, 0x1, 0x98, 0x3, 0xf8,
    0x47, 0xcc, 0x14, 0x23, 0xf8, 0xb, 0xbb, 0xc0,
    0x9, 0xee, 0xfd, 0x80, 0x1, 0x55, 0xff, 0xe0,
    0xa0, 0x6, 0x4a, 0xaf, 0xfe, 0x10, 0x7, 0xff,
    0x86, 0xff, 0xff, 0x8, 0x7, 0xfc, 0x89, 0xc2,
    0x1, 0xff, 0xc1, 0xab, 0xbc, 0x80, 0x1f, 0xff,
    0xa2, 0x2e, 0x0, 0xff, 0xe1, 0x66, 0xee, 0x50,
    0xf, 0xfb, 0x55, 0x7f, 0x8, 0x7, 0xf3, 0x55,
    0x7e, 0x0, 0xff, 0xe4, 0x90, 0x7, 0xff, 0xd,
    0x73, 0x70, 0x14, 0x3, 0xff, 0x82, 0xc6, 0x42,
    0xb0, 0x5f, 0x40, 0x1f, 0xe3, 0xef, 0xea, 0x10,

    /* U+5417 "吗" */
    0x0, 0xfd, 0x5d, 0xdf, 0xa8, 0x1, 0x5f, 0xfd,
    0x20, 0x67, 0xf8, 0x40, 0x39, 0x10, 0x60, 0x14,
    0xee, 0xfb, 0x80, 0xc0, 0x35, 0xdb, 0x40, 0x33,
    0xf9, 0x80, 0x4c, 0x1c, 0x1, 0xff, 0x70, 0x8,
    0x4, 0x60, 0x20, 0x1f, 0xf1, 0x81, 0x0, 0x5c,
    0x4, 0x1, 0xff, 0x30, 0x7, 0x8, 0x38, 0x7,
    0xfc, 0x24, 0x1, 0x88, 0x8, 0x3, 0xfe, 0x21,
    0x0, 0xce, 0x1, 0xff, 0xc2, 0x3f, 0xfc, 0x61,
    0xde, 0xa0, 0x1f, 0x85, 0x13, 0xf1, 0x0, 0x80,
    0x7e, 0x1b, 0xbf, 0xca, 0xe, 0x1, 0xff, 0xc5,
    0x10, 0x10, 0xf, 0x9a, 0xab, 0xf0, 0x98, 0x18,
    0x7, 0xd8, 0xab, 0xf8, 0xc4, 0x4, 0x1, 0x32,
    0xb0, 0x5, 0x7f, 0xfe, 0x27, 0x0, 0xcc, 0xc5,
    0x0, 0xff, 0xe0, 0x10, 0x85, 0xee, 0xf4, 0x0,
    0x7f, 0x28, 0xa8, 0x9, 0x17, 0x8, 0x7, 0x3d,
    0xe6, 0xd0, 0x68, 0x7, 0xff, 0x4, 0x50, 0xce,
    0x96, 0x0, 0xff, 0xe0, 0xb7, 0xfb, 0xb1, 0x80,
    0x0,

    /* U+541E "吞" */
    0x0, 0xaf, 0xff, 0xff, 0x89, 0x0, 0x1e, 0xc4,
    0x4f, 0x18, 0xa, 0x27, 0xda, 0x1, 0xe7, 0xbb,
    0xf2, 0x4, 0xdd, 0xfc, 0xa0, 0x1f, 0xfc, 0x15,
    0x5, 0x0, 0xff, 0xe4, 0x21, 0x19, 0x0, 0x7f,
    0xf0, 0x7, 0xff, 0xeb, 0x3, 0xff, 0xfe, 0xe0,
    0x8, 0x55, 0x7c, 0x40, 0x4a, 0xa0, 0x2, 0x2a,
    0xf3, 0x80, 0x6a, 0xae, 0xe2, 0xf, 0xaa, 0x40,
    0x35, 0x57, 0x48, 0x7, 0xe4, 0xb0, 0x92, 0x0,
    0x3a, 0x95, 0x80, 0x7f, 0xf0, 0x1e, 0xc2, 0x58,
    0x3, 0x52, 0x23, 0x48, 0x3, 0xf1, 0x5c, 0x5,
    0x30, 0x7, 0xad, 0xcb, 0x60, 0x40, 0x30, 0xce,
    0xa0, 0x2, 0xbf, 0xff, 0x38, 0x1, 0xfa, 0x4c,
    0x7, 0x98, 0x20, 0x40, 0xcf, 0xfc, 0x9, 0x22,
    0xde, 0x3, 0xd, 0xce, 0x0, 0xcc, 0xfe, 0xe0,
    0x16, 0xe9, 0x80, 0x3, 0xc8, 0x80, 0x7f, 0xf1,
    0x59, 0x0, 0x3f, 0xfd, 0x93, 0x3f, 0xd0, 0x1,
    0xff, 0xc2, 0x66, 0xfe, 0x50, 0xf, 0xfe, 0x17,
    0xff, 0xf6, 0x80, 0x7c,

    /* U+5426 "否" */
    0x7, 0xff, 0xff, 0xe3, 0x0, 0x44, 0x89, 0xf8,
    0x40, 0x8, 0x9f, 0x0, 0x4b, 0x77, 0xf7, 0x8,
    0x5d, 0xfe, 0x0, 0xff, 0x3d, 0x2, 0xa0, 0x80,
    0x7f, 0xf0, 0x86, 0xe0, 0x40, 0x5, 0xd4, 0x40,
    0x1f, 0xf3, 0x7a, 0x23, 0x40, 0x2, 0x6b, 0xb4,
    0x40, 0x1f, 0x26, 0xc8, 0x4d, 0x88, 0x0, 0xf3,
    0x6, 0xbb, 0x22, 0x1, 0x2e, 0x59, 0x2f, 0xb0,
    0x7, 0x8f, 0x2c, 0x9b, 0x9c, 0x26, 0x8d, 0x32,
    0x84, 0x3, 0xf9, 0x36, 0x2, 0x2, 0x13, 0x2c,
    0xc0, 0x31, 0x89, 0x80, 0x79, 0xf6, 0x0, 0x6c,
    0xc0, 0x3c, 0x3d, 0x20, 0x1f, 0x13, 0x80, 0x67,
    0xff, 0xff, 0xe1, 0x0, 0x7f, 0x1a, 0x27, 0xf8,
    0x40, 0x3f, 0xdf, 0x77, 0xfe, 0x20, 0xf, 0xff,
    0xf8, 0x67, 0xff, 0xf8, 0xc0, 0x3f, 0xc6, 0x89,
    0xfe, 0x10, 0xf, 0xf7, 0xdd, 0xff, 0x88, 0x3,
    0x80,

    /* U+542B "含" */
    0x0, 0xff, 0xa, 0x18, 0x7, 0xff, 0x23, 0x6f,
    0x14, 0x3, 0xff, 0x8d, 0x66, 0xc3, 0x48, 0x1,
    0xff, 0xc3, 0x2d, 0x47, 0x9d, 0x1b, 0x70, 0xf,
    0xfe, 0xa, 0x61, 0x44, 0x0, 0xf0, 0xa2, 0xc4,
    0x3, 0xf8, 0x6a, 0xc2, 0xdb, 0x24, 0xb, 0x11,
    0x1c, 0xc0, 0x1e, 0x18, 0xe5, 0x4f, 0x41, 0x66,
    0x40, 0xd, 0xd0, 0xce, 0xb0, 0x5, 0x1c, 0xe3,
    0x56, 0x20, 0xa, 0x47, 0x40, 0x2, 0xfb, 0x14,
    0xf1, 0x81, 0x8c, 0xf2, 0x80, 0x75, 0x22, 0x80,
    0x43, 0x3c, 0xe6, 0x60, 0xae, 0x62, 0xff, 0xf7,
    0x27, 0x7f, 0xe0, 0x18, 0xd0, 0x0, 0x80, 0xd,
    0xdf, 0xfc, 0x60, 0x40, 0x1f, 0xc3, 0x11, 0xfd,
    0x66, 0x1c, 0x1, 0xff, 0xc6, 0x2d, 0xb, 0x30,
    0xf, 0xf0, 0x8f, 0xe7, 0x19, 0x51, 0x10, 0x7,
    0xeb, 0xee, 0xfd, 0x41, 0x3d, 0xd1, 0x0, 0x7f,
    0x33, 0xbf, 0xf8, 0x80, 0x3f, 0xe8, 0x8f, 0xf9,
    0xc0, 0x3f, 0xfd, 0xb7, 0x33, 0xfe, 0x70, 0xf,
    0xf9, 0x59, 0xbf, 0xc4, 0x1, 0xff, 0x77, 0xff,
    0xf9, 0x40, 0x38,

    /* U+542C "听" */
    0x0, 0xff, 0xe2, 0x9b, 0x0, 0x7f, 0xf0, 0x49,
    0x5e, 0x73, 0xf2, 0x44, 0x27, 0xff, 0xa4, 0x1,
    0xbf, 0xb5, 0xc, 0x62, 0xb2, 0x1, 0x88, 0xc8,
    0x3, 0x18, 0x2b, 0xcd, 0xf7, 0x29, 0x84, 0x2,
    0xcc, 0x80, 0x38, 0xaa, 0x19, 0x4, 0x3, 0xff,
    0xfe, 0x1, 0x16, 0x67, 0xf3, 0x80, 0x7f, 0xc6,
    0x7f, 0xda, 0x1, 0xfc, 0x25, 0xff, 0x70, 0x1f,
    0xfd, 0x40, 0x1f, 0xe1, 0x0, 0xff, 0xe4, 0x38,
    0x7, 0xff, 0x18, 0x40, 0x40, 0x3f, 0xf8, 0xca,
    0x1a, 0x1, 0xff, 0xc0, 0x22, 0x80, 0x23, 0x3,
    0x0, 0xff, 0xe0, 0x66, 0xe0, 0x5, 0x40, 0x80,
    0x1f, 0xec, 0x66, 0xec, 0x52, 0x60, 0xf, 0xf9,
    0x66, 0x79, 0x2c, 0x2c, 0x3, 0xff, 0x8b, 0x43,
    0x4, 0x1, 0xff, 0xc4, 0x16, 0x47, 0x0, 0xff,
    0xe2, 0x8e, 0xd0, 0x7, 0x87, 0xf0, 0x3, 0x0,

    /* U+542F "启" */
    0x0, 0xff, 0x96, 0x84, 0x3, 0xff, 0x8e, 0x6a,
    0xc0, 0x1f, 0xfc, 0x77, 0xb, 0x0, 0xff, 0xe0,
    0x77, 0xff, 0xb8, 0xf, 0xff, 0xe1, 0x0, 0xc2,
    0x8, 0x9f, 0xfc, 0x11, 0x3, 0x0, 0xe2, 0xbb,
    0xff, 0xe0, 0xa8, 0x7, 0xff, 0x9c, 0xa6, 0x7f,
    0xf8, 0x2a, 0x1, 0xf9, 0x9b, 0xff, 0x82, 0x20,
    0x1f, 0x17, 0xff, 0xff, 0xc, 0x80, 0x21, 0x6,
    0x0, 0xff, 0xe3, 0x90, 0x8, 0x7, 0xff, 0x1d,
    0x80, 0x87, 0xff, 0xff, 0x83, 0x40, 0x1b, 0x3,
    0x0, 0x2, 0xab, 0xfc, 0x80, 0x1e, 0x40, 0x40,
    0x2, 0xd5, 0x7f, 0x48, 0x7, 0x19, 0x20, 0x7,
    0xff, 0x1e, 0x43, 0xc0, 0x3f, 0xf8, 0xc6, 0xa6,
    0x80, 0x1f, 0xfc, 0x6f, 0x8, 0x0, 0xcb, 0x55,
    0xfd, 0x0, 0x11, 0x99, 0x50, 0x3, 0xa, 0xaf,
    0xf8, 0x2, 0x3d, 0xb0, 0xe, 0x4f, 0xff, 0xed,
    0x0, 0x80,

    /* U+5438 "吸" */
    0x0, 0xf9, 0x7f, 0xff, 0xb8, 0x3, 0x57, 0xff,
    0xb, 0x29, 0x2, 0xaf, 0x0, 0x7e, 0x66, 0x10,
    0x0, 0xe9, 0x2, 0xab, 0x40, 0x38, 0x7, 0xa6,
    0x48, 0x1, 0x8c, 0x3, 0xac, 0x2c, 0x3, 0xff,
    0x8e, 0xc6, 0x40, 0x1f, 0xfc, 0x11, 0x4, 0x0,
    0x30, 0x50, 0x7, 0xff, 0x9, 0xc3, 0x0, 0x18,
    0x13, 0xfe, 0x30, 0xf, 0xf8, 0x41, 0x80, 0x18,
    0xcc, 0x30, 0xf, 0xfe, 0x9, 0x80, 0x98, 0x34,
    0xc8, 0x4, 0xc0, 0x3f, 0xe1, 0x61, 0x90, 0x8,
    0x8d, 0xc0, 0x3f, 0xe2, 0xe, 0x75, 0x20, 0x5,
    0x85, 0x0, 0x7f, 0xc8, 0x7, 0x41, 0x0, 0x2c,
    0x66, 0x0, 0xff, 0xb0, 0x10, 0xd1, 0x52, 0xc2,
    0x0, 0x3f, 0xf8, 0xa, 0x80, 0x9, 0xa, 0x53,
    0x40, 0xf, 0x8, 0x80, 0x27, 0xe, 0x0, 0x13,
    0x88, 0x70, 0x7, 0xdd, 0xc6, 0x3, 0x92, 0x50,
    0x8, 0xc0, 0x14, 0x1, 0xd8, 0xcd, 0xd0, 0x30,
    0x0, 0x1c, 0x46, 0x27, 0x90, 0xc, 0xd3, 0x3b,
    0x15, 0x14, 0xf, 0xcd, 0xa7, 0xd, 0xac, 0x40,
    0x3c, 0x74, 0x34, 0x33, 0x83, 0x32, 0x1, 0xc4,
    0x47, 0xa8, 0x7, 0x28, 0xe8, 0xeb, 0x1e, 0xb0,
    0x6, 0xb8, 0x1e, 0x0, 0xe6, 0xe3, 0xe, 0x9c,
    0x20, 0xf, 0x3e, 0x50, 0x0,

    /* U+544A "告" */
    0x0, 0xff, 0x8, 0x80, 0x3f, 0xf8, 0x47, 0x4,
    0x1, 0x7f, 0x80, 0x3f, 0xf8, 0x50, 0xe0, 0x1f,
    0xfc, 0x72, 0x44, 0x10, 0x7, 0xff, 0x1a, 0x1,
    0x3f, 0xf0, 0x8b, 0xff, 0xe7, 0x0, 0xc6, 0xa2,
    0x67, 0xc0, 0x3, 0x3f, 0x88, 0x3, 0x70, 0x66,
    0x78, 0x45, 0x99, 0xf2, 0x80, 0x50, 0x4e, 0x40,
    0x1f, 0xfc, 0x68, 0x78, 0x0, 0xff, 0xe3, 0x45,
    0x9d, 0xdf, 0xc2, 0x2b, 0xbf, 0xe0, 0x34, 0x4f,
    0xe0, 0x2, 0x27, 0xf0, 0xdf, 0xff, 0xff, 0x20,
    0x40, 0x3f, 0xf9, 0xa2, 0x45, 0xff, 0xc2, 0x0,
    0xfb, 0x37, 0x7f, 0xf8, 0x44, 0x1, 0xf9, 0x13,
    0xfe, 0x10, 0xf, 0xf5, 0xdf, 0xfc, 0x80, 0x1f,
    0xfe, 0xaa, 0xaf, 0xf9, 0x0, 0x3f, 0xca, 0xbf,
    0xf0, 0x80, 0x7f, 0xb7, 0x7f, 0xe5, 0x0, 0xe0,

    /* U+5468 "周" */
    0x0, 0xff, 0xe6, 0x57, 0xff, 0xff, 0x12, 0xc0,
    0x39, 0x9b, 0xff, 0x84, 0x1, 0xf4, 0x4c, 0xf3,
    0x84, 0xcf, 0x40, 0x7, 0xff, 0x4, 0x48, 0x3,
    0xff, 0x84, 0x9f, 0xf8, 0x13, 0xfe, 0xe0, 0xf,
    0xf3, 0x44, 0x60, 0x28, 0x8a, 0x40, 0x3f, 0xc4,
    0xef, 0x81, 0x9d, 0xf0, 0x7, 0xff, 0x48, 0xff,
    0xf8, 0x13, 0xff, 0x58, 0x7, 0xf4, 0x47, 0xfd,
    0xc0, 0x1f, 0x8d, 0xdf, 0xfe, 0x50, 0xf, 0x8,
    0x8, 0x2d, 0x57, 0xe1, 0x0, 0xf9, 0x80, 0x2d,
    0x55, 0xfc, 0x60, 0x1f, 0x11, 0x0, 0x37, 0x7f,
    0xe8, 0x0, 0xfc, 0x40, 0xe0, 0x1f, 0xfc, 0x64,
    0xd, 0x0, 0xd3, 0x11, 0xb0, 0x3, 0xf5, 0x2,
    0x80, 0x67, 0x7e, 0x40, 0xe, 0x10, 0x33, 0x88,
    0x1, 0x1f, 0xff, 0x88, 0x14, 0x2, 0xf0, 0x80,
    0xf, 0xf9, 0x77, 0xac, 0x30, 0x58, 0xd0, 0x3,
    0xfe, 0x41, 0x56, 0xa6, 0x1a, 0xc0, 0xf, 0xfe,
    0x0, 0xe5, 0xca, 0x80,

    /* U+547C "呼" */
    0x0, 0xff, 0xe2, 0x9a, 0x80, 0x7f, 0x9, 0x1a,
    0xb4, 0x56, 0x77, 0xe5, 0x0, 0x3b, 0xff, 0x70,
    0x6e, 0xb2, 0xa5, 0xd4, 0x88, 0xb1, 0x40, 0x10,
    0xa2, 0x4, 0x1, 0x31, 0x35, 0x6a, 0x1f, 0x94,
    0xea, 0x1, 0x25, 0xd9, 0x0, 0xa, 0x4c, 0xa8,
    0x60, 0x19, 0x10, 0x1, 0xfc, 0x74, 0xe0, 0x1f,
    0x4c, 0x0, 0x7f, 0x1a, 0x48, 0x7, 0x90, 0xa8,
    0x3, 0xfd, 0x2, 0xc0, 0x1d, 0x2, 0xc0, 0x1f,
    0xe3, 0x2b, 0x0, 0xca, 0x70, 0x1, 0xff, 0xc0,
    0xb3, 0x10, 0xb, 0x9, 0x80, 0x3f, 0xf8, 0xf,
    0xe2, 0x1, 0x4e, 0x80, 0x7f, 0x92, 0xed, 0x54,
    0xb7, 0xd, 0xbb, 0xe2, 0x0, 0xf0, 0xa2, 0x70,
    0x81, 0xa2, 0x70, 0x80, 0x79, 0x7f, 0xf9, 0x83,
    0xbf, 0xf8, 0xc0, 0x3f, 0xfb, 0xe9, 0x98, 0x40,
    0xf, 0xfe, 0x28, 0x99, 0x84, 0x3, 0xff, 0x89,
    0xdf, 0xfb, 0x80, 0x3c, 0xa0, 0x1f, 0xfc, 0x5a,
    0xbe, 0x32, 0x10, 0xf, 0xfe, 0x1b, 0xa0, 0x27,
    0x0, 0x7f, 0xf1, 0x37, 0xfa, 0xcc, 0x3, 0xe0,

    /* U+547D "命" */
    0x0, 0xff, 0x12, 0xa0, 0x7, 0xff, 0x1c, 0xb2,
    0xad, 0xc0, 0x3f, 0xf8, 0xa7, 0x82, 0xc5, 0x10,
    0x0, 0xff, 0xe1, 0xbe, 0xc, 0x4e, 0x13, 0xd8,
    0x80, 0x7f, 0xc5, 0x90, 0x36, 0xe0, 0x38, 0x88,
    0xf4, 0x0, 0xfe, 0x8d, 0x34, 0xf4, 0x0, 0x86,
    0xe0, 0x6e, 0x84, 0x3, 0x9f, 0x9c, 0x66, 0xc4,
    0x3, 0xcf, 0x86, 0xbd, 0x2, 0x7, 0xd0, 0x2f,
    0x13, 0xff, 0xfd, 0x8b, 0x22, 0xfc, 0xc6, 0x66,
    0xe8, 0x55, 0xff, 0xe0, 0x7b, 0x74, 0x1, 0x86,
    0xc8, 0x81, 0xd5, 0x7f, 0xcc, 0x0, 0x7e, 0x50,
    0xf, 0xfe, 0x48, 0x80, 0x6a, 0xff, 0xf0, 0x85,
    0xff, 0xfc, 0x20, 0x1c, 0x20, 0xab, 0x10, 0x7,
    0x33, 0x62, 0x0, 0xfe, 0xaa, 0x90, 0x3, 0xa6,
    0x73, 0x80, 0x7f, 0xff, 0xc0, 0x3f, 0xf8, 0x62,
    0xe0, 0x20, 0x1f, 0x7f, 0xcc, 0x1, 0xf6, 0x71,
    0x10, 0x3, 0xc6, 0x89, 0xe1, 0x0, 0xeb, 0x36,
    0xf0, 0xf, 0x45, 0xdf, 0x80, 0x3c, 0xf9, 0x24,
    0x1, 0xff, 0xce,

    /* U+548C "和" */
    0x0, 0xfc, 0x70, 0x80, 0x1f, 0xfc, 0x3, 0x47,
    0xad, 0xfc, 0x7d, 0x0, 0xff, 0xa3, 0x2e, 0x14,
    0x92, 0x32, 0x43, 0x7b, 0xbe, 0xb0, 0xb7, 0x9c,
    0x50, 0xa7, 0x30, 0x1, 0x8, 0xfc, 0xc0, 0x70,
    0xc6, 0x1, 0xf8, 0xbf, 0xf8, 0x3, 0xff, 0x99,
    0x39, 0x92, 0x6, 0xe6, 0x42, 0x1, 0xfe, 0x53,
    0x38, 0x40, 0xcf, 0x80, 0x3f, 0xd9, 0xfe, 0xe0,
    0x7, 0x7f, 0xc4, 0x1, 0xff, 0xc1, 0x90, 0xf,
    0xfe, 0x38, 0xb8, 0x3, 0x20, 0x3, 0xff, 0x87,
    0x60, 0x80, 0x7, 0x70, 0x7, 0xff, 0x5, 0x55,
    0x2, 0x18, 0x50, 0xc0, 0x1f, 0xf0, 0xd9, 0x38,
    0x5, 0xe3, 0x26, 0x1, 0xfe, 0xd1, 0xe0, 0xc,
    0x54, 0x86, 0x1, 0xfc, 0xc7, 0x6, 0x1, 0xc9,
    0x60, 0x1f, 0xe6, 0x77, 0x0, 0x7f, 0xf1, 0xe0,
    0x3, 0xfe, 0x2f, 0xfe, 0x0, 0xff, 0xe2, 0x11,
    0x70, 0x7, 0xff, 0xc, 0xb7, 0x78, 0x3, 0xff,
    0xa1, 0x5e, 0x20, 0x1b, 0x70, 0x3, 0xbf, 0x40,

    /* U+54CD "响" */
    0x0, 0xff, 0xe0, 0x55, 0x0, 0x3f, 0xf8, 0xa2,
    0xac, 0x1, 0xe1, 0x1e, 0x0, 0xf3, 0x85, 0x80,
    0x7b, 0xbb, 0x9c, 0x26, 0x75, 0x86, 0xcc, 0xf0,
    0x0, 0x99, 0x40, 0x26, 0x6c, 0x40, 0xac, 0xdc,
    0x20, 0xf3, 0x60, 0x19, 0xbf, 0xff, 0x30, 0x7,
    0xff, 0xa1, 0xbf, 0xf3, 0x80, 0x7f, 0xf1, 0x19,
    0x81, 0xe0, 0x1f, 0xfc, 0x31, 0x99, 0x8, 0x7,
    0xff, 0xfc, 0x3, 0xff, 0x92, 0x2a, 0xa1, 0x0,
    0xff, 0xe2, 0xd5, 0x0, 0x3e, 0x5f, 0xe0, 0xf,
    0x3e, 0xee, 0x90, 0xc, 0xab, 0xc6, 0x1, 0x84,
    0x8b, 0x8, 0x6, 0xaa, 0xe4, 0x0, 0xff, 0x94,
    0x4, 0x3, 0xff, 0x85, 0x1d, 0xe6, 0x20, 0x1f,
    0xfc, 0x3d, 0x11, 0x26, 0x80, 0x7e, 0xf9, 0x0,
    0xe5, 0xfe, 0xb3, 0x0,

    /* U+5524 "唤" */
    0x0, 0xff, 0xa, 0x8, 0x7, 0xff, 0x1a, 0x6d,
    0x0, 0x3f, 0xf8, 0xcc, 0x2a, 0x1, 0xfa, 0xae,
    0xf3, 0x0, 0x4e, 0x22, 0xff, 0xe2, 0x0, 0x91,
    0x3b, 0x80, 0x3, 0x6, 0xef, 0x84, 0xc, 0x3,
    0x27, 0xf8, 0x3, 0x58, 0x74, 0x45, 0x83, 0x2,
    0x1, 0xfe, 0x55, 0x49, 0x0, 0x54, 0x4e, 0x1,
    0xfe, 0x3a, 0x37, 0x11, 0xa0, 0x6c, 0x44, 0x1,
    0xfd, 0xe0, 0x7d, 0xd9, 0xc2, 0x7b, 0x92, 0x1,
    0xfa, 0x10, 0x19, 0xa2, 0x6, 0x68, 0x3, 0xfc,
    0x84, 0x11, 0x32, 0x41, 0x99, 0x80, 0x3f, 0xfe,
    0x86, 0x1, 0xfb, 0x58, 0x3b, 0xfc, 0xc3, 0xff,
    0x2, 0xfb, 0x80, 0x7a, 0x99, 0xb8, 0x0, 0xac,
    0xdc, 0x60, 0x1e, 0x79, 0x9d, 0x40, 0x14, 0xcf,
    0x20, 0x2d, 0x50, 0x3, 0xef, 0x6, 0x56, 0x0,
    0xf0, 0xaa, 0x80, 0x38, 0x70, 0xe2, 0x52, 0x58,
    0x3, 0x77, 0xfe, 0x80, 0x3, 0x79, 0xbb, 0x82,
    0xd2, 0x70, 0x80, 0x3e, 0x28, 0xe9, 0xa, 0x80,
    0xa, 0xdc, 0xf6, 0xd0, 0x3, 0xa1, 0xc2, 0x39,
    0x40, 0x3a, 0x35, 0x10, 0x60, 0x1d, 0x75, 0xce,
    0x1, 0xf8, 0xaf, 0x5c,

    /* U+552F "唯" */
    0x0, 0xfe, 0x25, 0x10, 0x0, 0x80, 0x7f, 0xf0,
    0xee, 0x88, 0x1f, 0x94, 0x3, 0xff, 0x84, 0x82,
    0x60, 0xa1, 0x80, 0x1c, 0xf7, 0x7c, 0x0, 0x22,
    0x38, 0x0, 0x85, 0xc0, 0x3b, 0x51, 0x38, 0x1,
    0x40, 0x53, 0x30, 0xc, 0xce, 0x0, 0xf, 0xf9,
    0x80, 0x26, 0x4, 0x66, 0x84, 0x19, 0xb0, 0x7,
    0xe5, 0x10, 0xff, 0xb8, 0x17, 0xff, 0x0, 0x7e,
    0x90, 0xe, 0x10, 0xf, 0xfe, 0xa, 0x18, 0x7,
    0xff, 0x1e, 0x40, 0x82, 0xab, 0x3, 0xd5, 0x4a,
    0x1, 0xf1, 0x48, 0x82, 0xae, 0x2, 0x55, 0xb4,
    0x3, 0xec, 0x60, 0x7, 0xfe, 0x5, 0xff, 0xa0,
    0x3, 0xe3, 0x0, 0xff, 0xe7, 0x88, 0x7, 0xff,
    0x17, 0xfe, 0xe0, 0x5f, 0xfa, 0x0, 0x3f, 0xe6,
    0x6c, 0x4, 0xcd, 0x60, 0x7, 0xfd, 0x33, 0x81,
    0xe6, 0x64, 0x0, 0xe, 0xe9, 0xc0, 0x3f, 0xf8,
    0x84, 0x62, 0x22, 0x30, 0xf, 0x84, 0x3, 0xe8,
    0xcc, 0xe0, 0xd, 0xff, 0x70, 0x2f, 0xfe, 0x90,
    0xf, 0xf3, 0xbf, 0xfb, 0x0, 0x3f, 0xd1, 0x1f,
    0xe5,

    /* U+5582 "喂" */
    0x0, 0xfc, 0x24, 0x5f, 0xe1, 0x0, 0xff, 0x46,
    0xef, 0xfa, 0x40, 0x2f, 0xfe, 0x10, 0xa, 0xae,
    0xc8, 0x17, 0x6a, 0x0, 0xf0, 0x99, 0x0, 0x72,
    0x24, 0x22, 0x44, 0x28, 0x7, 0x9b, 0x28, 0x3,
    0x9d, 0x9a, 0x16, 0x68, 0x3, 0xff, 0x85, 0x33,
    0x18, 0x4c, 0xc0, 0x1f, 0xfc, 0x2e, 0xff, 0x28,
    0xff, 0xc0, 0x1f, 0xfd, 0x8e, 0xff, 0x28, 0xff,
    0xc0, 0x1f, 0xfc, 0xd, 0x88, 0xff, 0x60, 0x7,
    0xf9, 0x1d, 0xff, 0xc8, 0x1, 0xf8, 0xa6, 0x7f,
    0xf8, 0x40, 0x1f, 0x33, 0x7f, 0xf0, 0xc0, 0x3e,
    0x4f, 0xc0, 0x9f, 0x80, 0xdf, 0xfa, 0xf7, 0xc0,
    0x3f, 0xf8, 0x2c, 0x10, 0x0, 0x7b, 0x80, 0xf,
    0xfe, 0x10, 0xc2, 0xbe, 0x42, 0xd0, 0x6, 0x7f,
    0x80, 0xf, 0xce, 0x70, 0x55, 0x40, 0xc, 0x89,
    0xc2, 0x1, 0xe4, 0xe2, 0x12, 0x0, 0xeb, 0xbe,
    0x0, 0xdd, 0x1d, 0x63, 0xab, 0x1a, 0xc0, 0x1f,
    0xea, 0x7, 0x71, 0x49, 0x85, 0x58, 0x4f, 0xa0,
    0x7, 0xe3, 0x17, 0xdc, 0x60, 0x9, 0x36, 0x95,
    0x0, 0x3f, 0x5f, 0x41, 0x0, 0x7c, 0xb4, 0x0,

    /* U+5587 "喇" */
    0x0, 0xfe, 0xb4, 0x0, 0xf9, 0x44, 0x3, 0xf9,
    0xc, 0x3, 0xc5, 0x48, 0x1, 0xff, 0xc3, 0x20,
    0xd, 0xff, 0x98, 0x66, 0x60, 0xb9, 0x92, 0x9e,
    0x98, 0x6, 0x36, 0x0, 0x1b, 0x34, 0x6, 0xcc,
    0xc0, 0xf, 0xae, 0x44, 0xb, 0xfd, 0xc1, 0x1f,
    0xe9, 0x0, 0xff, 0xe1, 0x8, 0x7, 0xff, 0x15,
    0x9e, 0x3, 0x1d, 0xc4, 0x1, 0xff, 0xc0, 0x88,
    0x38, 0x24, 0x41, 0xc0, 0x3f, 0xf8, 0x35, 0xe1,
    0x1e, 0x20, 0x1f, 0xfe, 0xaa, 0xf0, 0x8f, 0x10,
    0xf, 0xfe, 0xc, 0x41, 0x1, 0x22, 0xe, 0x1,
    0xff, 0xc0, 0x67, 0x60, 0x34, 0x72, 0x0, 0xff,
    0xe0, 0xc1, 0x3, 0xe1, 0x80, 0x7f, 0xf0, 0x55,
    0xe0, 0x1c, 0xf4, 0x84, 0x84, 0x3, 0x47, 0x88,
    0x25, 0x23, 0x87, 0xe9, 0xe1, 0xe9, 0x0, 0x4c,
    0xdb, 0xec, 0xec, 0x2, 0x1c, 0x3, 0x0, 0xe9,
    0x9a, 0x98, 0xf0, 0x3, 0x87, 0xc8, 0x0, 0xa0,
    0x20, 0x11, 0xd6, 0x0, 0x7c, 0x22, 0xdf, 0x81,
    0x40, 0xc, 0xa0, 0x1f, 0xc2, 0xeb, 0x1e, 0x0,

    /* U+5668 "器" */
    0x0, 0x91, 0x57, 0xc6, 0x0, 0x55, 0xf8, 0x80,
    0x3a, 0x6a, 0xbd, 0xe0, 0x35, 0x5f, 0x80, 0x3c,
    0x5b, 0xb8, 0x40, 0x33, 0x6e, 0xe0, 0xf, 0xc2,
    0x45, 0x8c, 0x3, 0x9, 0x14, 0x60, 0x1f, 0xfd,
    0x33, 0xff, 0xc4, 0x1, 0x9f, 0xfe, 0xe0, 0xf,
    0xad, 0xdf, 0xd4, 0x2, 0xee, 0x35, 0x77, 0xb0,
    0x3, 0x9a, 0x23, 0xcb, 0xf1, 0x10, 0xad, 0xc4,
    0x10, 0x3, 0xff, 0x81, 0x41, 0xa0, 0xf, 0x2e,
    0x0, 0xf0, 0xff, 0xfe, 0x60, 0xaf, 0xf6, 0x91,
    0x3f, 0xed, 0x0, 0xc, 0x47, 0x94, 0x0, 0xe8,
    0x2, 0xf1, 0x1d, 0x60, 0x13, 0xbe, 0x6f, 0x50,
    0xa8, 0xb7, 0x14, 0x37, 0x7c, 0xc0, 0x18, 0xde,
    0xf9, 0xd7, 0x54, 0x1, 0x18, 0xf7, 0xb0, 0x80,
    0x1a, 0xff, 0x21, 0x5b, 0x2c, 0xc4, 0x0, 0x25,
    0x56, 0xcf, 0x7f, 0xd0, 0x18, 0xa4, 0x2, 0xd9,
    0xdc, 0xc0, 0x2e, 0xea, 0xd0, 0x0, 0x6b, 0xa0,
    0xf4, 0xc1, 0x55, 0x88, 0x3, 0x2d, 0x55, 0x21,
    0x76, 0x50, 0xc, 0x2a, 0xb8, 0x40, 0x36, 0xaa,
    0xc8, 0x1, 0xff, 0xd3, 0x17, 0x7c, 0x40, 0x1b,
    0x1d, 0xea, 0x0, 0xfe, 0x88, 0xc2, 0x1, 0x92,
    0x22, 0x70, 0xf, 0xc3, 0xff, 0x8c, 0x3, 0x47,
    0xfd, 0xa0, 0x18,

    /* U+566A "噪" */
    0x0, 0xfc, 0xac, 0xdf, 0x8c, 0x3, 0xfe, 0xa9,
    0x9f, 0xd4, 0x1, 0x77, 0xfe, 0x70, 0x9, 0x7b,
    0xbc, 0x20, 0x1c, 0x4c, 0xc0, 0xf, 0x8, 0xf8,
    0x3, 0xcd, 0x30, 0x1, 0xcb, 0xff, 0xe1, 0x0,
    0xff, 0xe0, 0x44, 0x7f, 0x68, 0x7, 0xf8, 0x59,
    0xb3, 0xb9, 0x9a, 0x51, 0x0, 0xfc, 0x5d, 0xdc,
    0x4b, 0xdd, 0xc0, 0x1f, 0xe8, 0xb8, 0x0, 0xd7,
    0x66, 0x0, 0xff, 0x91, 0x6, 0x1, 0x91, 0x1c,
    0x1, 0xff, 0x54, 0x70, 0x6, 0x77, 0x60, 0x7,
    0xf8, 0x5d, 0x90, 0x44, 0x63, 0x32, 0x52, 0x0,
    0xfc, 0x5d, 0xde, 0xae, 0xed, 0xa0, 0x1f, 0x95,
    0xdf, 0x8c, 0x5d, 0xf9, 0x80, 0x3e, 0x98, 0x8e,
    0x12, 0x88, 0xeb, 0x0, 0xfb, 0xb3, 0x31, 0x0,
    0x17, 0x33, 0x78, 0x1, 0x3f, 0x80, 0x4, 0x66,
    0xe, 0x20, 0x2, 0xc1, 0x19, 0x88, 0x19, 0xb8,
    0xc0, 0x67, 0x3, 0x48, 0xe9, 0x39, 0xc0, 0x28,
    0x99, 0xc1, 0x5c, 0xd1, 0xa4, 0x0, 0x5e, 0x58,
    0xe8, 0x20, 0xc, 0xb6, 0x91, 0xee, 0x1, 0xc3,
    0x58, 0x4f, 0x40, 0x19, 0x6f, 0x9c, 0x3, 0xf8,
    0xf3, 0x10,

    /* U+56DB "四" */
    0x0, 0xff, 0xe3, 0x8f, 0xff, 0xff, 0x18, 0x0,
    0x28, 0x90, 0x82, 0x24, 0x20, 0x89, 0x80, 0x32,
    0xdd, 0xc8, 0x15, 0x76, 0x40, 0xab, 0xb8, 0x80,
    0x3f, 0xfc, 0x62, 0x1, 0xff, 0xc4, 0x10, 0xf,
    0xfe, 0x33, 0x8, 0x7, 0xff, 0x10, 0x88, 0x80,
    0x11, 0x80, 0x7f, 0xf0, 0x24, 0x38, 0x2, 0x10,
    0x91, 0x0, 0xfd, 0x8, 0xa8, 0x1, 0x60, 0x3f,
    0x7f, 0x88, 0x3, 0x43, 0x9d, 0x0, 0x64, 0xb6,
    0x44, 0x80, 0x3a, 0xd7, 0x0, 0x3c, 0x93, 0x77,
    0x10, 0x6, 0x3a, 0x0, 0xff, 0xeb, 0xad, 0x57,
    0xff, 0x8, 0x80, 0x21, 0x55, 0xff, 0xe1, 0x0,
    0x63, 0xdd, 0xff, 0xe1, 0x8, 0x4, 0xe4, 0x5f,
    0xfc, 0x23, 0x0,

    /* U+56DE "回" */
    0x0, 0xff, 0xe3, 0xd7, 0xff, 0xff, 0x16, 0xc0,
    0x4, 0x67, 0xff, 0xc1, 0x20, 0xd, 0xf9, 0x9f,
    0xfc, 0x1f, 0x0, 0xff, 0xf0, 0xf7, 0xff, 0xd2,
    0x1, 0xff, 0xa, 0xaf, 0x1, 0x80, 0x7f, 0xcb,
    0x55, 0xc0, 0x1f, 0xff, 0xf0, 0xf, 0xfe, 0x12,
    0x7f, 0xf0, 0x7, 0xff, 0x1, 0x9b, 0xf7, 0x80,
    0x7f, 0xa2, 0x67, 0xe5, 0x0, 0xff, 0xe7, 0x8,
    0x7, 0xff, 0x1b, 0x3f, 0xff, 0xf8, 0x3a, 0x1,
    0x8d, 0x13, 0xff, 0x82, 0x60, 0x1b, 0xae, 0xff,
    0xf8, 0x3c, 0x0,

    /* U+56E0 "因" */
    0x0, 0xff, 0xe3, 0x8f, 0xff, 0xff, 0x18, 0x2,
    0x33, 0xff, 0xe1, 0x0, 0x63, 0xcc, 0xf5, 0x4e,
    0x67, 0x88, 0x3, 0xfd, 0x12, 0x1, 0xff, 0xc5,
    0x10, 0xf, 0xfe, 0x98, 0xff, 0xf0, 0x1f, 0xff,
    0x0, 0x78, 0x55, 0x72, 0x1, 0x2a, 0xf0, 0x7,
    0xd5, 0x5a, 0x2, 0xab, 0xc0, 0x1f, 0xf2, 0x6,
    0x0, 0x7f, 0xf1, 0x24, 0x13, 0x4, 0x3, 0xff,
    0x83, 0x43, 0x10, 0x3c, 0x10, 0xf, 0xfa, 0x55,
    0x1d, 0xd2, 0x58, 0x20, 0x1f, 0x8b, 0x18, 0xec,
    0x0, 0xd2, 0x58, 0x20, 0x1e, 0x3d, 0x35, 0xc0,
    0xc, 0xd0, 0x5a, 0x1, 0xe3, 0x5a, 0xa0, 0x7,
    0x9d, 0xa4, 0x3, 0xea, 0x50, 0xf, 0xd2, 0xa0,
    0x1c, 0x79, 0x9f, 0xfc, 0x22, 0x0, 0xc6, 0x7f,
    0xfc, 0x20, 0xc, 0x7f, 0xff, 0xfc, 0x22, 0x0,

    /* U+56FA "固" */
    0x0, 0xff, 0xe3, 0xd7, 0xff, 0xff, 0x17, 0x80,
    0xc, 0xdf, 0xfc, 0x30, 0xd, 0x13, 0x3d, 0x69,
    0xd3, 0x3e, 0x10, 0xf, 0xf1, 0x70, 0x7, 0xff,
    0x0, 0x47, 0x80, 0xc4, 0x78, 0x3, 0xd1, 0xdd,
    0xb0, 0x17, 0xbb, 0x78, 0x7, 0xb1, 0xdf, 0x30,
    0x1b, 0xbe, 0x90, 0xf, 0x24, 0x46, 0xb0, 0x58,
    0x8c, 0xe0, 0x1f, 0xfc, 0xfd, 0xff, 0x68, 0x37,
    0xfc, 0x60, 0x1f, 0xc6, 0x51, 0x1c, 0xa0, 0xe0,
    0x1f, 0xe6, 0x77, 0xef, 0x0, 0xff, 0xf3, 0x27,
    0xff, 0x50, 0x7, 0xfd, 0x11, 0xfc, 0xa0, 0x1f,
    0xcc, 0xef, 0xf8, 0x40, 0x3f, 0xf9, 0xbd, 0xff,
    0xff, 0xc2, 0x10, 0x9, 0x9d, 0xff, 0xf8, 0x40,
    0x0,

    /* U+56FE "图" */
    0x0, 0xff, 0xe3, 0xcf, 0xff, 0xff, 0x16, 0xc0,
    0xc, 0xef, 0x32, 0xbb, 0xff, 0x0, 0x68, 0x8c,
    0x2b, 0x51, 0x1f, 0x80, 0x3e, 0x37, 0x36, 0x44,
    0xf0, 0x7, 0xe1, 0xd0, 0x3b, 0xbf, 0x50, 0x7,
    0xc3, 0x82, 0x5d, 0xff, 0x90, 0x2c, 0x3, 0xc5,
    0x81, 0xad, 0xe8, 0x7, 0xa9, 0x6a, 0x1, 0xe2,
    0x4c, 0x2b, 0x7b, 0xb6, 0xe, 0xa0, 0x7, 0xe9,
    0x10, 0x33, 0x2, 0x3, 0x30, 0x3, 0xf8, 0xe3,
    0x71, 0xe7, 0xa5, 0xef, 0xe9, 0x88, 0x3, 0x4e,
    0x3a, 0x3f, 0x30, 0xb6, 0xdb, 0x24, 0xa8, 0x6,
    0xab, 0xf9, 0x5c, 0xfd, 0xa6, 0x64, 0xf6, 0x38,
    0x6, 0x34, 0x0, 0x6e, 0xa9, 0x5a, 0x74, 0x0,
    0x60, 0x1f, 0x23, 0x19, 0x96, 0x33, 0xa8, 0x3,
    0xfd, 0xb3, 0x9d, 0xb4, 0xe4, 0xa0, 0x1f, 0xe9,
    0xfd, 0xa5, 0x68, 0xcf, 0xb0, 0xf, 0xf8, 0x96,
    0x33, 0xed, 0xc0, 0x3f, 0x33, 0xbf, 0xe3, 0xfc,
    0x77, 0x80, 0x34, 0x47, 0xff, 0xc, 0x3, 0x77,
    0xff, 0xff, 0x8, 0x0,

    /* U+5706 "圆" */
    0x57, 0x7f, 0xfe, 0x2b, 0x7c, 0x47, 0xff, 0x16,
    0x80, 0x1d, 0xff, 0xff, 0xc2, 0x10, 0xf, 0x11,
    0x7f, 0x0, 0x7f, 0x1e, 0xef, 0xf0, 0x80, 0x7f,
    0xa3, 0xbb, 0x98, 0x3, 0xff, 0x81, 0xe4, 0x5c,
    0x60, 0x1f, 0xe1, 0x7, 0xcc, 0xe5, 0x0, 0xff,
    0x17, 0xff, 0xf0, 0x80, 0x7e, 0xaf, 0xff, 0xe9,
    0x0, 0xfc, 0x21, 0x55, 0xe9, 0x3, 0x0, 0xff,
    0x2a, 0x9e, 0x45, 0x58, 0x3, 0xff, 0x84, 0xc6,
    0x1, 0xff, 0xc5, 0xc0, 0x60, 0xf, 0xfe, 0x4,
    0x50, 0x1b, 0x9c, 0x5a, 0x54, 0x80, 0x7e, 0x36,
    0x9c, 0x1e, 0xc5, 0xb8, 0x60, 0xf, 0xa7, 0x71,
    0x99, 0xe4, 0xdd, 0x27, 0x58, 0x20, 0x1c, 0x4d,
    0x1d, 0x22, 0x1, 0x37, 0x38, 0x88, 0x3, 0x3e,
    0xe8, 0x5d, 0x9b, 0xee, 0xb6, 0x10, 0xa, 0x67,
    0xff, 0x86, 0x1, 0xb7, 0xbb, 0xff, 0x84, 0x20,

    /* U+5728 "在" */
    0x0, 0xfe, 0x89, 0x0, 0xff, 0xe4, 0xbb, 0x80,
    0x3f, 0xf9, 0xa, 0xc, 0x1, 0xff, 0xc1, 0x4a,
    0xaf, 0x40, 0x25, 0x57, 0xfa, 0x40, 0x6, 0xab,
    0xe2, 0x3, 0x55, 0xff, 0x38, 0x1, 0xfb, 0xb9,
    0x2, 0xbb, 0xbf, 0xf8, 0x0, 0x10, 0x8e, 0x24,
    0x35, 0x11, 0xff, 0x80, 0x3f, 0x78, 0x48, 0x6,
    0x5f, 0x60, 0xf, 0xfe, 0x3, 0x1a, 0x28, 0x7,
    0x84, 0x3, 0xfe, 0x29, 0x9, 0x0, 0xff, 0xe3,
    0xf0, 0x31, 0x0, 0x7f, 0xf1, 0xac, 0xc0, 0x42,
    0xbf, 0xf5, 0x4, 0x7f, 0xf0, 0x6, 0x94, 0x0,
    0xc4, 0x67, 0x88, 0x4, 0xcf, 0x80, 0x2a, 0x61,
    0xa0, 0xa, 0x33, 0x34, 0x4, 0xe6, 0x70, 0x0,
    0x94, 0x70, 0x40, 0x3f, 0xf8, 0xc5, 0x7e, 0x40,
    0x1f, 0xfc, 0x84, 0x10, 0xf, 0xff, 0xed, 0xff,
    0xf5, 0x4, 0x7f, 0xf8, 0x80, 0x3e, 0xc5, 0x5f,
    0xfe, 0x11, 0x80, 0x7c, 0xf5, 0x5f, 0xfc, 0x21,

    /* U+5730 "地" */
    0x0, 0xff, 0xe1, 0x8, 0x7, 0xff, 0x2, 0x54,
    0x3, 0xf7, 0x58, 0x7, 0xf8, 0x5b, 0x0, 0x3f,
    0xf9, 0xd3, 0xc2, 0x1, 0xff, 0xc8, 0x31, 0x0,
    0xff, 0xe9, 0x2d, 0x60, 0x7, 0xff, 0x15, 0xab,
    0xe9, 0x40, 0x33, 0xcc, 0x2, 0xcc, 0x80, 0x23,
    0x5a, 0x2, 0x53, 0x90, 0x70, 0xa, 0xd9, 0x80,
    0x6c, 0xc2, 0x10, 0xda, 0x50, 0x3e, 0xc6, 0x0,
    0xed, 0xec, 0x6, 0xe3, 0xd4, 0x3, 0x9d, 0x7,
    0x10, 0x8, 0x40, 0x21, 0x11, 0x0, 0x4, 0x46,
    0x41, 0xac, 0x40, 0x18, 0x40, 0x3f, 0xec, 0xc3,
    0x80, 0x7e, 0x30, 0x30, 0xf, 0xe1, 0x0, 0xff,
    0xe0, 0x8, 0x7, 0xff, 0x21, 0x0, 0x3f, 0xf9,
    0xb, 0xd2, 0x1a, 0x1, 0xff, 0xc6, 0x43, 0x48,
    0x50, 0xf, 0xc5, 0x2c, 0x1, 0xf0, 0xed, 0xb8,
    0x88, 0x3, 0x18, 0x36, 0xb7, 0x0, 0x70, 0x90,
    0x6, 0x4e, 0x50, 0x4a, 0xd0, 0x2, 0xe4, 0x0,
    0x77, 0x48, 0x6, 0x20, 0x14, 0xb5, 0x17, 0xea,
    0x30, 0x30, 0x50, 0xf, 0xd8, 0xc, 0x8d, 0x5d,
    0x2, 0x1, 0x78, 0x5e, 0x5d, 0x52, 0xed, 0x9c,
    0x82, 0x41, 0x2a, 0x1, 0xe6, 0x60, 0x9a, 0x2a,
    0x91, 0x6, 0x9, 0xa0, 0x1f, 0xf4, 0xf7, 0xff,
    0xdd, 0x66, 0x0,

    /* U+573A "场" */
    0x0, 0xce, 0x80, 0x1f, 0xfc, 0x61, 0x8e, 0x0,
    0xff, 0xe6, 0x77, 0xff, 0xf3, 0x0, 0x7f, 0x94,
    0xcf, 0xc0, 0x1f, 0xfc, 0x2b, 0xcc, 0xda, 0xe0,
    0x9, 0x60, 0xf, 0xfe, 0x12, 0xfa, 0x23, 0x98,
    0x2, 0x68, 0x90, 0x78, 0x81, 0x0, 0x6, 0xa8,
    0x33, 0x62, 0x1, 0xa9, 0xdc, 0x4, 0xee, 0x60,
    0x5f, 0x54, 0xe6, 0x0, 0xf7, 0xdd, 0x2, 0x5d,
    0x9a, 0xa8, 0x33, 0x62, 0x1, 0xf1, 0xa2, 0x0,
    0x51, 0x10, 0xa0, 0x9, 0xff, 0xfb, 0x80, 0x3f,
    0x63, 0x30, 0x9, 0x98, 0x2, 0xcc, 0x3, 0x0,
    0xfc, 0xd3, 0xa1, 0x73, 0x0, 0xf3, 0x21, 0x10,
    0x7, 0xfb, 0x41, 0xc1, 0x3, 0xc0, 0x2, 0xe0,
    0x1f, 0xc2, 0xc8, 0x21, 0x80, 0x80, 0x10, 0x80,
    0x7c, 0x41, 0x1, 0x0, 0x7, 0x12, 0x1, 0x3,
    0x0, 0xe7, 0xcc, 0x1b, 0x21, 0x82, 0xb, 0x80,
    0xc, 0x4, 0xd, 0xf4, 0x8, 0xd7, 0x42, 0x40,
    0x1e, 0x16, 0x0, 0x60, 0xf3, 0xc8, 0x35, 0xad,
    0x61, 0xa2, 0x5, 0x44, 0x10, 0x0, 0x40, 0x4d,
    0x6b, 0xe9, 0xf0, 0xa5, 0x40, 0xac, 0x24, 0x2,
    0x20, 0x30, 0xa5, 0x0, 0x9, 0xd3, 0x0, 0xf8,
    0xc9, 0x0, 0xa, 0xc1, 0x80, 0x38, 0xf5, 0x40,
    0x70, 0x9d, 0x8b, 0xbf, 0x4c, 0x8c, 0x3, 0xfa,
    0x9, 0xe0, 0x8, 0x86, 0xb1, 0x80, 0x1f, 0xe9,
    0xb8, 0x0, 0xb3, 0x14, 0xe2, 0x0,

    /* U+5740 "址" */
    0x0, 0x84, 0x80, 0x3f, 0x91, 0x0, 0x1f, 0xd1,
    0xa6, 0x1, 0xfa, 0x6c, 0x40, 0x3f, 0xff, 0xe0,
    0x1d, 0x98, 0x0, 0xff, 0xe0, 0x11, 0xc, 0x1c,
    0x88, 0x4, 0x60, 0x1f, 0xf2, 0x6e, 0x94, 0x2f,
    0x70, 0x3, 0xff, 0x84, 0xe4, 0x41, 0x2, 0x28,
    0x3, 0xf7, 0x7f, 0xd4, 0x7, 0xba, 0x70, 0xed,
    0xc0, 0xf, 0xc6, 0x7b, 0x40, 0x3f, 0xf8, 0xbb,
    0x99, 0x38, 0x7, 0xff, 0xfc, 0x3, 0xff, 0x92,
    0x40, 0x1f, 0xfc, 0x78, 0xee, 0x0, 0x7f, 0xf0,
    0x85, 0x69, 0x81, 0xe, 0x80, 0x3f, 0xf8, 0x5f,
    0x4a, 0x4f, 0x9a, 0xc0, 0x1f, 0xfc, 0x26, 0x7d,
    0xd4, 0x15, 0xdc, 0x21, 0x77, 0x10, 0x55, 0xde,
    0x78, 0x81, 0x0, 0xd, 0x12, 0x0, 0x22, 0x40,
    0x4, 0x4e, 0xd0, 0xe, 0x2f, 0xff, 0xfe, 0x1d,
    0x0,

    /* U+5747 "均" */
    0x0, 0xff, 0x85, 0x4, 0x3, 0xfc, 0x5d, 0x40,
    0x1c, 0xf7, 0x20, 0x1f, 0xf0, 0x88, 0x3, 0xb4,
    0x28, 0x3, 0xff, 0x8a, 0x48, 0x64, 0x1, 0xff,
    0xc5, 0xa0, 0x3f, 0xff, 0x94, 0x3, 0xfc, 0xc0,
    0x45, 0xe0, 0xf, 0xfe, 0x3, 0x8c, 0x6e, 0xf9,
    0x80, 0x2f, 0xf6, 0x82, 0x7f, 0x8e, 0x41, 0x80,
    0x3f, 0x8, 0x11, 0x4, 0x0, 0x44, 0x41, 0x8a,
    0x70, 0xe, 0x30, 0xb, 0x75, 0x80, 0x9b, 0xa7,
    0xc6, 0x8, 0x90, 0xf, 0x38, 0x7, 0xf1, 0x8d,
    0xa3, 0x48, 0x7, 0xff, 0x1a, 0xcd, 0x84, 0x0,
    0x20, 0x20, 0x1f, 0xfc, 0x1d, 0xb0, 0x96, 0x0,
    0xff, 0xe2, 0x9, 0xfb, 0x60, 0x0, 0xc0, 0x3f,
    0xf8, 0xd, 0xd0, 0x11, 0x4e, 0x1, 0xf8, 0x5c,
    0xc5, 0xfa, 0x45, 0xfd, 0xc0, 0x21, 0x0, 0xe4,
    0xe8, 0x4d, 0x81, 0x6e, 0x81, 0x0, 0x8, 0x4,
    0x95, 0xa0, 0x3, 0x97, 0xa7, 0xe9, 0x10, 0xf,
    0xaa, 0xd4, 0x5f, 0x71, 0x81, 0xa0, 0x40, 0x3c,
    0x40, 0xf, 0x5b, 0xe8, 0x20, 0xf, 0xf0, 0xc0,
    0x10, 0x2d, 0x20, 0x7, 0xf8, 0x7b, 0xf9, 0xc2,
    0x80, 0x3f, 0xf8, 0x42, 0x62, 0x6d, 0x6e, 0x1,
    0xff, 0xc3, 0xde, 0xc9, 0x40, 0x0,

    /* U+574F "坏" */
    0x0, 0xca, 0x60, 0x1f, 0xfc, 0x81, 0xa9, 0x0,
    0xff, 0xe6, 0xc5, 0xdf, 0xff, 0x0, 0x40, 0x3f,
    0x8d, 0x13, 0xff, 0x80, 0x60, 0x1f, 0xd5, 0xdd,
    0xc4, 0x19, 0xdd, 0x88, 0x3, 0xf8, 0x47, 0x88,
    0x86, 0x61, 0x1c, 0x1, 0xff, 0xc3, 0x90, 0xa0,
    0xf, 0x8b, 0x75, 0x80, 0xbb, 0xa9, 0x0, 0x89,
    0x41, 0xc0, 0x3e, 0x12, 0x28, 0x0, 0x44, 0x30,
    0xa, 0x0, 0x3f, 0xc7, 0xfe, 0xe0, 0x5f, 0xf5,
    0x0, 0xd, 0x40, 0x5, 0x42, 0x1, 0xff, 0xc4,
    0xe0, 0x9, 0x17, 0x4, 0x3, 0xff, 0x85, 0x44,
    0xa6, 0xc, 0xe5, 0xa0, 0x1f, 0xfc, 0x16, 0x51,
    0xb0, 0xa, 0x18, 0xec, 0x3, 0xfe, 0x59, 0xd,
    0x10, 0xd, 0x28, 0x89, 0x0, 0xfe, 0x3a, 0xb,
    0x30, 0xf, 0x59, 0x33, 0x0, 0x3f, 0x1a, 0x52,
    0x0, 0x7e, 0xf0, 0xa0, 0xf, 0x8d, 0xf9, 0x40,
    0x3f, 0x8a, 0xf4, 0x0, 0x4b, 0x0, 0xb9, 0x1e,
    0x1, 0xff, 0x20, 0x86, 0xea, 0x98, 0xd, 0xee,
    0x80, 0x3f, 0xf8, 0x4a, 0xd3, 0x9f, 0x90, 0x80,
    0x1f, 0xfc, 0x38, 0x96, 0x30, 0xf, 0xfe, 0xf0,

    /* U+5757 "块" */
    0x0, 0xff, 0xe0, 0x99, 0x0, 0x7f, 0xf0, 0x23,
    0xc8, 0x3, 0xdb, 0x80, 0x1f, 0xff, 0x21, 0x77,
    0xc2, 0xe, 0xfc, 0x1, 0xff, 0x2c, 0x46, 0x1,
    0x88, 0xe1, 0x0, 0xff, 0x2d, 0xde, 0x11, 0x5d,
    0xc6, 0x1, 0xc7, 0x98, 0x60, 0xfc, 0xb4, 0x4c,
    0x0, 0x44, 0x98, 0x3, 0x9c, 0xcc, 0x20, 0x46,
    0xe0, 0x1f, 0xfc, 0x34, 0xff, 0x38, 0x6f, 0xe8,
    0x7, 0xff, 0x84, 0x8b, 0x80, 0x4, 0x50, 0x81,
    0x10, 0x3, 0xf1, 0x6e, 0xf0, 0x8b, 0x76, 0x40,
    0xcd, 0x40, 0xf, 0x8d, 0x9b, 0x28, 0x1, 0x19,
    0xbe, 0x0, 0xf8, 0x66, 0x76, 0x0, 0xa, 0x67,
    0xc4, 0x1, 0xf8, 0x80, 0x2b, 0x1, 0x61, 0x0,
    0xff, 0xe0, 0x56, 0x68, 0x1, 0x89, 0xac, 0x28,
    0x3, 0xf0, 0xb2, 0x83, 0x9a, 0x81, 0xc8, 0xc2,
    0xa2, 0x24, 0x3, 0xd9, 0xd2, 0x47, 0x1d, 0x47,
    0xa1, 0xa2, 0x14, 0x4d, 0x20, 0x1c, 0xe7, 0x1b,
    0x8e, 0x2f, 0x83, 0x46, 0x0, 0x1f, 0x16, 0xd3,
    0x0, 0xaf, 0x1c, 0x80, 0xf2, 0x6, 0xd4, 0x3,
    0x17, 0x99, 0x65, 0x18, 0x7, 0xbc, 0xd3, 0xd0,
    0x3, 0xc3, 0x90, 0xa, 0xc0, 0x1e, 0xe9, 0xb1,
    0x0, 0xfe, 0x7e, 0x95,

    /* U+578B "型" */
    0x0, 0xff, 0xe2, 0x96, 0xb8, 0x5, 0x99, 0xff,
    0x29, 0x30, 0x80, 0xb, 0x80, 0x22, 0x21, 0x98,
    0x8a, 0x33, 0x11, 0xd, 0x65, 0x40, 0x3e, 0xee,
    0x38, 0x67, 0x71, 0x3, 0xb8, 0xc0, 0x1f, 0xfe,
    0x94, 0x55, 0x18, 0x2a, 0xcc, 0xa, 0xb0, 0x7,
    0xf7, 0xd5, 0x10, 0x22, 0xa8, 0x41, 0x54, 0xb0,
    0xf, 0xe9, 0xbb, 0x10, 0x5d, 0xc6, 0x17, 0x6d,
    0x0, 0xfe, 0x24, 0x41, 0x1a, 0x24, 0xe0, 0x88,
    0x31, 0x7, 0x0, 0xfc, 0xe1, 0x60, 0x1f, 0x9b,
    0xcc, 0xac, 0x4, 0x2, 0x38, 0x27, 0x0, 0xff,
    0x66, 0xb0, 0x58, 0x0, 0xb4, 0x38, 0x3, 0x74,
    0x0, 0x74, 0xbd, 0x71, 0x80, 0xd, 0x2c, 0xc0,
    0x32, 0xab, 0x60, 0x2, 0x58, 0x51, 0x0, 0x86,
    0x82, 0xab, 0xd2, 0x4b, 0x55, 0xe7, 0x0, 0xe2,
    0x55, 0xf2, 0x1, 0x2a, 0xfb, 0x0, 0x39, 0xbf,
    0xfd, 0xa0, 0xbf, 0xfe, 0xb0, 0xf, 0xff, 0x1c,
    0x4c, 0xfe, 0x80, 0x79, 0x9f, 0xe1, 0x66, 0xfe,
    0x50, 0x26, 0x6f, 0xe2,

    /* U+57DF "域" */
    0x0, 0xff, 0xe1, 0x2a, 0x0, 0x90, 0x7, 0xba,
    0xc0, 0x3f, 0xa2, 0x1, 0xb8, 0x40, 0x1c, 0x2e,
    0x1, 0xff, 0xc0, 0xe0, 0xc1, 0x0, 0xff, 0xe1,
    0x88, 0x80, 0xb4, 0x8, 0x3, 0xf4, 0xcf, 0xc4,
    0x73, 0x2a, 0x4a, 0x10, 0xf, 0x99, 0xbe, 0x11,
    0x33, 0x4a, 0xc6, 0x28, 0x80, 0x14, 0x47, 0xff,
    0xc8, 0x3f, 0xfc, 0x4d, 0x76, 0x2, 0xbb, 0x8,
    0x7, 0x84, 0x3, 0xe5, 0x99, 0x1, 0x4c, 0x89,
    0xdf, 0x80, 0xc4, 0x0, 0x7e, 0x60, 0x4c, 0xc0,
    0x16, 0x62, 0xc4, 0x70, 0x8, 0x5, 0x60, 0x40,
    0x1f, 0xee, 0xf7, 0x0, 0x78, 0x8, 0x32, 0x8,
    0x7, 0xf8, 0x40, 0x31, 0x1, 0xa0, 0xf0, 0x7,
    0xff, 0x11, 0x81, 0xbc, 0x54, 0x3, 0xfe, 0x88,
    0x20, 0x0, 0x43, 0x92, 0x40, 0x3f, 0xf8, 0xe,
    0xe3, 0x0, 0x10, 0x28, 0xb8, 0x7, 0xe2, 0x56,
    0xff, 0xe0, 0x1, 0x84, 0x0, 0x78, 0x80, 0xf6,
    0x80, 0x31, 0x38, 0x19, 0x81, 0x80, 0x60, 0x5f,
    0x74, 0x0, 0x4a, 0x15, 0x9e, 0xd8, 0x5d, 0x0,
    0x20, 0x2b, 0xae, 0x92, 0xd7, 0xf4, 0x75, 0x31,
    0x3d, 0x40, 0xc8, 0x68, 0x18, 0x2d, 0xfd, 0x28,
    0x8, 0x35, 0x76, 0x5d, 0x8a, 0x58, 0xdc, 0x6c,
    0x84, 0x40, 0x19, 0x36, 0x54, 0x4b, 0x6, 0x58,
    0x20, 0x78, 0xd0, 0x3, 0xfe, 0x26, 0xa6, 0x0,
    0x24, 0x1, 0x40, 0x0,

    /* U+57FA "基" */
    0x0, 0xff, 0xe8, 0x57, 0x88, 0x7, 0xee, 0xd0,
    0xf, 0x88, 0xa0, 0x1, 0x17, 0xf0, 0x0, 0x8a,
    0x0, 0x87, 0x76, 0x50, 0xcd, 0xdf, 0xc2, 0x5b,
    0xb2, 0x80, 0x6, 0xee, 0x40, 0xab, 0xbf, 0xc2,
    0x57, 0x72, 0x0, 0x48, 0x90, 0x83, 0x2a, 0xfe,
    0x0, 0x22, 0x42, 0x1, 0xfb, 0x3b, 0xbf, 0x8,
    0x7, 0xff, 0x6, 0xae, 0xff, 0x8, 0x7, 0xff,
    0x5, 0x9b, 0xf8, 0x3, 0xff, 0x85, 0x9b, 0xbf,
    0x84, 0x3, 0xff, 0x83, 0x79, 0x9f, 0x84, 0x3,
    0xe1, 0x22, 0x80, 0xe, 0x23, 0xf8, 0x0, 0x45,
    0x80, 0x19, 0xbb, 0x28, 0x66, 0xef, 0xe1, 0x2d,
    0xdc, 0x21, 0xd7, 0x79, 0x41, 0x6e, 0xf9, 0xc0,
    0xee, 0xf8, 0x40, 0xd1, 0x22, 0x52, 0xa4, 0x51,
    0x64, 0x85, 0x3c, 0x44, 0xc0, 0x18, 0x6a, 0x4f,
    0x0, 0xb, 0x54, 0x0, 0x52, 0xbe, 0x10, 0x7,
    0x3f, 0x2a, 0x5b, 0x3b, 0xb4, 0xd, 0xde, 0xd7,
    0x3d, 0x91, 0x5, 0xe8, 0x9, 0xba, 0x88, 0x98,
    0x12, 0x23, 0xb0, 0x9b, 0x9d, 0xc2, 0xba, 0xc1,
    0xbf, 0xf5, 0x83, 0xff, 0xe0, 0x3d, 0x92, 0x42,
    0xda, 0x20, 0xf, 0xfe, 0x23, 0x69, 0x81, 0x3b,
    0xfe, 0xd0, 0x37, 0x7f, 0xc2, 0x1, 0x44, 0x7e,
    0x60, 0x48, 0x8f, 0xc4, 0x0,

    /* U+5806 "堆" */
    0x0, 0xff, 0x91, 0x0, 0x10, 0x80, 0x7f, 0xaf,
    0xc0, 0x3a, 0xa8, 0x0, 0xea, 0x0, 0xff, 0xe2,
    0x10, 0xb8, 0x1, 0x14, 0x3, 0xff, 0x88, 0xa1,
    0x80, 0xd, 0x13, 0x0, 0xff, 0xe1, 0xd0, 0x64,
    0xcb, 0x2, 0x26, 0x66, 0x0, 0xff, 0x21, 0x3,
    0x34, 0x80, 0x8c, 0xd6, 0x0, 0x9, 0x9a, 0x6,
    0x61, 0x78, 0x27, 0xfc, 0xc1, 0xbf, 0xf5, 0x0,
    0x12, 0x64, 0x41, 0x32, 0x84, 0x0, 0xff, 0xe1,
    0x25, 0x50, 0x82, 0xa5, 0x40, 0x3f, 0xf8, 0x64,
    0xaa, 0x60, 0x5f, 0x5, 0x4, 0xff, 0x98, 0x37,
    0xfe, 0x40, 0xf, 0xe1, 0x80, 0x16, 0x68, 0x81,
    0x59, 0xb0, 0x7, 0xe9, 0xf2, 0x5, 0x99, 0x90,
    0x22, 0x66, 0x20, 0xf, 0xe1, 0x0, 0xff, 0xf2,
    0x27, 0xfc, 0xc1, 0xbf, 0xf2, 0x0, 0x7c, 0x2b,
    0x40, 0x2, 0x66, 0x88, 0x15, 0x9b, 0x0, 0x73,
    0x87, 0x52, 0x80, 0x1a, 0x66, 0x40, 0x89, 0x98,
    0x80, 0x9, 0x3c, 0x60, 0x53, 0xc0, 0x1f, 0xfc,
    0x3b, 0x63, 0x7d, 0xd3, 0x8, 0x7, 0xff, 0xe,
    0xb3, 0x60, 0x80, 0x39, 0x3f, 0xe6, 0xd, 0xff,
    0xc6, 0xa, 0x60, 0x1f, 0x85, 0x57, 0xfc, 0x20,
    0x1f, 0xf2, 0xd5, 0x7f, 0x88,

    /* U+585E "塞" */
    0x0, 0xff, 0x13, 0x8, 0x7, 0xff, 0x21, 0x65,
    0x80, 0x3f, 0xf8, 0x2, 0x45, 0xf1, 0x85, 0x91,
    0x7e, 0x0, 0xd5, 0xbb, 0xf5, 0x81, 0xee, 0xfe,
    0x30, 0xe, 0xcc, 0xd3, 0x79, 0x9a, 0x6b, 0x32,
    0x70, 0xf, 0x8c, 0xe1, 0x93, 0x3e, 0x9e, 0x33,
    0xbc, 0x3, 0xae, 0x9d, 0xea, 0xc, 0x77, 0xc0,
    0xce, 0xf0, 0x69, 0x80, 0x6e, 0x88, 0x9c, 0x12,
    0x23, 0x1, 0x44, 0x66, 0x0, 0xeb, 0xff, 0xb4,
    0x23, 0xff, 0x2, 0x7f, 0xe4, 0x0, 0xe3, 0x77,
    0xa8, 0x31, 0xdf, 0x3, 0x3b, 0xe0, 0xf, 0x24,
    0xcc, 0xc0, 0x93, 0x38, 0xa, 0x67, 0x0, 0x79,
    0xfb, 0xac, 0x8, 0xee, 0xc0, 0x9d, 0xd8, 0x3,
    0x37, 0xff, 0x68, 0x47, 0xfe, 0x4, 0xff, 0xee,
    0x0, 0x2c, 0x47, 0x8, 0x3c, 0x46, 0x30, 0x68,
    0x8e, 0x0, 0x1b, 0xbe, 0xd1, 0x88, 0x3b, 0xed,
    0x27, 0x37, 0x79, 0x80, 0x38, 0xf5, 0x65, 0xc0,
    0x1d, 0x20, 0x38, 0x57, 0x22, 0x1, 0xc5, 0x58,
    0x72, 0xc, 0xd0, 0xab, 0x31, 0xe9, 0x99, 0xce,
    0x20, 0x35, 0xaa, 0xdc, 0x73, 0x38, 0xe, 0x66,
    0x89, 0xc3, 0x8e, 0x71, 0x45, 0xd9, 0x5, 0xee,
    0xc0, 0xbd, 0xd7, 0x81, 0xe5, 0x1a, 0x7, 0x51,
    0x0, 0x42, 0x38, 0x0, 0x23, 0x80, 0x25, 0xc3,
    0x0, 0xb, 0xbf, 0xe0, 0x67, 0x7f, 0x94, 0x3,
    0x1c, 0x47, 0xe0, 0x38, 0x8f, 0xb8, 0x0,

    /* U+586B "填" */
    0x0, 0xff, 0xe1, 0x19, 0x0, 0x7f, 0xdd, 0x40,
    0x1f, 0xe, 0x58, 0x7, 0xfc, 0x22, 0x0, 0x1a,
    0x26, 0x50, 0x24, 0x4e, 0x20, 0xf, 0xec, 0xbb,
    0xe0, 0x4b, 0xbe, 0x90, 0xf, 0xed, 0xde, 0xc0,
    0x5d, 0xde, 0xa0, 0xf, 0xe2, 0x1, 0x19, 0xc0,
    0x2, 0x38, 0x84, 0x2, 0x11, 0x0, 0x4, 0x41,
    0x39, 0x95, 0x82, 0xe6, 0x61, 0x0, 0xa7, 0xb8,
    0x9, 0xdc, 0x10, 0x1e, 0xef, 0x98, 0x3, 0xb8,
    0x88, 0x0, 0x22, 0x0, 0x5, 0x57, 0xe2, 0x0,
    0xe7, 0xdd, 0x2, 0x6e, 0x84, 0x1, 0x77, 0xf2,
    0x0, 0x7f, 0xf0, 0x87, 0xff, 0xe6, 0x0, 0xff,
    0xe1, 0xf, 0xff, 0xcc, 0x1, 0xff, 0xc3, 0xaa,
    0xf9, 0x0, 0x3f, 0xf8, 0x42, 0xef, 0xf0, 0x80,
    0x7f, 0xf0, 0x87, 0x77, 0xe5, 0x0, 0xff, 0x12,
    0x80, 0x7, 0x77, 0xe5, 0x0, 0xfe, 0x4d, 0xb6,
    0x60, 0xa2, 0x7c, 0x20, 0xec, 0x60, 0x2f, 0xa0,
    0x6, 0x99, 0x10, 0x4c, 0xfc, 0x81, 0x32, 0xb2,
    0xe8, 0x38, 0xe9, 0x7f, 0xfb, 0x9f, 0xfe, 0xab,
    0xff, 0xd0, 0x4d, 0x7c, 0xe2, 0x1, 0xc, 0x73,
    0xa0, 0x2, 0x6f, 0x58, 0x3, 0x4a, 0x0, 0x62,
    0x9e, 0x74, 0xd4, 0x0, 0x65, 0xc, 0xf3, 0x0,
    0x7c, 0x9a, 0xcb, 0x96, 0x40, 0x19, 0x72, 0xce,
    0x44, 0x3, 0xc9, 0x1b, 0x46, 0x1, 0xf9, 0x36,
    0xc4,

    /* U+589E "增" */
    0x0, 0xc6, 0x20, 0x1c, 0x80, 0x1e, 0x50, 0xf,
    0xb2, 0xc0, 0x33, 0xda, 0x80, 0x65, 0xa9, 0x0,
    0xff, 0xe0, 0x39, 0x58, 0x80, 0xa, 0x86, 0x0,
    0x3f, 0xc6, 0xee, 0x60, 0x67, 0x77, 0x82, 0xb3,
    0xa0, 0x7, 0xe4, 0x88, 0x20, 0xc4, 0x44, 0x9,
    0x10, 0xd0, 0xf, 0xf7, 0xdf, 0xf8, 0x5b, 0xfd,
    0x9e, 0x1, 0xff, 0xc0, 0x3b, 0x40, 0x0, 0x82,
    0x61, 0x80, 0x53, 0xfe, 0x5, 0xff, 0x0, 0xd,
    0x64, 0x2, 0x1a, 0x33, 0x0, 0x58, 0xaa, 0x2,
    0x55, 0x0, 0x50, 0x48, 0x0, 0x91, 0xe0, 0xc,
    0xb5, 0x40, 0x7a, 0xa0, 0x4, 0x56, 0x80, 0x33,
    0x84, 0x1, 0xff, 0xc1, 0xff, 0x5f, 0x8b, 0x76,
    0x7f, 0x80, 0x3f, 0xc9, 0x11, 0xff, 0xc0, 0xd0,
    0xf, 0xc6, 0xef, 0xff, 0xc0, 0x40, 0xf, 0xe8,
    0xff, 0xff, 0x40, 0x7, 0xff, 0x1, 0xe2, 0x3c,
    0xe0, 0x1f, 0xe2, 0x0, 0xa5, 0xdf, 0xd2, 0x1,
    0xf9, 0xf3, 0x4c, 0x1, 0x31, 0x1e, 0x90, 0xc,
    0x6f, 0x80, 0x46, 0x82, 0x0, 0x77, 0xfc, 0x1,
    0xb2, 0xd, 0x6b, 0xec, 0x80, 0x1d, 0xff, 0xee,
    0x0, 0xd1, 0x7f, 0x4a, 0x1, 0xca, 0x67, 0xe5,
    0x0, 0xce, 0x80, 0x1f, 0xaf, 0x33, 0xd6, 0x1,
    0xff, 0xc2, 0xbb, 0xfc, 0x1, 0x0,

    /* U+58A8 "墨" */
    0x0, 0x11, 0x9f, 0xff, 0x10, 0x3, 0xa7, 0x33,
    0xff, 0x88, 0x60, 0x1e, 0xda, 0x9d, 0xd8, 0x17,
    0x76, 0x6d, 0x60, 0xf, 0xc4, 0x49, 0x72, 0x30,
    0x32, 0x24, 0xb0, 0x8, 0x7, 0xf3, 0xba, 0x8c,
    0x3, 0x5a, 0x59, 0x0, 0x7f, 0x22, 0x31, 0x1d,
    0x40, 0x90, 0x5c, 0x10, 0x80, 0x3c, 0x21, 0x77,
    0x25, 0xd8, 0x12, 0xd5, 0xee, 0xca, 0x1, 0xea,
    0xff, 0xf7, 0x3, 0x7f, 0xfc, 0x60, 0x11, 0xf7,
    0x7d, 0xe0, 0xdd, 0xdf, 0x48, 0x4, 0x51, 0x1f,
    0x81, 0x22, 0x3e, 0xd0, 0x8, 0x59, 0xbe, 0x70,
    0x26, 0x6f, 0x90, 0x1, 0x3f, 0xff, 0xb8, 0x1b,
    0xff, 0xf8, 0x6e, 0xd4, 0xb7, 0x73, 0xc5, 0xdd,
    0x2d, 0x77, 0x54, 0xdd, 0x84, 0x93, 0xd4, 0x11,
    0xf, 0xa8, 0x95, 0x3a, 0xa2, 0x3a, 0x19, 0x0,
    0x10, 0xac, 0x80, 0x5, 0x50, 0xb1, 0xc8, 0xc8,
    0x2, 0x83, 0x8, 0xd, 0xce, 0x40, 0x2f, 0x52,
    0x99, 0x29, 0xe8, 0x0, 0x70, 0x38, 0xe, 0x93,
    0xff, 0x52, 0xe0, 0x2f, 0x9d, 0x7f, 0xd9, 0x5e,
    0x0, 0x5a, 0xaf, 0xa4, 0xe, 0xab, 0xd6, 0x86,
    0x1, 0x12, 0xaf, 0x90, 0x19, 0x57, 0xe0, 0x9,
    0x19, 0xbf, 0x28, 0x33, 0x7f, 0x87, 0xe6, 0x7f,
    0x40, 0x1c, 0xcf, 0xf1, 0x0,

    /* U+58F0 "声" */
    0x0, 0xff, 0xb, 0x20, 0x7, 0xff, 0x20, 0xe7,
    0x80, 0x3f, 0xf9, 0x2, 0x1, 0xff, 0xc1, 0x8f,
    0xff, 0xd8, 0xb, 0xff, 0xfc, 0x0, 0xc7, 0x7f,
    0xcc, 0x4, 0xef, 0xfc, 0x0, 0x48, 0x8f, 0xd6,
    0xf, 0x11, 0xfc, 0x1, 0xff, 0x8, 0x7, 0xff,
    0xf, 0x3f, 0xfd, 0x80, 0xbf, 0xff, 0x30, 0x7,
    0x4c, 0x47, 0xff, 0x11, 0x0, 0x39, 0x5d, 0xff,
    0xf8, 0x84, 0x1, 0xe8, 0x8f, 0xfe, 0x1b, 0x0,
    0x78, 0x5d, 0xff, 0xf8, 0x74, 0x1, 0xf9, 0xbf,
    0xf7, 0x2, 0xff, 0xf0, 0x7, 0xff, 0xa8, 0xc1,
    0x62, 0x38, 0x1e, 0x23, 0x80, 0x3f, 0x8, 0x1b,
    0xbe, 0x60, 0x27, 0x7e, 0x0, 0xfc, 0x81, 0x5f,
    0xff, 0xfc, 0x1c, 0x0, 0xf5, 0x2, 0x0, 0x7f,
    0xf1, 0xd8, 0x98, 0x40, 0x3f, 0xf8, 0xc5, 0x21,
    0x60, 0x1f, 0xfc, 0x7f, 0x9, 0x20, 0xf, 0xfe,
    0x3f, 0x3b, 0x0, 0x7f, 0xf1, 0xc0,

    /* U+5904 "处" */
    0x0, 0xff, 0xe8, 0x76, 0x80, 0x7d, 0x9e, 0x20,
    0x1f, 0xe2, 0x17, 0x0, 0xff, 0xe4, 0x20, 0x60,
    0x7, 0xff, 0x23, 0x43, 0x9d, 0xf3, 0x0, 0x7f,
    0xf0, 0x85, 0x1, 0xe2, 0x38, 0x3, 0xff, 0x84,
    0xe0, 0xd5, 0x58, 0x4c, 0x3, 0xff, 0x85, 0x41,
    0xa, 0xb2, 0xb, 0x80, 0x63, 0x80, 0xf, 0x8c,
    0xe1, 0x0, 0x94, 0x34, 0x3, 0x53, 0xf2, 0x0,
    0x74, 0x81, 0x80, 0x6d, 0x4, 0x0, 0xd3, 0x43,
    0x70, 0x1, 0x1a, 0x80, 0x10, 0x2, 0x71, 0x30,
    0xe, 0x5d, 0x27, 0xb0, 0x7, 0x85, 0x6, 0x80,
    0x10, 0x5c, 0x3, 0xe2, 0xc3, 0x0, 0x11, 0x1d,
    0x49, 0xc0, 0x1e, 0x16, 0x1, 0xf8, 0x76, 0x0,
    0xbe, 0x2, 0x85, 0x91, 0x22, 0x0, 0xfe, 0x13,
    0x0, 0x8, 0x1, 0x82, 0x24, 0x20, 0x3, 0xff,
    0x8a, 0x2e, 0x24, 0xa6, 0x1, 0xff, 0xc6, 0xd0,
    0x6, 0x0, 0x7f, 0xf1, 0x8a, 0xc0, 0x12, 0x80,
    0x1f, 0xfc, 0x41, 0xf1, 0x99, 0x5, 0xc0, 0x4,
    0xa6, 0x20, 0x1f, 0x87, 0x9, 0x9a, 0xa0, 0x7e,
    0xa5, 0xbc, 0x0, 0xfc, 0x58, 0x4b, 0x20, 0x5,
    0xd4, 0x15, 0xad, 0xfe, 0xdd, 0xdc, 0x61, 0x84,
    0xd4, 0x1, 0x8a, 0xfa, 0x54, 0xc4, 0x44, 0x58,
    0x48, 0x35, 0xe4, 0x3, 0xe1, 0x6a, 0xce, 0xff,
    0xf0, 0x80,

    /* U+5907 "备" */
    0x0, 0xfd, 0x2e, 0x20, 0x1f, 0xfc, 0x77, 0x6b,
    0x10, 0xf, 0xfe, 0x32, 0x40, 0x34, 0x47, 0xf0,
    0x80, 0x7e, 0x3b, 0x0, 0x2b, 0xbf, 0xf1, 0x80,
    0x7c, 0x98, 0x5, 0xbd, 0xde, 0xb1, 0x4, 0x20,
    0xf, 0x35, 0x82, 0x97, 0x98, 0x8e, 0x6b, 0x16,
    0xb0, 0xe, 0x1b, 0x91, 0xda, 0x82, 0xc6, 0x4,
    0xd8, 0x1a, 0x90, 0xf, 0x12, 0x23, 0xc8, 0x1e,
    0xc2, 0x76, 0xc9, 0x7d, 0x40, 0x3e, 0x3d, 0xb1,
    0x0, 0x84, 0x80, 0x80, 0x70, 0x3, 0xfc, 0x40,
    0x4d, 0x5f, 0x46, 0x94, 0xa3, 0x3d, 0x90, 0xa2,
    0x1, 0xa2, 0xfb, 0x65, 0x4e, 0x3a, 0xd6, 0xba,
    0x50, 0xde, 0xbb, 0xf0, 0x81, 0x50, 0x9a, 0xbb,
    0x1c, 0x40, 0x21, 0x6b, 0xfc, 0x85, 0x22, 0x83,
    0x3f, 0x1e, 0xbb, 0xff, 0xfd, 0x93, 0x5b, 0xc0,
    0x1, 0x0, 0xca, 0xbc, 0x2, 0xab, 0x80, 0x40,
    0x3f, 0x86, 0xab, 0x58, 0x25, 0x56, 0x20, 0xf,
    0xfe, 0xa8, 0xff, 0xee, 0x5, 0xff, 0xc4, 0x1,
    0xff, 0x33, 0x70, 0x13, 0x36, 0x0, 0xff, 0x86,
    0x67, 0x40, 0x3c, 0xce, 0x20, 0xf, 0xfe, 0xa8,
    0xcc, 0xe8, 0x7, 0x99, 0xc4, 0x1, 0xff, 0x33,
    0x70, 0x13, 0x36, 0x0, 0xf0,

    /* U+590D "复" */
    0x0, 0xf3, 0x98, 0x7, 0xff, 0x21, 0xa2, 0x40,
    0x3f, 0xf8, 0xe3, 0x0, 0x4e, 0xff, 0xfc, 0x11,
    0x0, 0xed, 0x10, 0x78, 0x8f, 0xfe, 0x9, 0x0,
    0x68, 0x35, 0xff, 0xff, 0xe1, 0x98, 0x4, 0xce,
    0x30, 0x1, 0xff, 0xc6, 0x59, 0x3, 0xdf, 0xff,
    0xfe, 0x8, 0x80, 0x43, 0x41, 0x8c, 0x15, 0x77,
    0xfe, 0x20, 0xe, 0x1c, 0xc1, 0x80, 0x1d, 0x57,
    0xfc, 0x20, 0x1e, 0x33, 0x0, 0x5b, 0xdd, 0xfe,
    0x30, 0xf, 0xfb, 0x7b, 0xbf, 0xc6, 0x1, 0xff,
    0x32, 0xaf, 0xf8, 0x40, 0x3f, 0xeb, 0xbf, 0xf8,
    0x80, 0x3f, 0xab, 0x68, 0x23, 0x77, 0xfc, 0x20,
    0x1f, 0x8, 0x58, 0xb, 0x37, 0xf8, 0x80, 0x3e,
    0x3c, 0x10, 0x9b, 0xbf, 0xf5, 0x0, 0x79, 0xf0,
    0x0, 0x79, 0xdd, 0xed, 0x40, 0x2a, 0x0, 0xc7,
    0x90, 0x9f, 0x63, 0x92, 0x2, 0x20, 0x6c, 0x47,
    0xd2, 0x0, 0xd2, 0x53, 0x62, 0x9b, 0xd, 0xd5,
    0x3d, 0x9, 0xb0, 0x1, 0xea, 0xf6, 0x0, 0x88,
    0x54, 0x15, 0x80, 0xb5, 0x84, 0x3, 0xe2, 0x58,
    0xbe, 0xd9, 0x56, 0xbc, 0x71, 0x8b, 0xee, 0x5c,
    0xb8, 0x2, 0x32, 0x9d, 0xea, 0xee, 0x4a, 0x1c,
    0x67, 0xdc, 0x2a, 0x9a, 0x40, 0x13, 0x5b, 0xf9,
    0x2a, 0x20, 0x1f, 0x23, 0xdf, 0x7e, 0x0,

    /* U+5916 "外" */
    0x0, 0xe1, 0x73, 0x0, 0xf2, 0xb8, 0x7, 0xff,
    0x1, 0xe2, 0x80, 0x3d, 0xf0, 0x20, 0x1f, 0xf6,
    0x86, 0x80, 0x7f, 0xf2, 0x10, 0x10, 0x3, 0xff,
    0x8e, 0xc0, 0xb, 0xbe, 0x20, 0xf, 0xfe, 0x15,
    0x0, 0x11, 0x39, 0x80, 0x3f, 0xf8, 0x26, 0x61,
    0xee, 0xca, 0xc, 0x1, 0xff, 0xc1, 0x90, 0x91,
    0x1c, 0xe2, 0x40, 0x1f, 0xfc, 0x2, 0x51, 0x70,
    0x8, 0x49, 0x40, 0x33, 0xd9, 0x0, 0x7a, 0x0,
    0x80, 0x33, 0x86, 0x0, 0x6c, 0x4d, 0x60, 0xc,
    0x8a, 0x7, 0xc8, 0x0, 0xb0, 0x60, 0xd, 0x74,
    0x33, 0x62, 0x0, 0x90, 0x95, 0x1b, 0x73, 0x24,
    0x10, 0xe, 0x5c, 0x24, 0xc2, 0x1, 0x46, 0xa8,
    0x0, 0x78, 0x78, 0x7, 0xc5, 0xa6, 0x70, 0x65,
    0x0, 0x1e, 0x88, 0xcc, 0x80, 0x1f, 0xd9, 0x42,
    0x0, 0x10, 0x9, 0x2c, 0x3c, 0x3, 0xfe, 0x40,
    0xf, 0xa8, 0x58, 0xc0, 0x3f, 0xf8, 0xd0, 0x85,
    0x20, 0x1f, 0xfc, 0x67, 0x70, 0xf8, 0x7, 0xff,
    0x19, 0xe0, 0x34, 0x80, 0x3f, 0xf8, 0xb1, 0x0,
    0xa3, 0x0, 0xff, 0xe2, 0xc3, 0x85, 0xa8, 0x7,
    0xff, 0x1a, 0x4e, 0xd0, 0x3, 0xff, 0x8e, 0x38,
    0x80, 0x1f, 0xea, 0xf1, 0x0, 0xf0,

    /* U+591A "多" */
    0x0, 0xff, 0x28, 0x7, 0xff, 0x1e, 0xea, 0x0,
    0x3f, 0xf8, 0x85, 0x88, 0xb0, 0x1, 0xff, 0xc3,
    0x5d, 0x30, 0x5f, 0xff, 0xd0, 0x1, 0xc5, 0x74,
    0x2e, 0xff, 0x90, 0x1, 0xa0, 0x10, 0xc6, 0xa0,
    0x34, 0x47, 0xc0, 0x81, 0x6a, 0x0, 0x5e, 0x74,
    0xa3, 0x7e, 0x50, 0x9, 0x75, 0xd3, 0x90, 0x2,
    0x56, 0xbb, 0x2e, 0x58, 0x10, 0x2e, 0xd0, 0x55,
    0x88, 0x7, 0x4a, 0x0, 0x49, 0x5f, 0xd4, 0x73,
    0xaa, 0x1, 0xfe, 0x48, 0xdb, 0x75, 0x78, 0x60,
    0xf, 0xc9, 0x17, 0xf6, 0xe3, 0x1b, 0xef, 0x4,
    0x1, 0xf1, 0x5b, 0xaa, 0xa7, 0xb1, 0xee, 0xc0,
    0xb7, 0x33, 0xe2, 0x26, 0x6f, 0x53, 0xa, 0x6b,
    0x0, 0x11, 0x9b, 0xe7, 0x3, 0x20, 0x2, 0x65,
    0x9d, 0x7f, 0xfc, 0xa0, 0x68, 0x1, 0x2e, 0x59,
    0x82, 0xa0, 0x7, 0xa9, 0x4f, 0x44, 0x23, 0xa8,
    0xdb, 0x15, 0x39, 0x80, 0x22, 0xd5, 0x4d, 0x10,
    0x7, 0x9c, 0x74, 0x9d, 0x50, 0x64, 0x81, 0xf4,
    0x9e, 0xc4, 0x2, 0x7d, 0x71, 0x0, 0x97, 0x25,
    0x7a, 0xa, 0xe0, 0x3, 0xff, 0x80, 0x91, 0x30,
    0x13, 0xa8, 0x1, 0xfc, 0x2b, 0x3d, 0x6a, 0x73,
    0xcc, 0x1, 0xf0, 0xac, 0x67, 0x53, 0x1b, 0xee,
    0x30, 0x7, 0xf2, 0x53, 0x9a, 0x46, 0xea, 0x8,
    0x3, 0xfe, 0x59, 0xcf, 0xb7, 0x20, 0xf, 0xfe,
    0x10,

    /* U+591F "够" */
    0x0, 0xff, 0xe7, 0xb7, 0x98, 0x7, 0xea, 0xf1,
    0x0, 0xfe, 0xa2, 0x30, 0xf, 0x8d, 0x5c, 0x40,
    0x3f, 0x21, 0xa9, 0x16, 0x10, 0x0, 0xe8, 0x26,
    0x66, 0x80, 0xd, 0x20, 0xfb, 0xbc, 0x0, 0xa1,
    0x56, 0x69, 0xcc, 0x80, 0x27, 0x25, 0x66, 0xc2,
    0x0, 0xa4, 0x6a, 0xac, 0x0, 0x90, 0x1, 0x42,
    0xd4, 0xce, 0x30, 0xb5, 0x26, 0x80, 0x4, 0x24,
    0x18, 0xf, 0x8d, 0x80, 0x7d, 0xb3, 0xae, 0xe3,
    0x97, 0x67, 0x0, 0x11, 0x19, 0x8e, 0xf1, 0x81,
    0x83, 0x30, 0x22, 0xbd, 0xa2, 0x40, 0x23, 0xe0,
    0x88, 0xd6, 0x0, 0x70, 0x0, 0xcd, 0x15, 0xb8,
    0x7, 0x8, 0xf, 0xf8, 0x3, 0x8e, 0xb9, 0x9d,
    0x24, 0x40, 0x3f, 0xf8, 0x72, 0x8f, 0xda, 0xaa,
    0x10, 0xf, 0xfe, 0x1d, 0xf4, 0x15, 0x3, 0xff,
    0xe1, 0x0, 0xff, 0x8, 0x81, 0x30, 0x9d, 0xf1,
    0x0, 0x7f, 0xc2, 0x0, 0x6b, 0xf, 0x88, 0xa8,
    0x94, 0x40, 0x3f, 0xea, 0x93, 0xe, 0x10, 0x7,
    0x4, 0x0, 0x61, 0xff, 0x0, 0x77, 0xc6, 0x60,
    0xf4, 0x28, 0xe4, 0x80, 0x2c, 0x88, 0xd6, 0x1,
    0x2b, 0x81, 0xe4, 0x5a, 0xbb, 0x0, 0x64, 0x77,
    0xc6, 0x20, 0x60, 0x19, 0xe9, 0x22, 0x0, 0x1f,
    0xf4, 0x80, 0x80, 0xe, 0xec, 0x16, 0xe0, 0x1f,
    0xcd, 0xfe, 0x70, 0xb6, 0xcc, 0x23, 0xf2, 0x0,
    0x7f, 0x90, 0xd6, 0x38, 0xa0, 0xdb, 0xa0, 0x3,
    0xff, 0x80, 0x59, 0x4e, 0x22, 0xde, 0x91, 0x0,
    0xfc,

    /* U+5927 "大" */
    0x0, 0xfe, 0x15, 0x30, 0xf, 0xfe, 0x3a, 0xd4,
    0x80, 0x7f, 0xff, 0xc0, 0x3f, 0xf9, 0x97, 0x99,
    0xf4, 0x82, 0x66, 0x7e, 0x70, 0x2, 0x99, 0xfc,
    0x40, 0x26, 0x7f, 0xb8, 0x1, 0xdd, 0xfa, 0x41,
    0x7b, 0xbf, 0x48, 0x4, 0x23, 0xf8, 0x18, 0x47,
    0xf0, 0x7, 0xfd, 0x80, 0x62, 0x1, 0xff, 0xc6,
    0x40, 0x3, 0x0, 0x7f, 0xf1, 0x5c, 0x10, 0x64,
    0x3, 0xff, 0x88, 0x32, 0x11, 0x23, 0x0, 0x1f,
    0xfc, 0x3a, 0x16, 0x37, 0x27, 0x30, 0xf, 0xfe,
    0xc, 0xa0, 0xc8, 0x3, 0x83, 0x48, 0x3, 0xfe,
    0x86, 0xd, 0x0, 0x8e, 0x47, 0xc4, 0x3, 0xfa,
    0x9c, 0x2c, 0xc0, 0x33, 0x39, 0x79, 0x80, 0x78,
    0xb1, 0x42, 0xd0, 0x3, 0xd1, 0x1, 0xc6, 0x0,
    0xcd, 0xa6, 0x38, 0x80, 0x1f, 0x9e, 0x42, 0x6c,
    0x82, 0x24, 0x13, 0xcc, 0x3, 0xfc, 0xd6, 0x29,
    0xa5, 0x5, 0x16, 0x20, 0x1f, 0xfc, 0x4, 0xf5,
    0x62, 0xd, 0x70, 0xf, 0xfe, 0x18, 0xd4, 0x80,

    /* U+5929 "天" */
    0x0, 0x45, 0xdf, 0xff, 0x11, 0x40, 0x32, 0xa2,
    0x7f, 0xf1, 0x8, 0x3, 0x6f, 0xff, 0xb0, 0x13,
    0xff, 0xe7, 0x0, 0xff, 0x84, 0x3, 0xff, 0xfe,
    0x1, 0xae, 0xff, 0x70, 0x2d, 0xdf, 0xe8, 0x1,
    0x44, 0xfc, 0x60, 0x28, 0x9f, 0x8c, 0x7, 0xff,
    0xf4, 0x0, 0x37, 0xff, 0xeb, 0x0, 0xff, 0x60,
    0x1, 0x40, 0x3f, 0xf8, 0xa4, 0x82, 0x29, 0x0,
    0xff, 0xe2, 0xc8, 0x44, 0x8c, 0x0, 0x7f, 0xf0,
    0xdd, 0xd, 0x9c, 0x9d, 0x0, 0x3f, 0xf8, 0x2d,
    0x1, 0xc0, 0xe, 0xb, 0x30, 0xf, 0xfa, 0x24,
    0x2c, 0x80, 0x7, 0x21, 0x8a, 0x1, 0xf8, 0xad,
    0xc2, 0xd0, 0x3, 0x34, 0x85, 0x50, 0x40, 0x39,
    0xf5, 0xb, 0x10, 0x3, 0xcd, 0x62, 0xbe, 0xe0,
    0x5, 0xe8, 0x6, 0xd3, 0x0, 0xfc, 0x9e, 0x83,
    0x1c, 0x82, 0x23, 0xc9, 0x0, 0xff, 0x86, 0xec,
    0x40, 0xa9, 0x98, 0x30, 0xf, 0xfe, 0x12, 0x6e,
    0x8,

    /* U+592A "太" */
    0x0, 0xff, 0x8c, 0x80, 0x3f, 0xf9, 0x7, 0x9c,
    0x1, 0xff, 0xff, 0x0, 0xff, 0xe8, 0xf, 0xff,
    0xec, 0x3, 0xff, 0xfd, 0x80, 0x11, 0x17, 0xe1,
    0x0, 0x11, 0x7e, 0x50, 0x0, 0xee, 0xfe, 0x60,
    0x6, 0xef, 0xe9, 0x0, 0xff, 0x8c, 0x0, 0x80,
    0x1f, 0xfc, 0x61, 0x40, 0x7, 0x0, 0x7f, 0xf1,
    0x98, 0x18, 0xd4, 0x80, 0x3f, 0xf8, 0xb2, 0x17,
    0x1, 0x0, 0x1f, 0xfc, 0x49, 0x15, 0x24, 0x42,
    0xa8, 0x3, 0xff, 0x84, 0x8c, 0x36, 0x0, 0x90,
    0xb1, 0x0, 0xff, 0xe0, 0xd, 0x4, 0x8, 0x0,
    0xa4, 0x70, 0x3, 0xfe, 0x1c, 0x15, 0xab, 0x0,
    0x99, 0x4a, 0xc0, 0x3f, 0x87, 0x8, 0xe9, 0x92,
    0x80, 0x2a, 0x44, 0x58, 0x7, 0xc5, 0x84, 0x7a,
    0x14, 0x6a, 0xe0, 0x15, 0x9a, 0x68, 0x80, 0x66,
    0xd2, 0x3d, 0x10, 0x6, 0x8c, 0x20, 0x5, 0x86,
    0x5e, 0xa0, 0xa, 0x90, 0x5c, 0x10, 0x8, 0x74,
    0x8, 0x3, 0x62, 0x8d, 0x38, 0x78, 0x4d, 0x0,
    0x78, 0xf1, 0x80, 0x3a, 0xa0, 0x9c, 0x17, 0x98,
    0x3, 0xf1, 0x80, 0x7c, 0xfa, 0x0,

    /* U+5931 "失" */
    0x0, 0xff, 0x11, 0x0, 0x3f, 0xf8, 0x42, 0x82,
    0x1, 0x76, 0x90, 0x7, 0xff, 0x5, 0xed, 0x80,
    0x38, 0xc0, 0x3f, 0xf8, 0x3a, 0xa, 0x1, 0xff,
    0xc6, 0x14, 0x22, 0x0, 0x42, 0x6, 0x1, 0xff,
    0xc0, 0x60, 0x2f, 0xfc, 0x41, 0xbf, 0xfe, 0xb0,
    0xe, 0x90, 0x44, 0xe0, 0x1, 0xa2, 0x78, 0xc0,
    0x33, 0xb, 0x5d, 0xf1, 0x6, 0xdd, 0xfa, 0x0,
    0x34, 0x4, 0x0, 0x7c, 0x20, 0x1f, 0xe2, 0x37,
    0x10, 0xe, 0x30, 0xf, 0xfe, 0x1, 0x6c, 0x0,
    0x7f, 0xf1, 0x87, 0xff, 0xf8, 0x43, 0xff, 0xf5,
    0x80, 0x8, 0xbf, 0x8, 0x0, 0x48, 0xbe, 0x10,
    0x1d, 0xdf, 0xcc, 0x0, 0x6d, 0xdf, 0xa8, 0x3,
    0xf8, 0x58, 0x0, 0xc2, 0x1, 0xff, 0xc4, 0xb1,
    0x68, 0x1b, 0x0, 0xff, 0xe1, 0xc2, 0x94, 0xb9,
    0x2c, 0x0, 0x7f, 0xf0, 0x69, 0xc7, 0xc0, 0x1e,
    0x2f, 0x20, 0x1f, 0xe3, 0xd5, 0x2c, 0x20, 0x1,
    0x68, 0xb6, 0x98, 0x7, 0x8a, 0xb0, 0x93, 0x8,
    0x3, 0x1f, 0x99, 0x65, 0x98, 0x0, 0xab, 0x54,
    0x66, 0xc4, 0x3, 0xc3, 0x92, 0x29, 0x98, 0x23,
    0x40, 0x7e, 0x60, 0xf, 0xf3, 0x74, 0x8, 0x88,
    0x73, 0xe0, 0x3, 0xff, 0x84, 0xfd, 0x80,

    /* U+5934 "头" */
    0x0, 0xff, 0xe0, 0x4e, 0x90, 0x7, 0xfd, 0x6c,
    0x1, 0xe2, 0x20, 0x7, 0xfc, 0x69, 0x38, 0x60,
    0x1f, 0xfc, 0x53, 0xe6, 0x3c, 0x90, 0xe, 0x30,
    0xf, 0xf8, 0x67, 0x9, 0xb4, 0xc1, 0xc0, 0x3f,
    0xe1, 0x0, 0x8f, 0x58, 0x94, 0x3, 0xff, 0x83,
    0x5a, 0x80, 0x14, 0xdb, 0x0, 0x80, 0x80, 0x7f,
    0x11, 0x2e, 0xc4, 0x0, 0x40, 0xf, 0xfe, 0x14,
    0xea, 0x23, 0x5c, 0x3, 0x18, 0x7, 0xff, 0x0,
    0xae, 0x86, 0x30, 0x40, 0x2, 0x20, 0xf, 0xfe,
    0xa, 0xfa, 0x0, 0x80, 0x81, 0x80, 0x7f, 0xf0,
    0x86, 0xf8, 0x0, 0x40, 0xc0, 0x1f, 0x9f, 0xff,
    0xed, 0xff, 0x60, 0x27, 0xff, 0xc2, 0x6c, 0xdf,
    0xe1, 0x4, 0x66, 0xf8, 0x52, 0x67, 0xfa, 0xc4,
    0x2e, 0x67, 0xe0, 0xf, 0xfb, 0x80, 0x10, 0x20,
    0x1f, 0xfc, 0x31, 0xc3, 0x23, 0x7e, 0x80, 0xf,
    0xfe, 0x0, 0xc7, 0x19, 0x66, 0x2c, 0x9f, 0x98,
    0x3, 0xf2, 0xd7, 0x38, 0x3e, 0x88, 0x26, 0xc8,
    0x4e, 0xa8, 0x4, 0xf7, 0xf4, 0xa2, 0xfd, 0x0,
    0x1c, 0xde, 0xc5, 0x52, 0x0, 0xd4, 0x26, 0xce,
    0x81, 0x0, 0xf8, 0x67, 0xb, 0x0, 0x17, 0xba,
    0x93, 0x0, 0xff, 0xe0, 0x1e, 0xa8, 0x0,

    /* U+5957 "套" */
    0x0, 0xff, 0x23, 0x90, 0x7, 0xff, 0x22, 0x20,
    0x20, 0x1f, 0xfc, 0x75, 0x34, 0x30, 0xf, 0xf9,
    0x3f, 0xfe, 0xa0, 0x4f, 0xff, 0xe7, 0x0, 0x2c,
    0x47, 0x38, 0x1, 0xa2, 0x6, 0x5, 0x11, 0xc8,
    0x0, 0x17, 0x7c, 0xaa, 0x7, 0x97, 0x76, 0x91,
    0x3d, 0xdf, 0x18, 0x7, 0x9b, 0x4a, 0x20, 0x1,
    0xe, 0x1b, 0xd8, 0x80, 0x7c, 0x9b, 0x20, 0x8,
    0xff, 0xee, 0x30, 0x4e, 0x81, 0x0, 0x9f, 0x6c,
    0x84, 0x22, 0x3f, 0xe3, 0x7e, 0xa3, 0x28, 0x26,
    0xe5, 0x6, 0x6f, 0xfb, 0x2d, 0x15, 0x45, 0x5d,
    0x22, 0x0, 0xee, 0xff, 0xad, 0x2f, 0x58, 0x14,
    0x40, 0x35, 0x57, 0xfd, 0x0, 0x2, 0x0, 0xfc,
    0xcd, 0xff, 0x8, 0x7, 0xfd, 0x99, 0xff, 0x48,
    0x7, 0xfd, 0xbb, 0xff, 0x50, 0x7, 0x2a, 0xe6,
    0x7, 0x7f, 0xf9, 0x15, 0x60, 0x5, 0xd5, 0x44,
    0x15, 0x5f, 0xfc, 0x31, 0xc, 0xdd, 0xd8, 0x60,
    0x9b, 0xbc, 0x66, 0xcd, 0xdc, 0x20, 0x45, 0x83,
    0x8d, 0xec, 0x8b, 0x94, 0xf8, 0xc8, 0xa0, 0xc,
    0x51, 0xa4, 0xda, 0xcc, 0x78, 0x84, 0x80, 0x97,
    0x90, 0x7, 0xa1, 0xc0, 0xd, 0x53, 0x28, 0x77,
    0x33, 0x81, 0xe, 0x10, 0x7, 0x4c, 0xaf, 0x31,
    0xba, 0xef, 0xfd, 0xdc, 0xda, 0x17, 0x0, 0xe3,
    0x64, 0x33, 0x11, 0x4, 0x3, 0xe5, 0xc5, 0x0,
    0x0,

    /* U+5982 "如" */
    0x0, 0xca, 0x40, 0x1f, 0xfc, 0x53, 0xa8, 0x0,
    0xff, 0xe2, 0xb8, 0x10, 0x7, 0xff, 0x14, 0x83,
    0x80, 0x3c, 0xef, 0xf8, 0x2, 0xe0, 0x20, 0xe,
    0x18, 0x8f, 0xcf, 0xfe, 0x70, 0xbf, 0xfc, 0x1,
    0x26, 0x66, 0x30, 0x23, 0x30, 0x0, 0xce, 0x10,
    0xc, 0x26, 0x79, 0xc1, 0x73, 0x0, 0x59, 0x91,
    0x0, 0x7f, 0xf0, 0x48, 0x18, 0x2, 0x22, 0x0,
    0x7f, 0xf0, 0x1c, 0xc, 0x2, 0x16, 0x0, 0xff,
    0xe0, 0x68, 0x68, 0x0, 0xc0, 0xc0, 0x3f, 0xf8,
    0x8, 0x8, 0x0, 0x50, 0xd0, 0xf, 0xfe, 0x1,
    0x90, 0x80, 0x30, 0x10, 0x3, 0xfe, 0x30, 0x70,
    0x9, 0x4c, 0x40, 0x3f, 0xf8, 0x2, 0xb4, 0xc,
    0x16, 0x1, 0xff, 0xc0, 0x3f, 0x55, 0x6c, 0xb,
    0x80, 0x7f, 0xf0, 0x46, 0xa4, 0x85, 0x0, 0x3f,
    0xf8, 0x9c, 0x0, 0x59, 0x0, 0xff, 0xe1, 0x43,
    0x96, 0xb, 0x58, 0x4, 0xbf, 0xf9, 0x0, 0x29,
    0x71, 0xf3, 0xf2, 0x4c, 0x0, 0xa, 0x26, 0x10,
    0x1c, 0x62, 0xc2, 0x1, 0xc1, 0xb0, 0x2, 0x5d,
    0xe5, 0x8, 0x33, 0x61, 0x0, 0x43, 0x8e, 0x1,
    0xfd, 0x2f, 0x82, 0x1, 0xc4, 0x3, 0xd6, 0x1,
    0xaf, 0xc0,

    /* U+59CB "始" */
    0x0, 0x84, 0x3, 0xf8, 0x84, 0x3, 0xf8, 0xba,
    0x0, 0x3f, 0x4f, 0x8, 0x7, 0xe1, 0xe, 0x0,
    0xf8, 0xd1, 0x44, 0x3, 0xf3, 0x81, 0x80, 0x7d,
    0x1, 0x20, 0x4a, 0x1, 0xe2, 0x6, 0x0, 0xf2,
    0x21, 0x4c, 0x26, 0x88, 0x2, 0xbc, 0x80, 0xec,
    0xc8, 0x2, 0x90, 0x80, 0x4, 0x87, 0x0, 0x4c,
    0x62, 0x4, 0x67, 0x8, 0x39, 0x39, 0x0, 0x9,
    0x8d, 0x40, 0x1b, 0xe4, 0x4f, 0xf2, 0x80, 0x9c,
    0x14, 0x0, 0x43, 0x41, 0x60, 0x18, 0x9c, 0x0,
    0x22, 0x3d, 0x3, 0xef, 0xfb, 0xb0, 0x5, 0xc0,
    0x4, 0x1a, 0x0, 0x62, 0x11, 0x0, 0xc, 0xc8,
    0x85, 0x67, 0x9, 0x0, 0x38, 0x10, 0x0, 0x98,
    0xbf, 0xdd, 0xb9, 0x76, 0xa9, 0x87, 0x80, 0x6,
    0x82, 0x1, 0x1, 0x0, 0x7f, 0xd0, 0xc0, 0x4,
    0x11, 0x2, 0x6, 0x0, 0xd5, 0x7f, 0x38, 0x4,
    0x64, 0x0, 0xc0, 0x50, 0x35, 0x5f, 0xec, 0x0,
    0x90, 0xf0, 0x94, 0xc4, 0x2, 0x6f, 0xfe, 0xe0,
    0xe, 0xb6, 0x3d, 0xa, 0x0, 0xff, 0x8, 0x7,
    0xa6, 0x0, 0x4, 0x1, 0xff, 0xc6, 0xf0, 0x5,
    0xa0, 0x7, 0xff, 0x11, 0x1c, 0xe4, 0x2c, 0xc0,
    0x3f, 0xf8, 0x47, 0x63, 0xad, 0x21, 0x20, 0x4,
    0xaa, 0xf0, 0x6, 0x2d, 0x1c, 0x10, 0x68, 0xb0,
    0x1, 0x2a, 0xf8, 0x3, 0x40, 0x69, 0x0, 0x4e,
    0x20, 0x6, 0xff, 0xf0, 0x6, 0xac, 0x30, 0xf,
    0x17, 0xc8, 0x7, 0xbe, 0xc0, 0x0,

    /* U+5B50 "子" */
    0x0, 0x35, 0xdf, 0xff, 0x10, 0x40, 0x37, 0x22,
    0x7f, 0xf1, 0xc, 0x3, 0x47, 0xff, 0xff, 0x1,
    0xc0, 0xe, 0x40, 0x1f, 0xfc, 0x31, 0xc7, 0x1b,
    0x80, 0xf, 0xfe, 0x1a, 0x79, 0x9b, 0xd0, 0x3,
    0xff, 0x87, 0x16, 0x2f, 0x82, 0x1, 0xff, 0xc3,
    0xc7, 0x1b, 0x80, 0xf, 0xfe, 0x21, 0x18, 0xfa,
    0x0, 0x7f, 0x8, 0xff, 0x1, 0x80, 0x8f, 0xe0,
    0x9e, 0xef, 0xd8, 0x5, 0xdd, 0xfc, 0x3e, 0x89,
    0xfc, 0x2, 0x89, 0xfc, 0x2d, 0x77, 0xfa, 0x40,
    0xae, 0xff, 0x80, 0x3f, 0xff, 0xe0, 0x1f, 0xfe,
    0x17, 0x0, 0xff, 0xe3, 0x56, 0x6d, 0x2, 0x80,
    0x7f, 0xf1, 0xc, 0xc4, 0x46, 0x80, 0xf, 0xfe,
    0x24, 0xf7, 0xec, 0x88, 0x7, 0xf8,

    /* U+5B57 "字" */
    0x0, 0xfe, 0x26, 0x0, 0xff, 0xe4, 0x44, 0xa0,
    0x7, 0xff, 0x1f, 0xc3, 0x80, 0x3f, 0xe8, 0xaa,
    0xfb, 0x81, 0x6a, 0xbf, 0x8, 0x1, 0x15, 0x7e,
    0x40, 0x2, 0xaf, 0xe3, 0x0, 0xdd, 0xff, 0xff,
    0xc2, 0x40, 0xf, 0x8, 0x7, 0xff, 0x76, 0x60,
    0x3b, 0xff, 0xff, 0x80, 0x5c, 0xe6, 0x0, 0x57,
    0x7, 0x55, 0xfc, 0x80, 0x11, 0xac, 0x8, 0x7,
    0x4d, 0x57, 0xdc, 0xa0, 0x9c, 0x20, 0x1f, 0xfc,
    0x39, 0xb1, 0x9b, 0x10, 0xf, 0xfe, 0x1e, 0xb1,
    0xeb, 0x0, 0x7e, 0x11, 0xfc, 0x45, 0x69, 0x88,
    0xfc, 0x19, 0xdd, 0xfb, 0x40, 0xbb, 0xbf, 0x85,
    0x15, 0x7f, 0x20, 0xa, 0xaf, 0xf0, 0xc5, 0x57,
    0xf0, 0x15, 0x57, 0xf0, 0x7, 0xff, 0xa8, 0xc0,
    0x3f, 0xf8, 0xc6, 0xd1, 0xe0, 0xc0, 0x1f, 0xfc,
    0x47, 0x97, 0x21, 0xe0, 0xf, 0xfe, 0x22, 0x55,
    0xef, 0x20, 0x7, 0xf8,

    /* U+5B58 "存" */
    0x0, 0xfe, 0x33, 0x0, 0x7f, 0xf2, 0x77, 0x4,
    0x3, 0xff, 0x8e, 0xa2, 0x82, 0x1, 0xff, 0xc1,
    0xaa, 0xf4, 0x3, 0x55, 0x7f, 0xa0, 0x2, 0x45,
    0x5e, 0x20, 0x25, 0x5f, 0xf2, 0x0, 0x5d, 0xff,
    0x90, 0x23, 0xff, 0xfe, 0xc0, 0xf, 0x91, 0x2,
    0xe0, 0x1f, 0xfc, 0x79, 0x8, 0x0, 0xff, 0xe3,
    0xc9, 0x23, 0x47, 0xff, 0xfa, 0xc0, 0x3c, 0xac,
    0x12, 0x18, 0xef, 0xf2, 0x0, 0x8, 0x3, 0x8e,
    0x81, 0x8, 0x12, 0x23, 0xdc, 0x81, 0x12, 0x1,
    0x8b, 0x40, 0x3f, 0xc3, 0x72, 0x58, 0xe0, 0x18,
    0xb0, 0x54, 0x3, 0xfa, 0xd1, 0x70, 0xc0, 0x31,
    0x60, 0xb5, 0x0, 0x61, 0x1f, 0x4, 0x0, 0x8e,
    0x2, 0x23, 0x48, 0x6, 0xfe, 0xee, 0x40, 0xde,
    0xee, 0x50, 0xc9, 0x0, 0xe7, 0x66, 0xe2, 0x5,
    0x66, 0xe7, 0x0, 0xfd, 0x13, 0x3c, 0xe1, 0x73,
    0x3c, 0x40, 0x1f, 0xff, 0x6, 0x0, 0xff, 0xe3,
    0xd5, 0xe9, 0x88, 0x80, 0x3f, 0xf8, 0xa2, 0xa2,
    0xda, 0x1, 0xf0,

    /* U+5B83 "它" */
    0x0, 0xfc, 0xd8, 0xa0, 0x1f, 0xfc, 0x42, 0x3e,
    0x0, 0xfe, 0x11, 0xf9, 0x41, 0x8, 0x47, 0xea,
    0xee, 0xfc, 0x0, 0xde, 0xef, 0x80, 0xa, 0xcd,
    0xff, 0xc2, 0x10, 0xa, 0xe6, 0x7f, 0xf8, 0x44,
    0x1, 0x84, 0x3, 0xff, 0x8d, 0xfc, 0x1, 0xff,
    0xc2, 0xbd, 0x10, 0xf, 0xf8, 0xa6, 0x3b, 0x44,
    0x80, 0x3f, 0xc9, 0x5a, 0xce, 0x44, 0x0, 0xfe,
    0x17, 0xdb, 0x51, 0x7e, 0x0, 0xfc, 0x2d, 0x9d,
    0x4, 0x95, 0xd0, 0x20, 0x1e, 0x1c, 0xe9, 0x32,
    0x8e, 0xb5, 0x0, 0xff, 0x19, 0x46, 0xe9, 0xc4,
    0x3, 0xff, 0x81, 0xba, 0x72, 0x0, 0xff, 0xe1,
    0x9, 0x0, 0x7f, 0x86, 0x8c, 0x3, 0xff, 0x88,
    0x6b, 0x0, 0x18, 0x40, 0x3f, 0xe7, 0x3, 0x0,
    0x8c, 0x8, 0x3, 0xfd, 0xe1, 0xa0, 0x12, 0x86,
    0xdd, 0x57, 0xd7, 0xca, 0xe, 0x1, 0x43, 0x12,
    0x2a, 0xfc, 0x80, 0x76, 0x40, 0x1a, 0x77, 0xff,
    0x77, 0xfe, 0xec, 0x40,

    /* U+5B89 "安" */
    0x0, 0xfe, 0x38, 0x10, 0xf, 0xfe, 0x3d, 0xbb,
    0x80, 0x3f, 0xf8, 0xf6, 0x1a, 0x1, 0xff, 0x1d,
    0x57, 0xd2, 0x9, 0x55, 0xf8, 0x2, 0x65, 0x5f,
    0xc0, 0x5, 0x5f, 0xc0, 0x1c, 0xff, 0xfb, 0xbf,
    0xff, 0x8c, 0x3, 0xde, 0x1, 0xa7, 0x94, 0x3,
    0xff, 0x80, 0x24, 0x20, 0x19, 0x85, 0xc0, 0x3e,
    0x62, 0x0, 0x93, 0x58, 0x2, 0x61, 0x32, 0x0,
    0xfa, 0xb4, 0x3, 0xfa, 0xc2, 0x40, 0x3f, 0xf8,
    0x1f, 0xff, 0x10, 0x57, 0xff, 0xfc, 0xea, 0xbe,
    0x0, 0x22, 0xaf, 0x10, 0xa, 0xae, 0x2a, 0xae,
    0xd0, 0x4b, 0xaa, 0xe6, 0x8, 0xaa, 0xca, 0x1,
    0x86, 0x2, 0x40, 0x38, 0x90, 0x58, 0x3, 0xfa,
    0xc0, 0xcc, 0x1, 0xd0, 0x12, 0x1, 0xfe, 0x31,
    0x3e, 0xc6, 0x0, 0x2a, 0x89, 0xc0, 0x3f, 0xd3,
    0xd6, 0x87, 0x3f, 0x34, 0x1c, 0x1, 0xff, 0xc1,
    0x4b, 0xe7, 0x6, 0x2, 0x70, 0xf, 0xfe, 0x1a,
    0x28, 0x9, 0x95, 0xe2, 0x80, 0x7f, 0xa, 0xd7,
    0xd1, 0x3f, 0x65, 0x99, 0xab, 0x54, 0x2, 0x27,
    0xad, 0xea, 0x53, 0x9f, 0x80, 0x2, 0x65, 0x99,
    0x56, 0x8, 0xc, 0x29, 0xac, 0xf6, 0x30, 0x7,
    0x93, 0x28, 0x84, 0x40, 0x75, 0xbd, 0x4c, 0x20,
    0x1f, 0xe5, 0xdf, 0x0, 0x0,

    /* U+5B8C "完" */
    0x0, 0xfe, 0x14, 0x20, 0xf, 0xfe, 0x32, 0xdd,
    0x80, 0x3f, 0xf8, 0xc8, 0xe, 0x1, 0xfe, 0x6a,
    0xaf, 0xc2, 0x2b, 0xaa, 0xf8, 0x43, 0x15, 0x7f,
    0x8, 0x22, 0xaf, 0xc6, 0x1, 0x6f, 0xff, 0xff,
    0x9, 0x80, 0x38, 0xc0, 0x3f, 0xfb, 0x71, 0x67,
    0xff, 0xff, 0xc1, 0x9b, 0xc2, 0x2, 0x43, 0x66,
    0xff, 0xe0, 0xe1, 0x18, 0x6, 0x19, 0x9f, 0xfe,
    0xa, 0x80, 0x7f, 0xf3, 0x44, 0x7f, 0xf8, 0xe0,
    0x3d, 0xdf, 0xfc, 0x7a, 0x16, 0x6e, 0x40, 0x36,
    0x68, 0x81, 0x59, 0xbb, 0xc2, 0x67, 0xb0, 0x2a,
    0x66, 0x70, 0x89, 0x9e, 0x50, 0xf, 0x68, 0x28,
    0x7, 0xff, 0x19, 0x40, 0xc0, 0x3f, 0xd0, 0xc0,
    0x1d, 0x40, 0xc0, 0x1f, 0xf2, 0xc0, 0x4, 0x34,
    0xa3, 0x20, 0x18, 0xc1, 0x80, 0x21, 0x22, 0x0,
    0xc7, 0xa9, 0x78, 0x7, 0x78, 0x55, 0x26, 0xbc,
    0x10, 0xf9, 0xc5, 0xf4, 0x40, 0x39, 0x98, 0xa,
    0xca, 0xd, 0x6, 0xf1, 0xd0, 0x1, 0xfa, 0x7b,
    0xfe, 0xe9, 0x0,

    /* U+5B9A "定" */
    0x0, 0xff, 0x1c, 0x8, 0x7, 0xff, 0x21, 0x5d,
    0xc0, 0x1f, 0xfc, 0x87, 0xd, 0x0, 0xff, 0xe0,
    0x57, 0xff, 0xdc, 0x9, 0xff, 0xf7, 0x0, 0x61,
    0x4, 0x55, 0xff, 0xe1, 0x8, 0x80, 0x3d, 0x55,
    0xff, 0xc3, 0x20, 0xf, 0xfe, 0x84, 0xd8, 0x80,
    0x7f, 0xf0, 0xbf, 0x0, 0x31, 0x75, 0x57, 0xff,
    0xe, 0x40, 0x3c, 0xab, 0xff, 0xc5, 0x60, 0xe,
    0xff, 0xfc, 0x22, 0xff, 0xf9, 0x40, 0x3f, 0xfa,
    0x5b, 0xa0, 0xf, 0xfe, 0x49, 0x0, 0x7c, 0x23,
    0xe0, 0xf, 0xc6, 0xc, 0x1, 0xc3, 0xdd, 0xef,
    0x0, 0xf9, 0x43, 0x0, 0x3c, 0xcd, 0xe7, 0x0,
    0xfb, 0x40, 0x40, 0x38, 0x66, 0x7d, 0x0, 0x1e,
    0x14, 0x8, 0x10, 0xf, 0xfe, 0x34, 0x2, 0xe,
    0x8, 0x7, 0xff, 0x11, 0x18, 0x6e, 0xb, 0x9c,
    0x40, 0x3f, 0xf8, 0x25, 0x41, 0x60, 0xf4, 0x31,
    0xc2, 0x2b, 0xaa, 0xae, 0xec, 0xc1, 0x7, 0x8a,
    0xa8, 0x0, 0xbf, 0x28, 0x20, 0x8a, 0xb2, 0x24,
    0x64, 0x40, 0xb4, 0xa0, 0xc, 0x2d, 0x7d, 0xfe,
    0xee, 0xbf, 0xf7, 0x0, 0x1a, 0xc0, 0x3f, 0xe1,
    0x18, 0x3, 0xc0,

    /* U+5B9E "实" */
    0x0, 0xfe, 0x27, 0x10, 0xf, 0xfe, 0x3a, 0x43,
    0x0, 0x7f, 0xf1, 0xdc, 0x28, 0x3, 0xfe, 0x59,
    0x9f, 0xa0, 0xa, 0x67, 0xf0, 0x80, 0x35, 0x9b,
    0xf0, 0x1, 0x9b, 0xf1, 0x80, 0x6c, 0xff, 0xff,
    0xe1, 0x28, 0x7, 0xe9, 0x81, 0x0, 0x93, 0xa0,
    0x3, 0xff, 0x82, 0xaf, 0xce, 0x1, 0x8, 0x80,
    0x3f, 0xa7, 0x4c, 0x32, 0x8a, 0x34, 0x44, 0x2,
    0x1, 0xaf, 0x48, 0x0, 0x24, 0x66, 0x5, 0xd7,
    0x31, 0x0, 0xf8, 0x48, 0x3, 0xa3, 0x2c, 0xc2,
    0x3c, 0xc, 0x3c, 0x3, 0xfe, 0xa6, 0x4c, 0xb2,
    0x10, 0x10, 0x10, 0xf, 0xf8, 0x67, 0x51, 0x12,
    0x0, 0xe0, 0x20, 0xf, 0xfe, 0x9, 0x5d, 0x40,
    0x0, 0x81, 0x80, 0x3f, 0x24, 0xcf, 0xb2, 0xa6,
    0x4a, 0x17, 0x33, 0xf0, 0x1b, 0x37, 0xf8, 0x41,
    0x9b, 0xf0, 0x3f, 0xff, 0xee, 0x20, 0x9f, 0xff,
    0xc0, 0x1f, 0xc3, 0x44, 0x13, 0x8c, 0x20, 0x1f,
    0xfc, 0x16, 0xf4, 0x3b, 0x53, 0x9e, 0x93, 0x0,
    0xf8, 0x56, 0xbe, 0x45, 0xb1, 0x2b, 0xe4, 0x9b,
    0x30, 0x80, 0x2, 0x9d, 0xea, 0x50, 0x6d, 0x90,
    0xc, 0xdb, 0x66, 0x6b, 0xb0, 0x13, 0x11, 0x1a,
    0xfe, 0x48, 0x3, 0xe4, 0xcb, 0x33, 0x0, 0x33,
    0xb6, 0x50, 0x3, 0xff, 0x80, 0x99, 0x0,

    /* U+5BB3 "害" */
    0x0, 0xfe, 0x25, 0x20, 0xf, 0xfe, 0x3a, 0x54,
    0x0, 0x7f, 0xf1, 0xdc, 0x14, 0x3, 0xfe, 0x9f,
    0xff, 0xb8, 0x1, 0xff, 0xf8, 0xc0, 0x33, 0x3b,
    0xff, 0xf0, 0x8c, 0x3, 0xd7, 0x11, 0xe5, 0x8,
    0x8f, 0x20, 0x6, 0xbb, 0x31, 0x9f, 0x21, 0x19,
    0xfd, 0xb6, 0x60, 0x2, 0xb, 0xcc, 0xeb, 0x4,
    0xcc, 0xf4, 0x20, 0x6, 0x4c, 0xcf, 0x58, 0x26,
    0x67, 0xb8, 0x3, 0xcc, 0xde, 0x20, 0x76, 0x6f,
    0x0, 0x7d, 0x55, 0xe9, 0x3, 0xaa, 0xf8, 0x3,
    0xdf, 0xfe, 0xe0, 0x5f, 0xff, 0x48, 0x4, 0x71,
    0x1f, 0xa4, 0x1e, 0x23, 0xf8, 0x11, 0xdf, 0xf8,
    0x9, 0xdf, 0xf8, 0x1f, 0xff, 0xf7, 0x2, 0xff,
    0xff, 0x0, 0x62, 0x44, 0xe5, 0x6, 0x44, 0xf0,
    0x80, 0x7a, 0x6e, 0xfc, 0x7, 0x77, 0xe4, 0x0,
    0xfd, 0x99, 0xff, 0x38, 0x7, 0xf8, 0xcf, 0xfe,
    0xd0, 0xf, 0xf2, 0x27, 0xfd, 0xa0, 0x1f, 0xeb,
    0xbf, 0xf9, 0xc0, 0x3f, 0xd9, 0x9f, 0xf3, 0x80,
    0x70,

    /* U+5BB9 "容" */
    0x0, 0xff, 0x8c, 0x3, 0xff, 0x93, 0x78, 0x60,
    0x1f, 0xfc, 0x8d, 0xb, 0x0, 0xff, 0xe0, 0x35,
    0x57, 0xda, 0xd, 0x55, 0xf8, 0x3, 0x62, 0xaf,
    0xc8, 0x2, 0xab, 0xf8, 0x40, 0x3b, 0xbf, 0xff,
    0xf8, 0x4a, 0x1, 0xfe, 0x1a, 0x70, 0x8, 0xb5,
    0x80, 0x3f, 0xb1, 0x44, 0x1b, 0xd7, 0x80, 0x21,
    0x14, 0xf3, 0x86, 0xa0, 0x80, 0x4d, 0x4b, 0xb2,
    0x77, 0x20, 0x11, 0xe5, 0x94, 0x71, 0x58, 0x6,
    0x4d, 0xa3, 0x9d, 0x40, 0x6c, 0xb1, 0x4, 0xca,
    0xa, 0xc1, 0x0, 0x9c, 0xe3, 0x98, 0x0, 0xf2,
    0x29, 0xe4, 0x0, 0x5e, 0x61, 0x10, 0x4, 0x7c,
    0xe0, 0x1, 0xb8, 0x3c, 0xa1, 0xd6, 0x0, 0xa7,
    0x0, 0x3f, 0x37, 0xa3, 0xe0, 0xae, 0x14, 0xd9,
    0x0, 0x4, 0x3, 0xcd, 0xb2, 0x79, 0x0, 0x11,
    0xeb, 0x26, 0xc9, 0x0, 0x62, 0x8e, 0x92, 0x8c,
    0x30, 0xf, 0x4e, 0x1b, 0x6d, 0xa0, 0xe, 0xb9,
    0xb0, 0x47, 0x7f, 0xfe, 0xc3, 0x24, 0x45, 0xc8,
    0xcd, 0xed, 0x1, 0x33, 0x7f, 0x28, 0x35, 0xeb,
    0x58, 0x32, 0x0, 0x49, 0x33, 0xfd, 0x60, 0x11,
    0x49, 0x0, 0x7f, 0xf4, 0x56, 0x23, 0xfa, 0x40,
    0x3f, 0xf8, 0x6, 0xef, 0xfe, 0x0, 0xff, 0xe0,
    0x37, 0x77, 0xf6, 0x80, 0x78,

    /* U+5BBD "宽" */
    0x0, 0xfe, 0x15, 0x10, 0xf, 0xfe, 0x33, 0xd4,
    0x80, 0x7f, 0xf1, 0x90, 0x14, 0x3, 0xfd, 0x3f,
    0xff, 0x68, 0x17, 0xff, 0xe0, 0xc, 0xac, 0xdf,
    0xfc, 0x21, 0x0, 0xe8, 0x99, 0x5f, 0xdc, 0xce,
    0xfd, 0x99, 0x8c, 0x2, 0xc6, 0x30, 0x3, 0xcb,
    0x80, 0x69, 0xf0, 0xa, 0x98, 0x1, 0x87, 0x75,
    0x49, 0x9, 0xaa, 0xc0, 0xb5, 0x56, 0x99, 0x81,
    0xd5, 0x71, 0x81, 0xaa, 0xe0, 0x15, 0x5e, 0x60,
    0xef, 0xfd, 0x41, 0x5f, 0xf8, 0x13, 0xff, 0x94,
    0x3, 0xcf, 0xe, 0x1, 0xa3, 0x80, 0x3f, 0xab,
    0xfd, 0xb1, 0xbf, 0xfa, 0x2b, 0xfd, 0xa0, 0x1e,
    0x10, 0x45, 0x5f, 0xf0, 0x18, 0x7, 0xe9, 0xaa,
    0xa4, 0xa6, 0xab, 0x0, 0x7f, 0xf0, 0x91, 0xd4,
    0x3, 0xff, 0x8d, 0xc0, 0x40, 0x1f, 0xfc, 0x64,
    0xb, 0x80, 0xf, 0xf8, 0x88, 0x1, 0x39, 0x8,
    0x8, 0x4, 0x24, 0x14, 0x60, 0x14, 0xe9, 0x4,
    0x40, 0x6c, 0x3, 0xbb, 0x5, 0x60, 0x3, 0xb,
    0xf3, 0x96, 0x30, 0x18, 0x7, 0x28, 0x10, 0x13,
    0xdf, 0x40, 0xbe, 0x91, 0x1, 0x6e, 0x66, 0xbb,
    0x6, 0x2e, 0xc2, 0x14, 0x74, 0x0, 0x6, 0x5,
    0x19, 0xa4, 0x16, 0x55, 0xa3, 0x74, 0xe2, 0x1,
    0x9f, 0xbf, 0xfb, 0xa4, 0x0,

    /* U+5BF9 "对" */
    0x0, 0xff, 0xe2, 0xb2, 0x0, 0x7f, 0xf1, 0xc6,
    0x60, 0x3, 0xff, 0x9a, 0x3b, 0xbf, 0x9c, 0x3,
    0xff, 0x82, 0x67, 0xf1, 0x70, 0x7, 0xff, 0x0,
    0x7b, 0xbd, 0x41, 0xd5, 0x77, 0xd4, 0x7, 0x76,
    0x90, 0x1, 0x80, 0x6c, 0x4, 0x54, 0x4f, 0x0,
    0x11, 0x20, 0x9c, 0x40, 0x8, 0xc0, 0xff, 0xfd,
    0xc0, 0x7f, 0xed, 0xb, 0xa, 0x10, 0x2, 0x18,
    0x7, 0xff, 0x8, 0xa8, 0x74, 0x14, 0x2c, 0x1b,
    0xc8, 0x3, 0xfe, 0x55, 0x1b, 0xf0, 0x30, 0x28,
    0x78, 0x7, 0xff, 0x2, 0x86, 0x11, 0x2, 0x6,
    0xe5, 0x0, 0x1f, 0xfc, 0xd, 0x0, 0x70, 0x5,
    0x4, 0xe4, 0x1, 0xff, 0x10, 0x3, 0x0, 0x34,
    0x87, 0x0, 0x7f, 0xd6, 0x0, 0x64, 0x0, 0x91,
    0x4, 0x20, 0x1f, 0xc8, 0xa7, 0x61, 0x40, 0x1a,
    0x7c, 0x40, 0x3f, 0xa8, 0x3d, 0x14, 0x64, 0x2,
    0x21, 0x0, 0xfe, 0xa1, 0x73, 0xb, 0x6, 0x30,
    0xf, 0xfe, 0x3, 0xa9, 0xc0, 0x0, 0x60, 0x10,
    0x3, 0xfe, 0x48, 0x1e, 0x0, 0xcf, 0x2e, 0x1,
    0xce, 0xe, 0x1, 0x68, 0x51, 0x0, 0x73, 0x0,
    0x59, 0xdf, 0x21, 0x80, 0x14, 0xea, 0x0, 0x7f,
    0x98, 0x40, 0xe1, 0xc0, 0x31, 0x0, 0x7f, 0xd5,
    0xfe, 0xc7, 0x0, 0xc0,

    /* U+5BFC "导" */
    0x0, 0xff, 0xe6, 0x37, 0xff, 0xff, 0xb, 0x40,
    0x3f, 0x1b, 0x37, 0xfc, 0x1, 0xfe, 0xa9, 0x9f,
    0xf8, 0x3, 0xff, 0xa9, 0x3f, 0xff, 0xf0, 0x7,
    0xf8, 0xd5, 0x7f, 0xf8, 0x20, 0x1f, 0xaa, 0xbf,
    0xf8, 0x30, 0xe2, 0x1, 0xe1, 0x0, 0xff, 0xe0,
    0xc, 0x70, 0x6, 0x50, 0x8b, 0x99, 0xa2, 0x34,
    0xcd, 0x7e, 0x6, 0x1, 0x8d, 0xc5, 0x19, 0xa7,
    0x7c, 0xcd, 0x20, 0x9f, 0x80, 0x74, 0x77, 0xfb,
    0xbb, 0x6f, 0x76, 0xff, 0x61, 0x80, 0x7f, 0x8,
    0xe2, 0x11, 0x7, 0x58, 0x7, 0xff, 0x3f, 0xbf,
    0xff, 0xf8, 0x3c, 0x9, 0xff, 0x8d, 0x9b, 0x11,
    0xb3, 0x7e, 0x50, 0x16, 0x6c, 0x31, 0x33, 0x19,
    0x82, 0x26, 0x7d, 0x60, 0xb3, 0x38, 0x80, 0x37,
    0xab, 0x7a, 0x80, 0x7f, 0xf1, 0x46, 0xac, 0x28,
    0x80, 0x32, 0x80, 0x7f, 0xf0, 0x53, 0xe0, 0x82,
    0x2f, 0x6c, 0xc, 0x3, 0xff, 0x80, 0x2e, 0x0,
    0xf4, 0x22, 0x3c, 0x0, 0x7f, 0xf1, 0x1f, 0xfd,
    0xb0, 0x1, 0xe0,

    /* U+5C01 "封" */
    0x0, 0xf1, 0x8, 0x7, 0xf8, 0x84, 0x3, 0xfb,
    0x70, 0x3, 0xfd, 0xb8, 0x1, 0xff, 0xd0, 0x12,
    0x28, 0x0, 0x45, 0x8, 0x7, 0xff, 0x7, 0x37,
    0x60, 0x2d, 0xda, 0xc0, 0x3f, 0xf8, 0x37, 0x11,
    0x0, 0xc4, 0x5c, 0x95, 0x5c, 0x5, 0x54, 0x40,
    0x3, 0x3b, 0xc0, 0x6e, 0xf2, 0x1a, 0xaf, 0x0,
    0x15, 0x46, 0x1, 0xff, 0xc0, 0x7f, 0xfe, 0x2,
    0xff, 0x38, 0x7, 0xff, 0x33, 0xbf, 0xf0, 0x17,
    0xfe, 0x3c, 0xa0, 0xf, 0xe6, 0x6f, 0xf8, 0x99,
    0x44, 0x3, 0xf4, 0x4c, 0xe0, 0xe9, 0x9c, 0x32,
    0x12, 0x1, 0xff, 0xc1, 0x6a, 0x0, 0xe3, 0x26,
    0x0, 0xff, 0xe4, 0xa8, 0xa8, 0x7, 0xeb, 0xff,
    0x80, 0xbf, 0xeb, 0x0, 0x50, 0x78, 0x7, 0xed,
    0x55, 0x80, 0xa, 0xb6, 0x0, 0x9, 0x64, 0x3,
    0xf3, 0x55, 0x40, 0x55, 0x53, 0x80, 0x54, 0x60,
    0x1f, 0xfd, 0x93, 0x57, 0xa4, 0x0, 0xff, 0xa2,
    0x6f, 0x38, 0xb, 0x2a, 0x14, 0x40, 0x32, 0x0,
    0x80, 0x66, 0x62, 0x9, 0x2b, 0xcd, 0xef, 0xa8,
    0x26, 0xfd, 0x83, 0x0, 0x6f, 0xfb, 0x72, 0xa1,
    0x90, 0x80, 0x25, 0x20, 0x25, 0xb0, 0xc, 0x20,
    0x1f, 0xfc, 0x1, 0xff, 0x6d, 0x8, 0x4,

    /* U+5C04 "射" */
    0x0, 0xf2, 0xa8, 0x3, 0xfc, 0x64, 0x1, 0xfd,
    0x74, 0x1, 0xfe, 0xc9, 0x0, 0xfc, 0x82, 0xa0,
    0x1f, 0xfc, 0x6e, 0xfb, 0x5, 0xff, 0x80, 0x3f,
    0xf8, 0x87, 0x11, 0x90, 0x4, 0x3, 0xff, 0x86,
    0xae, 0xfb, 0x0, 0x6, 0x7e, 0x7, 0x33, 0x8,
    0x6, 0x23, 0x3d, 0xc0, 0x59, 0x9e, 0x3, 0xcc,
    0x28, 0x6, 0x4c, 0xcc, 0xc0, 0x31, 0x1e, 0x2,
    0x88, 0x30, 0x6, 0x5c, 0xcc, 0xe0, 0x6e, 0xfe,
    0x6, 0x77, 0x10, 0x6, 0x33, 0xef, 0x0, 0x8c,
    0x3, 0xff, 0x82, 0xae, 0xfb, 0x0, 0xf, 0x88,
    0x1, 0xff, 0xc0, 0x38, 0x8c, 0x80, 0x6, 0x19,
    0x0, 0xff, 0xe0, 0x37, 0xfe, 0x80, 0x0, 0xd9,
    0x40, 0x7, 0xe1, 0x20, 0x32, 0x2d, 0xe0, 0x12,
    0x9b, 0x90, 0x7, 0xdf, 0xa2, 0xbb, 0xb9, 0xc0,
    0x37, 0x85, 0x80, 0x7d, 0x57, 0x79, 0x41, 0x98,
    0x1, 0x8d, 0xac, 0x3, 0xe4, 0x4c, 0xa, 0x73,
    0xc0, 0x1d, 0x24, 0x1, 0xfe, 0x5b, 0x2d, 0x0,
    0xff, 0xe3, 0x45, 0x16, 0x8, 0x7, 0xff, 0x11,
    0x35, 0xd7, 0x44, 0x1, 0xc0, 0x20, 0x1c, 0x60,
    0x20, 0x10, 0xd9, 0x45, 0x3, 0xcd, 0xb0, 0x80,
    0x51, 0x7b, 0x81, 0x80, 0x10, 0xd6, 0xb8, 0x3,
    0xd9, 0xf, 0x40, 0x32, 0x1a, 0x4b, 0x0, 0x65,
    0x20, 0xa, 0x3f, 0xd8, 0x60, 0x14, 0x7f, 0x5b,
    0x0, 0x60,

    /* U+5C06 "将" */
    0x0, 0xf2, 0x98, 0x7, 0xd, 0x18, 0x7, 0xff,
    0x0, 0x6a, 0x80, 0x1d, 0x4a, 0x80, 0x1f, 0xfc,
    0x78, 0x43, 0x70, 0xf, 0xe3, 0x10, 0xf, 0x9d,
    0xc0, 0x7f, 0xfe, 0xa0, 0x2, 0xe3, 0x0, 0x7a,
    0x20, 0x31, 0x1e, 0x40, 0xc, 0xa3, 0x40, 0x1d,
    0x4e, 0xe, 0xfe, 0x34, 0x18, 0x0, 0x9c, 0x8c,
    0x2, 0xb5, 0x43, 0x6b, 0x10, 0x2, 0x58, 0x69,
    0x0, 0x5a, 0x16, 0x1, 0x44, 0x2f, 0x19, 0x2c,
    0x22, 0xc6, 0xcc, 0x3, 0x20, 0x28, 0x4, 0x6e,
    0x0, 0x97, 0xfc, 0x73, 0xf4, 0x0, 0xf2, 0x91,
    0x0, 0x3c, 0x66, 0xa3, 0x7c, 0x21, 0x0, 0xf6,
    0x28, 0x80, 0x42, 0xfb, 0x88, 0xdb, 0x3, 0x94,
    0x1, 0xe6, 0xa0, 0x8, 0xba, 0xd, 0xfa, 0x48,
    0x3, 0xfe, 0x3c, 0x0, 0x14, 0x57, 0x40, 0x80,
    0x7f, 0xf0, 0x17, 0x4, 0x1, 0x91, 0x5f, 0xfe,
    0xe0, 0x4f, 0xf5, 0x80, 0x26, 0x86, 0x80, 0x14,
    0xcc, 0x46, 0x6f, 0x1, 0x33, 0x34, 0x35, 0x8b,
    0x10, 0x0, 0xd2, 0x9, 0xb3, 0x3a, 0x1, 0xa6,
    0x4c, 0x8, 0xba, 0x40, 0x1d, 0x63, 0x68, 0x1,
    0xfe, 0x9a, 0x0, 0xf8, 0xb0, 0x6d, 0x0, 0x3f,
    0xf8, 0xe5, 0xa1, 0x80, 0x1f, 0xfc, 0x83, 0xb8,
    0x0, 0x18, 0x8, 0x7, 0xff, 0x11, 0xe, 0x2b,
    0x0, 0x80, 0x3f, 0xf8, 0xa2, 0xea, 0xb, 0x20,
    0x1f, 0x87, 0xe4, 0x3, 0xc5, 0xfe, 0xea, 0x10,
    0x8,

    /* U+5C0F "小" */
    0x0, 0xff, 0xf, 0x60, 0x7, 0xff, 0x24, 0x48,
    0x3, 0xff, 0xf8, 0x60, 0x1f, 0xf2, 0xfc, 0x0,
    0x7c, 0xd8, 0xe0, 0x1f, 0xef, 0xd, 0x0, 0xf9,
    0xc2, 0x4, 0x3, 0xf9, 0x41, 0x0, 0x3e, 0x17,
    0x9, 0x0, 0xfc, 0xa0, 0x82, 0x1, 0xfa, 0x41,
    0xc4, 0x3, 0xee, 0xe, 0x0, 0xfe, 0x17, 0x8,
    0x0, 0xf1, 0x20, 0xa8, 0x7, 0xfa, 0x41, 0x84,
    0x3, 0xac, 0x18, 0x3, 0xfe, 0x17, 0x8, 0x0,
    0xc2, 0xc1, 0x40, 0x1f, 0xfc, 0x9, 0x6, 0x10,
    0xa, 0x41, 0x48, 0x3, 0xff, 0x80, 0x2a, 0x12,
    0x0, 0x17, 0x9, 0x0, 0xff, 0xe1, 0x40, 0x30,
    0x2, 0x1, 0x4c, 0x3, 0xff, 0x84, 0x48, 0x2c,
    0x2e, 0x10, 0x1, 0xff, 0xc4, 0xf0, 0xc1, 0xeb,
    0x20, 0xf, 0xfe, 0x22, 0x55, 0x0, 0x8, 0x1,
    0xf2, 0x1, 0x80, 0x7e, 0x50, 0xf, 0xd1, 0xdf,
    0x40, 0xe0, 0x1f, 0xfc, 0x5c, 0x10, 0x26, 0xb0,
    0xf, 0xfe, 0x2a, 0x77, 0xec, 0x88, 0x7, 0xf8,

    /* U+5C1A "尚" */
    0x0, 0xfe, 0x32, 0x0, 0xff, 0x18, 0x7, 0xe,
    0x70, 0x7, 0x8c, 0x0, 0xd9, 0x20, 0x1f, 0xfc,
    0xa, 0xc2, 0x7, 0x36, 0xb0, 0xf, 0xf5, 0xa9,
    0x90, 0xe, 0x9a, 0x58, 0x7, 0xc3, 0x88, 0x8c,
    0x0, 0x87, 0xd, 0x14, 0x3, 0xda, 0x6b, 0x60,
    0x1e, 0xd6, 0x50, 0xf, 0x74, 0x50, 0x6, 0xbb,
    0xa8, 0xae, 0xd4, 0x7, 0x76, 0x9c, 0xbb, 0xa0,
    0x51, 0x3f, 0x0, 0x11, 0x3f, 0x0, 0xf, 0xff,
    0xff, 0x83, 0xc0, 0x1f, 0xfc, 0xf1, 0x1f, 0xc0,
    0x1f, 0xe8, 0xee, 0xfc, 0x1, 0xff, 0xc0, 0x67,
    0x7c, 0x40, 0x1f, 0xfc, 0x18, 0x8e, 0x40, 0xf,
    0xff, 0x3d, 0x5d, 0xe7, 0x0, 0xff, 0xe0, 0xa2,
    0x70, 0x80, 0x7f, 0xd1, 0xff, 0xf8, 0x0, 0x40,
    0xe0, 0x1f, 0xfc, 0x17, 0xbc, 0xc0, 0x18, 0x1,
    0xc0, 0x3f, 0xe4, 0x32, 0x68, 0x1f, 0xb0, 0xf,
    0xf3, 0xff, 0xb6, 0x40,

    /* U+5C31 "就" */
    0x0, 0xe5, 0x40, 0xf, 0x12, 0x80, 0x7f, 0xf0,
    0x2a, 0x0, 0x3c, 0xb4, 0x21, 0x22, 0x1, 0xf9,
    0x4c, 0x80, 0x3f, 0x1b, 0x60, 0x80, 0x55, 0x59,
    0x83, 0xaa, 0xa7, 0x0, 0xc7, 0x65, 0xa0, 0x1,
    0x55, 0xc6, 0x6, 0xab, 0x60, 0x4, 0x20, 0x92,
    0x6a, 0x3, 0xff, 0xfe, 0xb0, 0xf0, 0xc, 0xd2,
    0xa0, 0x1f, 0xfc, 0xb, 0xc6, 0xc, 0xcd, 0x58,
    0x80, 0xc, 0xff, 0xf9, 0x5c, 0x40, 0x2, 0x3e,
    0x0, 0x84, 0xa2, 0x33, 0x0, 0x33, 0x50, 0x37,
    0xf3, 0x76, 0x40, 0x9, 0x9d, 0xf6, 0x80, 0x61,
    0x0, 0x65, 0x0, 0x7f, 0xf1, 0x5c, 0x40, 0x3f,
    0xce, 0x89, 0x8c, 0x3, 0x11, 0x0, 0x3f, 0xc7,
    0x77, 0xa0, 0x3, 0xb, 0x0, 0x7f, 0x66, 0xea,
    0x42, 0x77, 0x4a, 0x6, 0x4, 0x1, 0xfc, 0xb4,
    0x66, 0x2, 0x4a, 0x0, 0x20, 0x60, 0x7, 0xf7,
    0x38, 0x80, 0x5c, 0xe6, 0x18, 0xa, 0x1, 0xf8,
    0x95, 0x80, 0x34, 0x17, 0x92, 0x20, 0x40, 0x3f,
    0x58, 0x58, 0x7, 0x59, 0x40, 0x70, 0x7, 0xb1,
    0x49, 0x90, 0x80, 0x39, 0xa9, 0x49, 0x40, 0x3c,
    0x44, 0x80, 0x80, 0x1, 0x0, 0x6f, 0x9, 0x0,
    0x8d, 0xc0, 0x44, 0x58, 0xc7, 0x17, 0x0, 0xc0,
    0xe8, 0x90, 0x4, 0xc7, 0x9e, 0xe, 0xd2, 0x2,
    0x83, 0x4, 0x16, 0x34, 0x1, 0xa5, 0x4, 0xa4,
    0x80, 0x29, 0xfe, 0x70, 0x6, 0x60, 0x40, 0x31,
    0x5e, 0xe3, 0x0,

    /* U+5C3E "尾" */
    0x0, 0xff, 0xe6, 0xd7, 0xff, 0xff, 0x12, 0x80,
    0x3c, 0xac, 0xdf, 0xfc, 0x5, 0x0, 0xfd, 0x13,
    0x3f, 0xfc, 0x10, 0xf, 0xfe, 0x96, 0xff, 0xff,
    0xf0, 0x30, 0x3, 0xf2, 0xb3, 0x7f, 0xf0, 0xb0,
    0x3, 0xd1, 0x33, 0xff, 0x5e, 0xe9, 0x80, 0x3f,
    0x9, 0xa3, 0x3c, 0xd6, 0x77, 0xed, 0xf8, 0x7,
    0x8, 0xf, 0xf6, 0x5c, 0xc3, 0x36, 0x9c, 0xeb,
    0x0, 0xf8, 0xa6, 0xaf, 0x78, 0x13, 0x2a, 0x18,
    0xc4, 0x3, 0xce, 0x2, 0xca, 0x86, 0x40, 0xca,
    0xcf, 0x13, 0x54, 0x0, 0xe2, 0x0, 0x77, 0xfb,
    0xb0, 0xa, 0xa6, 0x19, 0x18, 0x3, 0xc2, 0x41,
    0x31, 0x35, 0x60, 0x7d, 0xfe, 0xed, 0xca, 0x0,
    0xc4, 0xc, 0xe, 0xe6, 0x54, 0x7, 0x10, 0x0,
    0x91, 0xa2, 0xa8, 0x0, 0xe1, 0x8a, 0xcf, 0x13,
    0x40, 0x9d, 0xfe, 0xed, 0xcb, 0xa8, 0x0, 0x78,
    0x1d, 0xcc, 0x32, 0x38, 0xa, 0x33, 0xc4, 0xd5,
    0xe7, 0x80, 0x14, 0x13, 0xfe, 0xed, 0xd0, 0x2d,
    0x4c, 0x3b, 0x28, 0x51, 0x82, 0x83, 0x0, 0x80,
    0x79, 0x80, 0x3d, 0x8c, 0x61, 0x21, 0x40, 0x1f,
    0x9, 0x65, 0x4c, 0xd6, 0xe0, 0x48, 0x67, 0x0,
    0x7d, 0x44, 0x6a, 0xcd, 0x21, 0x48, 0x24, 0xf8,
    0x7, 0xe4, 0xdf, 0xff, 0x6b, 0x0,

    /* U+5C40 "局" */
    0x0, 0xff, 0xe6, 0x8f, 0xff, 0xff, 0x10, 0x80,
    0x3c, 0x2c, 0xdf, 0xfc, 0x2, 0x0, 0xfc, 0xb3,
    0x3f, 0xfc, 0x7, 0x0, 0xff, 0xe9, 0x27, 0xff,
    0xff, 0x1, 0x40, 0x3f, 0xa, 0x27, 0xff, 0x8,
    0xc0, 0x3c, 0xb7, 0x7f, 0xfc, 0x21, 0x0, 0xf8,
    0x47, 0xff, 0x86, 0x1, 0xe4, 0xee, 0xff, 0xe1,
    0x90, 0x4, 0x60, 0x4c, 0xdf, 0xfc, 0x12, 0x0,
    0xe1, 0x4, 0x99, 0xff, 0xe0, 0xb8, 0x7, 0x30,
    0x70, 0x2c, 0xcf, 0xe0, 0xe, 0x30, 0x8, 0x80,
    0x83, 0xd9, 0xbf, 0x8, 0x0, 0x40, 0x3b, 0x41,
    0xc0, 0x2e, 0xff, 0xcc, 0x1, 0xe1, 0x0, 0x90,
    0x48, 0x3, 0xff, 0x82, 0xe0, 0x19, 0x5, 0x0,
    0x32, 0xa2, 0x62, 0x0, 0xc2, 0x1, 0xb8, 0x24,
    0x3, 0x5d, 0xf2, 0x0, 0x63, 0x0, 0x89, 0x48,
    0xc0, 0x11, 0x99, 0xf8, 0x40, 0xc4, 0x80, 0x10,
    0x10, 0x1, 0x11, 0x9f, 0x9a, 0x6f, 0x70, 0x28,
    0x0, 0x66, 0x50, 0xf, 0xf0, 0xaa, 0x19, 0xa1,
    0xc0, 0x13, 0x80, 0x1f, 0xf2, 0x7f, 0xbb, 0x1c,
    0x0,

    /* U+5C42 "层" */
    0x0, 0xdf, 0xff, 0xfc, 0x4e, 0x0, 0xf8, 0x5d,
    0xff, 0xf8, 0x22, 0x1, 0xf8, 0xe2, 0x3f, 0xf8,
    0x26, 0x1, 0xff, 0xd3, 0x37, 0x7f, 0xfe, 0x9,
    0x80, 0x7e, 0x18, 0x8f, 0xfe, 0x8, 0x80, 0x7e,
    0x2f, 0xff, 0xfe, 0x17, 0x0, 0x7f, 0xf4, 0x84,
    0x22, 0x67, 0xff, 0x80, 0x80, 0x1f, 0xcc, 0xdf,
    0xfc, 0x13, 0x0, 0xfe, 0xef, 0xff, 0xfe, 0x3,
    0x80, 0x70, 0x83, 0x0, 0x7f, 0xf2, 0x8, 0xe,
    0x67, 0xff, 0x88, 0x60, 0x12, 0x87, 0x33, 0x7f,
    0xf1, 0x40, 0x2f, 0x4, 0xff, 0xd6, 0x3, 0xdf,
    0xed, 0xd7, 0xfe, 0x50, 0x9, 0xc4, 0xc0, 0x23,
    0xb1, 0xc1, 0x1, 0xcc, 0x10, 0x7, 0x94, 0x5c,
    0x2, 0x4c, 0x1c, 0x20, 0x0, 0xe8, 0xe0, 0x80,
    0x74, 0x5, 0x80, 0x22, 0xc2, 0x5d, 0x9e, 0x21,
    0x44, 0x38, 0x20, 0x13, 0x92, 0x10, 0x33, 0x80,
    0x22, 0xa6, 0x1d, 0xcc, 0x62, 0x54, 0x1, 0x48,
    0x48, 0x1, 0x22, 0x6a, 0xf3, 0x7b, 0xfe, 0xee,
    0x2a, 0x28, 0x3, 0xe8, 0x80, 0x4, 0xec, 0xa8,
    0x64, 0x20, 0x1d, 0x4c, 0xa0,

    /* U+5C4F "屏" */
    0x0, 0xff, 0xe6, 0x17, 0xff, 0xff, 0x14, 0x3,
    0xc4, 0xef, 0xff, 0xc1, 0x10, 0xf, 0x9e, 0x23,
    0xff, 0x82, 0x40, 0x1f, 0xfd, 0x15, 0xff, 0xff,
    0xe0, 0x98, 0x7, 0xc4, 0xef, 0x85, 0x9d, 0xf3,
    0x13, 0xbc, 0x1, 0xe7, 0x88, 0xb4, 0x4e, 0x23,
    0x1, 0x64, 0x40, 0x3, 0xfc, 0xae, 0xac, 0x0,
    0x36, 0x44, 0x0, 0x78, 0x40, 0xd, 0x33, 0x8,
    0x64, 0xcb, 0x80, 0x13, 0x32, 0x80, 0x7b, 0x19,
    0xb0, 0x2b, 0x30, 0x81, 0x19, 0xac, 0x0, 0x9c,
    0xe, 0xbf, 0xdc, 0x9, 0xff, 0x80, 0xbf, 0xe9,
    0x0, 0x84, 0x4, 0x3, 0xff, 0x8e, 0x41, 0xc0,
    0x1f, 0xfc, 0x7d, 0xe, 0xff, 0xb8, 0x13, 0xff,
    0x1, 0x7f, 0xe9, 0x0, 0x38, 0x5a, 0xac, 0x80,
    0x4a, 0xb8, 0x5, 0x57, 0x60, 0x11, 0x10, 0xea,
    0xae, 0xb, 0xaa, 0xc0, 0x75, 0x59, 0x42, 0x83,
    0x40, 0x34, 0x82, 0x0, 0x7f, 0xf0, 0x18, 0x1c,
    0x2, 0x93, 0x62, 0x0, 0xff, 0x9c, 0x58, 0x40,
    0x6d, 0x8e, 0x40, 0x3f, 0xf8, 0x4, 0x36, 0x0,
    0x44, 0x2e, 0x0, 0x7f, 0xf0, 0x57, 0x88, 0x0,
    0xbb, 0x40, 0x1f, 0x7e, 0x80, 0x70,

    /* U+5C55 "展" */
    0x0, 0x88, 0xcf, 0xff, 0x88, 0x40, 0x1d, 0x79,
    0x9f, 0xfc, 0x4b, 0x0, 0xfa, 0xf3, 0x3f, 0xf8,
    0x16, 0x1, 0xfc, 0xa6, 0x7f, 0xfc, 0x5, 0x0,
    0xfe, 0x67, 0x7f, 0xfe, 0x3, 0x0, 0x7f, 0x44,
    0x7f, 0xf0, 0x80, 0x3f, 0xbb, 0xfe, 0xa6, 0xef,
    0xfa, 0x5b, 0xfe, 0x90, 0xf, 0xfb, 0x58, 0xc0,
    0x2f, 0x61, 0x0, 0xff, 0x13, 0xbc, 0x81, 0x4e,
    0xf2, 0x84, 0xbb, 0xc0, 0x1f, 0x34, 0x44, 0x60,
    0xf1, 0x11, 0x83, 0xc4, 0x42, 0x1, 0xe5, 0xff,
    0x9c, 0x37, 0xfe, 0x60, 0xef, 0xf8, 0x40, 0x31,
    0x80, 0x7f, 0xf2, 0x84, 0x3f, 0xf3, 0x86, 0xff,
    0xcc, 0x1d, 0xff, 0x80, 0x33, 0xc, 0x40, 0x81,
    0xe0, 0x81, 0xe2, 0x39, 0xa2, 0x0, 0x18, 0x95,
    0xde, 0x9, 0x7e, 0x1, 0x77, 0x9b, 0x1d, 0x9c,
    0x2, 0x20, 0x30, 0xf, 0x1b, 0xb3, 0x83, 0xf2,
    0xd8, 0x80, 0x65, 0xc, 0x0, 0xfa, 0x16, 0x3a,
    0x1f, 0x94, 0x3, 0xac, 0x10, 0x3, 0xe2, 0xa6,
    0x12, 0xd0, 0xf, 0x19, 0x98, 0x3, 0xcb, 0x7a,
    0x53, 0x47, 0x5d, 0x6, 0x1, 0x40, 0x50, 0x4,
    0xe1, 0xd4, 0xf2, 0x40, 0xbd, 0x26, 0xf9, 0xe4,
    0xe, 0x86, 0x0, 0x12, 0x24, 0x6e, 0x30, 0x6,
    0x6d, 0xd4, 0x31, 0x6, 0x50, 0x4, 0x3b, 0xa7,
    0x20, 0xf, 0xc4, 0xf2, 0x0,

    /* U+5C5E "属" */
    0x0, 0xff, 0xe6, 0x67, 0xff, 0xff, 0x12, 0x0,
    0x39, 0xe2, 0x3f, 0xf8, 0xe, 0x1, 0xf7, 0x88,
    0xff, 0xf0, 0x3c, 0x3, 0xe8, 0x99, 0xff, 0xe0,
    0x40, 0x7, 0xdb, 0xdd, 0xff, 0xc2, 0x80, 0xe,
    0x35, 0x52, 0x21, 0xdc, 0xd3, 0x28, 0xba, 0xcf,
    0x50, 0xf, 0x5d, 0xaa, 0x93, 0x28, 0x76, 0x77,
    0x99, 0xd8, 0x3, 0xdb, 0xae, 0xeb, 0xd8, 0x3f,
    0xb7, 0x2e, 0x4c, 0x3, 0x84, 0xf7, 0xba, 0xf6,
    0xe, 0xff, 0xe0, 0xf, 0xe4, 0xaa, 0x90, 0x2a,
    0xb1, 0x80, 0x70, 0x80, 0x71, 0x9c, 0x0, 0x33,
    0xc0, 0x1e, 0x21, 0x0, 0x92, 0x66, 0x40, 0x99,
    0xc6, 0x1, 0x84, 0x8, 0x7, 0xff, 0x98, 0x3b,
    0xff, 0x80, 0x22, 0x5, 0xe, 0xff, 0xe6, 0xe,
    0xff, 0xed, 0x0, 0x20, 0x78, 0x8, 0xaa, 0xb2,
    0x4, 0xd5, 0x61, 0x0, 0xb0, 0x10, 0x0, 0x6a,
    0xb8, 0x81, 0xdd, 0x6e, 0xa0, 0x10, 0xa1, 0x10,
    0x2, 0x17, 0x88, 0x28, 0x57, 0xc, 0x0, 0x66,
    0x5, 0x0, 0xc5, 0xe, 0xc2, 0x60, 0xca, 0xa2,
    0x0, 0xa4, 0x28, 0x3, 0x1f, 0xfb, 0xb7, 0x2e,
    0xad, 0xd0, 0x44, 0x66, 0x42, 0x0, 0xff, 0xe0,
    0x3b, 0xa4, 0xa0, 0xf6, 0x80, 0x2f, 0xd0, 0xf,
    0xcd, 0xdf, 0xa8,

    /* U+5C71 "山" */
    0x0, 0xfc, 0x3d, 0x40, 0x1f, 0xfc, 0x51, 0x60,
    0xf, 0xfe, 0x82, 0x98, 0x7, 0xff, 0x9, 0x4c,
    0x6b, 0xc0, 0x3f, 0xf8, 0x23, 0x5e, 0x1, 0xff,
    0xff, 0x0, 0xff, 0xff, 0x80, 0x7f, 0xff, 0xc0,
    0x3f, 0xf9, 0x87, 0xff, 0xdc, 0x7, 0xff, 0xdc,
    0x0, 0x13, 0x3f, 0xfe, 0x20, 0x5, 0x99, 0xff,
    0xc3, 0xd0, 0x0,

    /* U+5D4C "嵌" */
    0x0, 0xff, 0x19, 0x0, 0x7f, 0xf0, 0x9, 0x48,
    0x3, 0x16, 0x40, 0x7, 0x2a, 0x80, 0x39, 0x29,
    0x0, 0x3f, 0xf8, 0x11, 0x40, 0x1f, 0xfd, 0x1a,
    0xbb, 0xd2, 0x9, 0x77, 0xc4, 0x1, 0xe3, 0x3,
    0x44, 0xe0, 0x14, 0x4e, 0x1, 0x0, 0xe5, 0xff,
    0xff, 0x3e, 0x7f, 0xdc, 0x1, 0xd5, 0x60, 0x14,
    0x70, 0x80, 0x11, 0xd0, 0x3, 0xf9, 0x94, 0x2,
    0x11, 0x18, 0x3, 0x81, 0x40, 0x3e, 0xee, 0x18,
    0xf7, 0x4c, 0x19, 0xc2, 0xa1, 0xbf, 0xfc, 0x40,
    0x44, 0x0, 0x11, 0x42, 0x4, 0x46, 0x5, 0x66,
    0xc2, 0x6, 0x19, 0x83, 0x1c, 0xc9, 0xc3, 0xb2,
    0x4a, 0xbb, 0x93, 0x2, 0x82, 0x1, 0xff, 0x40,
    0xc0, 0x56, 0x4, 0x87, 0x80, 0x7f, 0xf0, 0x14,
    0xd4, 0x9, 0xc3, 0x8d, 0x0, 0x38, 0x7f, 0xe6,
    0x0, 0x67, 0x1, 0x81, 0x83, 0x60, 0x7, 0xca,
    0xb1, 0x0, 0x4, 0x82, 0xc0, 0xa, 0x1, 0xf8,
    0x6a, 0xa4, 0x0, 0xe5, 0x1, 0x90, 0xf, 0xfe,
    0x2a, 0x93, 0x41, 0xb0, 0x7, 0xff, 0xc, 0xac,
    0x61, 0x8e, 0x54, 0x3, 0xc3, 0x55, 0x20, 0x0,
    0xbc, 0x6c, 0x43, 0x46, 0x9c, 0x3, 0xca, 0xb1,
    0x2, 0xe1, 0x4a, 0x80, 0x7, 0xa, 0x30, 0xc0,
    0x19, 0xff, 0xdd, 0x23, 0x4c, 0x1, 0x8b, 0x14,
    0xd4, 0x3, 0xf0, 0xd6, 0xa8, 0x7, 0x86, 0xad,
    0x80,

    /* U+5DE5 "工" */
    0x0, 0x8, 0xff, 0xf1, 0x40, 0x31, 0x77, 0x7f,
    0xf1, 0x5c, 0x2, 0x32, 0x2f, 0x84, 0x0, 0x45,
    0xf0, 0x80, 0x43, 0xbb, 0xf5, 0x82, 0x6e, 0xfc,
    0xc0, 0x1f, 0xff, 0xf0, 0xf, 0xff, 0xf8, 0x7,
    0xff, 0xfc, 0x3, 0xff, 0xe7, 0x9f, 0xff, 0xa8,
    0x13, 0xff, 0xf8, 0x54, 0xcf, 0xff, 0x90, 0x20,

    /* U+5DE6 "左" */
    0x0, 0xfe, 0x22, 0x0, 0x7f, 0xf2, 0x7b, 0x48,
    0x3, 0xff, 0x90, 0x60, 0x40, 0x1f, 0xfc, 0x72,
    0x3, 0x0, 0xff, 0xe0, 0x8e, 0xef, 0xb0, 0xf,
    0x77, 0xfe, 0x20, 0x1, 0x17, 0x84, 0x0, 0x45,
    0xff, 0x0, 0x7, 0xff, 0xc0, 0xf, 0xff, 0xfe,
    0x1, 0x0, 0x7c, 0xc0, 0x80, 0x1f, 0xfc, 0x8a,
    0xe, 0x0, 0xff, 0xe3, 0x99, 0x85, 0x40, 0x3f,
    0xf8, 0xf0, 0xe, 0x1, 0xff, 0xc7, 0x44, 0x3,
    0x7f, 0xff, 0xda, 0x1, 0xf4, 0x1, 0x22, 0x62,
    0x2, 0x44, 0xf0, 0x7, 0x9c, 0xc7, 0x6e, 0xf4,
    0x2, 0xdd, 0xf4, 0x80, 0x71, 0xc0, 0x58, 0x7,
    0xff, 0x1f, 0x81, 0x94, 0x3, 0xff, 0x8d, 0x64,
    0x49, 0x0, 0xff, 0xe3, 0x4a, 0xf, 0x80, 0x7f,
    0xf1, 0x91, 0x83, 0x48, 0x3, 0xff, 0x8c, 0x8d,
    0x46, 0xd5, 0x5f, 0x48, 0x2d, 0x57, 0xc4, 0x12,
    0xa1, 0x8a, 0xbf, 0x18, 0x12, 0xaf, 0xc2, 0x1,
    0xab, 0xff, 0xff, 0x8a, 0x60,

    /* U+5DEE "差" */
    0x0, 0xf1, 0xb8, 0x7, 0xcc, 0xe0, 0x1f, 0xf7,
    0xc3, 0x0, 0x71, 0x4c, 0x80, 0x3f, 0xed, 0x19,
    0x30, 0xd, 0x21, 0x60, 0x1f, 0x12, 0xac, 0x8c,
    0x14, 0xab, 0x42, 0x10, 0x2a, 0xe0, 0xa, 0xea,
    0xb3, 0x83, 0x55, 0x4e, 0x5, 0x55, 0xc2, 0x0,
    0x8d, 0xdf, 0x98, 0x27, 0x77, 0xf0, 0x80, 0x4,
    0x8b, 0xf0, 0x39, 0x17, 0xe0, 0xc, 0xb1, 0x1e,
    0x50, 0x98, 0x8f, 0x84, 0x3, 0x63, 0xbf, 0x84,
    0x1d, 0xff, 0x18, 0x6, 0x9f, 0xfe, 0x70, 0x9f,
    0xff, 0xc4, 0x1, 0xfe, 0x60, 0x60, 0xf, 0xf9,
    0xff, 0xfe, 0x10, 0xff, 0xff, 0x70, 0x23, 0xbf,
    0x30, 0x1, 0xdf, 0xfe, 0x90, 0x38, 0x8e, 0x20,
    0x88, 0xff, 0xe0, 0x38, 0x7, 0x9d, 0xd, 0xc0,
    0x3f, 0xf8, 0xad, 0x0, 0x7f, 0xff, 0xed, 0x0,
    0xf4, 0x49, 0x3b, 0xe5, 0x1, 0x77, 0xea, 0x0,
    0xc5, 0x8e, 0x79, 0x11, 0xa4, 0xa, 0x23, 0x9c,
    0x2, 0x8d, 0x36, 0xc1, 0x0, 0xff, 0xe1, 0x93,
    0x8d, 0x48, 0x7, 0xff, 0x14, 0xaf, 0x86, 0x23,
    0xea, 0x2, 0x88, 0xf9, 0xc1, 0x3, 0x5d, 0xfe,
    0x60, 0x17, 0x7f, 0xa8,

    /* U+5DF1 "己" */
    0x9e, 0xef, 0xfe, 0x20, 0x80, 0xc, 0x47, 0xff,
    0x88, 0x1, 0x57, 0xff, 0xff, 0x8, 0x40, 0x3f,
    0xff, 0xe0, 0x1f, 0xe9, 0xcc, 0xff, 0xe0, 0x88,
    0x7, 0x29, 0x9f, 0xff, 0x4, 0x3, 0xf6, 0x7f,
    0xff, 0xf0, 0x44, 0x3, 0x84, 0x3, 0xff, 0xfa,
    0x40, 0x1f, 0xfc, 0x79, 0xf4, 0x0, 0xff, 0xe2,
    0xb0, 0x38, 0x38, 0x8, 0x7, 0xff, 0x4, 0x80,
    0x80, 0x42, 0x80, 0x3f, 0xf8, 0xe, 0x4, 0x21,
    0xe0, 0xdf, 0xb9, 0x8b, 0xbe, 0xcd, 0xf8, 0x5,
    0x0, 0x2c, 0x18, 0x91, 0x99, 0x13, 0x8c, 0x80,
    0x9e, 0x0, 0x27, 0xce, 0xff, 0x77, 0x7b, 0xfe,
    0xd8, 0x0, 0x0,

    /* U+5DF2 "已" */
    0x9c, 0xcf, 0xfe, 0x20, 0x80, 0x8, 0xcf, 0xff,
    0x8a, 0x0, 0xbf, 0xff, 0xfe, 0x11, 0x80, 0x7f,
    0xf3, 0x51, 0x40, 0x3f, 0xf8, 0xd3, 0x42, 0x1,
    0xff, 0xef, 0xef, 0xff, 0xf8, 0xc0, 0x3e, 0x23,
    0x3f, 0xfe, 0x10, 0x7, 0x66, 0x7f, 0xf0, 0x84,
    0x3, 0xff, 0xde, 0x40, 0x1f, 0xfc, 0x7b, 0xf3,
    0x0, 0xff, 0xe2, 0x90, 0x4, 0x20, 0x60, 0x1f,
    0xfc, 0x15, 0x2, 0x7, 0xb, 0x0, 0xff, 0xe0,
    0x30, 0x8c, 0x1a, 0xd, 0xfd, 0xb9, 0x9e, 0xde,
    0xf9, 0x7, 0x0, 0x34, 0x18, 0x88, 0x8c, 0xfc,
    0x42, 0x22, 0x79, 0x0, 0x9f, 0x3b, 0xfd, 0xdd,
    0xef, 0xf7, 0x6c, 0x0, 0x0,

    /* U+5E03 "布" */
    0x0, 0xff, 0x10, 0x7, 0xff, 0x24, 0xb7, 0x0,
    0x3f, 0xf9, 0x14, 0x14, 0x1, 0xff, 0xc7, 0x16,
    0x7, 0x0, 0xff, 0xe0, 0xf, 0xff, 0xb8, 0x43,
    0xbf, 0xff, 0xd0, 0x2, 0xab, 0xe0, 0x2, 0xaf,
    0xff, 0x3, 0x40, 0x15, 0x5d, 0xa0, 0xd5, 0x41,
    0x2a, 0xaf, 0xca, 0x1, 0xe2, 0x80, 0x80, 0x14,
    0x30, 0xf, 0xfe, 0x1f, 0x4, 0x88, 0x7, 0xff,
    0x1a, 0xd, 0x18, 0x3, 0xff, 0x8c, 0xce, 0x9,
    0xff, 0x70, 0x27, 0xff, 0x98, 0x3, 0x9a, 0x40,
    0x6, 0x7c, 0x0, 0x33, 0xc4, 0x1, 0xe7, 0x90,
    0x20, 0xdc, 0xcb, 0x41, 0x33, 0x34, 0x0, 0x74,
    0xc0, 0xe3, 0x0, 0x7f, 0xf1, 0x49, 0x87, 0xc,
    0x3, 0xff, 0x8c, 0x55, 0x84, 0x1, 0xff, 0xc8,
    0x52, 0x0, 0xff, 0xf7, 0x89, 0x78, 0x7, 0xff,
    0x1c, 0xfb, 0x54, 0x10, 0x3, 0xe3, 0x30, 0x80,
    0x7c, 0x68, 0x87, 0xc2, 0x0, 0xfa, 0x30, 0x3,
    0xfa, 0xed, 0x6, 0x1, 0x0,

    /* U+5E26 "带" */
    0x0, 0xc4, 0x80, 0x19, 0x8, 0x2, 0x43, 0x0,
    0xfe, 0xab, 0x20, 0x1, 0x5a, 0x80, 0x55, 0xc0,
    0x1f, 0xfc, 0xf6, 0x88, 0x90, 0x2e, 0x21, 0x61,
    0x71, 0x10, 0x9c, 0x46, 0xa, 0x77, 0x8c, 0x19,
    0xdc, 0xc0, 0x6e, 0xf0, 0xb, 0xbe, 0x1c, 0xff,
    0x9c, 0x33, 0xfd, 0x80, 0xff, 0xf0, 0x97, 0xfe,
    0x10, 0xf, 0x8, 0x0, 0x43, 0xc0, 0x3f, 0xf8,
    0x5a, 0xc6, 0x0, 0x36, 0x30, 0x9, 0x94, 0x3,
    0xcf, 0x10, 0xd1, 0x98, 0x84, 0x8e, 0x44, 0x40,
    0x8, 0x88, 0x40, 0x12, 0xef, 0xff, 0xc6, 0x20,
    0x8, 0xff, 0xfd, 0xad, 0x7f, 0xfe, 0x70, 0xf,
    0xfe, 0xb, 0x18, 0x7, 0xbc, 0x3, 0x35, 0x80,
    0x7f, 0xf0, 0xcd, 0x84, 0x1, 0xf, 0x5f, 0xfd,
    0xa1, 0x1f, 0xfe, 0x49, 0x20, 0xf, 0x2a, 0xe4,
    0x3, 0x55, 0xc4, 0x2, 0x1, 0xfa, 0xab, 0x48,
    0x5d, 0x56, 0x70, 0xf, 0xff, 0x8, 0x80, 0x7f,
    0xf1, 0xdc, 0x3, 0xff, 0x8c, 0x3b, 0xe4, 0x40,
    0xf, 0xb5, 0x0, 0x3f, 0xb, 0xac, 0x60, 0x7,
    0xcf, 0x60, 0x1f, 0xd5, 0x47, 0x10, 0xc,

    /* U+5E27 "帧" */
    0x0, 0xd0, 0x60, 0x1f, 0xa5, 0x0, 0x3f, 0x85,
    0xd0, 0x3, 0xe1, 0x6d, 0x0, 0xff, 0xef, 0xb7,
    0xff, 0x0, 0x11, 0xa, 0x1c, 0x88, 0x20, 0xf,
    0x13, 0x37, 0x0, 0xdd, 0xc0, 0xd7, 0x70, 0x7,
    0x92, 0x67, 0x80, 0x24, 0x70, 0x48, 0x0, 0xff,
    0xe2, 0x9c, 0x86, 0x38, 0x5, 0x77, 0x50, 0x25,
    0xdc, 0xe0, 0x1f, 0xfc, 0x4, 0x4c, 0x4, 0x89,
    0x60, 0x7, 0xff, 0x5, 0x7f, 0xfc, 0x20, 0x1f,
    0xfc, 0x59, 0xa0, 0xf, 0xfe, 0x41, 0x38, 0x7,
    0xff, 0x79, 0xc0, 0x3f, 0xf9, 0x22, 0x20, 0xf,
    0xfe, 0x41, 0x30, 0x7, 0xfd, 0xd6, 0x2, 0x0,
    0x30, 0x50, 0xc1, 0x0, 0x8, 0x0, 0x4f, 0x80,
    0x1c, 0xcb, 0x21, 0xf2, 0x30, 0x21, 0xcf, 0xd4,
    0x1, 0x63, 0x0, 0x5b, 0x42, 0x0, 0x2c, 0x2b,
    0x43, 0x8c, 0x20, 0xf, 0xf8, 0x63, 0x4a, 0x94,
    0xb1, 0xcf, 0x54, 0x3, 0xfa, 0x79, 0xcf, 0x54,
    0x2, 0x89, 0xa, 0x60, 0xf, 0xc6, 0x6b, 0xc2,
    0x0, 0xe6, 0xa0, 0x50, 0x8, 0x7d, 0xc0, 0x15,
    0x88, 0x1, 0xf9, 0x74, 0xc0,

    /* U+5E38 "常" */
    0x0, 0xfe, 0x64, 0x0, 0xc4, 0x1, 0xe2, 0xda,
    0x0, 0xd3, 0xe0, 0x11, 0xec, 0x80, 0x71, 0x32,
    0xc0, 0x7, 0xc3, 0xa1, 0x40, 0x1e, 0xb2, 0x75,
    0x0, 0xf6, 0x8d, 0x18, 0x4, 0xf1, 0x13, 0x86,
    0x44, 0x83, 0x44, 0x4, 0xb6, 0x22, 0x6a, 0x77,
    0x94, 0x19, 0xd8, 0x9, 0xdc, 0x44, 0x77, 0xda,
    0x3, 0xff, 0xff, 0xc3, 0xe0, 0xe, 0x12, 0x2f,
    0xfe, 0x0, 0x7, 0xd7, 0xbb, 0xff, 0xc0, 0x10,
    0xb, 0x3c, 0x2, 0xbb, 0xfe, 0x40, 0x0, 0xed,
    0x8, 0x80, 0x24, 0x4f, 0xe2, 0x0, 0x88, 0x40,
    0x3b, 0xff, 0xf9, 0x80, 0x3f, 0x74, 0x47, 0x1,
    0x44, 0x70, 0x80, 0x79, 0x1d, 0xf8, 0x19, 0xdf,
    0x80, 0x38, 0xe6, 0x7e, 0x6, 0x99, 0xf9, 0x0,
    0xa, 0xcd, 0xf0, 0x13, 0x37, 0xc6, 0x1, 0xab,
    0xff, 0x70, 0x27, 0xff, 0x20, 0x7, 0x84, 0x3,
    0x8, 0x7, 0xff, 0x3d, 0xc0, 0x3f, 0xf8, 0x8b,
    0x36, 0x60, 0x40, 0x1f, 0xfc, 0x23, 0x64, 0x37,
    0x50, 0x3, 0x72, 0x0, 0x78, 0x40, 0xd, 0xdf,
    0x90, 0x0,

    /* U+5E42 "幂" */
    0x0, 0xff, 0xe6, 0xbf, 0xff, 0xff, 0x18, 0x40,
    0x39, 0xe6, 0x7f, 0xf8, 0x46, 0x1, 0xf5, 0xbb,
    0xff, 0xf0, 0x94, 0x3, 0xea, 0xee, 0xff, 0xe1,
    0x0, 0x79, 0xfb, 0xc2, 0x73, 0x3f, 0xc6, 0x13,
    0xc2, 0x1, 0x84, 0x0, 0x2e, 0xff, 0xe0, 0x8,
    0x40, 0x3f, 0x54, 0x47, 0xf8, 0x80, 0x3f, 0xeb,
    0xee, 0xff, 0x28, 0x7, 0xfd, 0x3b, 0xbf, 0xe4,
    0x0, 0xfe, 0x6e, 0xea, 0xc1, 0x3b, 0xbf, 0x0,
    0x71, 0x3b, 0xcc, 0xd4, 0x0, 0xb3, 0x7e, 0x77,
    0x80, 0xf, 0x11, 0xe3, 0x5, 0x88, 0xff, 0x48,
    0x1, 0x7f, 0xee, 0x30, 0x8f, 0xf1, 0x3f, 0xf9,
    0x2, 0x7f, 0xee, 0x0, 0xe6, 0xf3, 0xb7, 0x0,
    0x10, 0x80, 0x2e, 0x27, 0xc, 0x3, 0x97, 0x64,
    0x42, 0xff, 0xe0, 0x6f, 0xfa, 0x0, 0xf3, 0xc,
    0x22, 0xea, 0x27, 0x3, 0x99, 0xc0, 0x73, 0x38,
    0x16, 0xc2, 0x6c, 0x48, 0xf2, 0x1, 0x9b, 0x81,
    0x59, 0xb0, 0x1, 0x33, 0x10, 0x1d, 0x86, 0x1,
    0xff, 0xc0, 0x10, 0xc, 0x64, 0x4, 0x1, 0xff,
    0xc0, 0x36, 0xa0, 0xd0, 0xf, 0xf1, 0x80, 0x7c,
    0xd2, 0xaa, 0x60, 0xf, 0xef, 0x90, 0xd, 0xf2,
    0xb, 0xfd, 0x42, 0x1, 0x80,

    /* U+5E45 "幅" */
    0x0, 0x96, 0xc0, 0x3f, 0xf8, 0xe4, 0x82, 0x1,
    0xff, 0xcb, 0x3f, 0xff, 0xfa, 0x40, 0x3f, 0xa,
    0xaf, 0xfd, 0xe0, 0x1f, 0x8a, 0xab, 0xfe, 0x66,
    0x7f, 0xa0, 0x3b, 0xfc, 0xc0, 0xae, 0xff, 0x80,
    0x2, 0x6, 0x20, 0x66, 0x1, 0x9, 0x88, 0xfc,
    0x20, 0x16, 0xc8, 0x6e, 0x80, 0x31, 0x7f, 0xf3,
    0x80, 0x7f, 0xf0, 0xc4, 0x78, 0x3, 0xff, 0x86,
    0x5d, 0xdc, 0xe0, 0x1f, 0xfc, 0x1f, 0xbb, 0xfc,
    0x20, 0x1f, 0xf1, 0xa2, 0x7e, 0x0, 0xff, 0xab,
    0xff, 0xfb, 0x80, 0x3f, 0xf8, 0xe, 0xe6, 0x4,
    0x77, 0x10, 0x80, 0x7f, 0xf0, 0x22, 0x12, 0x19,
    0x10, 0x60, 0xf, 0xfe, 0x8, 0x8c, 0x0, 0x11,
    0x0, 0x7e, 0x28, 0x1, 0x0, 0x77, 0x41, 0x1d,
    0xc4, 0x0, 0xf8, 0x58, 0x50, 0x1, 0x54, 0x90,
    0x5a, 0xa1, 0x80, 0x1f, 0x84, 0x0, 0x7b, 0xc4,
    0x0, 0x55, 0x30, 0x6a, 0xa9, 0xc0, 0x21, 0x0,
    0xc4, 0x1, 0x88, 0xa0, 0xf2, 0x20, 0x7, 0xff,
    0xb, 0x76, 0x7, 0xdd, 0x20, 0x7, 0xff, 0x0,
    0x6a, 0xbe, 0x31, 0x0,

    /* U+5E55 "幕" */
    0x0, 0xf8, 0x44, 0x1, 0xc2, 0x20, 0xf, 0xfe,
    0x15, 0x70, 0x7, 0x4f, 0x20, 0x7, 0xc6, 0xef,
    0xcc, 0xe, 0xfc, 0x61, 0xae, 0xfc, 0x0, 0x49,
    0x9e, 0x20, 0x99, 0xe4, 0x7, 0x99, 0xe0, 0x3,
    0xf7, 0x73, 0x9f, 0x77, 0x49, 0xef, 0x77, 0x0,
    0x76, 0xff, 0x9c, 0xff, 0xfa, 0x4f, 0x3f, 0xcc,
    0x1, 0xf8, 0x6e, 0xff, 0xe6, 0x0, 0xff, 0xea,
    0x8d, 0xdf, 0xfc, 0xc0, 0x1f, 0xe1, 0xff, 0xff,
    0xa4, 0x3, 0xfc, 0x3f, 0xff, 0xf4, 0x80, 0x7f,
    0x75, 0xdd, 0x40, 0x37, 0x7f, 0x9c, 0x3, 0x13,
    0x31, 0x48, 0xae, 0x4, 0x22, 0xfc, 0xec, 0xa0,
    0x4, 0x99, 0xf2, 0x2, 0xcc, 0xff, 0xac, 0x0,
    0xdf, 0xf9, 0x81, 0x3f, 0x92, 0x3e, 0xc0, 0x73,
    0xfe, 0xe0, 0xe, 0x1b, 0x64, 0xb0, 0x2, 0x68,
    0x25, 0x8e, 0xa8, 0x7, 0xcf, 0xe8, 0x3a, 0xcd,
    0x3, 0x34, 0x4a, 0x35, 0x88, 0x1, 0x3f, 0x41,
    0x80, 0x2e, 0xea, 0x3, 0xbb, 0x9c, 0x4, 0xef,
    0x98, 0x2c, 0xab, 0x1, 0xb7, 0x6c, 0x5, 0xdd,
    0xc0, 0x9d, 0x6, 0x0, 0xcc, 0x28, 0x7, 0xff,
    0x0, 0x40, 0x2, 0xfa, 0xc0, 0x1f, 0xfc, 0x26,
    0xee, 0x7, 0x80, 0x7e, 0x1a, 0xa0, 0x7, 0xcf,
    0x79, 0xca, 0x1, 0x80,

    /* U+5E72 "干" */
    0x0, 0x2d, 0xdf, 0xff, 0x10, 0x3, 0x89, 0x13,
    0xff, 0x88, 0x1, 0xcf, 0xff, 0xeb, 0x3, 0xff,
    0xf8, 0x3, 0xff, 0xfe, 0x1, 0xff, 0xda, 0x5a,
    0xaf, 0xde, 0x5, 0x55, 0xfc, 0x1a, 0xab, 0xf9,
    0x0, 0x55, 0x7f, 0x82, 0x77, 0x7f, 0x48, 0x1e,
    0xef, 0xf0, 0x9, 0x17, 0xf0, 0x0, 0x8b, 0xf8,
    0x3, 0xff, 0xfe, 0x1, 0xff, 0xff, 0x0, 0xff,
    0xe7, 0x80,

    /* U+5E73 "平" */
    0x7, 0xff, 0xff, 0xe2, 0xd8, 0x4, 0x46, 0x7f,
    0x10, 0x9, 0x9f, 0xc4, 0x1, 0x2e, 0x67, 0xd2,
    0xf, 0x99, 0xf4, 0x80, 0x61, 0x92, 0x0, 0xff,
    0xe0, 0x51, 0x0, 0x72, 0xb7, 0x0, 0x7f, 0xce,
    0xaa, 0x0, 0xe4, 0x63, 0x70, 0xf, 0xe1, 0x82,
    0x70, 0xf, 0x49, 0x41, 0x0, 0x7e, 0xb0, 0x90,
    0xf, 0xd2, 0x1c, 0x1, 0xf2, 0xac, 0x80, 0x1f,
    0x91, 0x4d, 0x80, 0x38, 0xe8, 0x6c, 0x3, 0xfd,
    0x6c, 0xe0, 0x1c, 0x4d, 0x42, 0x1, 0xfe, 0x19,
    0x10, 0x10, 0x8, 0x65, 0x0, 0x3d, 0xdf, 0xff,
    0xa8, 0x1b, 0xff, 0xf8, 0x94, 0xcf, 0xf1, 0x0,
    0x99, 0xff, 0x5, 0xe6, 0x7e, 0x90, 0x7c, 0xcf,
    0xe2, 0x0, 0xff, 0xff, 0x80, 0x7f, 0xfb, 0x40,

    /* U+5E76 "并" */
    0x0, 0xe1, 0x40, 0xf, 0xc8, 0x1, 0xff, 0x65,
    0x90, 0x7, 0x8e, 0xf4, 0x3, 0xfd, 0x1, 0x20,
    0x1e, 0x80, 0xb0, 0xf, 0xf2, 0x92, 0x18, 0x6,
    0x44, 0x13, 0x0, 0x7f, 0xd6, 0x8, 0x1, 0xc,
    0x84, 0x80, 0x7d, 0x5f, 0xfa, 0x42, 0x3f, 0xee,
    0x20, 0xbf, 0xfc, 0x80, 0xd, 0x44, 0xc0, 0x4,
    0x4f, 0x0, 0x11, 0x33, 0x0, 0x1e, 0xef, 0x8,
    0xae, 0xfc, 0x3, 0x77, 0x88, 0x3, 0xff, 0xfe,
    0x1, 0xff, 0xc2, 0xcc, 0xf0, 0x8b, 0x33, 0xc0,
    0x39, 0x9c, 0xc6, 0x7e, 0x0, 0x19, 0xf8, 0x0,
    0x67, 0xdd, 0xff, 0xe0, 0x4f, 0xff, 0x0, 0xff,
    0xf4, 0x0, 0x71, 0x81, 0x0, 0x7f, 0xf1, 0xec,
    0x30, 0x3, 0xff, 0x8e, 0xc0, 0xa0, 0x1f, 0xfc,
    0x6a, 0x17, 0x0, 0xff, 0xe3, 0x52, 0x9c, 0x0,
    0x7f, 0xf1, 0xb, 0x54, 0xb4, 0x3, 0xff, 0x8a,
    0x26, 0x9a, 0x20, 0x1f, 0xfc, 0x53, 0xfb, 0x0,
    0xff, 0x7f, 0x0, 0x78,

    /* U+5E8F "序" */
    0x0, 0xff, 0x95, 0x40, 0x1f, 0xfc, 0x8a, 0xb0,
    0xf, 0xfe, 0x42, 0x8a, 0x0, 0x7f, 0x87, 0xff,
    0xf2, 0x85, 0xff, 0xfc, 0xa0, 0x18, 0x55, 0x7f,
    0xf8, 0x8c, 0x1, 0x92, 0xab, 0xff, 0x88, 0x60,
    0x1e, 0x38, 0x8f, 0xfe, 0x3, 0x80, 0x7e, 0x47,
    0x7f, 0xfe, 0x4, 0x80, 0x7e, 0x7e, 0xe5, 0xf7,
    0x7a, 0x0, 0x10, 0x1, 0xfc, 0x25, 0x7a, 0x62,
    0x20, 0xa8, 0x3d, 0x60, 0xf, 0xf1, 0xd1, 0x6b,
    0x33, 0x92, 0x30, 0x80, 0x3e, 0x30, 0xc, 0xbe,
    0x73, 0x23, 0xd7, 0x0, 0xf8, 0xc0, 0xb, 0x33,
    0xa1, 0x40, 0x2b, 0x99, 0xe0, 0x8, 0x40, 0x7d,
    0x9b, 0xc0, 0x3, 0x66, 0xf0, 0x80, 0x1c, 0x3e,
    0xbf, 0xfc, 0xe1, 0x7f, 0xf7, 0x9, 0x8, 0x0,
    0x80, 0x80, 0x3f, 0xf8, 0x32, 0x30, 0x1, 0x78,
    0x38, 0x7, 0xff, 0x0, 0x9c, 0x94, 0x2, 0x71,
    0x20, 0xf, 0xfe, 0x2, 0x4, 0x80, 0x46, 0x2e,
    0x1, 0xff, 0xc1, 0x6e, 0x40, 0xa, 0x42, 0x80,
    0x3f, 0x8, 0x38, 0x4, 0x20, 0x11, 0xa9, 0x98,
    0x3, 0xa2, 0xb1, 0x80, 0x80, 0x3e, 0x50, 0xf0,
    0xf, 0x1a, 0x99, 0x48, 0x80, 0x7c, 0xdc, 0x60,
    0x1e, 0xbe, 0xfd, 0x60, 0xf, 0xc0,

    /* U+5E94 "应" */
    0x0, 0xff, 0x26, 0x28, 0x7, 0xff, 0x1d, 0xcf,
    0x80, 0x3f, 0xf8, 0xe6, 0x28, 0x1, 0xff, 0xc0,
    0xaa, 0xfc, 0x0, 0xba, 0xaf, 0x88, 0x0, 0x2a,
    0xbf, 0x84, 0x11, 0x57, 0xe1, 0x0, 0xcb, 0xff,
    0xff, 0xc4, 0x30, 0xf, 0xfe, 0x1, 0x0, 0x7f,
    0xf0, 0xcc, 0x40, 0x2e, 0xf0, 0xe, 0x85, 0x0,
    0xf8, 0xf2, 0x40, 0x24, 0x21, 0x0, 0x85, 0xf8,
    0x3, 0xe3, 0x26, 0x0, 0xb4, 0x14, 0x2, 0x40,
    0xd0, 0xf, 0x18, 0x28, 0x98, 0x1, 0x0, 0xc0,
    0x2f, 0x4, 0x0, 0xfd, 0x41, 0x40, 0x3, 0xc,
    0x0, 0x94, 0x88, 0x1, 0x8c, 0x2, 0x22, 0x38,
    0x4, 0x4a, 0x0, 0x40, 0x50, 0xe, 0x10, 0x10,
    0x2, 0x89, 0x80, 0x1c, 0x44, 0x1a, 0x16, 0x1,
    0xce, 0x1c, 0x0, 0xb0, 0xb0, 0x6, 0x82, 0x83,
    0x91, 0x80, 0x71, 0x1, 0x0, 0xc, 0x50, 0x0,
    0x44, 0x4, 0x15, 0x0, 0xf7, 0x83, 0x0, 0x48,
    0x60, 0x5, 0xd4, 0xd0, 0xa0, 0xf, 0x38, 0x90,
    0x5, 0x1c, 0x1, 0xcc, 0x64, 0x1, 0xc6, 0x2e,
    0x1, 0x88, 0x40, 0x33, 0x5, 0x0, 0x7a, 0x43,
    0x52, 0x67, 0xfa, 0xc3, 0x26, 0x73, 0x12, 0x92,
    0x13, 0x37, 0xf1, 0x2, 0xb3, 0x6c, 0x40, 0x80,
    0x6f, 0xff, 0xfe, 0x25, 0x36, 0xa8, 0x7, 0xff,
    0x1c,

    /* U+5E95 "底" */
    0x0, 0xff, 0x8c, 0x80, 0x3f, 0xf8, 0xe7, 0x90,
    0x1, 0xff, 0xc7, 0x31, 0x51, 0x0, 0xff, 0xf,
    0xff, 0xe1, 0xe, 0xff, 0xf8, 0xc0, 0x31, 0x2a,
    0xff, 0xf1, 0x4, 0x3, 0x3d, 0x57, 0xff, 0x10,
    0x80, 0x3f, 0xf8, 0x42, 0x6a, 0xf2, 0xa0, 0x1f,
    0xd5, 0x76, 0xcd, 0xff, 0x76, 0x54, 0x36, 0x0,
    0x7e, 0x15, 0x45, 0x11, 0x20, 0x8a, 0x6f, 0x7e,
    0x40, 0x3f, 0xcb, 0xdb, 0x96, 0x46, 0xc8, 0x40,
    0x1f, 0xfc, 0x57, 0x30, 0xf, 0xf8, 0xc0, 0x3f,
    0x8, 0x80, 0x3f, 0x8c, 0x3, 0x93, 0x33, 0x20,
    0x66, 0x78, 0x2, 0x10, 0x10, 0x8, 0x4c, 0xf0,
    0x81, 0x9f, 0x80, 0x27, 0xe, 0x0, 0x97, 0xff,
    0x58, 0x4f, 0xff, 0x0, 0x46, 0x4, 0x1, 0xf9,
    0x43, 0xc0, 0x3f, 0x68, 0x30, 0x7, 0xc2, 0x22,
    0x70, 0xf, 0xc8, 0x24, 0x1, 0xc3, 0x3c, 0x6a,
    0x28, 0x0, 0x19, 0x10, 0x41, 0x70, 0xc, 0xd3,
    0xcc, 0xc2, 0x90, 0x80, 0x3, 0xb2, 0x7, 0x86,
    0x80, 0x18, 0xd, 0x84, 0xa0, 0x44, 0xc7, 0x1,
    0x40, 0xa8, 0x82, 0x40, 0x7, 0x83, 0x76, 0x16,
    0x80, 0x20, 0x5f, 0xcd, 0x83, 0x82, 0xc0, 0x29,
    0xd9, 0x12, 0xa3, 0x30, 0xe, 0x20, 0x24, 0x5,
    0x51, 0x80, 0x21, 0x20, 0x9, 0x70, 0xc0, 0x5,
    0x7f, 0x62, 0x0,

    /* U+5E9F "废" */
    0x0, 0xff, 0xe0, 0x1a, 0x0, 0x7f, 0xf2, 0x72,
    0x80, 0x3f, 0xf9, 0x2a, 0x28, 0x1, 0xff, 0xf,
    0xff, 0xe5, 0xb, 0xff, 0xf9, 0x0, 0x38, 0x95,
    0x7f, 0xf8, 0x8c, 0x1, 0xc9, 0x51, 0x97, 0x5c,
    0x3d, 0x56, 0x9b, 0x55, 0x88, 0x3, 0xe4, 0x95,
    0xc, 0x47, 0x1, 0x68, 0xc1, 0x0, 0xff, 0x68,
    0x20, 0x18, 0x18, 0x2, 0x28, 0xdc, 0x3, 0xfc,
    0x81, 0xfe, 0x40, 0xff, 0xd4, 0x13, 0xfe, 0x20,
    0xf, 0x99, 0xa4, 0x3, 0x66, 0xfe, 0x30, 0xf,
    0xa6, 0x6c, 0x9, 0x9f, 0xf0, 0x80, 0x7f, 0xac,
    0x10, 0x3, 0xff, 0x82, 0x60, 0x20, 0x11, 0x18,
    0x77, 0xff, 0xc0, 0x1f, 0xbc, 0x2, 0xb0, 0x3,
    0x3b, 0xe5, 0x1, 0x0, 0xf3, 0x0, 0x80, 0x5,
    0x80, 0x7, 0x11, 0x80, 0x12, 0x1, 0xe2, 0x2,
    0x0, 0x40, 0x52, 0x2b, 0x0, 0x11, 0x49, 0xc0,
    0x3d, 0x80, 0xa0, 0x6c, 0x6b, 0x43, 0x2c, 0x96,
    0x3e, 0x1, 0xf2, 0x10, 0x8b, 0x43, 0x80, 0x70,
    0x66, 0xc3, 0x48, 0x3, 0xca, 0x2a, 0x1a, 0x32,
    0x40, 0x1, 0x20, 0x0, 0xb0, 0x7, 0xd2, 0x15,
    0x66, 0xcc, 0x5, 0xcc, 0x1b, 0x38, 0xd7, 0x38,
    0x80, 0x4a, 0x6a, 0x88, 0x5d, 0x9e, 0xa3, 0x5d,
    0x98, 0xe6, 0x18, 0xec, 0x50, 0x80, 0x86, 0x9a,
    0xf6, 0x7, 0xea, 0x20, 0x0, 0xcf, 0x41, 0x19,
    0x83, 0x24, 0x81, 0x82, 0x6f, 0xa0, 0x40, 0x3c,
    0x2f, 0xb8, 0xc0,

    /* U+5EA6 "度" */
    0x0, 0xff, 0x89, 0x88, 0x3, 0xff, 0x90, 0xf3,
    0x40, 0x1f, 0xfc, 0x85, 0x5, 0x0, 0xff, 0xe0,
    0x57, 0xff, 0xe0, 0x2f, 0xff, 0xac, 0x3, 0xca,
    0xbf, 0xfc, 0x4c, 0x0, 0xf5, 0xd5, 0x47, 0xf5,
    0x5c, 0x5b, 0x55, 0x38, 0x7, 0xf0, 0xb7, 0x80,
    0x73, 0x58, 0x7, 0xf9, 0xff, 0xdc, 0xb, 0xff,
    0xc2, 0x7f, 0xf5, 0x0, 0x78, 0x99, 0xa0, 0x26,
    0x6e, 0x1, 0x66, 0xb0, 0x3, 0xcb, 0x32, 0x80,
    0x79, 0x9e, 0x12, 0x99, 0x98, 0x3, 0xfe, 0x15,
    0x5e, 0x10, 0xf, 0xf8, 0x40, 0x32, 0x55, 0x70,
    0x7, 0xf8, 0x40, 0x30, 0xee, 0xfe, 0xe0, 0xf,
    0xce, 0x0, 0x77, 0x95, 0x7f, 0x9c, 0x80, 0x3c,
    0x24, 0x11, 0x1f, 0xfc, 0x17, 0x0, 0xf1, 0x8,
    0x7d, 0x1, 0x77, 0xff, 0x38, 0x12, 0x0, 0x71,
    0x82, 0x0, 0x16, 0x4b, 0x8, 0x2, 0x97, 0x2c,
    0x10, 0xe, 0x40, 0xd0, 0x9, 0xa8, 0xb5, 0x8f,
    0x59, 0x30, 0x40, 0x3d, 0x40, 0xa0, 0x19, 0x74,
    0x67, 0xa, 0x2c, 0x40, 0x3c, 0x84, 0xa0, 0x10,
    0xac, 0xe0, 0x88, 0x82, 0x2d, 0xd0, 0x40, 0x34,
    0x4, 0xa5, 0xf7, 0x29, 0x96, 0xbb, 0x71, 0xda,
    0x2f, 0xbf, 0x8, 0xa4, 0x36, 0x43, 0x6b, 0xfb,
    0x50, 0x1, 0xc6, 0xf5, 0x39, 0x89, 0x13, 0xe8,
    0xb, 0xf6, 0x50, 0x3, 0xf0, 0xac, 0x66, 0x80,

    /* U+5EF6 "延" */
    0x0, 0xff, 0xe3, 0x9a, 0x80, 0x66, 0x6f, 0x20,
    0x11, 0xa3, 0x44, 0xe7, 0x7e, 0x50, 0x80, 0x6,
    0x67, 0xde, 0x9b, 0x97, 0x2e, 0xc6, 0x4b, 0x14,
    0x20, 0x1, 0xcc, 0xc4, 0x1a, 0xaf, 0x13, 0x7a,
    0x25, 0x94, 0xea, 0x1, 0x8c, 0xea, 0x27, 0x61,
    0x87, 0x64, 0x20, 0xf, 0xfe, 0x4, 0x33, 0x20,
    0x0, 0x8c, 0x1, 0xff, 0xc2, 0x67, 0x59, 0x0,
    0xba, 0x40, 0x3f, 0xf8, 0x2b, 0x29, 0x40, 0x1f,
    0xe3, 0x66, 0xc0, 0x1a, 0xc1, 0x3f, 0xe9, 0x0,
    0xf8, 0x66, 0x71, 0x0, 0x4c, 0xdc, 0x1, 0xfc,
    0x37, 0x78, 0x80, 0x28, 0x84, 0xca, 0x83, 0xc0,
    0x3e, 0x34, 0x4c, 0x1, 0xf, 0xc8, 0x1, 0x1,
    0x0, 0x3f, 0xf8, 0x62, 0x4c, 0x0, 0xb1, 0x20,
    0xf, 0xfe, 0x22, 0x8a, 0x19, 0x9c, 0x3, 0xff,
    0x8b, 0x21, 0x10, 0xb, 0x0, 0xd3, 0x30, 0x9c,
    0xce, 0x40, 0x8, 0x5c, 0xd1, 0x48, 0x3, 0x33,
    0x40, 0x2c, 0xd8, 0x80, 0x34, 0x80, 0x30, 0x2,
    0xaf, 0xff, 0xf3, 0x0, 0x6b, 0x0, 0x4b, 0x0,
    0x7f, 0xf1, 0x5d, 0x4a, 0x82, 0x71, 0x44, 0x3,
    0xff, 0x82, 0xd0, 0x3e, 0xba, 0x87, 0x5d, 0xb7,
    0x53, 0x11, 0xa6, 0x54, 0x63, 0x21, 0xa4, 0x5,
    0x7b, 0x8, 0x8, 0xac, 0xef, 0x99, 0x8a, 0x22,
    0x8c, 0x30, 0xc, 0x4f, 0x7b, 0xfe, 0xee, 0x6e,
    0xbb, 0x9f, 0xe2,

    /* U+5EFA "建" */
    0x0, 0xff, 0xe0, 0x89, 0x0, 0x7f, 0xf2, 0x63,
    0x44, 0x3, 0xf0, 0xaa, 0xf2, 0x1, 0x19, 0xe0,
    0x53, 0x3c, 0x1, 0x96, 0xab, 0xc1, 0xb9, 0x92,
    0x85, 0xe6, 0x61, 0x0, 0x93, 0x32, 0x90, 0x40,
    0xcc, 0xca, 0x17, 0x98, 0x50, 0xf, 0x19, 0x8a,
    0xa, 0xc0, 0xcf, 0x81, 0x4c, 0xc4, 0x1, 0xfa,
    0x87, 0x87, 0x3b, 0xb3, 0x7, 0xf7, 0x1c, 0x3f,
    0x84, 0x2, 0x84, 0x93, 0xa, 0x66, 0xc6, 0xc,
    0xd1, 0x83, 0x30, 0x40, 0x8, 0xea, 0xc0, 0x6,
    0x88, 0xca, 0x13, 0x10, 0x40, 0x98, 0x0, 0xa4,
    0x1a, 0xed, 0x41, 0x13, 0x32, 0x4, 0x4c, 0x90,
    0x3, 0xcc, 0x42, 0xc8, 0xe0, 0xa8, 0x91, 0x2,
    0x24, 0x24, 0x1, 0xd7, 0xbb, 0xb, 0x6, 0xee,
    0x60, 0xcd, 0xdc, 0x20, 0x10, 0xd1, 0x80, 0x88,
    0xc1, 0x13, 0x10, 0x22, 0x71, 0x80, 0x42, 0x96,
    0x8, 0x18, 0x37, 0x79, 0x2, 0xae, 0xf4, 0x0,
    0x67, 0x60, 0xe0, 0x41, 0xdd, 0xca, 0x19, 0xbb,
    0xa8, 0x3, 0x50, 0xba, 0x20, 0x0, 0x45, 0x8c,
    0x8, 0xb8, 0x40, 0x31, 0xa4, 0x7, 0x9f, 0xff,
    0x30, 0x77, 0xff, 0x40, 0x6, 0xf0, 0x14, 0x29,
    0x9e, 0x40, 0x89, 0x9e, 0xb0, 0xd, 0x0, 0x30,
    0x2c, 0xdc, 0x40, 0xcd, 0xe3, 0x0, 0xa0, 0xda,
    0x1f, 0x10, 0x3, 0x7a, 0x8, 0x7, 0xe6, 0x72,
    0x97, 0xa2, 0xbf, 0xca, 0x9f, 0x28, 0x8d, 0x33,
    0x18, 0xc8, 0xf8, 0x1, 0x7a, 0x98, 0x51, 0x9a,
    0x77, 0xcc, 0xd0, 0x8a, 0xf4, 0x80, 0x32, 0xce,
    0xf7, 0xff, 0xf8, 0x80,

    /* U+5F00 "开" */
    0x6, 0xbb, 0xff, 0xe3, 0x8, 0x3, 0x91, 0x3f,
    0xf8, 0xc6, 0x0, 0x8f, 0xfa, 0xc1, 0x7f, 0xfc,
    0x0, 0xff, 0xc4, 0x1, 0xff, 0xff, 0x0, 0xff,
    0xf7, 0x77, 0xfe, 0xb0, 0x5f, 0xff, 0x0, 0x3f,
    0xf9, 0x51, 0x38, 0xc0, 0x91, 0x3c, 0x0, 0x44,
    0xe6, 0xab, 0xbd, 0x41, 0x57, 0x7e, 0x0, 0x5d,
    0xf1, 0x80, 0x77, 0x1, 0x0, 0x7f, 0xf1, 0xd0,
    0x1c, 0x3, 0xff, 0x8c, 0x46, 0x24, 0x1, 0xff,
    0xc6, 0x80, 0x90, 0xf, 0xfe, 0x33, 0x29, 0x38,
    0x7, 0xff, 0x15, 0x64, 0x38, 0x3, 0xff, 0x8a,
    0xf4, 0x16, 0x60, 0x1f, 0xfc, 0x5f, 0xb, 0x40,
    0xf, 0xfe, 0x34, 0x72, 0x0, 0x7f, 0xbf, 0xc0,
    0x1e,

    /* U+5F02 "异" */
    0x0, 0xff, 0xe6, 0x2f, 0xff, 0xff, 0xc, 0x80,
    0x3e, 0x37, 0x7f, 0xf8, 0x40, 0x3f, 0x92, 0x23,
    0xfe, 0x20, 0xf, 0xfe, 0x9a, 0x4c, 0xff, 0xc4,
    0x1, 0xfc, 0x6c, 0xdf, 0xf0, 0x80, 0x8, 0x3,
    0xcf, 0xff, 0xff, 0xc1, 0x3d, 0x90, 0x8, 0x40,
    0x3f, 0xf8, 0x64, 0x2, 0x1, 0x38, 0x21, 0x8,
    0x7, 0xf0, 0x94, 0x6, 0x80, 0x46, 0x47, 0xbd,
    0xff, 0xfd, 0xda, 0x82, 0x80, 0x1b, 0x69, 0xd1,
    0xc, 0xc5, 0x5c, 0x8a, 0xf1, 0x3e, 0x20, 0x1c,
    0xb0, 0x8b, 0x32, 0xaa, 0xa1, 0x2, 0x1d, 0x84,
    0x3, 0xff, 0x99, 0x13, 0x3c, 0x3, 0x33, 0xd0,
    0xf, 0x33, 0xc6, 0xcd, 0xe0, 0x3, 0x37, 0x28,
    0x13, 0x37, 0x2f, 0x7f, 0xec, 0x4, 0xff, 0xed,
    0x5, 0xff, 0xe6, 0x0, 0xe8, 0xe, 0x0, 0xff,
    0xe2, 0x96, 0x22, 0x14, 0x3, 0xff, 0x86, 0xb7,
    0xa6, 0xd6, 0x1, 0xff, 0xc4, 0xe4, 0x5d, 0x90,
    0xf, 0xfe, 0x2d, 0x75, 0x10, 0x7, 0xe2, 0xfa,
    0x0, 0xf0,

    /* U+5F03 "弃" */
    0x0, 0xfe, 0x14, 0x10, 0xf, 0xfe, 0x3a, 0x5c,
    0x80, 0x7f, 0xf1, 0xd4, 0x18, 0x3, 0xfc, 0x57,
    0x7f, 0xc2, 0x2b, 0xbf, 0xd0, 0x2, 0x89, 0xfc,
    0x20, 0x89, 0xf8, 0xc0, 0xff, 0xfc, 0x80, 0xdf,
    0xf7, 0x6f, 0xff, 0x58, 0x7, 0xd4, 0x8b, 0x20,
    0x16, 0xe9, 0x40, 0x3f, 0xeb, 0x54, 0xa0, 0xd,
    0xa5, 0x4e, 0x1, 0xf8, 0x71, 0x16, 0xc0, 0x3d,
    0xe5, 0x12, 0x1, 0xe9, 0xe3, 0x7, 0xde, 0xe7,
    0xfd, 0xda, 0x40, 0xd2, 0x1, 0xc2, 0x31, 0x8,
    0x95, 0x15, 0x9d, 0xd1, 0x9, 0x56, 0x50, 0xd,
    0x1d, 0xcd, 0xb9, 0xba, 0xa4, 0xc4, 0x3c, 0x9a,
    0xad, 0x40, 0x3f, 0x44, 0x80, 0x70, 0xbf, 0x0,
    0x10, 0x3, 0xff, 0x9b, 0x55, 0xe0, 0x2a, 0xaf,
    0x2, 0xd5, 0x72, 0x2a, 0xf8, 0x5, 0x57, 0x90,
    0x5, 0x57, 0x8b, 0xff, 0xb0, 0x17, 0xff, 0xb4,
    0x13, 0xff, 0x98, 0x3, 0xac, 0x30, 0x3, 0x8c,
    0x3, 0xff, 0x80, 0xae, 0x2c, 0x1, 0xff, 0xc4,
    0x19, 0xa1, 0xd0, 0xf, 0xfe, 0x18, 0xcf, 0x32,
    0x61, 0x80, 0x7f, 0xf0, 0xc4, 0x8e, 0xac, 0x80,
    0x3f, 0xf8, 0xb7, 0x8a, 0x1, 0xfc, 0x3f, 0x60,
    0x1e,

    /* U+5F0F "式" */
    0x0, 0xff, 0xe0, 0x8, 0x7, 0xff, 0x1c, 0xbb,
    0x0, 0xb5, 0x40, 0x3f, 0xf8, 0x46, 0x1, 0x18,
    0x51, 0x80, 0x7f, 0xf1, 0x47, 0xc3, 0x44, 0x3,
    0xff, 0x84, 0x20, 0x2, 0xa0, 0x20, 0x8f, 0xff,
    0xf7, 0x1, 0x7f, 0xd4, 0x39, 0xda, 0x89, 0xff,
    0x0, 0x11, 0x3e, 0x5b, 0xbf, 0xf8, 0x42, 0xef,
    0xd4, 0x1, 0xff, 0xc0, 0x30, 0x10, 0xf, 0xfe,
    0x33, 0x1, 0x80, 0x7d, 0x17, 0x7f, 0xc2, 0x40,
    0xc0, 0x1f, 0x22, 0x7f, 0x8c, 0x40, 0x80, 0x3e,
    0xcf, 0xf9, 0x3, 0x7f, 0xe2, 0xd0, 0xf0, 0xf,
    0xfe, 0x33, 0x1, 0x0, 0x7f, 0xf1, 0x8c, 0x14,
    0x3, 0xff, 0x8e, 0x62, 0x40, 0x1f, 0xfc, 0x6b,
    0x5, 0x0, 0xa5, 0xc0, 0x3e, 0x12, 0x57, 0xa0,
    0x50, 0xa0, 0x9, 0x2c, 0x91, 0xa2, 0x94, 0x33,
    0x6a, 0x14, 0x8, 0xc9, 0x0, 0x49, 0x62, 0xe5,
    0xd4, 0x49, 0x1a, 0x6f, 0x40, 0x10, 0x14, 0x72,
    0x1b, 0xcf, 0x37, 0xbf, 0xb7, 0x2c, 0x84, 0x0,
    0x46, 0x1c, 0x71, 0x44, 0x43, 0x21, 0x0, 0x7f,
    0xa5, 0xc4, 0xb4, 0x0,

    /* U+5F15 "引" */
    0x0, 0xff, 0xe2, 0x21, 0x80, 0x7f, 0xf1, 0x2b,
    0xb, 0xff, 0xfc, 0x40, 0x1e, 0x34, 0x4f, 0xc0,
    0x1f, 0xc3, 0x77, 0xf8, 0x80, 0x3f, 0xfc, 0x2f,
    0x99, 0xf1, 0x0, 0x7f, 0x61, 0x9f, 0xc0, 0x3,
    0x0, 0xf9, 0xc3, 0xbf, 0xfe, 0x10, 0xf, 0x84,
    0x4, 0x3, 0xff, 0x86, 0x40, 0x1f, 0xfc, 0x7b,
    0xbf, 0xc4, 0x1, 0xe1, 0x0, 0x22, 0x7e, 0x0,
    0xf8, 0x7f, 0xff, 0x10, 0x18, 0x7, 0xff, 0xc,
    0xc0, 0x3f, 0xf8, 0xa2, 0x2, 0x1, 0xff, 0xd4,
    0x10, 0x10, 0xf, 0xfe, 0x1b, 0x1, 0x0, 0x7f,
    0xd, 0x5d, 0xb3, 0xa0, 0x2c, 0x3, 0xf8, 0x5d,
    0x10, 0x60, 0x92, 0xe0, 0x1f, 0xec, 0xef, 0xf7,
    0x5b, 0x0, 0x7b, 0xbc,

    /* U+5F1F "弟" */
    0x0, 0xf1, 0x80, 0x7c, 0x86, 0x1, 0xfe, 0x7c,
    0x70, 0xf, 0x56, 0x8, 0x7, 0xf3, 0xc, 0x10,
    0x6, 0x81, 0x71, 0x0, 0xfe, 0x18, 0xa, 0x0,
    0x89, 0xc2, 0x40, 0x3c, 0xbf, 0xfa, 0x41, 0xff,
    0xed, 0x0, 0x77, 0xfc, 0x20, 0x7, 0x7f, 0xe0,
    0x27, 0x7e, 0x10, 0xc, 0x51, 0x1f, 0x48, 0x34,
    0x47, 0x10, 0x7, 0xff, 0x38, 0x66, 0x7d, 0x0,
    0xb3, 0x3c, 0x40, 0x1c, 0xac, 0xdf, 0x0, 0xb3,
    0x70, 0x80, 0x71, 0x4, 0x7f, 0xee, 0x4, 0xff,
    0xf8, 0x40, 0x2e, 0x2, 0x0, 0xff, 0xe3, 0x10,
    0x30, 0x7, 0xff, 0x19, 0x83, 0x3f, 0xf7, 0x2,
    0x7f, 0xfe, 0x20, 0x2, 0x33, 0x72, 0x0, 0x5,
    0x9b, 0xc2, 0x6, 0x0, 0x89, 0x9d, 0x6a, 0x0,
    0x59, 0x9f, 0x28, 0x8, 0x7, 0x9b, 0x46, 0x80,
    0x3f, 0x38, 0x7, 0x8f, 0x24, 0xf5, 0x0, 0x3f,
    0x10, 0x6, 0x3a, 0xc3, 0x8c, 0x20, 0xe, 0x7a,
    0xbe, 0x14, 0x5, 0xcc, 0x2b, 0x73, 0x80, 0x7e,
    0x55, 0x13, 0x50, 0x11, 0xb6, 0xc8, 0x80, 0x7e,
    0x7f, 0xec, 0x91, 0x7, 0xe9, 0x20, 0xf, 0xfe,
    0x28,

    /* U+5F20 "张" */
    0x0, 0xff, 0x10, 0x80, 0x7f, 0xf2, 0x37, 0x40,
    0x1f, 0xe2, 0xff, 0xf2, 0x80, 0x7f, 0xa6, 0x40,
    0x11, 0x9e, 0x20, 0xf, 0xf0, 0xdb, 0x28, 0x0,
    0xb3, 0x35, 0x80, 0x7f, 0x1f, 0xa2, 0xe0, 0x7,
    0xff, 0x12, 0x30, 0x66, 0x80, 0x3f, 0xf8, 0x69,
    0xae, 0x58, 0xc0, 0x1c, 0x77, 0x78, 0x3, 0xc6,
    0x4f, 0xa6, 0x1, 0xe6, 0x44, 0x88, 0x3, 0xcf,
    0xb0, 0x1, 0xf8, 0x83, 0x3f, 0xe5, 0x11, 0x0,
    0x4, 0xc4, 0x7e, 0x0, 0x78, 0x10, 0x4, 0xbd,
    0xc0, 0x3e, 0xef, 0xe0, 0x0, 0x80, 0x80, 0x4c,
    0xaa, 0x1, 0x54, 0x2, 0x55, 0xe0, 0x1, 0x84,
    0xce, 0x2a, 0xa0, 0x15, 0x58, 0x8a, 0xab, 0x80,
    0x2, 0xc, 0xd8, 0x3, 0xe7, 0x31, 0x0, 0xf5,
    0xff, 0xca, 0x2, 0x1, 0xea, 0x9, 0x0, 0xff,
    0x8, 0x7, 0xe3, 0x33, 0x88, 0x7, 0xf3, 0x80,
    0x7f, 0x40, 0x50, 0x7, 0xf8, 0x40, 0x3f, 0x23,
    0x24, 0x80, 0x7e, 0x13, 0x0, 0xf1, 0x4a, 0x49,
    0xb4, 0x0, 0x78, 0x88, 0x20, 0x18, 0xab, 0x58,
    0x83, 0x4d, 0xec, 0x40, 0xf3, 0xb4, 0x10, 0x0,
    0xe0, 0x2a, 0x96, 0xc0, 0x38, 0x88, 0x70, 0x32,
    0x33, 0x3c, 0x0, 0xc, 0x1b, 0x6d, 0x0, 0x35,
    0xd9, 0x80, 0x1d, 0xb9, 0x0, 0x12, 0x74, 0x90,
    0x7, 0xc8, 0x0,

    /* U+5F39 "弹" */
    0x0, 0xff, 0x11, 0x0, 0x39, 0x80, 0x3f, 0xf8,
    0x5f, 0xe0, 0xc, 0xf2, 0x80, 0x10, 0xee, 0xf6,
    0x0, 0x52, 0x4e, 0x1, 0x49, 0x20, 0x7, 0xe2,
    0x20, 0x4, 0x88, 0x90, 0x3, 0x8c, 0x0, 0x61,
    0xdd, 0xc8, 0x0, 0x8f, 0xf2, 0xf, 0xfa, 0x2,
    0xbf, 0x80, 0x3f, 0xf8, 0xa, 0xb1, 0x2, 0xac,
    0x20, 0x1f, 0xfc, 0x1b, 0xaa, 0x38, 0x5d, 0x51,
    0x0, 0x31, 0xc4, 0x4c, 0x1, 0xff, 0xc5, 0x47,
    0x78, 0x80, 0x34, 0x44, 0xe1, 0x11, 0x38, 0x6,
    0xf0, 0xcc, 0xc0, 0x13, 0x3b, 0x88, 0x19, 0xdc,
    0x40, 0x18, 0x40, 0xce, 0x20, 0xb, 0xbf, 0xca,
    0x1d, 0xfe, 0x50, 0xc, 0x64, 0x1, 0xff, 0xc8,
    0x12, 0xbb, 0x9c, 0x2, 0xba, 0xa3, 0x85, 0xd5,
    0x10, 0x3, 0x38, 0x22, 0x5a, 0x1, 0x2a, 0xc4,
    0xa, 0xb0, 0x80, 0x6c, 0xff, 0x80, 0x28, 0xff,
    0xca, 0x1d, 0xff, 0x70, 0x7, 0xe3, 0x0, 0xff,
    0xe3, 0x88, 0xb, 0x4c, 0xf3, 0x85, 0xcc, 0xf3,
    0x0, 0x63, 0x0, 0x63, 0x37, 0x10, 0x2b, 0x37,
    0x60, 0x6, 0x60, 0xfa, 0xff, 0xe5, 0xe, 0xff,
    0xea, 0x1, 0x24, 0x80, 0x30, 0xf, 0xfe, 0x23,
    0xed, 0x9a, 0x20, 0x3, 0xff, 0x88, 0xf3, 0x5b,
    0x60, 0x1f, 0xfc, 0x40,

    /* U+5F3A "强" */
    0x0, 0xfe, 0x11, 0xfe, 0x0, 0xcf, 0xff, 0xcc,
    0x5, 0xdd, 0xfd, 0x60, 0x11, 0x22, 0x46, 0x2,
    0x1, 0x24, 0xcf, 0x80, 0x39, 0x6e, 0xe8, 0x0,
    0xe3, 0x66, 0xf0, 0x80, 0x7f, 0xf6, 0x12, 0x23,
    0xc2, 0x1, 0xcd, 0x32, 0xf0, 0xe, 0x37, 0x7f,
    0x0, 0x7a, 0x99, 0x88, 0x2, 0x5, 0xff, 0x70,
    0x27, 0xfd, 0x60, 0x18, 0x53, 0xfe, 0x60, 0xf,
    0xfe, 0x21, 0x88, 0x7, 0x7f, 0xee, 0x4, 0xff,
    0xd2, 0x1, 0x9, 0x80, 0x78, 0x9d, 0xe0, 0x27,
    0x78, 0x3, 0xc9, 0x55, 0x10, 0x1, 0xe2, 0x12,
    0xd, 0x11, 0x0, 0x62, 0x2, 0x55, 0x84, 0x3,
    0xff, 0x86, 0x5d, 0xd3, 0x80, 0x80, 0x4, 0x8a,
    0x0, 0x11, 0x40, 0x1c, 0x23, 0x80, 0xc0, 0x9,
    0xba, 0xc0, 0x4d, 0xd8, 0x3, 0xf1, 0x80, 0x85,
    0xde, 0xa0, 0x3b, 0xba, 0xac, 0x3, 0xfc, 0x89,
    0xc0, 0xe8, 0x83, 0xb3, 0x0, 0xf0, 0x80, 0x7f,
    0xf0, 0xc, 0x60, 0x3, 0xca, 0x20, 0x1f, 0xc2,
    0x60, 0x2c, 0x40, 0x9, 0xbd, 0x15, 0x55, 0x52,
    0xf3, 0x20, 0x4e, 0xcb, 0x10, 0xb0, 0x1, 0xa1,
    0xac, 0x9a, 0xa9, 0x81, 0xd2, 0x26, 0xf3, 0xbc,
    0xd8, 0x42, 0xbf, 0xa8, 0x9b, 0xfd, 0xb9, 0x72,
    0xec, 0x86, 0x21, 0x30, 0x20,

    /* U+5F52 "归" */
    0x0, 0xff, 0xe7, 0x67, 0x88, 0x7, 0xff, 0x0,
    0x8c, 0x3, 0xc4, 0x89, 0xfc, 0x61, 0x18, 0x20,
    0x1c, 0x97, 0x7f, 0xde, 0x1, 0xfc, 0xae, 0xff,
    0x80, 0x3f, 0xe3, 0x88, 0xfa, 0x40, 0x3f, 0xff,
    0xe0, 0x1f, 0xfc, 0x58, 0x8f, 0xc0, 0x1f, 0xe1,
    0x7, 0x7f, 0x98, 0x3, 0xf0, 0x80, 0x59, 0x9f,
    0x58, 0x7, 0xe3, 0x10, 0x1, 0x9f, 0xca, 0x1,
    0xf8, 0x48, 0x3, 0xff, 0x8a, 0x80, 0xa0, 0x1f,
    0xfc, 0x5d, 0xc, 0x0, 0xff, 0xe0, 0xde, 0x88,
    0x98, 0x54, 0x3, 0xff, 0x82, 0x24, 0x14, 0x12,
    0x1, 0xff, 0xc4, 0x94, 0x37, 0x4, 0xff, 0xfd,
    0xc0, 0x1a, 0x98, 0xb4, 0x0, 0xe6, 0x7f, 0xc0,
    0x16, 0x29, 0x60, 0x80, 0xf, 0x33, 0xf6, 0x80,
    0x5a, 0xf8, 0x20, 0x1f, 0xfc, 0x1, 0xfc,

    /* U+5F53 "当" */
    0x0, 0xff, 0x21, 0x0, 0x7f, 0xc8, 0x1, 0xc3,
    0x7c, 0x1, 0xc8, 0x40, 0x15, 0x5b, 0x0, 0x7f,
    0xc3, 0x78, 0x1, 0x48, 0x4a, 0x80, 0x7f, 0xa8,
    0x20, 0x2, 0x3b, 0xa, 0x30, 0xf, 0xcc, 0x88,
    0x60, 0xc, 0x92, 0x1a, 0x20, 0x1e, 0x39, 0x1a,
    0x0, 0xf3, 0x28, 0xa0, 0x7, 0xb4, 0x34, 0x40,
    0x3e, 0xbb, 0x28, 0x7, 0xb2, 0xcc, 0x3, 0x3d,
    0x55, 0x7d, 0x54, 0xb0, 0x2a, 0xa4, 0x75, 0x54,
    0x41, 0x8a, 0xbf, 0x80, 0x55, 0x7e, 0x10, 0xbf,
    0xff, 0xfe, 0x1a, 0x0, 0x7f, 0xf8, 0x44, 0x7f,
    0xf8, 0x40, 0x1d, 0x9d, 0xdf, 0xfc, 0x24, 0x0,
    0xc8, 0xab, 0xff, 0xc2, 0x10, 0xd, 0x15, 0x5f,
    0xfc, 0x25, 0x0, 0xff, 0xef, 0xd, 0xdf, 0xff,
    0x11, 0x40, 0x6, 0x89, 0xff, 0xc4, 0x10, 0x1,
    0x7f, 0xff, 0xf1, 0x10, 0x0,

    /* U+5F55 "录" */
    0x0, 0xff, 0xe6, 0x47, 0xff, 0xff, 0xb, 0x80,
    0x3d, 0x8e, 0xff, 0xfc, 0x10, 0xf, 0xc9, 0x11,
    0xff, 0xc1, 0x10, 0xf, 0xcc, 0xef, 0xff, 0xc0,
    0x10, 0xf, 0xd1, 0x1f, 0xfc, 0x10, 0xf, 0xee,
    0xff, 0xff, 0xe0, 0x8, 0x7, 0xff, 0x3d, 0x22,
    0x3f, 0xf8, 0x62, 0x28, 0x88, 0x31, 0xdf, 0xff,
    0x86, 0x0, 0x77, 0x86, 0x3f, 0x5f, 0xff, 0xb0,
    0x17, 0xff, 0xb6, 0x3f, 0xc2, 0x0, 0xb7, 0xc1,
    0x0, 0xe5, 0x20, 0x8, 0xbe, 0x10, 0x3, 0x4b,
    0x9f, 0xa0, 0x7, 0x48, 0x1, 0xb4, 0x9d, 0x0,
    0x3a, 0x24, 0x7c, 0x18, 0x0, 0x29, 0x15, 0x21,
    0x50, 0x1, 0xf3, 0x5f, 0xe4, 0xc8, 0x19, 0x1d,
    0x4f, 0x54, 0x3, 0xf0, 0xed, 0x9b, 0x70, 0x2,
    0x88, 0x14, 0x80, 0x3f, 0x37, 0xb1, 0x64, 0xb8,
    0x0, 0x70, 0xdb, 0x50, 0x3, 0x97, 0x64, 0x27,
    0x4c, 0x3, 0x87, 0x1c, 0xaf, 0x10, 0x1, 0x54,
    0x26, 0xf6, 0x0, 0x9c, 0x3, 0xa3, 0x50, 0xef,
    0x4a, 0x17, 0x64, 0x41, 0xab, 0x2c, 0x38, 0x3,
    0x15, 0xe2, 0x89, 0x12, 0x88, 0x3, 0x29, 0x8b,
    0x30, 0x3, 0xc7, 0x58, 0x1, 0xf3, 0x77, 0xf4,
    0x80, 0x7f, 0xc0,

    /* U+5F62 "形" */
    0x0, 0xff, 0xed, 0x8e, 0x10, 0x5, 0x79, 0x9f,
    0xe3, 0x0, 0x87, 0xd, 0x0, 0x25, 0x33, 0xff,
    0x30, 0x0, 0xbc, 0xa1, 0x80, 0x2e, 0xf3, 0x1f,
    0xf9, 0x3, 0xfc, 0xa0, 0x9a, 0x32, 0xe0, 0x1f,
    0xfc, 0x48, 0xb0, 0xa6, 0x0, 0xff, 0xe2, 0x63,
    0x96, 0xa8, 0x7, 0xff, 0x16, 0xd7, 0x48, 0x0,
    0x44, 0x0, 0xff, 0xe1, 0x3d, 0x0, 0x45, 0x98,
    0x0, 0xff, 0xe3, 0x16, 0xc, 0x0, 0x2e, 0xe2,
    0x1b, 0xb9, 0x42, 0xee, 0x10, 0x3c, 0x19, 0x60,
    0x2, 0xa2, 0x4, 0x11, 0x21, 0x4, 0x48, 0xd7,
    0x6, 0x98, 0x2, 0xef, 0xf1, 0x8f, 0xfc, 0x81,
    0xff, 0x5d, 0xd, 0xa8, 0x7, 0xc2, 0x60, 0x1f,
    0x6b, 0x1e, 0x20, 0x0, 0x80, 0x38, 0xd8, 0x3,
    0xeb, 0x7c, 0x20, 0x1, 0x65, 0x80, 0x61, 0x10,
    0x7, 0xcd, 0x0, 0x11, 0x60, 0xf0, 0x4, 0x61,
    0xa0, 0x1f, 0xf1, 0xe0, 0xca, 0x80, 0x56, 0x8,
    0x1, 0xfe, 0x5c, 0x1a, 0x60, 0xc, 0xc2, 0x60,
    0x1f, 0xd3, 0x41, 0x6a, 0x1, 0xa0, 0x64, 0x3,
    0xf2, 0x6b, 0x16, 0xa0, 0x6, 0x37, 0x27, 0x0,
    0xfa, 0xac, 0x9b, 0x48, 0x3, 0x98, 0x24, 0x3,
    0xf1, 0x13, 0x24, 0x3, 0xe5, 0xf4, 0x0, 0xeb,
    0xf0, 0x8d, 0x30, 0xf, 0xc0,

    /* U+5F71 "影" */
    0x0, 0x9, 0x9f, 0xf8, 0x3, 0xd2, 0xa0, 0x19,
    0xb3, 0x3f, 0xc2, 0x1, 0xa1, 0xb8, 0x3, 0xd9,
    0xdd, 0xe7, 0x0, 0xe8, 0x73, 0xb0, 0xf, 0x2a,
    0x27, 0x88, 0x3, 0x43, 0x9e, 0x80, 0x7d, 0x35,
    0x5e, 0x50, 0xa, 0x9c, 0xf4, 0x40, 0x3e, 0xef,
    0xff, 0x38, 0x16, 0xaa, 0x60, 0x80, 0x7e, 0xef,
    0xff, 0x38, 0x10, 0xbd, 0x80, 0x5, 0x80, 0x32,
    0xcc, 0xd0, 0x91, 0x33, 0x87, 0x20, 0x2, 0xc9,
    0x20, 0x8, 0x99, 0xa5, 0x4f, 0x66, 0xc0, 0x1d,
    0x65, 0x4, 0x0, 0xef, 0xfd, 0xa0, 0xff, 0xfc,
    0xe0, 0xb, 0x46, 0x70, 0xa, 0xe6, 0x7f, 0xf8,
    0x8, 0x38, 0x8b, 0x20, 0x19, 0x58, 0xcf, 0xf8,
    0x98, 0x70, 0xd6, 0x80, 0x3c, 0x75, 0x5f, 0xd0,
    0x7a, 0x4d, 0x40, 0x1, 0x20, 0xe, 0x9f, 0xff,
    0x10, 0x19, 0xa6, 0x40, 0x16, 0xe8, 0x40, 0x37,
    0xaa, 0xf8, 0xc0, 0x18, 0xc0, 0x14, 0x9b, 0x88,
    0x0, 0x41, 0xaa, 0xbc, 0x2e, 0x1, 0xce, 0xc7,
    0x0, 0x11, 0x74, 0x7f, 0x90, 0x7e, 0xee, 0x0,
    0xcb, 0x5, 0xa0, 0x18, 0x72, 0x44, 0x3, 0x7d,
    0xa0, 0x4, 0xd4, 0x38, 0x20, 0x10, 0xe1, 0x50,
    0x83, 0x98, 0x5a, 0x59, 0x84, 0x49, 0x60, 0x80,
    0x45, 0xe5, 0x6c, 0xf4, 0x60, 0x15, 0x12, 0xe3,
    0x9e, 0x10, 0x6, 0x22, 0x5a, 0x1c, 0x28, 0xc0,
    0x0, 0x76, 0x8d, 0xb0, 0x40, 0x3d, 0x88, 0x3,
    0xbd, 0xc5, 0x0, 0xdd, 0x52, 0x1, 0xf0,

    /* U+5F79 "役" */
    0x0, 0xff, 0xe8, 0xae, 0x8, 0x7, 0xff, 0x1c,
    0xe8, 0x8c, 0x13, 0xff, 0xeb, 0x0, 0xfc, 0x78,
    0x14, 0x40, 0x11, 0xaa, 0xe0, 0xf, 0xe3, 0xd0,
    0xa4, 0x0, 0xd7, 0x55, 0x58, 0x7, 0xe4, 0xc1,
    0x95, 0x0, 0x84, 0x4, 0x3, 0xfe, 0x7b, 0xa,
    0x62, 0x10, 0x6, 0x1, 0x0, 0x73, 0x80, 0x77,
    0xe, 0x28, 0x76, 0x1, 0xb0, 0xa0, 0x4, 0x20,
    0x77, 0x52, 0x0, 0x9f, 0x30, 0x73, 0x74, 0xc0,
    0xb0, 0xe, 0xa2, 0x45, 0x50, 0x4, 0x20, 0x90,
    0x56, 0xc3, 0x2a, 0x1, 0xcb, 0xbf, 0xec, 0x0,
    0xc5, 0x41, 0xc2, 0xee, 0xe8, 0x8f, 0xe0, 0xe,
    0x1f, 0x10, 0x20, 0xc6, 0x77, 0xff, 0x8, 0x4,
    0x38, 0x40, 0x1a, 0x70, 0x17, 0xff, 0xb0, 0x8,
    0x40, 0x3, 0x85, 0xa, 0x1, 0x8d, 0x94, 0xc0,
    0x34, 0x5, 0x80, 0x46, 0x52, 0xe0, 0x1e, 0x80,
    0xe1, 0x0, 0x32, 0x1b, 0x0, 0x45, 0xac, 0x1,
    0xf0, 0xd9, 0x68, 0x2c, 0x8e, 0x80, 0x71, 0x0,
    0x7f, 0x24, 0x9e, 0xd0, 0xe8, 0x80, 0x7f, 0xf1,
    0x10, 0x48, 0x24, 0xc0, 0x3f, 0xf8, 0x63, 0x3a,
    0x28, 0x31, 0x66, 0x1, 0xff, 0xc0, 0x39, 0xe6,
    0x2b, 0xb7, 0xaa, 0x66, 0x14, 0x3, 0xf1, 0xee,
    0x31, 0x56, 0xa0, 0xd, 0x62, 0x1d, 0x79, 0x0,
    0x78, 0xdd, 0x6f, 0x54, 0x3, 0x8e, 0xf1, 0x4c,
    0x80, 0x35, 0x78, 0xd5, 0x10, 0x3, 0xf8, 0xeb,
    0x0,

    /* U+5F80 "往" */
    0x0, 0xf0, 0x80, 0x79, 0x54, 0x1, 0xff, 0xc2,
    0xcc, 0x0, 0x75, 0xd0, 0x7, 0xff, 0x6, 0x49,
    0x40, 0x39, 0xc1, 0x0, 0x3f, 0xe7, 0x63, 0x90,
    0xe, 0xc0, 0xd0, 0xf, 0xf3, 0x40, 0xe8, 0x45,
    0x56, 0xf0, 0x7a, 0xae, 0x50, 0x9, 0x64, 0x70,
    0x41, 0x57, 0xc0, 0x2a, 0xbd, 0xa0, 0x6, 0xa0,
    0xd2, 0x0, 0x67, 0x76, 0x80, 0x7e, 0xee, 0x80,
    0x1, 0xe, 0x18, 0x6c, 0x8, 0xf8, 0x0, 0x23,
    0xc0, 0x12, 0x71, 0x83, 0x90, 0x7, 0xff, 0x20,
    0xe0, 0x60, 0x3, 0xff, 0x8c, 0x3a, 0x14, 0x1,
    0xff, 0xc7, 0xd1, 0x4, 0x5, 0xaa, 0xe0, 0x5a,
    0xad, 0x0, 0x1a, 0x8c, 0x3, 0x6a, 0xae, 0x30,
    0x25, 0x5e, 0x0, 0xa9, 0x51, 0x0, 0x14, 0xee,
    0xe8, 0x6, 0xdd, 0xd8, 0x0, 0x25, 0x3b, 0x0,
    0xc2, 0x45, 0x84, 0x4, 0x8b, 0x8, 0x0, 0xaf,
    0x0, 0x3f, 0xf9, 0x28, 0x1, 0xff, 0xfe, 0x79,
    0x9e, 0xa0, 0x49, 0x9f, 0x0, 0x7e, 0xb6, 0x6e,
    0x30, 0x36, 0x6f, 0x8, 0x7, 0xd9, 0xff, 0xff,
    0xc2, 0x10,

    /* U+5F84 "径" */
    0x0, 0xff, 0xe8, 0xec, 0x0, 0x7f, 0xf2, 0x28,
    0xb8, 0x2a, 0xef, 0xf9, 0xc0, 0x3e, 0x85, 0x53,
    0x2, 0xa2, 0x7f, 0x68, 0x7, 0x9d, 0xc7, 0x40,
    0xf, 0xff, 0xac, 0x1, 0x20, 0x1c, 0xf0, 0x5a,
    0x1, 0xfc, 0x76, 0x14, 0x60, 0x1a, 0x20, 0x58,
    0x28, 0x60, 0x1e, 0x6c, 0xa, 0x50, 0xe, 0xb3,
    0xc1, 0x15, 0x68, 0x7, 0x54, 0x82, 0x20, 0x3,
    0xc7, 0x82, 0x10, 0x36, 0x1, 0x37, 0x29, 0x99,
    0x3a, 0x44, 0x3, 0xe5, 0x63, 0x50, 0x5d, 0x91,
    0x9c, 0xc5, 0x93, 0x73, 0x80, 0x71, 0x58, 0x73,
    0xf5, 0x12, 0xf3, 0x0, 0x13, 0x64, 0x63, 0x4c,
    0x0, 0x3e, 0x22, 0x2f, 0x16, 0xda, 0x10, 0xe,
    0x6e, 0x62, 0x70, 0x5, 0x10, 0x5, 0x1d, 0x24,
    0x1, 0xfd, 0x38, 0x81, 0x88, 0x64, 0x1, 0x2f,
    0xff, 0xfd, 0x46, 0x4, 0x43, 0xc0, 0xc, 0xe8,
    0x98, 0xc0, 0x91, 0x36, 0x80, 0xb, 0x70, 0x3,
    0x8e, 0xef, 0x48, 0x2d, 0xde, 0x70, 0x8, 0xc0,
    0x3f, 0xff, 0xcf, 0x11, 0xde, 0x9, 0x11, 0xe2,
    0x0, 0xfa, 0x5d, 0xf9, 0x40, 0xdd, 0xfc, 0xc0,
    0x1f, 0x77, 0xff, 0xff, 0x9, 0x0,

    /* U+5F85 "待" */
    0x0, 0xf0, 0x80, 0x78, 0x48, 0x3, 0xff, 0x85,
    0x94, 0x1, 0xd1, 0xa8, 0x1, 0xff, 0xc0, 0xa2,
    0x20, 0x7, 0xff, 0x1e, 0x15, 0x20, 0x3, 0xe1,
    0x0, 0xff, 0x3b, 0x8e, 0xc1, 0xbf, 0xf3, 0x5,
    0x7f, 0xea, 0x0, 0xcf, 0x5, 0xa0, 0x5, 0x66,
    0xc4, 0x8, 0xcd, 0xb0, 0x2, 0x88, 0x16, 0xa,
    0x89, 0xcc, 0xe4, 0xf, 0x99, 0xcc, 0x1, 0x61,
    0xe0, 0x9d, 0x40, 0x7, 0xff, 0x11, 0x30, 0x43,
    0x80, 0xe6, 0x79, 0x3, 0xe6, 0x7c, 0x20, 0x1a,
    0x4a, 0x5d, 0x9b, 0x88, 0x11, 0x9b, 0xc4, 0x1,
    0x33, 0x5, 0xb7, 0xff, 0xf4, 0x84, 0x7f, 0xc6,
    0x0, 0x49, 0x0, 0xff, 0xe1, 0x8, 0x7, 0x1d,
    0x80, 0x80, 0x7f, 0xf0, 0x44, 0x3, 0x16, 0x5,
    0x90, 0x1, 0x7f, 0xff, 0x48, 0x47, 0xfa, 0x40,
    0x96, 0xd0, 0x2, 0x66, 0xfe, 0x30, 0x36, 0x66,
    0x0, 0x29, 0x0, 0x31, 0xcf, 0x1c, 0xcf, 0x50,
    0x54, 0xc9, 0x40, 0x3f, 0xda, 0xb4, 0x1, 0xff,
    0xc8, 0xa4, 0x5a, 0x0, 0xff, 0xe4, 0x59, 0xa0,
    0x80, 0x7f, 0xf2, 0x37, 0x4, 0x1, 0xe0, 0x1f,
    0xfc, 0x51, 0x27, 0xdf, 0x60, 0x40, 0xf, 0xfe,
    0x29, 0x8a, 0xbe, 0x10, 0x6,

    /* U+5F8B "律" */
    0x0, 0xf0, 0x80, 0x7a, 0x54, 0x3, 0xff, 0x82,
    0x9c, 0xc0, 0x1c, 0xde, 0x1, 0xff, 0xc0, 0x1a,
    0x5, 0x11, 0xc4, 0x2, 0x3e, 0x0, 0xfb, 0x46,
    0x4e, 0x3b, 0xad, 0x4, 0xee, 0xe2, 0x0, 0xea,
    0x36, 0x60, 0x55, 0x69, 0x3, 0xaa, 0x90, 0x3,
    0xd4, 0xaa, 0x90, 0x1, 0xaa, 0xcc, 0xc, 0xab,
    0x18, 0x7, 0x5a, 0xa5, 0x3, 0x1c, 0x47, 0x3,
    0xc4, 0x48, 0x17, 0x4, 0x1a, 0xb6, 0xd, 0x30,
    0xef, 0xc0, 0x4e, 0xf1, 0x83, 0x3b, 0x81, 0xa8,
    0x6, 0xa, 0xff, 0xf8, 0x17, 0xfe, 0x70, 0xdf,
    0x50, 0xd, 0x43, 0xc0, 0x1f, 0xfc, 0x76, 0x45,
    0x30, 0x9f, 0xfc, 0xb, 0xff, 0x38, 0x7, 0x8e,
    0x40, 0xc0, 0x18, 0xef, 0x80, 0x9d, 0xf8, 0xc0,
    0x21, 0xd0, 0xe, 0x58, 0x8c, 0xf, 0x11, 0xc2,
    0x1, 0x68, 0xc8, 0x6, 0x55, 0xe0, 0x65, 0x5e,
    0x40, 0x2, 0x9b, 0xb8, 0x2, 0x2a, 0xae, 0x3,
    0xaa, 0xe9, 0x0, 0x2d, 0x40, 0x6, 0x2e, 0xed,
    0xa0, 0x9d, 0xdd, 0x80, 0x12, 0x80, 0x78, 0x47,
    0x10, 0x8, 0xfc, 0x1, 0xfc, 0xef, 0xd0, 0xe,
    0xff, 0x30, 0x7, 0xe8, 0x8e, 0x70, 0x28, 0x8f,
    0x68, 0x7, 0xef, 0xff, 0x2, 0xff, 0xfa, 0xc0,
    0x3f, 0xfa, 0x22, 0x1, 0xff, 0xc5,

    /* U+5F97 "得" */
    0x0, 0xff, 0xe8, 0xf, 0x40, 0x9, 0x17, 0xf8,
    0x3, 0xf5, 0xf, 0x5, 0x6e, 0xff, 0x90, 0x3,
    0xd0, 0x8a, 0xc0, 0x15, 0xdf, 0xca, 0x1, 0xf3,
    0xb8, 0xe8, 0x3, 0x2a, 0x27, 0x88, 0x3, 0xd1,
    0x2, 0xd0, 0xe, 0xef, 0xff, 0x38, 0x7, 0x4b,
    0x96, 0xa, 0x8, 0x5, 0x33, 0xf2, 0x0, 0x75,
    0x26, 0x9, 0x5d, 0x80, 0x27, 0x66, 0xf1, 0x80,
    0x71, 0xd8, 0x84, 0x84, 0x0, 0x5d, 0xff, 0xe7,
    0x0, 0xfc, 0xe8, 0xe4, 0x1d, 0x11, 0xfe, 0x50,
    0xe, 0x48, 0x8, 0x0, 0x2b, 0xbf, 0xf8, 0x40,
    0x31, 0x50, 0x8, 0x2, 0xbf, 0xff, 0xf8, 0x12,
    0x0, 0x2c, 0x11, 0x0, 0x58, 0xcd, 0xf8, 0x81,
    0x5b, 0x0, 0x70, 0x65, 0x40, 0x26, 0x99, 0xfc,
    0x81, 0x12, 0xa0, 0x25, 0xc, 0x1, 0x33, 0xbf,
    0xf2, 0x85, 0x3b, 0x88, 0x31, 0xc0, 0x35, 0xc4,
    0x7f, 0x18, 0x3c, 0x41, 0xc0, 0x3e, 0xdf, 0xe4,
    0xaf, 0xfe, 0x60, 0xcf, 0xf2, 0x80, 0x7f, 0x1a,
    0xd3, 0x80, 0x78, 0x40, 0x3f, 0xf8, 0x5, 0xe7,
    0x14, 0x1, 0xff, 0xc7, 0x1c, 0x4c, 0x0, 0x94,
    0x3, 0xff, 0x8b, 0x6c, 0xfd, 0xe6, 0x4, 0x1,
    0xff, 0xc5, 0x30, 0x24, 0xb0, 0xc,

    /* U+5FAE "微" */
    0x0, 0xff, 0x18, 0x7, 0x84, 0x3, 0xfe, 0xb4,
    0x0, 0x16, 0x20, 0x6, 0x3e, 0x40, 0xf, 0xe7,
    0x42, 0x62, 0x0, 0x85, 0x84, 0x10, 0x14, 0x3,
    0xf1, 0xc1, 0xb4, 0xa0, 0x4, 0x52, 0x41, 0xa4,
    0x20, 0x1f, 0xb8, 0x38, 0x3, 0xfc, 0x8e, 0x23,
    0x80, 0x35, 0x95, 0x10, 0x7, 0xf1, 0x8a, 0xf7,
    0x65, 0x0, 0x4a, 0x32, 0x88, 0x3, 0x6c, 0x3a,
    0x40, 0x14, 0xe, 0xe5, 0x6, 0x70, 0x9, 0x25,
    0x39, 0x1, 0x18, 0x15, 0x40, 0xee, 0x38, 0x87,
    0x84, 0x90, 0x2, 0x6c, 0x20, 0x53, 0xff, 0xe3,
    0x12, 0x0, 0x10, 0x7, 0xcc, 0x70, 0x23, 0xfa,
    0xc0, 0x40, 0x1a, 0x40, 0x1c, 0x30, 0xd, 0x1d,
    0xdf, 0x44, 0x81, 0x83, 0xb8, 0x3, 0xa8, 0x44,
    0x15, 0x5f, 0x91, 0x85, 0x0, 0xb4, 0x3, 0x3a,
    0x0, 0x46, 0xab, 0xf0, 0x1, 0x71, 0x1, 0x0,
    0x24, 0x82, 0x50, 0x9, 0x22, 0x38, 0x40, 0x1a,
    0x9e, 0x6, 0x1, 0x30, 0xf9, 0x80, 0x46, 0xef,
    0xc6, 0x0, 0x70, 0x46, 0x0, 0xc5, 0xc4, 0x1,
    0xef, 0xf4, 0x80, 0x61, 0x40, 0xa0, 0xf, 0xfb,
    0xc0, 0x3c, 0x60, 0x28, 0x8, 0x1, 0xff, 0x8,
    0x7, 0x56, 0x15, 0x1, 0xc1, 0x0, 0x7f, 0x94,
    0xc0, 0x33, 0xca, 0xa4, 0x68, 0xf0, 0x7, 0xf2,
    0x1d, 0x80, 0x3c, 0x70, 0x21, 0x5c, 0x6c, 0xe8,
    0x3, 0xe1, 0xa2, 0x70, 0x4, 0xe2, 0xca, 0x50,
    0x1, 0x59, 0x68, 0x3, 0xc6, 0x9e, 0x1, 0x8b,
    0x8e, 0xc0, 0x34, 0x9e, 0x0, 0x69, 0xe2, 0xa2,
    0x0, 0xe8, 0xc0, 0xf, 0x63, 0x0,

    /* U+5FC3 "心" */
    0x0, 0xfe, 0x39, 0x0, 0xff, 0xe4, 0xcb, 0x38,
    0x7, 0xff, 0x22, 0xc6, 0xc, 0x3, 0xff, 0x8e,
    0x36, 0x1e, 0x1, 0xff, 0xc8, 0x54, 0x37, 0x0,
    0xff, 0xe2, 0x44, 0x0, 0x12, 0x10, 0x20, 0x1f,
    0xfc, 0x35, 0x71, 0x2, 0x70, 0xb0, 0x8, 0x80,
    0x3e, 0xba, 0x0, 0xfa, 0x5, 0x4c, 0x1b, 0x54,
    0x3, 0xc8, 0xa0, 0x1f, 0xa1, 0x8c, 0x10, 0x24,
    0x3, 0x88, 0xc, 0x3, 0xf3, 0x48, 0x0, 0x90,
    0xcc, 0x1, 0x9c, 0x14, 0x3, 0xff, 0x83, 0xc1,
    0x20, 0x1b, 0x43, 0x0, 0x3f, 0xf8, 0x2a, 0xa,
    0x20, 0x12, 0x3, 0x80, 0x7f, 0xf0, 0x98, 0x1c,
    0x2, 0x31, 0x20, 0xf, 0xfe, 0x16, 0x85, 0x0,
    0x10, 0x14, 0x3, 0xff, 0x86, 0x82, 0x62, 0x1a,
    0x1a, 0x1, 0xff, 0xc0, 0xa4, 0x0, 0x20, 0x28,
    0x20, 0x20, 0x7, 0xff, 0x1, 0x7c, 0x1, 0x1c,
    0x81, 0xb8, 0x40, 0x1f, 0xf1, 0x1, 0x0, 0x8,
    0x40, 0x23, 0x0, 0xf2, 0x80, 0x72, 0x87, 0x0,
    0x7f, 0xf0, 0x1c, 0x2f, 0x73, 0x2e, 0x80, 0x40,
    0xf, 0xfe, 0x5, 0xa8, 0x91, 0x9c, 0x25, 0x6,
    0x1, 0xc0,

    /* U+5FC5 "必" */
    0x0, 0xff, 0xe9, 0x9e, 0x98, 0x7, 0xff, 0x21,
    0x8b, 0xc, 0x3, 0xff, 0x8e, 0xb6, 0x18, 0x80,
    0x1b, 0xa0, 0x3, 0xff, 0x82, 0x96, 0x16, 0x80,
    0x7, 0x10, 0xf, 0xfe, 0x4, 0x60, 0xa5, 0x5,
    0x90, 0x48, 0x48, 0x7, 0xfc, 0x67, 0x2, 0xc2,
    0x94, 0xb, 0x88, 0x7, 0xd5, 0x62, 0x1, 0xe7,
    0xa2, 0x71, 0x90, 0xf, 0xc8, 0x81, 0x0, 0xfd,
    0x21, 0x5, 0x40, 0x1e, 0x11, 0x10, 0x7, 0xe5,
    0x42, 0x64, 0x59, 0x0, 0xe4, 0x4, 0x0, 0xf8,
    0xa8, 0x38, 0x1c, 0x98, 0x80, 0x36, 0x6, 0x0,
    0x7d, 0xe0, 0xe6, 0x0, 0x90, 0x80, 0xc, 0x80,
    0x80, 0x1e, 0xa2, 0x48, 0x0, 0x90, 0xd4, 0xc0,
    0x4, 0x50, 0x80, 0x75, 0x29, 0x50, 0x7, 0x40,
    0x40, 0x1, 0x41, 0x40, 0x3b, 0x94, 0x70, 0x40,
    0x39, 0x9, 0xc, 0x30, 0x2c, 0x3, 0x8c, 0xbc,
    0x40, 0x3e, 0xb0, 0x40, 0xbd, 0x30, 0x1, 0xa8,
    0x1e, 0x8, 0x6, 0x4e, 0x50, 0x6c, 0x70, 0x1,
    0x0, 0x23, 0x4, 0x38, 0x40, 0x38, 0x44, 0x40,
    0x3, 0x0, 0xc9, 0xae, 0x24, 0x1, 0xfb, 0x40,
    0x80, 0x38, 0xae, 0xc4, 0xde, 0xe0, 0x80, 0x1e,
    0x50, 0x70, 0xe, 0x94, 0x3c, 0x91, 0xc0, 0x9d,
    0xbb, 0xb3, 0xc8, 0x48, 0x3, 0xa6, 0x58, 0x60,
    0x6, 0x71, 0x24, 0x48, 0xc5, 0x70, 0x3, 0xc4,
    0xc0, 0x1d, 0x1d, 0xfd, 0xd7, 0xf5, 0x10, 0x7,
    0x0,

    /* U+5FD7 "志" */
    0x0, 0xff, 0xb, 0xa8, 0x7, 0xff, 0x20, 0xe2,
    0x40, 0x3f, 0xfd, 0xa3, 0xff, 0xfb, 0x40, 0xff,
    0xff, 0x58, 0x0, 0x4c, 0xff, 0x80, 0x6, 0x7f,
    0xc0, 0x16, 0x67, 0xee, 0x3, 0xcc, 0xfd, 0x0,
    0x1f, 0xfe, 0x51, 0x99, 0xfa, 0x0, 0xa6, 0x7e,
    0x80, 0xc, 0x4c, 0xdf, 0x28, 0xb, 0x37, 0xca,
    0x1, 0x8f, 0x77, 0xff, 0x8b, 0x80, 0x1c, 0x45,
    0xf9, 0x40, 0x8b, 0xe1, 0x0, 0xfe, 0x53, 0x2,
    0x8e, 0x0, 0xe1, 0x0, 0xf9, 0x4c, 0x1, 0x5e,
    0x4, 0xe6, 0xe0, 0x11, 0xf4, 0x0, 0x7a, 0xf8,
    0x3, 0xd0, 0x50, 0x40, 0x3, 0x27, 0x20, 0xc,
    0x83, 0x40, 0x1f, 0x48, 0x28, 0x5, 0xc1, 0xc0,
    0x1b, 0xc1, 0x80, 0x3e, 0x49, 0x73, 0xa2, 0x35,
    0x35, 0x0, 0x1a, 0x28, 0x80, 0x7e, 0x60, 0x65,
    0x40, 0x80, 0x80, 0x7, 0x84, 0x0, 0x61, 0x0,
    0xf6, 0x81, 0x1, 0x31, 0x28, 0x2a, 0x88, 0x2,
    0x22, 0x64, 0xce, 0xb7, 0x4, 0x0, 0x5a, 0xa8,
    0x26, 0x80, 0x34, 0x99, 0x99, 0xb2, 0x1d, 0x0,
    0x45, 0x40, 0x1f, 0x93, 0x3f, 0xfd, 0x8a, 0x1,
    0xe0,

    /* U+5FD8 "忘" */
    0x0, 0xfe, 0x27, 0x20, 0xf, 0xfe, 0x3b, 0xc5,
    0x80, 0x7f, 0xf1, 0xd4, 0x1c, 0x3, 0xfc, 0xb5,
    0x5f, 0xc2, 0x2b, 0xaa, 0xfc, 0x1a, 0xab, 0xfc,
    0x20, 0x8a, 0xbf, 0x82, 0x77, 0x4a, 0x15, 0xbb,
    0xff, 0xc3, 0x1, 0x22, 0x0, 0x4, 0x8b, 0xff,
    0x86, 0x1, 0xff, 0xe6, 0x10, 0xf, 0xfe, 0x4d,
    0x7f, 0xff, 0xf0, 0x50, 0x3, 0xb1, 0x57, 0xff,
    0x86, 0xc0, 0x1c, 0xd5, 0x5d, 0x7b, 0x55, 0xf8,
    0x80, 0x3f, 0x19, 0x3, 0x43, 0x80, 0x7f, 0xf0,
    0x13, 0xc, 0x33, 0x81, 0xce, 0xc, 0x2, 0x6e,
    0x10, 0xe, 0xe3, 0x20, 0xe, 0xd0, 0xd0, 0x9,
    0x47, 0x40, 0x30, 0xaa, 0x8, 0x7, 0xc, 0x8b,
    0x0, 0xd, 0x8d, 0x80, 0x29, 0xe, 0x0, 0xf9,
    0xa5, 0x91, 0x42, 0x46, 0x44, 0x5, 0xc9, 0x40,
    0x3f, 0x30, 0x65, 0x20, 0x40, 0x58, 0x40, 0x58,
    0x6, 0x10, 0xf, 0x18, 0x28, 0x31, 0xa9, 0x71,
    0xb0, 0x4, 0x25, 0x97, 0x54, 0xbd, 0x42, 0x10,
    0x4, 0xb9, 0x3e, 0x0, 0x6b, 0x13, 0x45, 0x52,
    0x11, 0xf0, 0x4, 0xb0, 0x1, 0xf2, 0xf7, 0xff,
    0xb0, 0xc0, 0x3c,

    /* U+5FEB "快" */
    0x0, 0xca, 0xe0, 0x1f, 0x33, 0x0, 0x3f, 0xf8,
    0x1f, 0x2, 0x1, 0xeb, 0x80, 0xf, 0xff, 0x63,
    0x18, 0x1, 0x0, 0xf, 0x77, 0x10, 0xdd, 0xe9,
    0x0, 0xc3, 0x36, 0x0, 0xa9, 0xc, 0x44, 0x80,
    0x8, 0x99, 0xc0, 0x31, 0x7, 0x0, 0x19, 0x8b,
    0x7f, 0xf1, 0xf, 0xfc, 0x40, 0x1c, 0xa0, 0xa0,
    0x8, 0x2b, 0x10, 0xf, 0xfe, 0x17, 0x81, 0x0,
    0x52, 0x32, 0x1, 0xff, 0xc2, 0x21, 0x10, 0x4,
    0x91, 0x0, 0xf, 0xfe, 0x12, 0xa8, 0x3, 0x9c,
    0x3, 0xff, 0x84, 0x22, 0x30, 0xc, 0xd5, 0x5c,
    0x43, 0x55, 0x18, 0xd5, 0x5, 0x3, 0x40, 0x36,
    0x2a, 0xf0, 0x1, 0x56, 0x10, 0x55, 0x2, 0xe2,
    0x80, 0x6a, 0xee, 0xd8, 0x0, 0x6e, 0xef, 0x8,
    0x18, 0x7, 0x84, 0x72, 0x80, 0x18, 0x4, 0x78,
    0x3, 0xff, 0x83, 0x61, 0x21, 0x20, 0x1f, 0xfc,
    0x57, 0x26, 0x61, 0xba, 0x0, 0x7f, 0xf0, 0xd2,
    0xa, 0x43, 0x82, 0x88, 0x3, 0xff, 0x82, 0xb6,
    0x1e, 0x0, 0x2b, 0x1c, 0x40, 0xf, 0xfa, 0x28,
    0x70, 0x80, 0x24, 0xa1, 0xb9, 0x10, 0xf, 0x97,
    0x5c, 0xfc, 0xc0, 0x39, 0x70, 0x9b, 0x8c, 0x3,
    0xca, 0x11, 0x82, 0x1, 0xf1, 0xec, 0x19, 0x80,
    0x35, 0x78, 0xeb, 0x80, 0x7f, 0xcf, 0x80,

    /* U+6001 "态" */
    0x0, 0xff, 0xb, 0x98, 0x7, 0xff, 0x21, 0x62,
    0xc0, 0x3f, 0xf9, 0x4, 0x1c, 0x1, 0xff, 0xc0,
    0xaa, 0xfd, 0x61, 0x55, 0xfc, 0xa0, 0x1, 0x55,
    0xfc, 0x40, 0x6a, 0xbf, 0xb0, 0x0, 0x3f, 0xff,
    0x58, 0x5, 0x3f, 0xff, 0x48, 0x7, 0xfa, 0x2,
    0x46, 0x48, 0x3, 0xff, 0x89, 0x26, 0x8d, 0x41,
    0x84, 0x1, 0xff, 0xc2, 0xa6, 0x9, 0x4, 0x91,
    0xd5, 0x0, 0xff, 0x97, 0x94, 0x1, 0xe4, 0xd,
    0x41, 0x56, 0x40, 0x1f, 0x36, 0xd0, 0xaf, 0xc1,
    0x61, 0x82, 0xe1, 0x26, 0xd1, 0x80, 0x53, 0xf2,
    0x44, 0xba, 0x7, 0x91, 0xe0, 0x1, 0xec, 0xa,
    0xe6, 0xb8, 0x10, 0x1d, 0x6a, 0x0, 0x4d, 0x32,
    0x0, 0xcf, 0xd2, 0x64, 0x0, 0x9c, 0xc2, 0x80,
    0x18, 0xc0, 0x74, 0x3, 0xc2, 0xd9, 0xae, 0x4,
    0x66, 0xc4, 0x19, 0x90, 0x1, 0x68, 0x40, 0x29,
    0xf1, 0x2, 0x0, 0xd4, 0x6e, 0x1, 0x86, 0x86,
    0x80, 0x2d, 0x1a, 0x0, 0xf3, 0x19, 0x80, 0x39,
    0x19, 0x18, 0x0, 0x8a, 0x8a, 0x1, 0x98, 0x28,
    0x3, 0xe8, 0x47, 0x24, 0xb, 0x1b, 0x10, 0xa,
    0xc5, 0x80, 0x3e, 0x1b, 0x15, 0xb3, 0x18, 0x18,
    0x0, 0x31, 0x30, 0x6, 0x60, 0xf, 0x68, 0x18,
    0x31, 0x30, 0x80, 0xa, 0x40, 0x2, 0x23, 0xb9,
    0x9d, 0x6a, 0x60, 0x14, 0x48, 0x83, 0x68, 0x80,
    0x54, 0x48, 0xcd, 0x90, 0xfc, 0x2, 0x56, 0x0,
    0xfc, 0x9b, 0xff, 0xec, 0x30, 0xf, 0x0,

    /* U+6027 "性" */
    0x0, 0xcb, 0x0, 0x1f, 0x91, 0xc4, 0x3, 0xfd,
    0xee, 0x20, 0x11, 0x90, 0x3, 0x21, 0x40, 0x3f,
    0xf8, 0x9d, 0x80, 0x1f, 0xfc, 0x92, 0x50, 0xf,
    0xfe, 0x0, 0xb9, 0x0, 0x1c, 0x80, 0xc0, 0x80,
    0x3f, 0xf8, 0x5, 0x8, 0x0, 0x9f, 0x5, 0x4,
    0xbb, 0x30, 0x45, 0xde, 0x70, 0x3, 0x1, 0x0,
    0x20, 0xa7, 0xc0, 0x91, 0x2, 0x6, 0x89, 0xb4,
    0x1, 0xa0, 0xa0, 0x6, 0x44, 0x30, 0xf7, 0x4c,
    0x15, 0xdd, 0xac, 0x0, 0x40, 0x20, 0x15, 0x48,
    0x38, 0x8e, 0x1, 0x1f, 0x0, 0x1c, 0xc0, 0x30,
    0xe8, 0x60, 0x7, 0xff, 0x4, 0x98, 0x3, 0x94,
    0x14, 0x3, 0xff, 0x80, 0x61, 0xa0, 0x1d, 0x98,
    0x0, 0xff, 0xe0, 0xa8, 0x18, 0x7, 0xab, 0x33,
    0x30, 0x4e, 0x66, 0x10, 0x58, 0x40, 0xf, 0x11,
    0x9e, 0x10, 0x23, 0x3c, 0x0, 0x37, 0x0, 0xfa,
    0xff, 0xf3, 0x85, 0xff, 0xe1, 0x0, 0xff, 0xff,
    0x80, 0x7f, 0xf3, 0xaa, 0xbc, 0xa1, 0xf5, 0x5c,
    0x40, 0x1f, 0x95, 0x7c, 0x40, 0x8a, 0xbc, 0xc0,
    0x1f, 0xbf, 0xff, 0xf8, 0x48,

    /* U+6062 "恢" */
    0x0, 0xd0, 0xc0, 0x18, 0xa5, 0x0, 0x3f, 0xf8,
    0x4d, 0x40, 0x19, 0x98, 0x40, 0x1f, 0xfd, 0xd9,
    0xa8, 0xa, 0xaf, 0xf0, 0x4, 0xa4, 0x1, 0x99,
    0x4c, 0xd, 0x57, 0xf8, 0x40, 0x6a, 0xc0, 0xb8,
    0xbf, 0xd0, 0x19, 0xff, 0xfc, 0x20, 0x41, 0xe0,
    0x61, 0xc0, 0xf, 0x2, 0x0, 0x64, 0x0, 0x7c,
    0xc0, 0x40, 0x36, 0x70, 0x4, 0x2, 0x0, 0x32,
    0x0, 0xfb, 0x41, 0x40, 0xa, 0x9a, 0xe, 0x22,
    0x0, 0xf0, 0xd9, 0x80, 0x8, 0x4, 0x2, 0xb5,
    0x2, 0x1b, 0x0, 0xf3, 0x20, 0x80, 0x1c, 0xc0,
    0x3c, 0x60, 0x2a, 0x40, 0x1d, 0x28, 0x40, 0x24,
    0xa0, 0x1e, 0x40, 0xa0, 0xb0, 0x3, 0x83, 0xc,
    0x0, 0x14, 0x3c, 0x3, 0xd6, 0x8, 0xcc, 0x30,
    0x21, 0x84, 0x30, 0x2, 0x63, 0x80, 0x71, 0x1b,
    0x5, 0x5, 0x0, 0x20, 0x64, 0x3, 0x18, 0x80,
    0x75, 0x85, 0x1, 0xf1, 0x80, 0x97, 0x10, 0x7,
    0xf8, 0x58, 0xcc, 0x0, 0x35, 0x54, 0xa1, 0x0,
    0x7f, 0xd0, 0x12, 0x1, 0x48, 0x4b, 0x7, 0x80,
    0x7f, 0x8d, 0x8d, 0x40, 0xe, 0x8e, 0x63, 0x7,
    0x20, 0x1f, 0xde, 0x1e, 0x0, 0x88, 0x1c, 0x0,
    0x1c, 0xda, 0x0, 0x3f, 0x23, 0x18, 0xd3, 0x9e,
    0x80, 0x6d, 0x27, 0xa1, 0x0, 0xf4, 0x48, 0xfa,
    0xa6, 0x8, 0x6, 0x1c, 0x35, 0x80, 0xf, 0xc2,
    0xf1, 0x60, 0x1f, 0xe, 0x3c, 0x0,

    /* U+606F "息" */
    0x0, 0xff, 0x28, 0x80, 0x7f, 0xf2, 0x12, 0xb4,
    0x3, 0xff, 0x86, 0x45, 0xdc, 0x8, 0x45, 0xf0,
    0x7, 0xed, 0xde, 0x50, 0x7d, 0xdf, 0x80, 0x3f,
    0x8a, 0xab, 0xfe, 0x20, 0xf, 0xf3, 0x2a, 0xff,
    0xc2, 0x1, 0xfe, 0x4f, 0xff, 0xf8, 0xc0, 0x3f,
    0xc4, 0xef, 0xff, 0x8, 0x7, 0xf9, 0xa2, 0x3f,
    0xe2, 0x0, 0xff, 0x2c, 0x47, 0xfc, 0x40, 0x1f,
    0xe1, 0x77, 0xff, 0x84, 0x3, 0xfc, 0x9f, 0xff,
    0xf1, 0x80, 0x7f, 0x9d, 0x13, 0xfe, 0x10, 0xf,
    0xf1, 0xdd, 0xff, 0xc4, 0x1, 0xfd, 0x99, 0xea,
    0x2b, 0xcc, 0xf0, 0x7, 0xca, 0x46, 0x28, 0x6,
    0x62, 0xd3, 0x3e, 0x40, 0xf, 0xd, 0x58, 0x3c,
    0x20, 0x32, 0x32, 0x80, 0x4b, 0x14, 0x1, 0xcc,
    0x1e, 0x1, 0xea, 0xb, 0x4, 0x15, 0x65, 0x60,
    0xd, 0x42, 0xa0, 0x1e, 0x18, 0x60, 0x9f, 0x9,
    0x29, 0x20, 0x2, 0x94, 0x80, 0x6f, 0x0, 0x9e,
    0x0, 0xc8, 0x1, 0xc1, 0xc0, 0xb, 0x17, 0x0,
    0x30, 0x3d, 0x4c, 0xed, 0x15, 0x0, 0x1b, 0x10,
    0x84, 0x58, 0x4, 0x6c, 0x2a, 0xcd, 0x8d, 0x20,
    0x2, 0x8f, 0x10, 0x65, 0x0, 0xd3, 0xdf, 0xfd,
    0xd6, 0x20, 0x10, 0x88, 0x0,

    /* U+60AC "悬" */
    0x0, 0xc4, 0xcd, 0xff, 0xc1, 0x50, 0xf, 0xc9,
    0x33, 0xff, 0xc1, 0xb0, 0xf, 0xf5, 0x77, 0x7f,
    0x8c, 0x3, 0xfe, 0xc7, 0x7f, 0xf0, 0x80, 0x7f,
    0xcd, 0x33, 0xfe, 0x20, 0xf, 0xfa, 0xff, 0xff,
    0xc8, 0x1, 0xff, 0x6b, 0xbf, 0xf9, 0x80, 0x3f,
    0xe6, 0x88, 0xff, 0x10, 0x7, 0xfd, 0x7f, 0xff,
    0xe4, 0x0, 0xf1, 0xbb, 0xb0, 0x35, 0xdf, 0xfc,
    0xc2, 0xef, 0x0, 0x12, 0x20, 0xa0, 0xd1, 0x1f,
    0xe2, 0x8, 0x88, 0x0, 0xff, 0xfa, 0xc8, 0x27,
    0xff, 0x70, 0x9e, 0xff, 0xe0, 0xe, 0x2b, 0xb3,
    0xeb, 0x0, 0x88, 0x8e, 0xb, 0x60, 0x3, 0xec,
    0xd4, 0x5, 0xdf, 0xf7, 0x73, 0x75, 0x22, 0xf,
    0xa4, 0x1, 0xd6, 0xd1, 0x9, 0xaa, 0x9f, 0x31,
    0xba, 0xee, 0x59, 0xb8, 0x7, 0x2c, 0x3a, 0xf3,
    0xa9, 0x3d, 0x99, 0x10, 0x46, 0x65, 0x0, 0xe9,
    0xf0, 0x77, 0x81, 0xd9, 0xe8, 0xd, 0x3, 0x9c,
    0xc0, 0x32, 0xa4, 0x80, 0x7a, 0x58, 0x0, 0x96,
    0x74, 0x3a, 0x1, 0xd, 0x93, 0x80, 0x81, 0x0,
    0x53, 0x41, 0x80, 0x63, 0x63, 0x20, 0xa, 0x1e,
    0x0, 0x30, 0x45, 0xd4, 0xca, 0xb5, 0xc, 0x0,
    0xa8, 0xc6, 0x1d, 0x6, 0x0, 0x2a, 0x35, 0x53,
    0x31, 0x1, 0x78, 0x2, 0x96, 0x30,

    /* U+60C5 "情" */
    0x0, 0xc6, 0x60, 0xf, 0xca, 0x60, 0x1f, 0xf4,
    0x68, 0x7, 0xea, 0x80, 0xf, 0xfe, 0xd3, 0xff,
    0xf0, 0x27, 0xff, 0x58, 0x4, 0x82, 0x0, 0x50,
    0x5a, 0xae, 0x3, 0xaa, 0xe8, 0x0, 0x15, 0xa0,
    0xd, 0x49, 0x3b, 0x36, 0x0, 0x33, 0x67, 0x30,
    0x0, 0x83, 0x0, 0xb3, 0x51, 0x99, 0x80, 0xf3,
    0x37, 0x80, 0x4c, 0x2, 0x0, 0x93, 0xab, 0xee,
    0xc0, 0x9d, 0xdb, 0x0, 0x22, 0x2, 0x0, 0xbe,
    0x91, 0x38, 0x1d, 0x13, 0x95, 0x3, 0x84, 0x3,
    0xa6, 0xab, 0x80, 0xea, 0xbd, 0xe0, 0x44, 0x0,
    0xc7, 0xff, 0xff, 0xc2, 0xb0, 0x56, 0x0, 0xf2,
    0x33, 0x7f, 0x8c, 0x0, 0x22, 0xd0, 0xf, 0x74,
    0xcf, 0xf9, 0x0, 0x3, 0x2a, 0x1, 0xfb, 0xff,
    0xed, 0x0, 0xe6, 0x20, 0xf, 0xdf, 0xff, 0x68,
    0x7, 0xff, 0xe, 0x67, 0xe8, 0x0, 0xff, 0xe1,
    0xb3, 0x7c, 0xa0, 0x1f, 0xfc, 0x3f, 0xff, 0xb4,
    0x3, 0xff, 0x87, 0x33, 0xf4, 0x0, 0x7f, 0xf0,
    0xd9, 0xbe, 0x50, 0xf, 0xfe, 0x42, 0xbc, 0x81,
    0x0, 0x7f, 0xc4, 0x40, 0xe, 0xc9, 0x66, 0x28,
    0x0,

    /* U+60EF "惯" */
    0x0, 0xd0, 0xa0, 0x1f, 0xfc, 0x96, 0xc0, 0xf,
    0xfe, 0x6a, 0xff, 0xff, 0xc0, 0x1f, 0xf1, 0x84,
    0xd5, 0x14, 0x2a, 0xa4, 0x10, 0xe, 0x30, 0xe,
    0x10, 0x75, 0x51, 0x2, 0xac, 0x20, 0x1c, 0x78,
    0x80, 0xa4, 0xb8, 0xc, 0xee, 0x30, 0x77, 0x98,
    0x5d, 0xc2, 0xc, 0xc, 0x7, 0x32, 0x40, 0x88,
    0x90, 0x22, 0x23, 0x8, 0x81, 0x81, 0x1, 0x1,
    0xa4, 0xb0, 0xff, 0xcc, 0x5f, 0xf2, 0x17, 0xf8,
    0x83, 0x48, 0x0, 0xaa, 0xf3, 0x30, 0x4, 0x60,
    0x1f, 0xe6, 0x70, 0xa, 0xe8, 0xb, 0xfe, 0x52,
    0xff, 0x90, 0x3, 0x8c, 0x80, 0x21, 0xe, 0x99,
    0xff, 0x40, 0x4, 0x41, 0xa0, 0x1c, 0x8c, 0xdf,
    0xe5, 0x0, 0x90, 0x1c, 0x3, 0xa3, 0xff, 0xfd,
    0x80, 0x12, 0x49, 0x0, 0x7c, 0xef, 0xf8, 0x84,
    0x2, 0x26, 0x0, 0xfd, 0x11, 0x77, 0x22, 0x26,
    0x0, 0xff, 0xe2, 0xdd, 0x80, 0x3f, 0xf9, 0x24,
    0xc0, 0x1f, 0xfc, 0x83, 0xc, 0x0, 0xff, 0xe2,
    0x63, 0x81, 0xe8, 0xaf, 0xda, 0xed, 0x80, 0x7f,
    0xc9, 0x75, 0x85, 0x85, 0x2f, 0x51, 0xc4, 0x1,
    0xf9, 0x6b, 0xb1, 0xab, 0x8, 0x1b, 0x35, 0xdd,
    0xb4, 0x1, 0xf1, 0xb4, 0xee, 0x28, 0x7, 0x14,
    0xf3, 0x0, 0x7b, 0xa5, 0xb1, 0xc8, 0x3, 0xf8,
    0x66, 0x80,

    /* U+60F0 "惰" */
    0x0, 0xc8, 0x60, 0x1e, 0x87, 0x0, 0xff, 0xe0,
    0x54, 0x80, 0x70, 0xbf, 0x0, 0x7f, 0xf1, 0x4,
    0x67, 0xf, 0x11, 0xfc, 0x1, 0xf2, 0xf7, 0x52,
    0x13, 0xdd, 0xf8, 0x0, 0x82, 0xf, 0x4f, 0x76,
    0x80, 0x6b, 0xbf, 0xe0, 0x2b, 0x40, 0x2, 0xca,
    0x22, 0xc3, 0xc4, 0x7e, 0x54, 0x6, 0x7, 0x7,
    0x94, 0x77, 0x1a, 0xcd, 0x57, 0xc8, 0x0, 0x20,
    0x20, 0x3, 0x38, 0xc2, 0xd7, 0xfa, 0xc2, 0xff,
    0xe5, 0x0, 0x78, 0x80, 0x6c, 0x91, 0xf5, 0x5b,
    0x3, 0x15, 0x71, 0x81, 0x28, 0x4, 0x76, 0x73,
    0x55, 0x9c, 0x1e, 0xab, 0x48, 0x29, 0x0, 0x47,
    0x38, 0xff, 0xff, 0xf5, 0x8, 0xbc, 0x3, 0x30,
    0x3b, 0xff, 0xc2, 0x8, 0xa, 0x1, 0xe8, 0x8f,
    0xf8, 0x81, 0xe4, 0xc0, 0x3e, 0x6f, 0xff, 0xa8,
    0x2, 0x26, 0x0, 0xfc, 0xae, 0xff, 0x78, 0x7,
    0xff, 0x4, 0xe2, 0x3e, 0x50, 0xf, 0xfe, 0xb,
    0xff, 0xfd, 0x40, 0x1f, 0xfc, 0x14, 0x88, 0xfb,
    0xc0, 0x3f, 0xf8, 0x26, 0xef, 0xf2, 0x80, 0x7f,
    0xf0, 0x5f, 0xff, 0xea, 0x1, 0x0, 0xff, 0xe2,
    0xb, 0x3c, 0x1, 0x80, 0x7f, 0xf1, 0x66, 0x2,
    0x4, 0x3, 0xba, 0x80, 0x2f, 0x80, 0xc, 0x3f,
    0xed, 0x70, 0x0,

    /* U+60F3 "想" */
    0x0, 0xff, 0xe8, 0x6e, 0x80, 0x3f, 0xf9, 0xcd,
    0xdd, 0xfd, 0x20, 0x1f, 0xfc, 0x11, 0x46, 0x6e,
    0x71, 0x30, 0x8, 0x7f, 0xe2, 0x27, 0xfa, 0xc0,
    0x1d, 0x11, 0xe0, 0xe, 0x16, 0x62, 0x0, 0xb3,
    0x34, 0x1, 0xac, 0xde, 0x0, 0xf4, 0xc8, 0x40,
    0xe6, 0x4c, 0x0, 0x69, 0x9e, 0x80, 0xf, 0x8d,
    0x40, 0x10, 0x1, 0xaf, 0xff, 0xb8, 0x3, 0xee,
    0x42, 0x23, 0xe0, 0x80, 0x7f, 0xf0, 0xe8, 0xa4,
    0xa, 0x8f, 0x40, 0x17, 0xff, 0xdc, 0x1, 0xd0,
    0xb0, 0x40, 0x5, 0x84, 0x0, 0x34, 0xcf, 0x40,
    0x6, 0x16, 0x57, 0x0, 0xcf, 0x0, 0xd, 0x66,
    0xf0, 0x6, 0x1d, 0xa0, 0xf, 0xee, 0x88, 0xe9,
    0x0, 0xe3, 0x0, 0xfe, 0x14, 0x66, 0xf0, 0x98,
    0x7, 0xd5, 0x40, 0x9, 0x9e, 0xbb, 0xbe, 0x90,
    0xe, 0x1b, 0x37, 0xaa, 0x0, 0xa5, 0x90, 0x6,
    0x89, 0x0, 0xf4, 0xa0, 0x1, 0xd0, 0x7, 0x83,
    0xc0, 0x31, 0x32, 0x0, 0x73, 0x12, 0x0, 0x71,
    0xb9, 0x30, 0x18, 0x58, 0xd0, 0x6, 0x51, 0xa0,
    0xf, 0xa1, 0xd8, 0xf2, 0x6, 0x6, 0x0, 0x28,
    0x17, 0x0, 0x84, 0x3, 0x40, 0x28, 0x70, 0x31,
    0x38, 0x82, 0x14, 0x80, 0x4c, 0x19, 0x31, 0x9,
    0xa9, 0x4, 0x0, 0x58, 0x90, 0x26, 0xb8, 0x5,
    0x26, 0x66, 0x77, 0x32, 0x8c, 0x10, 0x1, 0xbc,
    0xc0, 0x4, 0x1, 0x8b, 0x3f, 0xfd, 0xce, 0x1,
    0x84, 0x0,

    /* U+610F "意" */
    0x0, 0xfe, 0x26, 0x10, 0xf, 0xfe, 0x3a, 0x4b,
    0x80, 0x7f, 0xf0, 0x1d, 0xfe, 0xe0, 0xb7, 0x7f,
    0x90, 0x2, 0x18, 0x8f, 0x9c, 0xa, 0x23, 0xed,
    0x0, 0x87, 0xfe, 0xe0, 0x3f, 0xfe, 0xa0, 0x8f,
    0xfa, 0x40, 0x3e, 0x14, 0x31, 0x0, 0xdc, 0xa,
    0x1, 0xe9, 0xff, 0xe4, 0xe, 0xff, 0xc8, 0x1b,
    0xff, 0xc3, 0xb1, 0x1f, 0xfc, 0x81, 0x47, 0x72,
    0xa2, 0x7f, 0xf0, 0x9d, 0xe0, 0xd, 0xf9, 0x9f,
    0xfc, 0x24, 0x0, 0xf8, 0x77, 0x7f, 0xe7, 0x0,
    0xff, 0x3b, 0xff, 0xc4, 0x1, 0xfc, 0x35, 0x5f,
    0xf2, 0x80, 0x7f, 0xf, 0xff, 0xfd, 0x0, 0x1f,
    0xc3, 0xff, 0xff, 0x40, 0x7, 0xe8, 0x99, 0xf2,
    0xcc, 0xfc, 0xa0, 0x1c, 0xa4, 0xcf, 0xc6, 0xc6,
    0xbc, 0xcd, 0xca, 0xc0, 0x1d, 0x10, 0x13, 0x7f,
    0x5, 0x67, 0x80, 0x10, 0x4, 0xc2, 0x80, 0x4c,
    0x4e, 0x20, 0x1d, 0x28, 0xe2, 0xde, 0x54, 0x54,
    0x40, 0x32, 0x32, 0x1, 0xf5, 0xd8, 0x78, 0xc,
    0x3c, 0x3c, 0x28, 0x2c, 0x40, 0x81, 0x5d, 0x56,
    0x17, 0x70, 0x88, 0xa, 0x9, 0x6a, 0x14, 0x2,
    0x92, 0x8a, 0xad, 0x7, 0x40, 0x13, 0xca, 0x8b,
    0x80, 0x66, 0xdf, 0xf7, 0x7f, 0xda, 0x80, 0x19,
    0x80,

    /* U+611F "感" */
    0x0, 0xff, 0xe0, 0x88, 0x80, 0x3f, 0xf9, 0x3f,
    0x41, 0x36, 0x20, 0x1f, 0xfc, 0x52, 0x60, 0xd5,
    0xc2, 0x0, 0xf2, 0x44, 0x7f, 0x9, 0x46, 0x21,
    0x44, 0x10, 0x3, 0x6b, 0xbf, 0xf1, 0x3, 0xb9,
    0x41, 0x5c, 0xc0, 0x3d, 0xdf, 0xff, 0x48, 0x5f,
    0xfd, 0xde, 0xe0, 0x1f, 0x19, 0xfc, 0x40, 0x60,
    0x6, 0xe3, 0x0, 0xfd, 0x99, 0xf0, 0x3, 0x0,
    0x10, 0x46, 0x1, 0xf0, 0xf7, 0x7c, 0x86, 0x81,
    0x23, 0x20, 0x1e, 0x30, 0x3, 0xe6, 0x73, 0x85,
    0x84, 0xb2, 0xa0, 0x7, 0x98, 0x80, 0x4a, 0xee,
    0x2e, 0x5, 0x6, 0x1b, 0x1, 0x10, 0x6, 0x36,
    0x0, 0xb, 0x34, 0x20, 0x3, 0x10, 0xb1, 0x4,
    0xe2, 0x0, 0x28, 0x68, 0x7, 0xe1, 0xd1, 0xe,
    0x0, 0x60, 0x10, 0x2, 0x41, 0x80, 0x3, 0xdd,
    0x8, 0xb0, 0xd9, 0x11, 0x26, 0xe8, 0x0, 0x63,
    0x60, 0x2, 0x44, 0xcd, 0x14, 0xee, 0x9a, 0x26,
    0xc1, 0x80, 0x5, 0x8c, 0x80, 0xd, 0xde, 0x2a,
    0x2a, 0x80, 0x1d, 0x86, 0xb3, 0x0, 0x6e, 0x8a,
    0xcc, 0x7d, 0xc0, 0x4b, 0x4, 0x2, 0x3b, 0x84,
    0x0, 0xc7, 0x8, 0x20, 0xf, 0x4, 0xa2, 0xd0,
    0x10, 0x73, 0xc0, 0xe, 0x25, 0x42, 0x0, 0xe5,
    0x6b, 0xb, 0xd4, 0x82, 0xa0, 0xd, 0x21, 0x0,
    0x10, 0x80, 0x52, 0xe0, 0xe6, 0xe, 0xaa, 0x60,
    0x3, 0x22, 0x98, 0x8, 0x35, 0x44, 0x53, 0x84,
    0x80, 0xb, 0x1c, 0x0, 0x3b, 0xac, 0x2, 0xa2,
    0x57, 0x79, 0x89, 0x20, 0x0, 0x3b, 0x40, 0x1,
    0x81, 0x0, 0x97, 0x7f, 0xfb, 0xac, 0x80, 0x23,
    0x0, 0x0,

    /* U+61D2 "懒" */
    0x0, 0x8a, 0x84, 0x2, 0x5b, 0x0, 0xea, 0x60,
    0xf, 0xcc, 0xa6, 0x1, 0x12, 0x0, 0x61, 0x50,
    0xf, 0xfe, 0x4b, 0x0, 0x15, 0x46, 0x1, 0xf8,
    0x62, 0x18, 0x11, 0x7, 0x9, 0x9, 0xaa, 0x80,
    0x30, 0x80, 0x4, 0x9d, 0xc8, 0xe, 0xe9, 0x71,
    0xac, 0x90, 0xf0, 0x9, 0x78, 0x43, 0x1b, 0xfd,
    0x1, 0xfe, 0xc8, 0x65, 0x3d, 0x26, 0x0, 0x8c,
    0x44, 0xb, 0x46, 0x1, 0xd2, 0x52, 0x8, 0x89,
    0x0, 0xdc, 0x40, 0x8, 0xae, 0xd9, 0xd, 0xd9,
    0x7f, 0xd6, 0x17, 0xe2, 0x0, 0x26, 0x0, 0x94,
    0x9c, 0x81, 0xc, 0x38, 0x62, 0x26, 0x3, 0x0,
    0x31, 0x0, 0x77, 0x58, 0x49, 0x80, 0xd, 0xc5,
    0x68, 0x3, 0x1f, 0x0, 0x7f, 0xf0, 0xa1, 0x0,
    0x31, 0x1, 0x0, 0x7f, 0xf2, 0x1c, 0x14, 0x3,
    0xae, 0x3, 0xc8, 0x3, 0xfc, 0xf2, 0x20, 0x1a,
    0x20, 0x21, 0x10, 0x50, 0x8, 0x40, 0x38, 0x98,
    0x3, 0x9d, 0x44, 0x15, 0xcc, 0x3, 0x18, 0x7,
    0xff, 0x2, 0x40, 0x1b, 0x0, 0x10, 0x80, 0x80,
    0x7f, 0xcc, 0x8c, 0x14, 0xec, 0x0, 0x40, 0x50,
    0xf, 0xf1, 0x4b, 0xf0, 0x2b, 0xcb, 0xe4, 0x9d,
    0x3f, 0x10, 0x7, 0x9b, 0xe, 0x0, 0x28, 0xc1,
    0x93, 0x97, 0xb4, 0x0, 0xf8, 0x4b, 0x40, 0x38,
    0xe9, 0xe1, 0x71, 0x69, 0xc0, 0x3c, 0xf8, 0x20,
    0x18, 0xb5, 0x69, 0xc0, 0x14, 0xd0, 0xe0, 0x18,
    0x40, 0x3e, 0x36, 0xc5, 0x0, 0xd2, 0xc6, 0x1,
    0x27, 0x10, 0x4, 0xfe, 0x3, 0x66, 0x1, 0xe9,
    0x40,

    /* U+6210 "成" */
    0x0, 0xff, 0xe0, 0x22, 0x0, 0x6, 0x1, 0xff,
    0xc6, 0x8b, 0x1, 0xcc, 0x8, 0x7, 0xff, 0x11,
    0xc0, 0x45, 0x7, 0x82, 0x1, 0xff, 0xc3, 0x20,
    0x30, 0x77, 0x13, 0x80, 0x79, 0xaa, 0xbf, 0x20,
    0x4d, 0x50, 0x87, 0x2a, 0x0, 0x37, 0xaa, 0xfe,
    0x20, 0x45, 0x58, 0x55, 0x48, 0x1, 0xef, 0xff,
    0xa8, 0x27, 0xff, 0xd8, 0x1, 0xff, 0xc1, 0x60,
    0xe0, 0xc, 0x20, 0x1f, 0xfc, 0x32, 0x1, 0x0,
    0x97, 0x98, 0x3, 0xea, 0xaf, 0x0, 0x82, 0x80,
    0x5c, 0xe, 0x1, 0xf2, 0xaf, 0x80, 0x4, 0x40,
    0x1, 0x22, 0x4, 0x3, 0x8c, 0x3b, 0xfe, 0x30,
    0x9, 0xc4, 0x41, 0x41, 0xe0, 0x1f, 0x84, 0x2,
    0x11, 0x0, 0x34, 0x14, 0x5c, 0x90, 0x3, 0xc2,
    0x1, 0xfc, 0x60, 0x70, 0x10, 0x1, 0xf3, 0x90,
    0x6, 0x33, 0x0, 0x10, 0x25, 0x8d, 0x40, 0x3e,
    0x26, 0x0, 0xc2, 0x20, 0x9, 0x4, 0x38, 0x3,
    0xe1, 0x11, 0x0, 0x73, 0x80, 0x4e, 0xe, 0x40,
    0x2, 0x50, 0x9, 0x3, 0xc0, 0x27, 0x2, 0x0,
    0x61, 0x82, 0x80, 0x4f, 0x48, 0x0, 0xe0, 0x71,
    0xef, 0x80, 0xa1, 0xc3, 0x76, 0x25, 0x0, 0x60,
    0x28, 0x12, 0x18, 0x89, 0x10, 0xd8, 0x1e, 0x6f,
    0x10, 0x1b, 0x31, 0x73, 0x10, 0x90, 0x90, 0x5,
    0x5c, 0x9c, 0xc, 0xc0, 0xd, 0x8e, 0x70, 0xd0,
    0x12, 0x92, 0x80, 0x7a, 0xf1, 0x80, 0x25, 0xa2,
    0x5, 0x60, 0x2e, 0xf0, 0xf, 0xc6, 0x1, 0xcb,
    0xbf, 0x40, 0x0,

    /* U+6211 "我" */
    0x0, 0xff, 0x89, 0x4, 0x3, 0xff, 0x88, 0x28,
    0x9, 0x6a, 0xa, 0x1, 0xf8, 0x4d, 0x5e, 0xb7,
    0xac, 0x2, 0x12, 0xac, 0x10, 0xe, 0xde, 0xca,
    0x85, 0x17, 0xb0, 0x30, 0x32, 0x93, 0xc1, 0x0,
    0xd4, 0xf3, 0x62, 0x2c, 0x84, 0x1, 0x1, 0x6,
    0x92, 0xc1, 0x0, 0x9e, 0x19, 0x0, 0x3f, 0x78,
    0x1, 0xa0, 0x88, 0x1, 0xff, 0xc1, 0x70, 0xe,
    0x7b, 0x30, 0x3, 0x4c, 0xe1, 0x14, 0xcf, 0x2,
    0xcc, 0xed, 0x99, 0x6, 0xb3, 0x60, 0x3, 0x36,
    0x50, 0x26, 0x6f, 0x86, 0xff, 0xf0, 0x8b, 0xff,
    0x80, 0xff, 0xfe, 0x10, 0xf, 0xfe, 0x0, 0x90,
    0x6, 0xc7, 0x0, 0xff, 0xe1, 0x10, 0x80, 0x52,
    0x60, 0x1f, 0xe5, 0x9d, 0xb0, 0x50, 0x10, 0x66,
    0x2b, 0x80, 0x4, 0xda, 0x70, 0x45, 0x4c, 0x18,
    0x1c, 0xa, 0xa9, 0x2a, 0x0, 0xa7, 0x25, 0x8c,
    0x1, 0x5d, 0xae, 0x6, 0x1f, 0x45, 0x80, 0x1a,
    0x9e, 0xb7, 0xc4, 0x4a, 0x20, 0x12, 0x82, 0x16,
    0x8, 0x6, 0x28, 0x52, 0x0, 0xf8, 0xf0, 0x1,
    0x82, 0x0, 0x41, 0x0, 0xff, 0xc, 0xe1, 0x18,
    0x20, 0x5, 0xfe, 0x0, 0xfc, 0x33, 0xcc, 0x59,
    0xa1, 0x0, 0x12, 0x28, 0x7, 0x18, 0x9a, 0xb0,
    0x46, 0x98, 0xb1, 0x48, 0x38, 0x68, 0x5, 0xbf,
    0x80, 0x88, 0xae, 0x70, 0xa, 0x49, 0xbe, 0x5,
    0x80, 0x27, 0x35, 0x99, 0x2, 0x88, 0x7, 0x62,
    0x1, 0x68, 0x0,

    /* U+6216 "或" */
    0x0, 0xff, 0x84, 0xc8, 0x0, 0x40, 0x1f, 0xfc,
    0x42, 0xcb, 0x8, 0xd3, 0x0, 0xff, 0xe1, 0x88,
    0x5, 0x43, 0x86, 0x1, 0xff, 0xc2, 0x30, 0x30,
    0x2d, 0xf, 0x0, 0x8e, 0x67, 0xfd, 0x0, 0x93,
    0x2a, 0x20, 0x99, 0x2, 0xb3, 0x7f, 0xc0, 0x2c,
    0xd1, 0x1b, 0x30, 0x1b, 0xff, 0xfe, 0x12, 0xff,
    0xf8, 0x3, 0xff, 0x82, 0x64, 0x1, 0x90, 0x3,
    0x9a, 0xef, 0xe0, 0x0, 0x80, 0x65, 0xb8, 0x0,
    0xdc, 0x89, 0xf0, 0x1, 0x80, 0x80, 0x1e, 0x16,
    0x1, 0xee, 0xff, 0x94, 0x2, 0x20, 0x10, 0x2,
    0x91, 0x80, 0x7f, 0xf0, 0xb8, 0x18, 0x18, 0x28,
    0x3, 0xff, 0x86, 0x40, 0x41, 0x40, 0xc0, 0x1f,
    0x84, 0x60, 0xc, 0xc1, 0xa8, 0x6c, 0x20, 0x1f,
    0x77, 0x65, 0x0, 0x88, 0x1e, 0x42, 0x0, 0x3d,
    0xac, 0xdf, 0x0, 0x48, 0x44, 0x81, 0x0, 0xf2,
    0xcc, 0xfc, 0x20, 0x2, 0x4, 0x70, 0x2, 0x10,
    0x7, 0x12, 0xbd, 0x6f, 0xc8, 0x3b, 0x0, 0x77,
    0xe8, 0x2d, 0xef, 0xed, 0x42, 0x8b, 0x65, 0x41,
    0x99, 0x8, 0x0, 0x88, 0x2, 0x51, 0x68, 0xbd,
    0xfc, 0xc5, 0x2a, 0xb2, 0x3, 0x81, 0xc3, 0x41,
    0xfb, 0x25, 0xd0, 0x80, 0xa8, 0x66, 0x81, 0x14,
    0xfe, 0x1, 0xc0, 0x3f, 0x8a, 0xf5, 0x80, 0x2a,
    0x60, 0x2b, 0x10,

    /* U+622A "截" */
    0x0, 0xf8, 0x40, 0x3c, 0x44, 0x0, 0xff, 0xe1,
    0x66, 0x80, 0x74, 0xe0, 0x30, 0x80, 0x7f, 0xf1,
    0x84, 0x69, 0xf2, 0x0, 0xe7, 0xff, 0xc4, 0x4f,
    0xfc, 0x40, 0x1, 0xc1, 0xc2, 0x0, 0xc9, 0x11,
    0x84, 0x51, 0x18, 0xcc, 0x0, 0x3c, 0x19, 0x0,
    0xc6, 0xef, 0x8c, 0xce, 0xf8, 0x44, 0x2, 0x7,
    0x50, 0x1, 0x34, 0xcf, 0x11, 0xcc, 0xf2, 0x5,
    0xcc, 0xb2, 0xa4, 0x1, 0x8c, 0xdc, 0x2, 0xcd,
    0xc6, 0xa, 0xcd, 0xc2, 0x15, 0xfe, 0xb5, 0xdf,
    0xa9, 0xff, 0xd4, 0x17, 0xff, 0xc2, 0x1, 0xa1,
    0x8, 0x36, 0x40, 0x30, 0x80, 0x80, 0x1f, 0x44,
    0x3, 0x21, 0x93, 0x30, 0x42, 0x19, 0x88, 0xe0,
    0x40, 0xb, 0x31, 0x0, 0xd4, 0x7, 0x32, 0x60,
    0x79, 0x94, 0x10, 0x78, 0x9, 0xb8, 0x6, 0xa1,
    0xd, 0xff, 0x40, 0x7f, 0xd8, 0x20, 0x40, 0xc1,
    0x40, 0x13, 0xa9, 0x2, 0x2a, 0xb4, 0x15, 0x63,
    0x2, 0x70, 0x93, 0x30, 0x1, 0x21, 0x6c, 0x22,
    0xec, 0xa1, 0x77, 0x81, 0xc9, 0xc6, 0x40, 0x25,
    0x6a, 0x0, 0x67, 0x72, 0x3, 0xba, 0x80, 0xd0,
    0x83, 0x50, 0x8, 0x64, 0x2, 0x55, 0xb4, 0x19,
    0x54, 0x60, 0x80, 0xf, 0x0, 0xfe, 0x9b, 0xb2,
    0x84, 0x5d, 0xc1, 0x60, 0x86, 0x7, 0xc4, 0x1,
    0xd9, 0xdc, 0x80, 0xee, 0xa1, 0xdc, 0x8, 0x20,
    0x82, 0x60, 0x1c, 0xac, 0xcd, 0x6, 0x69, 0x68,
    0xe8, 0x20, 0x28, 0xc4, 0x3, 0xa6, 0x20, 0x83,
    0x11, 0x77, 0xe2, 0xa3, 0x79, 0x50, 0x7, 0xb3,
    0xbb, 0xeb, 0x20, 0x5, 0x20, 0x2b, 0x0, 0x67,
    0xc2, 0x0, 0xff, 0x86, 0xfe, 0x80, 0x0,

    /* U+6237 "户" */
    0x0, 0xff, 0x84, 0x40, 0x1f, 0xfc, 0x67, 0xe6,
    0x0, 0xff, 0xe3, 0x30, 0x50, 0x7, 0xff, 0x0,
    0x48, 0xb8, 0xcc, 0x4a, 0x45, 0xe0, 0xe, 0xfd,
    0xdf, 0x18, 0x56, 0xef, 0x88, 0x3, 0xcc, 0xdf,
    0xfc, 0x1, 0x0, 0xf8, 0xa6, 0x7f, 0xf8, 0xa,
    0x1, 0xff, 0xfa, 0x32, 0x2f, 0xfe, 0x3, 0x80,
    0x78, 0x45, 0xbb, 0xff, 0xc0, 0x30, 0xf, 0xca,
    0xbf, 0xfc, 0x23, 0x0, 0xe3, 0xaa, 0xff, 0xe1,
    0x8, 0x4, 0x40, 0xc0, 0x1f, 0xfc, 0x67, 0x2,
    0x0, 0xff, 0xe3, 0x68, 0x60, 0x7, 0xff, 0x19,
    0x81, 0x0, 0x3f, 0xf8, 0xaa, 0x28, 0x1, 0xff,
    0xc6, 0x80, 0x80, 0xf, 0xfe, 0x2c, 0x12, 0x18,
    0x7, 0xff, 0x10, 0x9c, 0x24, 0x3, 0xff, 0x8a,
    0x59, 0x24, 0x1, 0xff, 0xc5,

    /* U+6240 "所" */
    0x0, 0xff, 0x10, 0x7, 0xf1, 0x80, 0x78, 0x4d,
    0xa7, 0x3f, 0xc0, 0x18, 0x96, 0x33, 0xf0, 0x3,
    0xbb, 0x99, 0x2c, 0x66, 0x50, 0xad, 0xfd, 0xa7,
    0x32, 0x71, 0x0, 0xe1, 0x79, 0xcf, 0xc8, 0x4,
    0x23, 0x58, 0xbe, 0xd8, 0x10, 0xe, 0x28, 0x63,
    0x0, 0xe2, 0xca, 0x74, 0x10, 0xf, 0xfe, 0x99,
    0x44, 0x66, 0x0, 0xff, 0xe2, 0x8b, 0xbe, 0xb0,
    0xf, 0xfe, 0x29, 0xee, 0xc2, 0x1, 0x8b, 0xff,
    0xf3, 0x80, 0x71, 0x14, 0x1, 0xc2, 0xab, 0x8,
    0x2a, 0xc6, 0x1, 0xff, 0xc0, 0x12, 0xaa, 0x94,
    0x2e, 0xa8, 0x80, 0x10, 0xb8, 0x7, 0xe7, 0x0,
    0xff, 0xe0, 0xad, 0xdc, 0x20, 0x1, 0x1, 0x0,
    0xff, 0xe0, 0x8a, 0x24, 0x1, 0x10, 0x18, 0x7,
    0xfc, 0x40, 0xdf, 0xfb, 0x41, 0x43, 0xc0, 0x3f,
    0xe6, 0xe, 0x0, 0xf6, 0x82, 0x0, 0x7f, 0xd8,
    0x6, 0x1, 0xc4, 0x84, 0x40, 0xf, 0xf9, 0x41,
    0x40, 0x3a, 0x2, 0xc0, 0x3f, 0xe4, 0x24, 0x10,
    0xc, 0xca, 0x4c, 0x1, 0xff, 0x40, 0x70, 0x6,
    0x39, 0xe, 0x0, 0xff, 0x84, 0x44, 0xa0, 0x19,
    0xc2, 0xc, 0x3, 0xfe, 0x1d, 0xc0, 0xe, 0x4e,
    0x70, 0xf, 0x5f, 0x88, 0x4,

    /* U+624B "手" */
    0x0, 0xff, 0xe1, 0x91, 0xab, 0x80, 0x61, 0x55,
    0x33, 0x1e, 0x26, 0xaf, 0x37, 0xfd, 0xb9, 0x50,
    0x40, 0x1a, 0xa9, 0x32, 0x87, 0x65, 0x43, 0x3,
    0x56, 0x8a, 0xb2, 0x0, 0x86, 0xa9, 0x76, 0xcd,
    0xea, 0x5, 0xdc, 0xa9, 0x75, 0x40, 0xe, 0x55,
    0x22, 0xc, 0x84, 0x40, 0x1f, 0xfe, 0xec, 0xcf,
    0xa4, 0x13, 0x33, 0xe1, 0x0, 0xc6, 0x7f, 0x10,
    0x9, 0x9f, 0xc0, 0x1d, 0xff, 0xf5, 0x82, 0xff,
    0xfc, 0x20, 0x1f, 0xfe, 0x29, 0xaa, 0xfd, 0x0,
    0x95, 0x5f, 0xc0, 0xea, 0xbf, 0x8c, 0x5, 0x57,
    0xf8, 0x7f, 0xbb, 0xf5, 0x2, 0xf7, 0x7f, 0x8,
    0xff, 0xc0, 0x1, 0x1f, 0xe0, 0xf, 0xfe, 0xb1,
    0x80, 0x7f, 0xf1, 0x44, 0xb8, 0x3, 0xff, 0x8d,
    0x7d, 0xaa, 0x18, 0x1, 0xff, 0xc4, 0xe3, 0x46,
    0xb5, 0x0, 0xff, 0x0,

    /* U+624D "才" */
    0x0, 0xff, 0xe1, 0x11, 0x0, 0x3f, 0xf9, 0x1f,
    0xa2, 0x1, 0xff, 0xfd, 0x8b, 0xbf, 0xf8, 0x82,
    0xae, 0xf5, 0x0, 0x15, 0x13, 0xfe, 0x0, 0x22,
    0x72, 0x80, 0x37, 0xff, 0xfa, 0x40, 0x2d, 0xff,
    0xe0, 0xf, 0xf8, 0xa4, 0x44, 0x6, 0x1, 0xff,
    0xc4, 0xe0, 0xa3, 0x0, 0xff, 0xe2, 0xc9, 0xb2,
    0x0, 0x7f, 0xf1, 0x61, 0x8a, 0x40, 0x3f, 0xf8,
    0xb0, 0xe3, 0x80, 0x1f, 0xfc, 0x59, 0x71, 0xc1,
    0x0, 0xff, 0xe1, 0x8d, 0xb0, 0x69, 0x0, 0x7f,
    0xf0, 0xd3, 0xd0, 0x70, 0xc0, 0x3f, 0xf8, 0x73,
    0x62, 0x7e, 0x60, 0x1f, 0xfc, 0x26, 0xe6, 0x7,
    0xc1, 0x0, 0xff, 0xe1, 0xe0, 0x96, 0x40, 0x7,
    0xe3, 0x0, 0xfd, 0x73, 0xa6, 0x1, 0xf0, 0xb0,
    0x80, 0x80, 0x78, 0x58, 0x3, 0xcf, 0xfe, 0xe9,
    0x4, 0x0, 0xff, 0xe1, 0xa8, 0x0, 0x4d, 0xe8,
    0x3, 0xff, 0x86, 0x5d, 0xfd, 0x90, 0x20, 0x1e,

    /* U+6253 "打" */
    0x0, 0xe6, 0x50, 0xf, 0xfe, 0x4c, 0x40, 0x3,
    0xff, 0x9c, 0xd5, 0x5f, 0xf1, 0x80, 0x7f, 0xbd,
    0x57, 0xfe, 0x60, 0xf, 0xf4, 0xf7, 0x70, 0x8b,
    0xbb, 0x28, 0x2d, 0xdc, 0x25, 0x77, 0x0, 0x8f,
    0x0, 0x4, 0x70, 0x0, 0x91, 0x20, 0x2, 0x24,
    0x20, 0x1f, 0xfc, 0x17, 0xff, 0x84, 0xbf, 0xe1,
    0x0, 0xff, 0xfb, 0x14, 0x8, 0x7, 0xff, 0x18,
    0xb7, 0x4e, 0x40, 0x1f, 0xfc, 0x12, 0x6a, 0xf1,
    0x2, 0x5b, 0x30, 0xf, 0xfe, 0x1, 0x6c, 0xa8,
    0x81, 0x7d, 0x20, 0x7, 0xff, 0x4, 0x95, 0xf3,
    0x84, 0x3, 0xff, 0x8d, 0x50, 0x60, 0x1f, 0xff,
    0xf0, 0xf, 0xfe, 0x30, 0x80, 0x7f, 0x8, 0x80,
    0x3f, 0x34, 0xe8, 0x30, 0x7, 0x2d, 0xe7, 0x2,
    0x80, 0x7d, 0xec, 0x41, 0xe0, 0x1c, 0x28, 0x60,
    0xb4, 0x1, 0xf5, 0xdb, 0x7d, 0x0, 0x39, 0x33,
    0xbe, 0x84, 0x3, 0x80,

    /* U+6267 "执" */
    0x0, 0x84, 0xc4, 0x3, 0x95, 0x0, 0x3f, 0xf8,
    0x29, 0x8e, 0x1, 0x86, 0xa0, 0x3, 0xff, 0x94,
    0xe0, 0x1f, 0xfe, 0xc4, 0xff, 0x50, 0x4f, 0xf0,
    0x7f, 0x2, 0x7f, 0xf5, 0x0, 0x66, 0x55, 0x18,
    0x1a, 0xb8, 0x32, 0x80, 0xb3, 0x4a, 0x1, 0xe2,
    0xaa, 0x48, 0x55, 0x24, 0x26, 0xc1, 0x26, 0x6b,
    0x0, 0xff, 0xe2, 0x18, 0x7, 0xff, 0x18, 0x48,
    0x0, 0x20, 0x60, 0x1f, 0xfc, 0x3b, 0xeb, 0x37,
    0x70, 0x8, 0x7, 0xfc, 0x2f, 0x0, 0x44, 0xca,
    0x8b, 0xf, 0x0, 0xff, 0x5f, 0x41, 0x3, 0xea,
    0xcd, 0x8, 0x59, 0x0, 0x7f, 0x8e, 0x64, 0x1c,
    0x1, 0x2b, 0x81, 0xec, 0x0, 0x80, 0x80, 0x6b,
    0xc6, 0x30, 0xf, 0x20, 0x59, 0x3e, 0x88, 0x7,
    0xff, 0xc, 0x48, 0xd3, 0x54, 0x44, 0xe, 0x1,
    0xff, 0xc1, 0x60, 0xb0, 0x5, 0x68, 0x8, 0x80,
    0x48, 0x3, 0xfd, 0x20, 0xc0, 0x10, 0x81, 0x18,
    0x2e, 0x88, 0x7, 0xe8, 0x17, 0x10, 0xe, 0x61,
    0x3, 0x1, 0x0, 0x88, 0x2, 0x47, 0x28, 0x0,
    0xf6, 0x82, 0xda, 0x0, 0x2b, 0xa0, 0xc, 0xa8,
    0x38, 0x3, 0xe4, 0xa, 0x3d, 0x0, 0x68, 0x1b,
    0xaa, 0xc, 0x98, 0x7, 0xc6, 0xe0, 0xac, 0x0,
    0x7e, 0xc8, 0x6, 0xd6, 0x0, 0xfe, 0x8f, 0xa0,
    0x0,

    /* U+6269 "扩" */
    0x0, 0xc6, 0xa0, 0x1f, 0xc6, 0x40, 0x1f, 0xea,
    0xa1, 0x0, 0x7c, 0x79, 0x0, 0x1f, 0xfc, 0x83,
    0x15, 0x0, 0xff, 0xe2, 0x8, 0xf2, 0x3, 0x8,
    0xe0, 0xf, 0xfb, 0xfb, 0xb2, 0x84, 0xf7, 0x62,
    0x7, 0xff, 0x30, 0x6f, 0xf8, 0x0, 0x2c, 0xdf,
    0xe3, 0x2, 0x44, 0x8, 0x1a, 0x20, 0x0, 0x73,
    0x3f, 0xe1, 0x5, 0xbb, 0x38, 0x75, 0xd8, 0x3,
    0xff, 0xec, 0xb5, 0xc0, 0x1f, 0xfc, 0x41, 0x54,
    0x8, 0x53, 0x0, 0xff, 0xe1, 0xe, 0x75, 0x10,
    0x36, 0x68, 0x8, 0x80, 0x3f, 0xe1, 0x33, 0x3a,
    0x5, 0x98, 0x4, 0xe0, 0x1f, 0xfc, 0xe, 0xc8,
    0x20, 0xc, 0x20, 0x20, 0x1f, 0xfc, 0x1, 0x0,
    0xf8, 0x80, 0x80, 0x3f, 0xf9, 0xa, 0x1a, 0x1,
    0xff, 0xc8, 0xd0, 0x40, 0xf, 0xfe, 0x39, 0x22,
    0x4, 0x3, 0xff, 0x86, 0x40, 0x14, 0x7, 0x80,
    0x7f, 0xf0, 0x47, 0x7d, 0x0, 0x95, 0x46, 0x80,
    0x1f, 0xfc, 0x11, 0x1, 0x4a, 0x9, 0xf, 0x0,
    0xff, 0xe1, 0xef, 0x5a, 0x86, 0x51, 0x80, 0x7f,
    0xf0, 0x40,

    /* U+626B "扫" */
    0x0, 0xc6, 0x40, 0x1f, 0xfc, 0x7c, 0x80, 0xf,
    0xfe, 0x62, 0xaf, 0xfc, 0x1, 0xfc, 0x35, 0x5f,
    0xf0, 0x80, 0x7e, 0x17, 0x7f, 0xe1, 0x0, 0x27,
    0xfc, 0xb, 0xfe, 0xb8, 0x8f, 0xe2, 0x0, 0x39,
    0x9c, 0x2, 0x66, 0x20, 0xf, 0xfe, 0x1, 0xe6,
    0x40, 0x99, 0x89, 0x0, 0xff, 0xee, 0x9, 0x0,
    0x7f, 0xf1, 0x5a, 0xba, 0x1e, 0xef, 0xf1, 0x0,
    0x63, 0x90, 0x35, 0x4e, 0xd4, 0x4f, 0xc2, 0x0,
    0x8d, 0xc6, 0x3, 0xdb, 0x4a, 0xff, 0xfc, 0x60,
    0x4, 0x25, 0xa0, 0x62, 0x0, 0xff, 0xe1, 0x7f,
    0x52, 0x80, 0x7f, 0xf1, 0x4c, 0x40, 0x3f, 0xff,
    0xe0, 0x1f, 0xe2, 0x0, 0x87, 0xff, 0xfc, 0x60,
    0x13, 0xde, 0x1, 0x0, 0xaa, 0xff, 0x84, 0x3,
    0x20, 0xa4, 0x80, 0x2a, 0xbf, 0xc4, 0x1, 0x3f,
    0xfa, 0xc4, 0x3, 0xff, 0x81, 0x9e, 0x20,

    /* U+626C "扬" */
    0x0, 0xc8, 0xe0, 0x1f, 0xfc, 0x8e, 0x80, 0xf,
    0xfe, 0x69, 0x7f, 0xff, 0x50, 0x7, 0xff, 0x0,
    0xcf, 0xc4, 0x0, 0x30, 0xf, 0xc2, 0x0, 0x2c,
    0xce, 0x93, 0x7, 0x90, 0xa, 0x7f, 0xca, 0x1d,
    0xfc, 0x1, 0x8a, 0xe8, 0xb6, 0x0, 0x37, 0xaa,
    0x84, 0x15, 0x4e, 0x1, 0x36, 0xa4, 0xe1, 0x0,
    0x73, 0x55, 0x10, 0x2a, 0x92, 0x5, 0x92, 0x9c,
    0xc0, 0x1f, 0xfc, 0x37, 0xd3, 0x12, 0x89, 0x9f,
    0x10, 0x7, 0xf5, 0x0, 0x5, 0x9b, 0xf0, 0x7,
    0xd1, 0xc7, 0xbf, 0x1, 0x9f, 0x41, 0x7e, 0xe0,
    0x18, 0x9d, 0x1, 0xcc, 0x2, 0xb2, 0x30, 0xd0,
    0x50, 0x8, 0xc3, 0x75, 0x2, 0x17, 0xa6, 0x6,
    0x65, 0x0, 0x21, 0x8, 0x8, 0x8, 0xb, 0x5a,
    0x82, 0x0, 0x50, 0x12, 0x2, 0x68, 0x0, 0x30,
    0xb, 0x25, 0x0, 0x39, 0x10, 0xc2, 0xc, 0x1a,
    0x0, 0x11, 0x0, 0x7f, 0x15, 0xc, 0x0, 0x24,
    0x50, 0x0, 0xe6, 0x1, 0xf8, 0x7c, 0x74, 0x41,
    0xc6, 0x40, 0x21, 0x10, 0x7, 0xc5, 0x85, 0x6,
    0x5, 0x4, 0xe0, 0x11, 0xb8, 0x7, 0xd6, 0x50,
    0xe0, 0x3e, 0x12, 0x1, 0x8, 0xc0, 0x18, 0x5c,
    0x26, 0xdc, 0x7, 0x49, 0xd0, 0x91, 0x74, 0x8,
    0x0, 0x7f, 0xc4, 0x40, 0x40, 0x1c, 0x35, 0x80,
    0x4b, 0xa3, 0x29, 0x0, 0x1a, 0x2b, 0xf8, 0x7,
    0x2d, 0x0, 0x1e, 0x6f, 0x74, 0x20, 0x15, 0xd4,
    0x10, 0x4, 0x3b, 0x40, 0x10, 0xb2, 0x10, 0x4,

    /* U+6270 "扰" */
    0x0, 0xc2, 0x82, 0x1, 0xc4, 0x82, 0x1, 0xff,
    0xc0, 0x4b, 0x70, 0xe, 0x5b, 0x20, 0x46, 0x0,
    0xff, 0xe2, 0xf8, 0x5, 0xf2, 0xe0, 0x1f, 0xfc,
    0x8b, 0x48, 0x70, 0xf, 0xfe, 0x45, 0xa4, 0x20,
    0x4, 0x7b, 0xab, 0x8, 0xdc, 0x0, 0xe1, 0x0,
    0xad, 0x90, 0x3, 0x19, 0x80, 0x23, 0x9, 0xbb,
    0x30, 0x75, 0xde, 0x2b, 0xb0, 0x0, 0xfb, 0x96,
    0x11, 0xd8, 0xa8, 0x81, 0x3, 0x44, 0xf8, 0x3,
    0xfd, 0x9f, 0xe5, 0xf, 0xff, 0xc0, 0x1f, 0xfc,
    0x16, 0x0, 0x4d, 0x0, 0x7f, 0xf0, 0x4a, 0x0,
    0x21, 0x20, 0x55, 0x0, 0x7f, 0xf0, 0x23, 0x5c,
    0x2, 0x26, 0x0, 0xff, 0x1b, 0xe5, 0x0, 0xad,
    0x80, 0xc, 0xc, 0x3, 0xfd, 0xb0, 0x64, 0x13,
    0x48, 0x0, 0x40, 0xd0, 0xf, 0xf4, 0xcb, 0xa0,
    0x3, 0xd6, 0x8, 0x1, 0xfe, 0x76, 0x10, 0xf,
    0x11, 0x98, 0x40, 0x3f, 0xf8, 0xf0, 0x12, 0x1,
    0xf1, 0x49, 0x0, 0x7f, 0x1a, 0x92, 0x80, 0x7c,
    0xcc, 0x50, 0xf, 0xee, 0x8, 0x0, 0xfc, 0x20,
    0x20, 0x1f, 0xa4, 0x95, 0x40, 0x1c, 0x20, 0xd,
    0x2, 0x0, 0x23, 0x40, 0x1b, 0xb0, 0xd8, 0x6,
    0x50, 0xfb, 0xb3, 0x82, 0x80, 0x22, 0x48, 0x5e,
    0x43, 0x44, 0x3, 0x42, 0xa, 0x20, 0x64, 0x40,
    0x11, 0x37, 0xc5, 0x96, 0x60, 0x1c, 0x37, 0xff,
    0x73, 0x0,

    /* U+627E "找" */
    0x0, 0xc2, 0x82, 0x1, 0xca, 0x60, 0x1f, 0xfc,
    0x17, 0xb4, 0x0, 0xea, 0x90, 0x28, 0x0, 0xff,
    0xe3, 0x88, 0x53, 0xd8, 0x7, 0xff, 0x14, 0x5c,
    0x22, 0x9, 0xa2, 0x1, 0xff, 0xc3, 0x31, 0x0,
    0x3c, 0x95, 0x0, 0x6b, 0xff, 0x48, 0x57, 0xf8,
    0xc0, 0x2, 0x60, 0x13, 0x4f, 0x89, 0x0, 0x31,
    0x54, 0x60, 0x6a, 0xa1, 0x0, 0x38, 0xab, 0xcd,
    0xdd, 0xda, 0x0, 0x7a, 0xa8, 0x26, 0xbe, 0x77,
    0xd0, 0x2a, 0x19, 0x1, 0x1a, 0x0, 0x3f, 0x8d,
    0x1, 0xc, 0x23, 0x3b, 0xf6, 0xe5, 0xc0, 0x3f,
    0x9b, 0xf6, 0xe8, 0x8, 0xc4, 0x7, 0x10, 0x3,
    0xf8, 0xa0, 0xc0, 0x4, 0x4, 0x1, 0x51, 0x90,
    0x7, 0x84, 0x2f, 0x5d, 0x80, 0xa, 0x1c, 0x0,
    0x84, 0x66, 0x0, 0x49, 0x1b, 0x0, 0x6, 0xc5,
    0x0, 0x8, 0x28, 0x3b, 0x8e, 0x40, 0x24, 0xb7,
    0x33, 0x5, 0xc9, 0x80, 0x63, 0x34, 0x40, 0xf4,
    0x3, 0x23, 0xe7, 0x50, 0x7, 0xe4, 0x7, 0x3c,
    0x10, 0xe, 0x83, 0x0, 0xfe, 0x35, 0x3, 0xc0,
    0xf, 0xfe, 0x20, 0xce, 0x10, 0x10, 0x6, 0x94,
    0x0, 0xfe, 0x18, 0xf6, 0x2c, 0x61, 0x50, 0x9,
    0xfc, 0x3, 0xf2, 0x73, 0x84, 0x69, 0xd8, 0x40,
    0x0, 0x87, 0x0, 0x3b, 0xc0, 0x50, 0xa3, 0x9c,
    0x0, 0x4c, 0x54, 0x14, 0xa, 0x0, 0x2e, 0xf6,
    0x7, 0xd, 0x70, 0xe, 0x92, 0x5f, 0x73, 0x20,
    0x1, 0x14, 0x92, 0x60, 0x1f, 0xd8, 0xa0, 0x5c,
    0x0,

    /* U+627F "承" */
    0x0, 0xd9, 0xff, 0xff, 0xc2, 0x0, 0xfc, 0xa8,
    0x9f, 0xe1, 0x0, 0x8, 0x7, 0xe9, 0xbb, 0xfd,
    0x22, 0x20, 0x8e, 0x0, 0xff, 0xe1, 0x8c, 0xea,
    0xb7, 0x38, 0x7, 0xff, 0x13, 0x99, 0x76, 0x1c,
    0x3, 0xe2, 0xaa, 0xe1, 0x0, 0x8, 0x2d, 0x11,
    0x24, 0xc0, 0x6, 0x20, 0x1, 0x55, 0xe2, 0x99,
    0x40, 0x3c, 0xc9, 0xc1, 0x40, 0xf2, 0x80, 0x7,
    0xff, 0x30, 0xb, 0x34, 0x4, 0xcc, 0x0, 0x7a,
    0xe0, 0x78, 0x7, 0x94, 0x4b, 0xfd, 0xc0, 0xbf,
    0xe4, 0x43, 0x51, 0x6a, 0x0, 0x78, 0xd4, 0x3,
    0xf8, 0xc1, 0x74, 0x80, 0x3c, 0x81, 0x81, 0xfe,
    0xe0, 0x5f, 0xf2, 0xe0, 0x60, 0x7, 0xee, 0x4,
    0x5, 0x58, 0x9, 0x54, 0xc8, 0x34, 0x1, 0xf9,
    0x48, 0xc2, 0xa9, 0x60, 0xf5, 0x43, 0x7, 0x33,
    0x0, 0x79, 0x82, 0x80, 0x3f, 0xeb, 0x8, 0x0,
    0xf4, 0xb, 0xb7, 0xfd, 0xc0, 0xbf, 0xf6, 0x12,
    0xa2, 0x80, 0x68, 0x18, 0x5, 0x77, 0x98, 0x9,
    0xde, 0xa0, 0xb0, 0xa2, 0x0, 0x23, 0x9b, 0x1,
    0xc4, 0x60, 0x78, 0x89, 0x80, 0x64, 0x3c, 0x4a,
    0x83, 0x80, 0x3f, 0x18, 0x7, 0x99, 0x85, 0x64,
    0xd4, 0x40, 0x10, 0xa2, 0xd0, 0x8, 0x7, 0xd2,
    0xd6, 0x10, 0xa0, 0x19, 0xae, 0x90, 0x68, 0x3,
    0xf4, 0x88, 0x7, 0xcc, 0xf3, 0x7c, 0x40, 0x1f,
    0xe0,

    /* U+628A "把" */
    0x0, 0xdd, 0x20, 0x1f, 0xfc, 0x91, 0x20, 0xa,
    0xae, 0xff, 0xcc, 0x1, 0xff, 0x22, 0x7f, 0xde,
    0x1, 0xff, 0xc0, 0x3f, 0xf7, 0x3, 0x7f, 0xb8,
    0x3, 0xb3, 0xfc, 0x9, 0xfe, 0x40, 0xf, 0xfe,
    0x1a, 0xa2, 0x0, 0x51, 0xe, 0x1, 0xff, 0xc3,
    0x9b, 0xb0, 0x2d, 0xd8, 0xc0, 0x3f, 0xfe, 0xaf,
    0x3c, 0x60, 0x53, 0x28, 0x4, 0x99, 0x40, 0x7,
    0x8e, 0x0, 0xd9, 0x44, 0x5, 0x9a, 0x2, 0x66,
    0x80, 0x33, 0xf6, 0x38, 0x1e, 0xd9, 0x1, 0xff,
    0xff, 0x48, 0x0, 0x44, 0xb6, 0xe, 0x40, 0x1f,
    0xfc, 0x46, 0xfa, 0x40, 0xf, 0xff, 0x93, 0xc0,
    0x7, 0xff, 0x27, 0x5c, 0x40, 0x3f, 0xc2, 0x1,
    0xfc, 0xc0, 0x20, 0x1c, 0x20, 0x11, 0x91, 0x80,
    0x7c, 0x46, 0x40, 0x3, 0x7b, 0x3, 0x0, 0x90,
    0x33, 0x6e, 0xfb, 0x34, 0x10, 0x0, 0xf0, 0x83,
    0x40, 0x14, 0x30, 0x92, 0x27, 0x19, 0x34, 0x80,
    0x12, 0xb3, 0x8c, 0x2, 0x19, 0xef, 0xf7, 0x73,
    0xfe, 0xd9, 0x0, 0x0,

    /* U+6291 "抑" */
    0x0, 0xc8, 0x60, 0x1f, 0xfc, 0x8a, 0xe0, 0xf,
    0x3b, 0x0, 0x7f, 0xf1, 0x4e, 0x7e, 0x2d, 0xa6,
    0x7c, 0x1, 0xfc, 0x38, 0xc0, 0xd9, 0xac, 0xde,
    0x0, 0xff, 0x93, 0xa4, 0x40, 0x1d, 0xd1, 0x80,
    0x51, 0xfe, 0x12, 0xff, 0x28, 0x8, 0x80, 0x38,
    0x44, 0xe0, 0x16, 0xaa, 0x80, 0xa, 0xa7, 0x0,
    0xff, 0xe1, 0x2d, 0x50, 0x4a, 0xa8, 0x40, 0x1f,
    0xff, 0x23, 0x8d, 0x0, 0xff, 0xe2, 0xa8, 0x89,
    0xcc, 0xc0, 0x1f, 0xfc, 0x2b, 0xfa, 0x1, 0xbe,
    0x30, 0xf, 0xfe, 0x13, 0x1c, 0x1, 0xa0, 0x7,
    0xff, 0x13, 0x71, 0xc4, 0x3, 0xf1, 0x0, 0x7f,
    0xf1, 0xd3, 0x60, 0x3, 0x9c, 0x3, 0xfc, 0x60,
    0xb6, 0x5a, 0x1, 0x45, 0x98, 0x80, 0x7f, 0x40,
    0x1, 0xb9, 0xc0, 0x22, 0x41, 0xb0, 0xf, 0xe9,
    0x6d, 0x91, 0x0, 0xd7, 0xbc, 0xa0, 0x1, 0x47,
    0x11, 0x0, 0xe, 0x48, 0x3, 0xc2, 0x40, 0x18,
    0xae, 0x1, 0x0, 0x3f, 0xf8, 0xa6, 0xf3, 0x90,
    0x1, 0xff, 0xc4,

    /* U+62A2 "抢" */
    0x0, 0xff, 0xe7, 0xbf, 0x98, 0x7, 0x8b, 0xfc,
    0x20, 0x1f, 0xfc, 0x78, 0x0, 0x40, 0x7, 0xff,
    0x19, 0x15, 0x66, 0x40, 0xf, 0xfe, 0x20, 0xd0,
    0x5d, 0x82, 0x84, 0x3, 0x9f, 0xfd, 0x1, 0x9f,
    0xe0, 0x6, 0x8d, 0x8, 0xa8, 0x74, 0x3, 0x89,
    0x10, 0x40, 0x68, 0x80, 0xb3, 0x65, 0x0, 0x2b,
    0x9e, 0x8, 0x4, 0xb7, 0x6a, 0xf, 0xbb, 0x52,
    0x22, 0x40, 0x34, 0x31, 0xe1, 0x0, 0x7e, 0x1c,
    0x53, 0xa0, 0xf, 0x4b, 0x16, 0xa8, 0x7, 0xce,
    0x6a, 0x1d, 0xff, 0xf5, 0xc0, 0x78, 0x7, 0xcf,
    0x34, 0x0, 0x55, 0xe2, 0x3, 0x7a, 0xb0, 0xd,
    0xe1, 0xdc, 0x0, 0xd5, 0x5c, 0xa0, 0x12, 0x88,
    0x2c, 0xeb, 0x81, 0x19, 0x0, 0x7e, 0x10, 0x10,
    0x8, 0xe9, 0x88, 0x42, 0xf1, 0x0, 0x3f, 0x18,
    0x7, 0x13, 0x57, 0x48, 0x38, 0x7, 0xf0, 0xa0,
    0x7, 0xc, 0xa8, 0x80, 0x7f, 0xab, 0xb8, 0x2a,
    0x1, 0xff, 0xc6, 0x23, 0x48, 0xa0, 0xf, 0xfe,
    0x34, 0x6d, 0xb8, 0x1d, 0x98, 0x7, 0xff, 0x21,
    0x91, 0x0, 0x1d, 0xe0, 0x1c, 0xe0, 0x40, 0x1e,
    0xc0, 0x30, 0x9, 0x19, 0x40, 0x80, 0x23, 0xc,
    0xb9, 0x9a, 0xb1, 0x81, 0x0, 0x28, 0x93, 0x81,
    0x0, 0xa1, 0x41, 0x19, 0xa5, 0x33, 0x58, 0x6,
    0xcf, 0xe7, 0x0, 0xea, 0xef, 0xee, 0xbf, 0xd8,
    0x80, 0x0,

    /* U+62A4 "护" */
    0x0, 0xc2, 0x40, 0x1f, 0xc4, 0x1, 0xfe, 0x6d,
    0x40, 0xf, 0xbb, 0x0, 0x3f, 0xf9, 0xe, 0x28,
    0x1, 0xff, 0xc3, 0x11, 0xd8, 0x1a, 0x23, 0x80,
    0x3f, 0xef, 0xee, 0xa8, 0x1b, 0xbb, 0x8, 0x2f,
    0xfa, 0x2, 0xff, 0x80, 0x2, 0xcd, 0xf1, 0x0,
    0x42, 0x66, 0x20, 0x23, 0x50, 0x1, 0x4c, 0xfc,
    0xe0, 0x12, 0x66, 0x28, 0x27, 0x2c, 0x3, 0xff,
    0xe6, 0x75, 0x80, 0x1f, 0xfc, 0x42, 0xc0, 0x85,
    0x10, 0x13, 0xff, 0xf9, 0x40, 0x2, 0xf9, 0xa8,
    0x9, 0x7a, 0x0, 0x14, 0x4f, 0xe0, 0x38, 0x34,
    0x40, 0x7a, 0x0, 0x4b, 0x77, 0xfc, 0x25, 0x5f,
    0x78, 0x1, 0x84, 0x8, 0x3, 0xfe, 0x50, 0xf,
    0x94, 0x38, 0x3, 0xff, 0x8e, 0x60, 0x40, 0x1f,
    0xfc, 0x7b, 0x4, 0x0, 0xff, 0xe3, 0x11, 0x98,
    0x40, 0x3f, 0xf8, 0x5e, 0xe, 0x10, 0x12, 0x1,
    0xff, 0xc1, 0xac, 0x70, 0x14, 0x52, 0x50, 0xf,
    0xfe, 0xb, 0x18, 0xc1, 0x60, 0x40, 0x7, 0xff,
    0xb, 0x3f, 0x9c, 0x23, 0x54, 0x3, 0xff, 0x80,

    /* U+62A5 "报" */
    0x0, 0xe1, 0x0, 0xff, 0xe4, 0xaf, 0x28, 0x7,
    0xff, 0x35, 0x3f, 0xff, 0xce, 0x1, 0xff, 0xc1,
    0x25, 0x5f, 0x18, 0x7, 0xff, 0xe, 0xab, 0xe9,
    0x1, 0x0, 0x9e, 0xed, 0x21, 0x37, 0x61, 0x0,
    0xfd, 0xa0, 0x60, 0x16, 0xa2, 0xc, 0xd, 0x10,
    0x1, 0xcb, 0x15, 0x8e, 0xc, 0x1, 0x57, 0xfa,
    0x82, 0xbf, 0xc2, 0x1, 0x89, 0xd4, 0xcd, 0x6,
    0x1, 0xff, 0xc4, 0x7d, 0xef, 0xc7, 0x0, 0xff,
    0xe1, 0x5c, 0x45, 0x53, 0x11, 0x30, 0x7, 0xe2,
    0x7c, 0x0, 0x1b, 0xbf, 0xea, 0x0, 0xe4, 0xf0,
    0x88, 0x10, 0x2, 0x24, 0x27, 0xfe, 0xc0, 0x60,
    0x1, 0xdf, 0xda, 0x82, 0xe7, 0x0, 0x4c, 0x14,
    0x1, 0x58, 0x78, 0x4, 0x84, 0xee, 0xf, 0x30,
    0xe, 0x63, 0x30, 0x1, 0x85, 0x40, 0x7, 0xba,
    0x8d, 0x0, 0xfd, 0x1, 0x0, 0xe3, 0x20, 0x18,
    0x80, 0x3f, 0xe1, 0x74, 0x78, 0x17, 0x0, 0xff,
    0xe2, 0xc1, 0x40, 0x50, 0x7, 0xff, 0x1c, 0x40,
    0x58, 0x3, 0xff, 0x8a, 0x38, 0x6a, 0x38, 0x80,
    0x1f, 0x10, 0x7, 0xc9, 0xe7, 0x15, 0x63, 0x72,
    0x1, 0xaf, 0x60, 0x18, 0x3, 0x65, 0x8d, 0x38,
    0x26, 0x93, 0x71, 0x0, 0x1c, 0x89, 0x6, 0x1,
    0xb2, 0x35, 0x40, 0x22, 0xd7, 0x22, 0x0, 0x33,
    0xf5, 0xc0, 0x24, 0xf7, 0x71, 0x0, 0x7a, 0x30,
    0x0,

    /* U+62C9 "拉" */
    0x0, 0xe2, 0x0, 0xff, 0xe4, 0xae, 0xa8, 0x7,
    0x97, 0xdc, 0x3, 0xff, 0x90, 0x81, 0x60, 0x1f,
    0xfc, 0x81, 0x23, 0x10, 0xf, 0xfe, 0x19, 0x22,
    0x66, 0x9, 0x44, 0xe0, 0x1, 0xdd, 0xa0, 0x22,
    0xe1, 0x6e, 0xf2, 0x3, 0xdd, 0xea, 0x0, 0x3a,
    0x20, 0x80, 0x90, 0xd6, 0xab, 0xfe, 0xb0, 0x2,
    0x7f, 0xa8, 0x2b, 0xec, 0x95, 0x7f, 0x22, 0x15,
    0x40, 0x1f, 0xf4, 0xf8, 0x7, 0xaf, 0x90, 0x3,
    0xff, 0x81, 0xe0, 0xa0, 0x1c, 0x80, 0x80, 0x1f,
    0xc7, 0x22, 0xe1, 0xe0, 0x18, 0x84, 0xc0, 0x3e,
    0x30, 0xac, 0x62, 0x13, 0x50, 0xc, 0xa1, 0x60,
    0x19, 0x27, 0xa4, 0x5, 0xb0, 0xc1, 0x1, 0x0,
    0x2c, 0x4, 0x0, 0xd6, 0xc0, 0x61, 0x72, 0x60,
    0xc, 0xc, 0x0, 0x90, 0x4c, 0x3, 0x4e, 0x74,
    0x80, 0x79, 0x1, 0x0, 0x8, 0xe, 0x1, 0xcc,
    0x60, 0x1f, 0xc6, 0x60, 0x6, 0x86, 0x80, 0x7f,
    0xf1, 0x14, 0x8, 0x10, 0x10, 0x3, 0xff, 0x89,
    0xec, 0x64, 0x45, 0x0, 0xff, 0xe2, 0xb4, 0x8d,
    0x7, 0x80, 0x7f, 0x18, 0x0, 0xa6, 0x7e, 0x60,
    0xf9, 0x9c, 0xc0, 0x8, 0xb9, 0x6, 0x16, 0x6f,
    0x84, 0x15, 0x9b, 0x60, 0x4, 0x82, 0xc6, 0x6f,
    0xff, 0xfe, 0x15, 0x0, 0x23, 0xfa, 0x40, 0x3f,
    0xf8, 0xa0,

    /* U+62D6 "拖" */
    0x0, 0xc4, 0x40, 0xe, 0x43, 0x0, 0xff, 0xe1,
    0x4e, 0x0, 0x75, 0x60, 0x80, 0x7f, 0xf1, 0xcc,
    0x50, 0x40, 0x3f, 0xf8, 0xf0, 0x4, 0xcd, 0xfc,
    0x1, 0xfe, 0x24, 0x6, 0x99, 0xfe, 0x0, 0x36,
    0xe9, 0x7, 0x70, 0x24, 0x2b, 0x33, 0xfc, 0x1,
    0xfc, 0xa8, 0xca, 0x66, 0x8d, 0x33, 0xf0, 0x1,
    0xb7, 0x48, 0x3b, 0xd6, 0x14, 0x1, 0xff, 0xc7,
    0x61, 0x3c, 0x10, 0xf, 0x13, 0xd8, 0x7, 0xf2,
    0x6d, 0x80, 0x70, 0xc6, 0xea, 0x10, 0x3, 0xf8,
    0x88, 0x0, 0x26, 0xa4, 0x7, 0x17, 0x40, 0xf,
    0xc3, 0xf4, 0x78, 0x19, 0x2a, 0x21, 0xd9, 0x2,
    0x20, 0x9, 0x27, 0x90, 0xf, 0x39, 0x1, 0xf3,
    0xd4, 0x44, 0x0, 0x10, 0x8, 0xad, 0x8c, 0x45,
    0x89, 0xce, 0x12, 0x60, 0x1e, 0x73, 0x0, 0x13,
    0xee, 0x94, 0x2, 0x3f, 0x0, 0xfe, 0x11, 0x0,
    0x50, 0x40, 0x1f, 0xfc, 0x27, 0xa2, 0x60, 0xf,
    0xfe, 0x3c, 0xa9, 0x48, 0x7, 0xff, 0x1f, 0xfd,
    0xa6, 0xc0, 0x1f, 0xfc, 0x3d, 0x60, 0x10, 0x1,
    0x4b, 0x80, 0x7f, 0x8, 0x10, 0x1, 0xa0, 0x3,
    0x38, 0x10, 0x1, 0x19, 0xc, 0x2, 0x20, 0xda,
    0x99, 0xea, 0xba, 0x4, 0x0, 0x5c, 0x94, 0x80,
    0x48, 0xc0, 0xac, 0xdc, 0xa8, 0x74, 0x20, 0xe,
    0xfd, 0x40, 0xd, 0x3d, 0xff, 0xfb, 0x14, 0x0,

    /* U+62E5 "拥" */
    0x0, 0xc2, 0x1, 0xff, 0xc8, 0x1e, 0x90, 0xf,
    0xfe, 0x6e, 0x67, 0xff, 0x0, 0x3, 0xf8, 0x4c,
    0xff, 0xf8, 0x2, 0x1, 0xfe, 0x5f, 0xf8, 0x53,
    0xfe, 0x50, 0x9, 0xaa, 0x80, 0x95, 0x20, 0x1f,
    0xfc, 0x3f, 0x54, 0x2, 0x57, 0x0, 0xff, 0xe1,
    0xcf, 0xf0, 0x37, 0xf0, 0x7, 0xff, 0x31, 0x7f,
    0xe1, 0x4f, 0xf9, 0x40, 0x3f, 0xf8, 0x4, 0xab,
    0x0, 0xaa, 0xc4, 0x1, 0xf9, 0xa4, 0x0, 0xf5,
    0x50, 0xad, 0x54, 0xe0, 0x1c, 0xa0, 0xd2, 0x80,
    0x1f, 0xfc, 0x39, 0xeb, 0x2, 0xad, 0x0, 0x18,
    0x7, 0xff, 0x1, 0x8d, 0xc1, 0x14, 0x2, 0x4a,
    0xa8, 0x56, 0xaa, 0x70, 0xb, 0x75, 0x20, 0x18,
    0xc0, 0x95, 0x60, 0x15, 0x58, 0x80, 0x22, 0x0,
    0xf0, 0x84, 0x7f, 0xc2, 0x9f, 0xf2, 0x80, 0x7f,
    0x98, 0x8, 0x3, 0xff, 0x8f, 0xa0, 0xe0, 0x1f,
    0xfc, 0x74, 0x12, 0x0, 0xff, 0xe1, 0x18, 0x4,
    0x46, 0x80, 0x1f, 0xc2, 0x1, 0x14, 0xf8, 0x8,
    0x58, 0x70, 0x7, 0xd3, 0x88, 0x2, 0x0, 0x62,
    0x1a, 0x26, 0x34, 0x0, 0xfc, 0x63, 0x20, 0x2,
    0xbd, 0xe2, 0x24, 0xf8, 0x7, 0x75, 0x84, 0x77,
    0x18, 0x0,

    /* U+62E6 "拦" */
    0x0, 0xc2, 0x60, 0x1f, 0xfc, 0x13, 0x0, 0xfa,
    0x70, 0xc0, 0x22, 0xd6, 0x0, 0xe6, 0xc6, 0x0,
    0xff, 0xe0, 0x10, 0x49, 0x0, 0x68, 0x7, 0x0,
    0xff, 0xe0, 0xf0, 0x48, 0x4, 0xe2, 0xe2, 0x1,
    0xff, 0xc1, 0x35, 0x44, 0x0, 0xc0, 0xc0, 0x6,
    0x5c, 0xc3, 0x7, 0x65, 0x80, 0x50, 0xa8, 0x16,
    0x16, 0x1, 0xc6, 0x44, 0x10, 0x32, 0x68, 0xff,
    0x6a, 0xff, 0x94, 0x2b, 0xfd, 0x80, 0x6, 0xee,
    0x38, 0x6f, 0x6f, 0x99, 0xff, 0xca, 0x1, 0xfe,
    0x7c, 0xcf, 0xfa, 0x40, 0x3f, 0xfa, 0x67, 0x0,
    0x1f, 0xfc, 0x8e, 0xc7, 0x0, 0xff, 0xe2, 0x2d,
    0x38, 0x13, 0x68, 0x55, 0xdf, 0xf5, 0x0, 0xb,
    0xe9, 0x44, 0x32, 0x48, 0x11, 0x3f, 0xe0, 0x1,
    0x1c, 0x73, 0x0, 0x77, 0x7f, 0xff, 0x70, 0x5,
    0x8e, 0x20, 0x1f, 0xff, 0xf0, 0xf, 0xfe, 0x29,
    0x0, 0x4f, 0x33, 0xff, 0xc1, 0x60, 0x5, 0xf2,
    0x81, 0x5, 0x33, 0x7f, 0xf0, 0x74, 0x0, 0xe2,
    0x52, 0x21, 0xbf, 0xff, 0xfc, 0x1b, 0x0, 0x67,
    0xeb, 0x0, 0x7f, 0xf1, 0x40,

    /* U+62F7 "拷" */
    0x0, 0xc2, 0x40, 0x1e, 0x12, 0x0, 0xff, 0xe0,
    0xce, 0x98, 0x7, 0x5e, 0x88, 0x7, 0x8, 0x7,
    0xff, 0x26, 0x3c, 0x80, 0x3f, 0xc9, 0x10, 0x70,
    0x98, 0x83, 0x13, 0x99, 0x0, 0x7f, 0xb1, 0xdc,
    0x40, 0xef, 0x6f, 0x7, 0x0, 0x47, 0x76, 0x50,
    0xfb, 0xa8, 0xff, 0x28, 0x77, 0xf8, 0xcc, 0xe6,
    0x1, 0x3a, 0x20, 0x80, 0xd1, 0xc0, 0x3e, 0x57,
    0x48, 0x0, 0xc9, 0xfe, 0x70, 0xcf, 0xd0, 0xf,
    0x1d, 0xd, 0x0, 0x7f, 0xf0, 0x2b, 0xfe, 0x50,
    0xec, 0x1, 0xef, 0xfa, 0x0, 0x3f, 0x7b, 0xbe,
    0x40, 0x17, 0x7f, 0x60, 0x7, 0xc2, 0xd1, 0x16,
    0xa0, 0xe4, 0x47, 0x90, 0x3, 0xdd, 0xca, 0x0,
    0x45, 0x3, 0x23, 0x37, 0x0, 0x49, 0x3a, 0xe0,
    0x49, 0xa7, 0xae, 0x0, 0x79, 0x9f, 0x0, 0x56,
    0xc4, 0x21, 0x75, 0x98, 0x23, 0xc, 0xee, 0xf8,
    0x2, 0x9b, 0xf6, 0x0, 0x7b, 0xa6, 0xb0, 0x18,
    0x8f, 0xc0, 0x13, 0x20, 0x4, 0xed, 0x36, 0x4c,
    0x1f, 0xfe, 0xd0, 0xf, 0xf4, 0x30, 0x1, 0x19,
    0xbc, 0x2, 0x1, 0xff, 0xc2, 0x89, 0x9f, 0x3,
    0x0, 0x7f, 0xf2, 0xc, 0x8, 0x3, 0xe1, 0x0,
    0xff, 0xe0, 0x58, 0x70, 0x7, 0x56, 0x30, 0x10,
    0x7, 0x92, 0xaf, 0x5c, 0x1c, 0x3, 0x84, 0xc6,
    0x4, 0x3, 0xce, 0xa8, 0xb, 0x82, 0x1, 0xd7,
    0xfc, 0xe0, 0x1f, 0x1f, 0xfb, 0x68, 0xc0, 0x30,

    /* U+62FD "拽" */
    0x0, 0xc4, 0x20, 0x1f, 0x11, 0x80, 0x7f, 0xf0,
    0x36, 0x80, 0x3e, 0x9c, 0x10, 0xf, 0xfe, 0xd0,
    0xa2, 0x67, 0x4, 0x4e, 0x20, 0xf, 0xf3, 0xdd,
    0xe3, 0xa, 0xbb, 0xd4, 0x1, 0x4d, 0xd8, 0x16,
    0xe8, 0x1, 0x15, 0x43, 0x9, 0xaa, 0x80, 0x39,
    0x51, 0x0, 0x28, 0x80, 0x2, 0x2a, 0x98, 0x11,
    0x54, 0x80, 0x1d, 0x9f, 0xe0, 0x4f, 0xe0, 0xe,
    0x30, 0xf, 0xfe, 0x3e, 0x7f, 0x98, 0x37, 0xfd,
    0xc0, 0x1f, 0xfc, 0x25, 0x66, 0x18, 0x2b, 0x34,
    0x1, 0xfc, 0xf1, 0x0, 0x4, 0xcc, 0x81, 0x33,
    0x40, 0x7, 0x85, 0x80, 0xdd, 0x0, 0x3b, 0x81,
    0xc0, 0x3e, 0x3c, 0xe9, 0x1, 0xac, 0x0, 0x4c,
    0xda, 0x1f, 0x32, 0x80, 0xc, 0xe6, 0x68, 0x5,
    0x50, 0x4, 0xac, 0xc4, 0x4, 0x66, 0x80, 0x32,
    0x76, 0x38, 0x6, 0x6f, 0xfd, 0xc0, 0xbf, 0xee,
    0xc8, 0x0, 0x84, 0x3, 0xfe, 0x11, 0x20, 0x37,
    0xf0, 0x7, 0xff, 0x15, 0xc7, 0x64, 0xfc, 0x3,
    0xff, 0x86, 0x2e, 0xe0, 0x29, 0xd2, 0x8, 0x0,
    0xff, 0x13, 0xe7, 0x41, 0x88, 0x20, 0x0, 0xdd,
    0x80, 0x21, 0x1, 0xa, 0xed, 0x82, 0x5b, 0xda,
    0xe, 0x10, 0x90, 0x70, 0x3c, 0xe0, 0x30, 0x12,
    0x7b, 0xea, 0x40, 0x47, 0x3f, 0xc5, 0x61, 0x2,
    0x21, 0xb4, 0x5, 0xe4, 0x20, 0x7, 0x44, 0x99,
    0x96, 0x40,

    /* U+62FF "拿" */
    0x0, 0xff, 0x88, 0x40, 0x3f, 0xf8, 0xe5, 0xba,
    0xe9, 0x0, 0xff, 0xe2, 0xc6, 0x9d, 0x2b, 0x6a,
    0x0, 0x7f, 0xf0, 0x5b, 0x9d, 0x7d, 0x6a, 0xc2,
    0xec, 0x60, 0x1f, 0x85, 0xfa, 0x42, 0x24, 0x8c,
    0xcf, 0xca, 0xac, 0xc2, 0x0, 0x65, 0xbe, 0x85,
    0xb9, 0x8c, 0xcf, 0x2f, 0xc8, 0xdf, 0x41, 0x12,
    0x95, 0xf2, 0x59, 0x77, 0x7f, 0x1a, 0x65, 0xab,
    0xc9, 0x67, 0x40, 0x6e, 0xff, 0xf0, 0x69, 0x2f,
    0xa4, 0xc, 0x3, 0x57, 0x77, 0xf8, 0xc0, 0x21,
    0x20, 0xf, 0x6a, 0x27, 0xf8, 0x40, 0x3f, 0x84,
    0x4d, 0x77, 0xfe, 0x31, 0x0, 0xfc, 0x5d, 0xdd,
    0xfe, 0xcc, 0x6d, 0x52, 0xf1, 0xc0, 0x38, 0xfb,
    0x9f, 0xfd, 0xdc, 0xdd, 0x65, 0xda, 0xa6, 0x44,
    0x1, 0x8e, 0x21, 0x54, 0xbb, 0xb0, 0xb, 0x75,
    0xdc, 0xff, 0x71, 0x0, 0x72, 0x18, 0x0, 0x46,
    0x60, 0x37, 0x72, 0x21, 0x56, 0x0, 0xf3, 0xd5,
    0x7c, 0x3, 0x55, 0xeb, 0x0, 0xf2, 0xff, 0xfc,
    0x5, 0xff, 0xee, 0x0, 0xc6, 0xcd, 0xfc, 0x6,
    0xcd, 0xfc, 0x0, 0xb9, 0x9f, 0xe0, 0x19, 0x9f,
    0xe0, 0x4, 0x7f, 0xff, 0x1, 0xff, 0xff, 0x0,
    0x7e, 0x27, 0x8b, 0x7, 0x0, 0xff, 0xe3, 0x43,
    0xaa, 0x48, 0x7, 0xff, 0x14, 0xbf, 0xdd, 0x64,
    0x1, 0xfe,

    /* U+6301 "持" */
    0x0, 0xca, 0x80, 0x1f, 0x9, 0x88, 0x7, 0xfd,
    0x72, 0x1, 0xf2, 0x63, 0x80, 0x7f, 0xf7, 0xcc,
    0x4, 0x3, 0xff, 0x89, 0xdf, 0xf4, 0x84, 0x7f,
    0xe7, 0x0, 0xa2, 0x64, 0x27, 0x32, 0x37, 0x55,
    0x8c, 0xd, 0x57, 0x18, 0x4, 0xcd, 0x0, 0xb3,
    0x53, 0x55, 0x48, 0x55, 0x72, 0x0, 0x5d, 0xfe,
    0x12, 0xff, 0x28, 0x7, 0xff, 0x24, 0xa6, 0x7b,
    0x82, 0xa6, 0x7c, 0x1, 0xf8, 0x59, 0xb9, 0x0,
    0xd9, 0xbc, 0x1, 0xfd, 0xff, 0xfa, 0x82, 0x3f,
    0xe0, 0xf, 0x17, 0x68, 0x7, 0xff, 0x11, 0x27,
    0x84, 0x5, 0xc0, 0x47, 0xe3, 0xf, 0x11, 0x0,
    0x2a, 0xd8, 0x0, 0x5f, 0x35, 0xdd, 0xf4, 0x83,
    0xf7, 0x18, 0x3a, 0x33, 0x84, 0x2, 0xf7, 0x7f,
    0x94, 0xd, 0xdc, 0xa0, 0x8e, 0x60, 0x1c, 0xb2,
    0x11, 0x1d, 0xe1, 0x71, 0x3, 0x0, 0xff, 0x33,
    0xd8, 0x7, 0xff, 0x21, 0xd9, 0x2c, 0x3, 0xff,
    0x91, 0x28, 0x82, 0x0, 0xff, 0xe0, 0x88, 0x80,
    0x3a, 0xac, 0x80, 0x6, 0x1, 0xf2, 0xce, 0x3,
    0x80, 0x70, 0xa2, 0x26, 0xa4, 0x8, 0x3, 0xcc,
    0x65, 0xe0, 0x1f, 0x99, 0x41, 0x94, 0x3, 0x97,
    0xbf, 0x50, 0x3, 0xe4, 0xde, 0xf9, 0x0, 0xe0,

    /* U+6302 "挂" */
    0x0, 0xc2, 0x82, 0x1, 0xf1, 0x18, 0x7, 0xfc,
    0xf6, 0x80, 0x1f, 0x4e, 0x8, 0x7, 0xff, 0xc5,
    0xf7, 0x72, 0x6, 0x6e, 0xe0, 0x9, 0x2e, 0xd4,
    0x13, 0x74, 0x1, 0xff, 0xc3, 0x14, 0x41, 0x81,
    0xa2, 0x1f, 0x77, 0x20, 0x66, 0xee, 0x0, 0x97,
    0xfd, 0x21, 0x5f, 0xc0, 0x1f, 0xfe, 0x2, 0x3f,
    0xfe, 0x40, 0xef, 0xfe, 0x10, 0xf, 0x46, 0xa2,
    0xaf, 0xff, 0x4, 0x3, 0xe, 0x1, 0x1, 0x55,
    0x7f, 0xf0, 0x44, 0x12, 0xb9, 0x41, 0x35, 0x40,
    0x3a, 0xb8, 0x40, 0x3e, 0xa5, 0x58, 0x38, 0x80,
    0x3c, 0x22, 0x0, 0xfd, 0x9f, 0x58, 0x1, 0xa3,
    0xff, 0x20, 0x77, 0xfe, 0x0, 0x88, 0x3, 0xee,
    0x44, 0xc2, 0x8, 0x9c, 0x1, 0xff, 0x35, 0xde,
    0x50, 0xab, 0xbc, 0x1, 0xff, 0xfe, 0x1c, 0x6,
    0xa, 0xaf, 0x28, 0x5d, 0x57, 0x18, 0x2, 0xb9,
    0x18, 0xc1, 0x57, 0xc2, 0xa, 0xbe, 0x60, 0x5,
    0x7f, 0x48, 0x3, 0xff, 0xff, 0x84, 0xa0,

    /* U+6307 "指" */
    0x0, 0xc2, 0x40, 0x1f, 0xfc, 0x98, 0xd3, 0x0,
    0x2f, 0xb8, 0x7, 0xff, 0x40, 0xe3, 0x70, 0x3,
    0xff, 0x86, 0x4d, 0x7f, 0x8e, 0x6c, 0x1, 0xff,
    0xc1, 0x9f, 0xd9, 0x44, 0x46, 0x75, 0x0, 0x4f,
    0xfe, 0x60, 0xcf, 0xe0, 0x9, 0x63, 0x3e, 0xdc,
    0xc1, 0xe0, 0x0, 0x26, 0x61, 0x3, 0x32, 0x88,
    0x4d, 0x39, 0x80, 0x76, 0xb8, 0x1, 0xb3, 0xe,
    0x1f, 0x96, 0x0, 0xc0, 0xf, 0x89, 0x4, 0x3,
    0xfc, 0x82, 0x9f, 0xee, 0xeb, 0xfd, 0xa2, 0xe0,
    0x1f, 0xf7, 0xc3, 0x2a, 0x24, 0xac, 0xf5, 0x20,
    0x1f, 0x33, 0xb0, 0xb, 0xcd, 0x57, 0x4c, 0x28,
    0x7, 0x11, 0x2, 0xa3, 0x4a, 0x23, 0xfc, 0xc0,
    0x14, 0x6e, 0x90, 0xe, 0x6d, 0x9d, 0xff, 0xda,
    0x1, 0x31, 0x21, 0x87, 0xb0, 0x5, 0x1f, 0xfe,
    0xe0, 0xe, 0xcf, 0xb5, 0x0, 0xff, 0xe3, 0x90,
    0x7, 0xf6, 0x3b, 0xfa, 0x40, 0x3f, 0xf8, 0x69,
    0x11, 0xe7, 0x0, 0xff, 0xe1, 0xc7, 0xff, 0xb8,
    0x3, 0xff, 0xa6, 0x40, 0x1e, 0xc8, 0x8f, 0x48,
    0x7, 0xe, 0x72, 0x1, 0x0, 0x64, 0x77, 0xf8,
    0x3, 0x85, 0x5e, 0x34, 0x40, 0x34, 0x7f, 0xfb,
    0x80, 0x40, 0x0,

    /* U+6309 "按" */
    0x0, 0xc2, 0x1, 0xf8, 0x94, 0x40, 0x3f, 0xed,
    0xe0, 0xf, 0xaa, 0x8e, 0x1, 0xff, 0xc8, 0xb0,
    0xd0, 0xf, 0xfe, 0x24, 0x46, 0xb0, 0x48, 0x8e,
    0x0, 0xff, 0xb, 0xbf, 0x0, 0x1d, 0xf8, 0x40,
    0x19, 0xfe, 0x31, 0xff, 0x38, 0x37, 0x77, 0xe5,
    0x0, 0xca, 0x88, 0x0, 0x22, 0xc, 0x4, 0x45,
    0x4a, 0x23, 0x80, 0x3a, 0x6e, 0xc6, 0x37, 0x64,
    0x10, 0x5, 0x20, 0x80, 0x63, 0x10, 0xf, 0xf0,
    0xf4, 0x2, 0x2, 0x80, 0x69, 0xe1, 0x0, 0xff,
    0xe0, 0x11, 0x10, 0x3, 0xff, 0x84, 0x37, 0x1b,
    0xfe, 0xd0, 0x4f, 0xff, 0xc8, 0x0, 0x16, 0x20,
    0x41, 0x55, 0x80, 0xa, 0xb8, 0x41, 0x56, 0x64,
    0xae, 0x91, 0xc, 0x98, 0xa9, 0x5, 0xaa, 0xc0,
    0xa, 0xa8, 0x88, 0xa2, 0xe4, 0x26, 0x1, 0x50,
    0x48, 0x4, 0x62, 0xa0, 0x19, 0xef, 0xa0, 0x40,
    0x30, 0xb1, 0x18, 0x5, 0x21, 0xe0, 0x18, 0x50,
    0x3, 0xe2, 0x12, 0xe6, 0x3, 0x51, 0x50, 0xf,
    0xfe, 0x9, 0xf4, 0x84, 0xef, 0x5, 0x80, 0x7f,
    0xf1, 0x1b, 0x94, 0x88, 0x28, 0x1, 0xff, 0xc5,
    0x65, 0x2, 0x1e, 0x60, 0xf, 0xc2, 0x1, 0x85,
    0xf6, 0x42, 0x76, 0x46, 0x6c, 0x40, 0x24, 0x8b,
    0x23, 0x6, 0xbe, 0x82, 0x6e, 0x60, 0x6f, 0x44,
    0x72, 0x0, 0x5, 0xd0, 0x20, 0x35, 0xa, 0x3a,
    0x44, 0x2, 0x1b, 0x80, 0x60, 0x2, 0xde, 0xfa,
    0x84, 0xe6, 0xb8, 0x80, 0x7c, 0xfc, 0x40,

    /* U+6321 "挡" */
    0x0, 0xc2, 0x40, 0x1f, 0x88, 0xc0, 0x3f, 0xcd,
    0xa4, 0x1, 0x8, 0x5, 0x18, 0x1, 0xff, 0xc3,
    0x9f, 0x10, 0xf, 0x9f, 0x88, 0x3, 0xfb, 0x46,
    0xc0, 0x3e, 0x90, 0x20, 0xf, 0xe4, 0x55, 0x20,
    0x7, 0x38, 0xc0, 0x0, 0xb3, 0x12, 0x1f, 0x96,
    0x10, 0x12, 0x1, 0x86, 0x9, 0x80, 0x2, 0x66,
    0x10, 0x23, 0x60, 0x26, 0x24, 0x0, 0xac, 0x24,
    0x2, 0x3f, 0xf4, 0x6, 0xfe, 0x80, 0x22, 0xd0,
    0x2, 0xaa, 0x20, 0x7, 0xfd, 0x35, 0x7d, 0x4e,
    0x15, 0x4f, 0xaa, 0x0, 0x7f, 0x9d, 0x57, 0x10,
    0x2a, 0xf0, 0x80, 0x7c, 0x47, 0xdf, 0xff, 0xca,
    0x1, 0xef, 0xf, 0xd9, 0x0, 0xff, 0xe1, 0x24,
    0xeb, 0x81, 0x1f, 0x80, 0x7f, 0xf0, 0xa9, 0x88,
    0x1, 0x78, 0xa0, 0x23, 0xfc, 0x1, 0xa2, 0x76,
    0x1, 0x80, 0x9, 0xdd, 0xfc, 0xa0, 0x13, 0x30,
    0x80, 0x39, 0x95, 0x7f, 0x88, 0x3, 0xfe, 0x2a,
    0xaf, 0xe7, 0x0, 0xff, 0xf3, 0x70, 0x4, 0x99,
    0x9f, 0xe4, 0x0, 0xd3, 0x8c, 0x4, 0x4, 0x67,
    0xfe, 0x10, 0xe, 0x76, 0xc0, 0x3, 0x7f, 0xff,
    0x94, 0x0,

    /* U+6362 "换" */
    0x0, 0xff, 0xe0, 0x10, 0x7, 0xff, 0xb, 0xe4,
    0x3, 0x8b, 0x70, 0x3, 0xff, 0x80, 0x20, 0x1f,
    0x58, 0x50, 0x7, 0xff, 0x1c, 0x98, 0x27, 0xff,
    0x88, 0x3, 0xff, 0x83, 0xc0, 0xac, 0xd2, 0x80,
    0xc, 0x3, 0x3d, 0xe8, 0x3d, 0xd8, 0x20, 0xda,
    0xa6, 0x60, 0x5, 0x8, 0x6, 0xf6, 0x10, 0x16,
    0x69, 0xce, 0x40, 0x26, 0x56, 0x50, 0xe, 0x8d,
    0xc0, 0x6d, 0x89, 0x6, 0x99, 0xe0, 0x4, 0xc9,
    0x0, 0x3f, 0x91, 0x2, 0xac, 0xd8, 0x0, 0xcd,
    0x60, 0x7, 0xf0, 0xd9, 0x9b, 0xb9, 0xa0, 0xdd,
    0xcd, 0x0, 0xff, 0x2d, 0x0, 0x42, 0x23, 0x1,
    0x18, 0xc0, 0x3e, 0x30, 0x6a, 0x50, 0xf, 0xfe,
    0x22, 0x56, 0x80, 0x17, 0x0, 0x3f, 0xf8, 0x6b,
    0x6a, 0x0, 0x6a, 0x30, 0xf, 0xfe, 0x1a, 0x2d,
    0x70, 0x5, 0xfe, 0x23, 0xff, 0x70, 0x3f, 0xfb,
    0x81, 0xfd, 0x46, 0x94, 0x3, 0x3b, 0xf9, 0x0,
    0xe, 0xfe, 0x60, 0xf, 0xa2, 0x3c, 0x1, 0x7c,
    0x47, 0x18, 0x7, 0xff, 0x1, 0x91, 0x7, 0x6,
    0x1, 0xff, 0xc4, 0x79, 0x19, 0xe0, 0xc4, 0x0,
    0xff, 0xe0, 0xa6, 0x40, 0xe9, 0x13, 0x6, 0xe4,
    0x40, 0x21, 0x6b, 0x1, 0x13, 0xed, 0x9b, 0x79,
    0x80, 0xf, 0xd1, 0xba, 0x48, 0xe, 0x54, 0x2c,
    0xe0, 0x9b, 0x64, 0x40, 0x30, 0xdd, 0x13, 0x38,
    0x14, 0xdf, 0x19, 0x67, 0x49, 0x0, 0x7e, 0x5d,
    0xb5,

    /* U+636E "据" */
    0x0, 0xc4, 0x20, 0x1f, 0xfc, 0x9f, 0xc0, 0xf,
    0xfe, 0x77, 0x7f, 0xff, 0xc2, 0x1, 0xff, 0xb,
    0x37, 0xe2, 0x0, 0xff, 0xe0, 0xac, 0xcf, 0xe4,
    0x0, 0xcf, 0x98, 0x22, 0x66, 0x0, 0x3f, 0xf8,
    0x9c, 0x44, 0x0, 0x11, 0x4, 0x16, 0x23, 0xf2,
    0x0, 0x69, 0xee, 0x11, 0x3b, 0x82, 0x2, 0xef,
    0xf8, 0x80, 0x3f, 0xf8, 0x29, 0xff, 0xa9, 0xbf,
    0xf0, 0x80, 0x7f, 0xf1, 0x31, 0x80, 0x3f, 0xf8,
    0x11, 0xc0, 0x2d, 0x11, 0x94, 0x22, 0x38, 0x80,
    0x25, 0x32, 0x72, 0x10, 0x27, 0x7c, 0x60, 0xef,
    0xe2, 0x9e, 0xa1, 0x16, 0x60, 0x41, 0x7f, 0xf3,
    0x7, 0xff, 0x28, 0xb1, 0x40, 0x99, 0x80, 0x40,
    0xc0, 0x3f, 0xf8, 0x7, 0xb8, 0xe6, 0x1, 0x28,
    0x70, 0x3b, 0xca, 0x10, 0xee, 0x50, 0x8, 0x80,
    0x3c, 0x40, 0x43, 0x11, 0x18, 0x3c, 0x43, 0x80,
    0x3f, 0xd8, 0xe, 0x0, 0x7f, 0xfe, 0x10, 0xf,
    0xf9, 0x4, 0x80, 0x3f, 0xf8, 0xea, 0x2c, 0x1,
    0xff, 0xc5, 0x31, 0x9, 0xb, 0x0, 0x8d, 0xdf,
    0x84, 0x3, 0x1d, 0x68, 0xba, 0x1a, 0x18, 0x4,
    0x91, 0x1c, 0x1, 0xc2, 0xa4, 0x70, 0xe7, 0x20,
    0x19, 0xff, 0xf8, 0x40, 0x31, 0x7f, 0xb0, 0xcd,
    0x84, 0x0, 0x1f, 0x80, 0xe, 0xeb, 0x0, 0x0,

    /* U+6377 "捷" */
    0x0, 0xd5, 0x40, 0xf, 0x9f, 0x44, 0x3, 0xfe,
    0x77, 0x0, 0x7d, 0xc4, 0x1, 0xff, 0xc4, 0xef,
    0xfc, 0xc1, 0xdf, 0xfc, 0x80, 0x1f, 0xd1, 0x1c,
    0x61, 0x11, 0xe5, 0x0, 0x3e, 0xe8, 0x89, 0xba,
    0x77, 0xe5, 0x6, 0x77, 0xe1, 0x0, 0x12, 0xa8,
    0x44, 0xaa, 0x9f, 0xfc, 0xc1, 0xdf, 0xfa, 0x0,
    0x25, 0x88, 0x19, 0xa2, 0x17, 0x11, 0x8c, 0x1e,
    0x20, 0xe0, 0x1f, 0xfc, 0x3, 0x77, 0xca, 0x12,
    0xee, 0x90, 0xf, 0xfe, 0x3, 0xbf, 0x28, 0x33,
    0xb9, 0x80, 0xd8, 0x3, 0xe4, 0x68, 0x8e, 0x30,
    0x88, 0xc0, 0x90, 0x1, 0x8c, 0xc5, 0x7f, 0xfe,
    0x60, 0xef, 0xf7, 0x3, 0xf0, 0x14, 0xf6, 0x8,
    0xae, 0x48, 0xcf, 0x81, 0x4c, 0xca, 0x1, 0x99,
    0x8b, 0x24, 0x68, 0x11, 0x99, 0x94, 0x2f, 0x31,
    0x60, 0x19, 0x3a, 0xd8, 0x3, 0x45, 0x66, 0x4a,
    0x17, 0x99, 0xa4, 0x2, 0x10, 0xf, 0xaa, 0x86,
    0x70, 0x31, 0x16, 0x10, 0xf, 0xf3, 0x7, 0x80,
    0x6d, 0xee, 0xde, 0x1, 0xfe, 0xc0, 0xc0, 0xd,
    0x55, 0xd6, 0x1, 0xfe, 0x50, 0x55, 0x0, 0x48,
    0xab, 0x90, 0x3, 0xe1, 0x6, 0x27, 0x2a, 0x73,
    0x0, 0xff, 0xb, 0x49, 0x31, 0x41, 0x46, 0x1c,
    0x28, 0x44, 0x1d, 0xf4, 0x8, 0x2, 0x58, 0xfb,
    0x7, 0x80, 0x72, 0x94, 0x9d, 0xd1, 0x19, 0xc0,
    0x3, 0xdf, 0x89, 0x16, 0x60, 0x12, 0xd6, 0xf7,
    0xff, 0x84,

    /* U+6389 "掉" */
    0x0, 0xff, 0xe0, 0x91, 0x0, 0x3f, 0xcb, 0xea,
    0x1, 0xf4, 0xe8, 0x7, 0xff, 0x83, 0xff, 0xc2,
    0x1, 0xff, 0xc3, 0x88, 0xf0, 0x97, 0x72, 0xc2,
    0xfb, 0x40, 0x3e, 0x77, 0xf0, 0x0, 0x88, 0x60,
    0x64, 0xc4, 0xef, 0x98, 0x1d, 0xf2, 0x80, 0xb,
    0x31, 0x1, 0x19, 0x6f, 0x11, 0x88, 0x22, 0x34,
    0x80, 0x7f, 0xf0, 0x2b, 0xff, 0xe1, 0x0, 0xff,
    0xe0, 0x91, 0x7e, 0x0, 0xfe, 0xd8, 0xa0, 0x4,
    0x6e, 0xfc, 0x20, 0x1c, 0x7e, 0xe, 0xe6, 0x0,
    0x3d, 0xdf, 0xc0, 0x1a, 0xbf, 0x14, 0x1b, 0x70,
    0x1, 0xa8, 0x9f, 0x8, 0x4, 0x47, 0x10, 0xc,
    0x20, 0xa, 0xbf, 0xfe, 0x10, 0xa, 0x31, 0xc8,
    0x3, 0x3b, 0x36, 0x20, 0x66, 0xd4, 0x1, 0xfe,
    0x29, 0x9c, 0xe1, 0x33, 0x98, 0x3, 0xff, 0xa4,
    0x9f, 0xfe, 0x50, 0xff, 0xf5, 0x80, 0x79, 0x9b,
    0xe2, 0x6, 0x6f, 0x68, 0x4, 0x60, 0x2, 0x99,
    0xf3, 0x84, 0xcf, 0x98, 0x23, 0x24, 0x18, 0x3,
    0xff, 0x8a, 0x26, 0x2c, 0x60, 0x1f, 0xfc, 0x59,
    0xfe, 0x90, 0xf, 0xd5, 0xe0, 0x1f, 0x0,

    /* U+6392 "排" */
    0x0, 0xc4, 0x60, 0x1e, 0x21, 0x0, 0x29, 0x80,
    0x7f, 0x46, 0x8, 0x6, 0x1d, 0xb0, 0x5, 0x40,
    0x7, 0xff, 0xc1, 0x9a, 0x0, 0xe6, 0x6c, 0xa0,
    0x7, 0xff, 0x28, 0x77, 0x9c, 0xca, 0x0, 0x38,
    0xa6, 0x6b, 0x0, 0x11, 0x98, 0x40, 0xcc, 0x55,
    0x49, 0x0, 0xe2, 0xaa, 0xac, 0x0, 0xb9, 0x84,
    0xd, 0xc1, 0x55, 0x38, 0x7, 0x32, 0xae, 0x0,
    0xff, 0xf4, 0xc7, 0x35, 0xda, 0x80, 0x39, 0x6e,
    0xe7, 0x0, 0xc6, 0xe0, 0xc7, 0xe8, 0x90, 0x7,
    0xa, 0x25, 0xa0, 0x7, 0xdc, 0x20, 0xad, 0x9f,
    0xf7, 0x0, 0x72, 0x7f, 0xd4, 0x3, 0x4, 0xc8,
    0x8, 0x1, 0xff, 0xc4, 0x1a, 0xe9, 0x10, 0xf,
    0xfe, 0x3a, 0x88, 0x7, 0xff, 0x3c, 0xff, 0xee,
    0x0, 0xe4, 0xff, 0xd0, 0x1, 0xf8, 0xce, 0x20,
    0xf, 0x19, 0xee, 0x0, 0xf8, 0xf3, 0x30, 0x7,
    0x26, 0x66, 0x60, 0xc, 0x20, 0x1f, 0xfc, 0x71,
    0xac, 0x40, 0x10, 0xf, 0xfe, 0x28, 0xa1, 0x95,
    0x0, 0x7c, 0x60, 0x1f, 0xf7, 0x7e, 0xa8, 0x7,
    0xf, 0xc8, 0x3, 0xec, 0x3, 0x80,

    /* U+63A5 "接" */
    0x0, 0xff, 0xe7, 0xee, 0x80, 0x3e, 0x5f, 0x80,
    0xf, 0xfe, 0x1, 0x80, 0x7c, 0x80, 0xa0, 0x1f,
    0xfc, 0x34, 0xdd, 0xd8, 0x5, 0xbb, 0xc6, 0x1,
    0xfe, 0x11, 0x10, 0x9, 0x98, 0x48, 0x82, 0x30,
    0x2, 0x2e, 0xc4, 0x37, 0x66, 0xce, 0x4, 0xcc,
    0xc0, 0x99, 0x82, 0x0, 0x1a, 0x20, 0x0, 0x88,
    0x10, 0x21, 0x50, 0x8, 0xc3, 0x0, 0x3a, 0xff,
    0xc4, 0x3f, 0xe3, 0x0, 0x29, 0x80, 0x56, 0xa,
    0x1, 0xff, 0xc0, 0x99, 0x98, 0x2a, 0x64, 0xc1,
    0x73, 0x30, 0x7, 0xf3, 0xb3, 0x8, 0x15, 0x98,
    0x20, 0xcd, 0x84, 0x3, 0xcb, 0x1d, 0xff, 0x34,
    0xff, 0xfe, 0x10, 0x9, 0x4c, 0x69, 0x40, 0x24,
    0x6c, 0x0, 0xfe, 0x3b, 0xfa, 0x10, 0xaf, 0x77,
    0xa0, 0x0, 0xef, 0xf3, 0x3, 0xa2, 0x28, 0x85,
    0x5a, 0x22, 0x30, 0x58, 0x8f, 0xac, 0x13, 0xed,
    0x40, 0x24, 0xff, 0x30, 0x57, 0xfe, 0x30, 0xef,
    0xd0, 0xf, 0xf0, 0xb1, 0x28, 0x4, 0x86, 0xc2,
    0x1, 0xff, 0xc0, 0x60, 0x2c, 0x60, 0x1a, 0x18,
    0x0, 0xff, 0xe0, 0xbe, 0xc1, 0x4f, 0xf8, 0x68,
    0x40, 0x3f, 0xf8, 0x44, 0xf8, 0x40, 0x21, 0xe8,
    0x1, 0xf8, 0xc0, 0x31, 0xbe, 0x69, 0x25, 0xaa,
    0x5e, 0xa8, 0x4, 0xb5, 0xa2, 0x41, 0x9f, 0x90,
    0x6b, 0x96, 0x95, 0xaa, 0x55, 0x80, 0x12, 0x91,
    0xf8, 0x39, 0x35, 0xfd, 0x18, 0x4, 0x55, 0xa8,
    0xa0, 0x5, 0xef, 0xc3, 0xb, 0xd9, 0x40, 0xf,
    0xc5, 0x72, 0x0,

    /* U+63A7 "控" */
    0x0, 0xc2, 0x20, 0xf, 0xc4, 0x1, 0xff, 0xc0,
    0xcd, 0x0, 0xf9, 0xf5, 0x0, 0x3f, 0xf9, 0xa,
    0x1c, 0x1, 0xff, 0xc3, 0x15, 0x5c, 0xe2, 0xab,
    0xe1, 0x0, 0xfe, 0x4a, 0xae, 0x10, 0xaa, 0xe5,
    0x0, 0x46, 0x60, 0x8f, 0x30, 0x61, 0x15, 0x5f,
    0x9c, 0x3, 0x11, 0x98, 0x0, 0x66, 0x0, 0x22,
    0xaf, 0xed, 0x0, 0xd5, 0xfe, 0x23, 0xff, 0x18,
    0x4, 0xa6, 0x0, 0x82, 0x0, 0xff, 0xe0, 0xae,
    0x1a, 0xd4, 0x0, 0xb6, 0xba, 0x62, 0x0, 0x7f,
    0x8d, 0xe8, 0xe8, 0x7, 0xd2, 0x28, 0x80, 0x3e,
    0x18, 0x61, 0xa8, 0x4c, 0x10, 0x0, 0xdc, 0x26,
    0x10, 0x6, 0x43, 0x27, 0xff, 0x2b, 0xd8, 0x7,
    0x9e, 0x8b, 0x0, 0xa3, 0xac, 0x45, 0x73, 0x76,
    0x80, 0xf, 0xcb, 0x72, 0xc, 0xe0, 0xe2, 0x48,
    0xb, 0xd7, 0x7f, 0xe0, 0x70, 0x4b, 0xe8, 0x30,
    0xc, 0xe8, 0x9f, 0xe2, 0x0, 0x90, 0x3, 0xed,
    0xff, 0xb4, 0x17, 0xff, 0x30, 0x7, 0xff, 0xfc,
    0xc0, 0x7, 0x33, 0xd0, 0xf, 0x33, 0xe1, 0x4,
    0xbe, 0x16, 0x5, 0x66, 0xe5, 0x2, 0x66, 0xf1,
    0x83, 0x20, 0x9c, 0x3, 0x7f, 0xff, 0xf0, 0x88,
    0xb, 0xbf, 0x8, 0x3, 0xff, 0x8a,

    /* U+63A8 "推" */
    0x0, 0xc2, 0x20, 0xc, 0x28, 0x20, 0x1f, 0xfc,
    0x2a, 0xe1, 0x0, 0x92, 0xd8, 0xb, 0x1c, 0x3,
    0xff, 0x89, 0xe0, 0xa0, 0x47, 0x60, 0x1f, 0xfc,
    0x45, 0x22, 0x0, 0x10, 0xc0, 0x3f, 0xf8, 0x6a,
    0x2, 0xef, 0x0, 0x25, 0xdf, 0x0, 0x23, 0xfc,
    0x81, 0xdf, 0x12, 0x7, 0x11, 0x20, 0x34, 0x46,
    0x0, 0x6a, 0xa8, 0x41, 0x54, 0x46, 0x19, 0xbb,
    0x20, 0x66, 0xee, 0x0, 0x2d, 0x51, 0x42, 0xe9,
    0xc0, 0x4, 0x58, 0x40, 0x8b, 0x80, 0x3f, 0x41,
    0x0, 0x7f, 0xf2, 0x78, 0x94, 0x2e, 0x66, 0x70,
    0xb9, 0x99, 0x40, 0x3f, 0x2f, 0x98, 0x2b, 0x34,
    0x40, 0xac, 0xd1, 0x0, 0x7d, 0xf8, 0xe0, 0xe,
    0xff, 0x94, 0x3b, 0xfe, 0x70, 0x16, 0xae, 0x40,
    0x38, 0x40, 0xf, 0xfe, 0x12, 0x4a, 0x91, 0x3,
    0x1c, 0x40, 0x3f, 0xf8, 0x49, 0x5d, 0x8c, 0x1,
    0xee, 0xff, 0x94, 0x3b, 0xfe, 0x80, 0x15, 0x10,
    0xf, 0xcc, 0xd8, 0x81, 0x9b, 0x60, 0x7, 0xff,
    0x2, 0x26, 0x67, 0x8, 0x99, 0x90, 0x3, 0xff,
    0xce, 0xe0, 0x1e, 0xef, 0xf9, 0x43, 0xbf, 0xf3,
    0x0, 0xde, 0x98, 0x8, 0x6, 0x67, 0x7f, 0xf2,
    0x80, 0xa9, 0x12, 0x80, 0x3a, 0x23, 0xfe, 0x30,
    0x7, 0x7e, 0xa8, 0x5, 0x3e, 0x20, 0x1f, 0xf0,

    /* U+63CF "描" */
    0x0, 0xff, 0xe0, 0x8, 0x6, 0x21, 0x0, 0xfd,
    0x5e, 0x20, 0x18, 0xfa, 0x0, 0x2c, 0xd0, 0xf,
    0xfe, 0xb8, 0xbb, 0xac, 0xd, 0xde, 0x11, 0x3b,
    0xc8, 0x1, 0xf8, 0xa2, 0xe, 0x9, 0x11, 0x1,
    0x44, 0x5c, 0xd, 0xfe, 0x50, 0xef, 0xc, 0xc4,
    0x83, 0x66, 0x40, 0x79, 0x94, 0x1, 0x2a, 0x88,
    0x15, 0x44, 0x66, 0x50, 0x13, 0x38, 0x40, 0xce,
    0x20, 0x4a, 0xa3, 0x85, 0xd0, 0x80, 0x5, 0x74,
    0x2, 0x7b, 0x0, 0xff, 0xe0, 0xa4, 0xd9, 0xe4,
    0xcc, 0x1d, 0x32, 0x10, 0xf, 0xc2, 0x18, 0xcd,
    0xff, 0x10, 0x7, 0xd5, 0xc8, 0x0, 0xcf, 0xf3,
    0x6, 0xff, 0x9c, 0x3, 0x8e, 0x10, 0x10, 0x9c,
    0x0, 0x20, 0x1, 0x0, 0xfc, 0x5d, 0x8e, 0x21,
    0x5a, 0x60, 0x1f, 0xfc, 0x22, 0x13, 0x84, 0x4,
    0x0, 0xc2, 0x0, 0x10, 0xf, 0xee, 0xc7, 0x10,
    0xf, 0x67, 0xf9, 0x83, 0x7f, 0xce, 0x1, 0x84,
    0x3, 0xf9, 0x59, 0x84, 0xa, 0xcc, 0x30, 0xf,
    0xfe, 0x14, 0x4c, 0x94, 0x22, 0x64, 0x80, 0x1f,
    0xfe, 0x96, 0x1, 0x0, 0xd1, 0x32, 0x40, 0xb9,
    0x92, 0x0, 0x62, 0xbd, 0x31, 0x0, 0xe5, 0x66,
    0x18, 0x33, 0x46, 0x1, 0x89, 0xdd, 0x18, 0x1,
    0xdb, 0xff, 0xf3, 0x80, 0x40,

    /* U+63D0 "提" */
    0x0, 0xff, 0xe7, 0xfd, 0x80, 0x42, 0x45, 0xfe,
    0x0, 0xff, 0xe0, 0x5e, 0xef, 0xf6, 0x0, 0x7f,
    0xf0, 0xae, 0xfe, 0x20, 0xf, 0xfe, 0x1a, 0x27,
    0xc2, 0x1, 0xd5, 0x76, 0x5, 0xbb, 0x8, 0x3,
    0x77, 0xe3, 0x0, 0xe4, 0x48, 0x5, 0x10, 0x1,
    0x22, 0x7c, 0x20, 0x1d, 0xdf, 0xe0, 0x4f, 0xf0,
    0x80, 0x26, 0x7e, 0x20, 0xf, 0xfe, 0x1b, 0xbf,
    0xc4, 0x1, 0xff, 0xc1, 0x30, 0x88, 0xf8, 0x40,
    0x3f, 0x9a, 0x94, 0x27, 0xff, 0xfb, 0x80, 0x39,
    0x24, 0x9, 0x49, 0xdf, 0xff, 0x82, 0xa0, 0xfd,
    0x6c, 0x7, 0xc5, 0x11, 0xff, 0xc1, 0xe0, 0xe0,
    0x6b, 0x7, 0x15, 0xff, 0xee, 0x5, 0xff, 0xeb,
    0x8, 0xe9, 0x40, 0xe, 0x8c, 0x0, 0xff, 0xe0,
    0x8, 0x7, 0xe4, 0x20, 0xc, 0xef, 0xca, 0x1,
    0xff, 0x19, 0x0, 0x62, 0x88, 0xdc, 0x1, 0xfe,
    0x40, 0x32, 0x0, 0x97, 0xff, 0x58, 0x7, 0xfb,
    0x80, 0x78, 0x3, 0xff, 0x8c, 0x8a, 0xf4, 0x76,
    0x40, 0x1f, 0xe1, 0x49, 0x2, 0x1a, 0x19, 0x48,
    0x4c, 0x4, 0xa9, 0x9d, 0x46, 0x5, 0x6c, 0x77,
    0x43, 0xa2, 0xf, 0x8c, 0x42, 0xac, 0xd9, 0x44,
    0xf, 0xbf, 0xa, 0xf0, 0xc0, 0x23, 0x9d, 0xff,
    0xf8, 0x80,

    /* U+6458 "摘" */
    0x0, 0xc6, 0x40, 0x1f, 0x8c, 0x3, 0xff, 0x81,
    0x90, 0x1, 0xf2, 0x63, 0x0, 0x7f, 0xf2, 0x10,
    0x68, 0x3, 0xff, 0x87, 0xbf, 0xfc, 0x27, 0xff,
    0xe1, 0x0, 0xfc, 0xac, 0xc2, 0x16, 0x6c, 0x4,
    0xcd, 0x8, 0x2f, 0x70, 0x17, 0xb6, 0x26, 0x48,
    0x33, 0x34, 0x2, 0xcc, 0xc0, 0x11, 0x98, 0x4,
    0xc4, 0x2, 0xf0, 0x20, 0x2, 0x6, 0x0, 0x72,
    0xee, 0x81, 0x37, 0xe, 0x21, 0x81, 0x11, 0x48,
    0x6c, 0x40, 0xc0, 0x3f, 0x91, 0xdc, 0xa0, 0xae,
    0xe3, 0x6, 0x77, 0x30, 0x7, 0xfd, 0x9f, 0xf3,
    0xc7, 0xfd, 0x60, 0x1f, 0x9a, 0x70, 0x3, 0xc7,
    0x80, 0x1f, 0xc4, 0xe0, 0x6c, 0xe0, 0x17, 0xfc,
    0x88, 0xff, 0x80, 0x30, 0xee, 0xa0, 0xf, 0x6c,
    0x2, 0x88, 0x88, 0x91, 0x10, 0x6, 0x11, 0x3e,
    0x3, 0x10, 0x6, 0x77, 0x99, 0x8e, 0xf0, 0x7,
    0x64, 0x18, 0x7, 0xc3, 0xfe, 0x44, 0x7f, 0x80,
    0x3f, 0xf8, 0x86, 0xb, 0x10, 0x50, 0x10, 0xf,
    0xfe, 0x2f, 0xbb, 0xb0, 0x3, 0xff, 0xbd, 0x5f,
    0xe9, 0x0, 0xff, 0xe2, 0x94, 0xcf, 0x84, 0x40,
    0x19, 0x2f, 0x80, 0x80, 0x3c, 0xcd, 0xdd, 0x74,
    0xe, 0x0, 0x65, 0x27, 0x80, 0xf, 0xf8, 0x94,
    0xe4, 0x80,

    /* U+6478 "摸" */
    0x0, 0xff, 0x8d, 0x0, 0x22, 0x40, 0xf, 0xeb,
    0xe0, 0xe, 0x9b, 0x0, 0x92, 0xcc, 0x3, 0xff,
    0xaf, 0xff, 0x28, 0x7f, 0xd2, 0x19, 0xff, 0x0,
    0x7f, 0x3b, 0xc4, 0xe, 0xf2, 0x3, 0x3b, 0xc0,
    0x4, 0xcc, 0x20, 0xe6, 0x26, 0x20, 0xe1, 0x11,
    0x68, 0x54, 0x44, 0x1, 0x11, 0x0, 0x4, 0x43,
    0x66, 0x6b, 0xb3, 0x42, 0xea, 0xc6, 0x1, 0x27,
    0x71, 0x7, 0xb8, 0x53, 0x28, 0x79, 0x9a, 0x1e,
    0x65, 0x60, 0x1f, 0xfc, 0x5, 0xff, 0xfb, 0x80,
    0x3f, 0xf8, 0x4c, 0xab, 0xf3, 0x80, 0x7f, 0x92,
    0xc0, 0x7, 0x55, 0xf4, 0x80, 0x7c, 0x2c, 0x36,
    0x84, 0xb, 0xff, 0xf7, 0x0, 0x73, 0x5f, 0x10,
    0x3f, 0x10, 0x33, 0x7f, 0x0, 0x62, 0x94, 0x41,
    0xc, 0x8, 0x0, 0xe6, 0x7e, 0x80, 0xf0, 0x1,
    0x4f, 0x5b, 0x0, 0x6f, 0xfd, 0xc0, 0xdf, 0xf9,
    0xc0, 0x26, 0x10, 0xe, 0x77, 0xe9, 0x5, 0x77,
    0xf0, 0x7, 0xe2, 0x88, 0xe7, 0x3, 0x88, 0xf0,
    0x7, 0xe2, 0xff, 0xe3, 0x0, 0x4f, 0xff, 0x0,
    0x7f, 0xf0, 0x68, 0xdd, 0x65, 0xc0, 0x3f, 0x98,
    0x3, 0x97, 0x55, 0xa2, 0x96, 0x35, 0x40, 0x30,
    0xde, 0x91, 0x83, 0x57, 0xd1, 0xd4, 0x80, 0x2a,
    0x87, 0x5f, 0x4a, 0x2, 0xa4, 0x49, 0xb, 0x53,
    0x9e, 0x50, 0xc, 0xbd, 0x26, 0xba, 0x0, 0xff,
    0x6a, 0x7, 0xfb, 0x18, 0x3, 0xf3, 0x67, 0x48,

    /* U+6491 "撑" */
    0x0, 0xc2, 0x1, 0xfc, 0xa6, 0x1, 0xff, 0x74,
    0x80, 0x49, 0xa2, 0x0, 0xa9, 0x0, 0x2f, 0x8,
    0x7, 0xfc, 0xa7, 0x40, 0x1c, 0x36, 0xe2, 0x1,
    0xff, 0xd, 0xb0, 0x80, 0x67, 0x39, 0x0, 0xff,
    0xf, 0xfa, 0x8b, 0xbc, 0x17, 0xe4, 0xbf, 0xd8,
    0x0, 0x5a, 0xa0, 0x25, 0x20, 0x35, 0x57, 0xf9,
    0x4, 0x0, 0x4a, 0xa0, 0x25, 0x20, 0xf4, 0x66,
    0xfc, 0x86, 0x1, 0x3f, 0xf8, 0x1b, 0xd8, 0xe,
    0x33, 0x3f, 0x20, 0x8, 0x7, 0xe1, 0xf5, 0x1,
    0xff, 0xee, 0x0, 0x46, 0x0, 0x7f, 0xf0, 0x5,
    0x57, 0x9c, 0x3, 0xfe, 0x25, 0x0, 0x71, 0x44,
    0x75, 0x90, 0x80, 0x78, 0x81, 0xb6, 0x40, 0x5b,
    0xfd, 0xdc, 0x98, 0xba, 0xc6, 0x0, 0x9b, 0x34,
    0xa, 0xb1, 0xbb, 0x9b, 0xac, 0xc5, 0xde, 0x21,
    0x0, 0xc, 0x93, 0x2, 0x28, 0x3e, 0x6e, 0xbb,
    0xc8, 0x9d, 0xb9, 0x4e, 0x0, 0x1b, 0xe9, 0x0,
    0xc2, 0xce, 0xe4, 0x53, 0x32, 0xaf, 0x0, 0x48,
    0x1, 0xe1, 0xaa, 0xe1, 0x15, 0x57, 0x0, 0x7f,
    0x87, 0xff, 0x88, 0x9f, 0xfc, 0x1, 0xfc, 0xcd,
    0xf1, 0x99, 0x9b, 0xc8, 0x1, 0xf4, 0xcf, 0xc2,
    0x29, 0x9f, 0x70, 0x4, 0x20, 0x21, 0xff, 0xf1,
    0x1f, 0xff, 0xa8, 0xa, 0xfc, 0x3c, 0x3, 0x9a,
    0x2c, 0x9c, 0x3, 0xf1, 0x29, 0xab, 0x0, 0x77,
    0xba, 0x9c, 0x0, 0x7f, 0x76, 0xd0, 0x80, 0x74,
    0xff, 0x61, 0x80, 0x7c,

    /* U+64AD "播" */
    0x0, 0xc4, 0x1, 0xff, 0xc9, 0x1d, 0x80, 0xf,
    0xc2, 0x48, 0xcf, 0x34, 0x1, 0xfc, 0x97, 0x6c,
    0xde, 0xfe, 0xdb, 0x98, 0x67, 0x0, 0xfe, 0x76,
    0x60, 0x32, 0x20, 0x1e, 0xb2, 0x7b, 0x40, 0x3f,
    0x8f, 0x60, 0x6a, 0x9c, 0x16, 0xa3, 0x36, 0x1,
    0xab, 0xf8, 0x1f, 0xe4, 0x1c, 0xa8, 0x3, 0xb8,
    0x2c, 0x3, 0x6a, 0x20, 0x9, 0x38, 0x4e, 0x18,
    0x8c, 0x0, 0x87, 0x0, 0x22, 0x0, 0x3d, 0xd0,
    0x2d, 0x87, 0x72, 0xb, 0x64, 0x32, 0xc2, 0x3b,
    0xa1, 0x0, 0xf9, 0x6a, 0xa6, 0x1, 0x1, 0x6,
    0xaa, 0xc2, 0x1, 0xf1, 0xaa, 0x99, 0xca, 0x2,
    0x89, 0x81, 0x56, 0x0, 0xf2, 0xf3, 0x2, 0xe1,
    0xe1, 0x83, 0xe1, 0xd5, 0x4, 0x2, 0x16, 0xd0,
    0x20, 0x1b, 0xa3, 0xc1, 0x0, 0x87, 0x19, 0x7a,
    0x49, 0xba, 0x4c, 0x16, 0x64, 0x82, 0x93, 0x1a,
    0xf7, 0x10, 0x14, 0x26, 0x85, 0x27, 0xc0, 0x25,
    0x53, 0x8b, 0xbf, 0xf2, 0x75, 0xd8, 0xf6, 0x8,
    0x0, 0x55, 0xc1, 0x7f, 0xea, 0xc, 0xff, 0x40,
    0x1, 0x4, 0x3, 0xff, 0xab, 0x7f, 0xea, 0xc,
    0xff, 0x40, 0x7, 0xff, 0x9, 0xe6, 0x4c, 0xf,
    0x32, 0x50, 0xf, 0xfe, 0x16, 0x33, 0x30, 0x2d,
    0x99, 0xa0, 0x1f, 0x10, 0x78, 0x6, 0x23, 0x31,
    0x3, 0x19, 0xbc, 0x3, 0x93, 0x30, 0x4, 0x1,
    0xa7, 0x31, 0x1, 0x59, 0x87, 0x0, 0xe5, 0x76,
    0xa5, 0x0, 0xd5, 0xbb, 0xf3, 0x80, 0x60,

    /* U+64CD "操" */
    0x0, 0xff, 0xe7, 0xf, 0xc0, 0x4, 0x2a, 0xbf,
    0xc6, 0x1, 0xff, 0xc0, 0x4a, 0xaf, 0xe9, 0x0,
    0xff, 0xe1, 0x5f, 0x77, 0x80, 0x3f, 0xf8, 0x8e,
    0x23, 0xe0, 0xf, 0x47, 0xf0, 0x3f, 0xf0, 0x5,
    0x9f, 0xfe, 0x0, 0xf6, 0xaa, 0x80, 0x95, 0xc1,
    0xe2, 0x3f, 0xbc, 0x3, 0x2d, 0x58, 0x2d, 0x49,
    0x8a, 0x26, 0x75, 0x44, 0x98, 0xc0, 0x3f, 0xdb,
    0x99, 0xb8, 0x27, 0x33, 0x88, 0x3, 0xfc, 0xdb,
    0xa5, 0x0, 0x8f, 0x75, 0x40, 0x1f, 0x8e, 0x90,
    0x0, 0x44, 0x30, 0x9, 0xc8, 0x82, 0x1, 0xc9,
    0x60, 0x8a, 0x20, 0xdf, 0xe6, 0x0, 0x93, 0xfd,
    0x60, 0x12, 0x7d, 0xa0, 0x2f, 0x2c, 0x47, 0x52,
    0xec, 0x47, 0x10, 0x2a, 0x5f, 0x81, 0x8, 0x33,
    0xbe, 0x3a, 0x7, 0x7e, 0x0, 0xd, 0xa0, 0x6,
    0x58, 0x8e, 0xe0, 0xd8, 0x8e, 0x70, 0xf, 0xde,
    0xef, 0xca, 0x8, 0xef, 0xd0, 0x1, 0xfa, 0xbf,
    0xf3, 0x0, 0x47, 0xdf, 0xf8, 0x3, 0xfe, 0x2c,
    0x65, 0x6, 0x1c, 0x40, 0xf, 0xfe, 0x1, 0x4e,
    0x8e, 0x70, 0x7e, 0xbd, 0xd1, 0x80, 0x62, 0x60,
    0x3, 0x5e, 0xb4, 0x69, 0x80, 0x6a, 0x94, 0xcc,
    0x28, 0x2e, 0xc0, 0x67, 0x2b, 0xf3, 0x80, 0x7c,
    0xdc, 0xe4, 0x40, 0x57, 0x8c, 0x48, 0xe8, 0x10,
    0xf, 0xf4, 0x73, 0x80,

    /* U+652F "支" */
    0x0, 0xff, 0x90, 0x80, 0x3f, 0xf9, 0x5, 0x7c,
    0x1, 0xff, 0xdf, 0x10, 0xf, 0xfe, 0x9, 0xff,
    0xfe, 0xc0, 0x3f, 0xff, 0xdc, 0x0, 0x14, 0x4f,
    0xe0, 0x14, 0x4f, 0xe0, 0x1, 0x5d, 0xfe, 0x90,
    0x2b, 0xbf, 0xd4, 0x1, 0xff, 0xd6, 0x10, 0xf,
    0xfe, 0x27, 0xff, 0xb0, 0xf, 0xff, 0xa8, 0x3,
    0xf2, 0x8, 0xa, 0x27, 0xe1, 0x0, 0xff, 0x5d,
    0x0, 0x2e, 0xff, 0x0, 0x24, 0x3, 0xf9, 0x10,
    0x2e, 0x1, 0xe8, 0x15, 0x30, 0xf, 0xf5, 0x4,
    0x18, 0x6, 0x47, 0x1b, 0x0, 0xff, 0x86, 0x43,
    0x44, 0x0, 0x76, 0x16, 0x20, 0x1f, 0xfc, 0x6,
    0x60, 0xe0, 0xae, 0x4, 0x28, 0x7, 0xff, 0xa,
    0x58, 0xbe, 0x82, 0x5c, 0x3, 0xff, 0x89, 0xc0,
    0x20, 0x6e, 0x1, 0xff, 0xc2, 0x28, 0xe8, 0x5,
    0x13, 0xe8, 0x20, 0xf, 0xe1, 0x6c, 0xd7, 0x15,
    0xda, 0xe7, 0x7, 0xdb, 0x61, 0x0, 0xcf, 0x9d,
    0x26, 0x2d, 0xb4, 0x40, 0x8, 0xe8, 0x14, 0x9e,
    0xd9, 0x20, 0xc3, 0x4, 0xae, 0x92, 0x0, 0xe1,
    0x7e, 0xb6, 0x12, 0x60, 0x4, 0x57, 0xda, 0x80,
    0x7f, 0xc9, 0x3d, 0x92, 0x40,

    /* U+6536 "收" */
    0x0, 0xe3, 0x50, 0xc, 0x8c, 0x40, 0x1f, 0xfc,
    0x1a, 0xa1, 0x0, 0x5d, 0x2e, 0x1, 0xff, 0xc7,
    0x70, 0x40, 0xf, 0xe7, 0x90, 0xf, 0x84, 0x88,
    0x20, 0x1f, 0xd8, 0xc0, 0x1f, 0x30, 0x1d, 0xdf,
    0xe0, 0xf, 0xfa, 0xc0, 0x51, 0x3f, 0x0, 0x7f,
    0x88, 0xc3, 0xbb, 0x80, 0xfb, 0x80, 0x1f, 0xeb,
    0x0, 0x84, 0x63, 0x5, 0x11, 0x0, 0x7f, 0xb,
    0x0, 0x14, 0x2, 0x60, 0xf0, 0xf, 0xfa, 0xc1,
    0x83, 0x0, 0x23, 0x5, 0x0, 0xff, 0x32, 0x94,
    0x92, 0x80, 0x58, 0x6, 0x1, 0xfe, 0x6d, 0xe0,
    0x52, 0x30, 0x2, 0x18, 0x7, 0xff, 0x0, 0x8c,
    0x28, 0x24, 0x14, 0x28, 0x3, 0xf8, 0x80, 0x38,
    0x91, 0x4e, 0x41, 0xc0, 0x3e, 0x8e, 0x40, 0xf,
    0x40, 0x69, 0xb0, 0x80, 0x62, 0x50, 0x71, 0x20,
    0xf, 0x1b, 0x8, 0x40, 0x7, 0x18, 0x94, 0xfa,
    0x0, 0x78, 0x50, 0x1, 0x20, 0x1c, 0x37, 0xac,
    0x1, 0xf0, 0xe1, 0x28, 0xbc, 0x0, 0x72, 0x0,
    0x7e, 0x4f, 0x26, 0xac, 0x17, 0xa0, 0xf, 0xfe,
    0x4, 0x58, 0xc4, 0x81, 0x61, 0x2e, 0x98, 0x7,
    0xe6, 0xe7, 0x1b, 0x70, 0x8, 0xb1, 0xb, 0x14,
    0x3, 0xe6, 0x45, 0xf4, 0x0, 0xe1, 0xb9, 0x24,
    0x0, 0xe9, 0xf2, 0xaa, 0x8, 0x7, 0xe6, 0xd1,

    /* U+6539 "改" */
    0x0, 0xff, 0xe0, 0x42, 0x0, 0x7f, 0xf1, 0xcd,
    0xf4, 0x3, 0xf2, 0x4c, 0xf9, 0xc0, 0x2b, 0xd,
    0x0, 0xfc, 0x6c, 0xde, 0xb0, 0x9, 0x45, 0x0,
    0x3f, 0x36, 0x66, 0xb0, 0xc, 0x64, 0x15, 0x5f,
    0x30, 0x9, 0x9e, 0x50, 0xd, 0x40, 0x2a, 0xbf,
    0x78, 0x7, 0xf8, 0x58, 0xff, 0xf5, 0x84, 0x7c,
    0x80, 0x7f, 0xa4, 0x2c, 0x3, 0x10, 0x18, 0x7,
    0xfc, 0x2e, 0x1a, 0x1, 0xbc, 0x14, 0x3, 0xfe,
    0xa0, 0x2, 0x0, 0x64, 0x11, 0x0, 0x43, 0xff,
    0xb8, 0x2, 0x47, 0x13, 0x0, 0x9, 0x20, 0x7,
    0x85, 0x57, 0x5d, 0xaa, 0xc2, 0x80, 0xc, 0x1e,
    0x1, 0xe4, 0xaa, 0xce, 0x2, 0x64, 0xc2, 0x14,
    0x2a, 0x1, 0xff, 0xc3, 0xb0, 0xb6, 0x27, 0x0,
    0xff, 0xe2, 0x31, 0x2c, 0x84, 0x0, 0x7f, 0xf1,
    0x78, 0x1, 0x2, 0x1, 0xff, 0xc0, 0x75, 0x0,
    0xac, 0x1, 0x60, 0x1f, 0xe1, 0x8e, 0x8c, 0x0,
    0x4b, 0x92, 0x1e, 0x8, 0x7, 0x86, 0x79, 0xc5,
    0xac, 0x6d, 0x8b, 0x2d, 0xf, 0x8, 0x2, 0x50,
    0x46, 0x17, 0xe9, 0x7f, 0x44, 0x60, 0x85, 0xa9,
    0x6a, 0x80, 0x34, 0x6, 0x3a, 0xe, 0xe8, 0x5e,
    0xc4, 0x2, 0xa7, 0xa, 0xb1, 0xb7, 0xe7, 0x0,
    0xa, 0x16, 0x40, 0x7, 0xa2, 0xc5, 0xc4, 0xa0,
    0x3, 0x1d, 0xe9, 0x80, 0x7e, 0x4f, 0xd0,

    /* U+653E "放" */
    0x0, 0xe2, 0x73, 0x0, 0xf2, 0xa8, 0x3, 0xff,
    0x83, 0x14, 0x1, 0xe8, 0xa0, 0xf, 0xfe, 0x1,
    0xa, 0x0, 0x70, 0x92, 0x0, 0x7f, 0xf0, 0x54,
    0x84, 0x3, 0x30, 0x68, 0x7, 0xe4, 0xdd, 0xc8,
    0x1f, 0xba, 0xc0, 0xa0, 0xda, 0xaf, 0x10, 0x0,
    0xcc, 0x44, 0x11, 0x1, 0x98, 0x4c, 0x81, 0x15,
    0x7c, 0xc0, 0x9d, 0xc0, 0x4e, 0xee, 0xd8, 0xb,
    0xdd, 0x94, 0x2f, 0x50, 0x3, 0x84, 0x3, 0x8d,
    0x1, 0x48, 0xa1, 0x4, 0x20, 0xc, 0x20, 0x1f,
    0x70, 0x1, 0x40, 0x26, 0x10, 0xf, 0xcf, 0x55,
    0xac, 0x94, 0x30, 0x0, 0x24, 0xa0, 0x1e, 0x30,
    0x25, 0x5c, 0x6d, 0x44, 0x80, 0x5, 0xc, 0x0,
    0xf0, 0x83, 0xff, 0xb0, 0x3a, 0x41, 0x4c, 0x83,
    0x41, 0x0, 0x3c, 0xe1, 0xc0, 0x18, 0xc0, 0x16,
    0x16, 0xe, 0x26, 0x1, 0xe2, 0x3, 0x0, 0x38,
    0x8, 0x0, 0xcc, 0xd0, 0x2c, 0x1, 0xf7, 0x3,
    0x0, 0x4, 0x1c, 0x2, 0x80, 0x70, 0x90, 0xf,
    0x90, 0xc, 0x3, 0xf2, 0x10, 0x30, 0x80, 0x78,
    0x4c, 0xc0, 0x11, 0x80, 0x80, 0x4e, 0x40, 0xc4,
    0x1, 0xe7, 0xb, 0x0, 0x84, 0xc, 0x0, 0xd0,
    0x30, 0x18, 0x40, 0x1d, 0x60, 0xc0, 0x16, 0x80,
    0x83, 0xc8, 0x6b, 0xb8, 0x70, 0x80, 0x26, 0x26,
    0x15, 0xad, 0x52, 0xa, 0x81, 0xc3, 0x8, 0x61,
    0xd4, 0x1, 0x80, 0x80, 0x65, 0x23, 0xbd, 0x52,
    0xc3, 0x0, 0xa5, 0xc2, 0xdc, 0x15, 0xc4, 0xf,
    0xbf, 0x1c, 0x17, 0x48, 0x3, 0xa2, 0x80, 0xc6,
    0xe0, 0x2, 0x10, 0x0, 0xed, 0x0, 0x7e, 0x5f,
    0x40,

    /* U+6545 "故" */
    0x0, 0xc4, 0x40, 0xf, 0x90, 0x40, 0x3f, 0xe9,
    0xd0, 0xf, 0x15, 0xd0, 0x7, 0xff, 0x1d, 0x3,
    0x0, 0x3f, 0xf8, 0xfa, 0xa, 0x1, 0xff, 0xc1,
    0x10, 0xc, 0x28, 0x2e, 0xab, 0xe1, 0xcf, 0xf9,
    0x3, 0xbf, 0xe0, 0x60, 0x1a, 0xaf, 0x91, 0x38,
    0x41, 0x12, 0x50, 0x90, 0x99, 0xc8, 0x11, 0x29,
    0x17, 0x72, 0x85, 0xdd, 0x4c, 0x26, 0xcd, 0x84,
    0x1d, 0x84, 0x3, 0xf8, 0x60, 0x8, 0x3, 0x30,
    0x80, 0x7f, 0xf0, 0x28, 0x46, 0x20, 0x8, 0xd4,
    0x3, 0xff, 0x80, 0xe7, 0x40, 0xa0, 0x2, 0xc,
    0x0, 0xd3, 0x98, 0x50, 0xcc, 0xb7, 0x48, 0x34,
    0x0, 0x50, 0x40, 0xc, 0xa6, 0x61, 0x3, 0x38,
    0x4, 0x18, 0x90, 0x2c, 0x4c, 0x3, 0x8b, 0xff,
    0x30, 0x6, 0x90, 0x83, 0x33, 0x80, 0x7f, 0xf1,
    0x5, 0x8f, 0x82, 0xc0, 0x3f, 0xf8, 0xb0, 0x24,
    0xc4, 0x1, 0xff, 0xc5, 0x31, 0x4, 0x10, 0xf,
    0xfe, 0x20, 0xf8, 0x21, 0x68, 0x7, 0xff, 0xc,
    0xb0, 0xa6, 0xd4, 0xf0, 0x40, 0x31, 0x7f, 0xe6,
    0x0, 0x1e, 0x14, 0x30, 0x52, 0x9f, 0x98, 0x1,
    0x51, 0x3e, 0x7c, 0x18, 0x70, 0xa, 0x98, 0x71,
    0xc2, 0x6e, 0xfe, 0xd0, 0xa7, 0x0, 0xe9, 0x90,
    0x18, 0x7, 0xf5, 0xe2, 0x80, 0x7c, 0xda, 0x80,

    /* U+6548 "效" */
    0x0, 0xff, 0xe8, 0x4f, 0x0, 0x7d, 0x1c, 0x40,
    0x1f, 0xf7, 0xb, 0x0, 0x79, 0x0, 0x80, 0x3f,
    0xe5, 0xd, 0x0, 0xe1, 0x34, 0x0, 0xfc, 0x91,
    0x15, 0x2, 0x44, 0x4e, 0xe, 0x18, 0x23, 0xe0,
    0x6, 0xbb, 0xe0, 0x3, 0xbd, 0x1, 0xa1, 0x3d,
    0xde, 0x40, 0xbc, 0xcf, 0xf1, 0x21, 0xb3, 0x48,
    0x8, 0xcc, 0x2, 0x33, 0x55, 0x98, 0x79, 0x19,
    0xac, 0x26, 0x77, 0x7, 0xc9, 0x0, 0x44, 0xc4,
    0x0, 0x3d, 0x2, 0x60, 0xd0, 0xb, 0x41, 0x40,
    0x3b, 0x82, 0xc0, 0xe0, 0xe2, 0xc0, 0x6, 0x1,
    0x18, 0x8, 0x6, 0x73, 0x81, 0x0, 0x3a, 0x3f,
    0x32, 0xa0, 0x4, 0xa8, 0x1, 0x92, 0xd, 0xc0,
    0x25, 0x81, 0xa9, 0xf0, 0x40, 0x21, 0x30, 0xd,
    0x23, 0xf6, 0x20, 0xb, 0x88, 0x30, 0x20, 0x70,
    0x28, 0x58, 0x6, 0xfd, 0x64, 0xd0, 0x51, 0xd6,
    0xb0, 0x13, 0x52, 0x91, 0x30, 0xc, 0x46, 0xb0,
    0x77, 0x22, 0xc0, 0x1a, 0x3, 0xc6, 0x40, 0x3f,
    0x3a, 0xa1, 0xc8, 0x7, 0x21, 0x90, 0xb8, 0x7,
    0xf4, 0x0, 0x4, 0x3, 0xcc, 0x6, 0x1, 0xfe,
    0xe0, 0x19, 0x30, 0xc, 0xea, 0x5, 0x60, 0x1f,
    0xac, 0xdf, 0x43, 0x44, 0x0, 0xf0, 0x3a, 0x49,
    0x20, 0x1c, 0x36, 0x8b, 0x7, 0x43, 0x41, 0x30,
    0x38, 0x58, 0x2d, 0x40, 0x11, 0xe2, 0x2d, 0x0,
    0x15, 0xff, 0x18, 0x70, 0x80, 0x70, 0x57, 0x4,
    0x58, 0x4f, 0x40, 0x1a, 0x3c, 0xcd, 0xe4, 0x1,
    0x17, 0x91, 0xb0, 0xcd, 0xc0, 0x7, 0xa5, 0xf0,
    0x40, 0x38, 0x75, 0xdc,

    /* U+655B "敛" */
    0x0, 0xf1, 0xc1, 0x0, 0x79, 0x88, 0x3, 0xff,
    0x81, 0xee, 0x1, 0xe3, 0x9b, 0x0, 0xff, 0x98,
    0xc2, 0x0, 0x39, 0x3, 0x40, 0x3f, 0xc7, 0x24,
    0xeb, 0xa4, 0x1, 0x58, 0xa0, 0x7, 0xf0, 0xe8,
    0x74, 0x59, 0x61, 0x81, 0x18, 0x4c, 0xf8, 0x2,
    0x1c, 0x19, 0x30, 0x4c, 0xc, 0x4b, 0x1, 0x66,
    0xf0, 0x80, 0xe9, 0x3b, 0x0, 0x47, 0x82, 0xc,
    0x7f, 0xf7, 0x3, 0x78, 0x97, 0x9a, 0x7b, 0xbf,
    0x2f, 0xe0, 0x38, 0x4, 0x61, 0xc0, 0x5, 0x19,
    0xc8, 0x8f, 0x89, 0xc1, 0x40, 0x27, 0x3, 0x0,
    0x3e, 0x33, 0xff, 0xfd, 0x40, 0xa2, 0x60, 0xc,
    0x5, 0x0, 0x8c, 0x4c, 0x1, 0x6, 0x0, 0x4f,
    0xab, 0x4, 0x0, 0x21, 0x8, 0x6, 0x8d, 0x0,
    0x3d, 0x0, 0x3e, 0xd4, 0x4a, 0x80, 0x88, 0x80,
    0x1d, 0xa2, 0x80, 0x88, 0x0, 0x2b, 0x80, 0x28,
    0x8e, 0x82, 0x80, 0x39, 0x3, 0x3, 0x8, 0x4c,
    0x7c, 0x0, 0xc1, 0xe, 0x46, 0x1, 0xe4, 0x50,
    0x40, 0x5b, 0x4, 0x0, 0xb, 0xa0, 0x40, 0x7,
    0xd8, 0x42, 0x60, 0x6a, 0x62, 0x1, 0x60, 0xa,
    0x80, 0x7c, 0x80, 0xa1, 0x4, 0x4a, 0x0, 0x86,
    0x80, 0x60, 0x3, 0xe3, 0x94, 0x7, 0xd0, 0x35,
    0x1, 0xc1, 0xa5, 0x75, 0x0, 0xe1, 0x22, 0x3c,
    0xe3, 0x85, 0x49, 0x61, 0x42, 0xd1, 0x52, 0x80,
    0x53, 0xdb, 0x70, 0xc4, 0x8d, 0x37, 0x85, 0xe,
    0x0, 0xf1, 0xa5, 0x0, 0x6b, 0x45, 0x67, 0x72,
    0xe7, 0xa0, 0x69, 0xc0, 0x22, 0xc1, 0xa7, 0x4,
    0x97, 0x53, 0x10, 0x8, 0x4b, 0x14, 0x3, 0x8b,
    0x9, 0x0, 0x3f, 0xd3, 0xa6, 0x1, 0xf1, 0x69,
    0x80,

    /* U+6570 "数" */
    0x0, 0xff, 0xe1, 0x88, 0x7, 0xf8, 0x80, 0x17,
    0xc0, 0x2, 0x30, 0xb, 0xac, 0x3, 0xf4, 0xe0,
    0x7, 0xa7, 0x40, 0x6, 0x6, 0x1, 0xfa, 0x5,
    0xc0, 0x32, 0x22, 0x0, 0x16, 0x16, 0x1, 0xf8,
    0x56, 0x80, 0x34, 0x93, 0x0, 0x14, 0x19, 0x57,
    0x84, 0x4, 0xba, 0x8, 0x0, 0x53, 0x22, 0x3,
    0x20, 0xaa, 0xf2, 0x85, 0x6d, 0xd6, 0xa0, 0xed,
    0xdb, 0x52, 0x42, 0x6a, 0x90, 0xb, 0x4a, 0x11,
    0x55, 0x30, 0xd, 0x56, 0x5, 0x16, 0x55, 0x18,
    0x7a, 0x88, 0x1a, 0xa8, 0x58, 0x0, 0x38, 0xaa,
    0x80, 0x10, 0x8, 0x81, 0x80, 0x39, 0xed, 0x90,
    0x0, 0xd6, 0x86, 0x60, 0x30, 0x7, 0x81, 0x0,
    0x47, 0xb0, 0xf2, 0x0, 0x4b, 0x4e, 0xae, 0x4,
    0x0, 0x10, 0x88, 0x0, 0x78, 0x75, 0x2, 0x6a,
    0x9, 0x4c, 0xa4, 0x38, 0x0, 0x45, 0x0, 0x8e,
    0x3d, 0x47, 0x82, 0xc0, 0xb, 0x80, 0x7, 0x40,
    0x30, 0xc0, 0xe, 0x67, 0xa0, 0x27, 0x7c, 0x60,
    0xd, 0x6, 0xa0, 0x50, 0xd, 0x31, 0x4, 0x5,
    0x88, 0xca, 0x0, 0x41, 0x86, 0x22, 0x0, 0x6e,
    0xf7, 0xb, 0xff, 0x90, 0x1c, 0x2, 0x91, 0xb,
    0x0, 0xf1, 0x39, 0x20, 0x1, 0x51, 0xc4, 0x2,
    0x40, 0x2, 0x0, 0x78, 0x50, 0xba, 0x16, 0x92,
    0x0, 0x21, 0xe0, 0x7, 0x0, 0x78, 0xef, 0x5d,
    0xd4, 0x1e, 0x1, 0xe, 0x94, 0xb9, 0xd8, 0x7,
    0x85, 0x5c, 0x10, 0x2e, 0xc0, 0x58, 0x70, 0xd0,
    0x88, 0xb0, 0x9, 0xaf, 0xa0, 0xae, 0xdc, 0xc2,
    0xda, 0x52, 0xe0, 0xb, 0x44, 0x60, 0x85, 0x22,
    0xe6, 0x10, 0x6, 0x6b, 0x46, 0xd8, 0x3, 0x5a,
    0x9a, 0x6, 0xfd, 0x18, 0x7, 0xaf, 0xd0, 0x3,
    0xd5, 0x8a,

    /* U+6574 "整" */
    0x0, 0xf4, 0x38, 0x7, 0xd6, 0xc0, 0x1f, 0xfc,
    0x5, 0xc0, 0xf, 0x22, 0x0, 0x3f, 0x37, 0xfe,
    0x24, 0xff, 0xc8, 0x1e, 0x6, 0x89, 0xc0, 0x4,
    0xaa, 0xc2, 0x55, 0x59, 0x4d, 0x2, 0xae, 0xf8,
    0x40, 0x95, 0x71, 0xb2, 0xae, 0x1f, 0xb, 0xba,
    0x81, 0xac, 0x40, 0x17, 0xff, 0x12, 0x7f, 0xd1,
    0x3, 0x1, 0x44, 0x10, 0x52, 0x0, 0x64, 0xcc,
    0x11, 0xe6, 0x8, 0x59, 0xe, 0x0, 0x14, 0x66,
    0x0, 0xff, 0xe0, 0x8d, 0x5f, 0x95, 0x41, 0x48,
    0x7, 0x93, 0x30, 0x47, 0x98, 0x20, 0x40, 0x38,
    0x57, 0x55, 0x0, 0x75, 0xfe, 0x8, 0x25, 0xff,
    0xa0, 0x2, 0xf0, 0x0, 0x88, 0x3, 0xcf, 0x88,
    0x4f, 0x5c, 0xc0, 0x5, 0xd7, 0x58, 0x4e, 0x80,
    0x9, 0x76, 0x21, 0x40, 0xfe, 0x90, 0x5b, 0x47,
    0x54, 0x7c, 0x37, 0xe5, 0x1b, 0x6d, 0x70, 0x10,
    0x1a, 0xc2, 0x67, 0xe5, 0x0, 0x1e, 0x51, 0x38,
    0xfd, 0xab, 0xba, 0xf1, 0xdc, 0xaf, 0x9e, 0xef,
    0xf6, 0x10, 0x9, 0x44, 0x7f, 0xf1, 0x50, 0x3,
    0x17, 0xff, 0xdc, 0x9, 0xff, 0xf3, 0x0, 0x78,
    0x5d, 0x0, 0x39, 0xc8, 0xbc, 0x20, 0x1f, 0x1c,
    0x70, 0x7, 0x1e, 0xef, 0xa4, 0x3, 0xff, 0x86,
    0x77, 0x7e, 0xa0, 0xf, 0xfe, 0x1b, 0xa2, 0x78,
    0x80, 0x32, 0xbb, 0xa8, 0x19, 0xde, 0x90, 0x67,
    0x7f, 0xcc, 0x0, 0x98, 0x83, 0x81, 0xc4, 0x4e,
    0x5, 0x11, 0xfa, 0x40,

    /* U+6587 "文" */
    0x0, 0xfe, 0x25, 0x0, 0xff, 0xe4, 0x75, 0x18,
    0x7, 0xff, 0x1e, 0xc2, 0xc0, 0x3f, 0xf8, 0xea,
    0xa, 0x1, 0xfe, 0x2c, 0xcf, 0xdc, 0x5, 0x99,
    0xfa, 0xc0, 0x4c, 0xff, 0x80, 0x6, 0x7f, 0x94,
    0xf, 0xfe, 0x90, 0x6f, 0xff, 0xc2, 0x1f, 0xf7,
    0x0, 0x73, 0x83, 0x80, 0x7c, 0x62, 0x80, 0x1f,
    0xc2, 0x82, 0x60, 0x1e, 0xb0, 0xd0, 0xf, 0xf7,
    0x84, 0x0, 0x79, 0x81, 0xc0, 0x3f, 0xc8, 0x48,
    0x40, 0x19, 0x85, 0x84, 0x3, 0xfe, 0x80, 0xe0,
    0xd, 0x1, 0x60, 0x1f, 0xfc, 0x5, 0x43, 0x60,
    0x4, 0xb, 0x10, 0x7, 0xff, 0x6, 0x86, 0x51,
    0x5c, 0x60, 0x3, 0xff, 0x84, 0x3a, 0x17, 0x41,
    0xa2, 0x1, 0xff, 0xc3, 0x36, 0x0, 0x31, 0x80,
    0x7f, 0xf1, 0x25, 0x80, 0xd, 0x40, 0x1f, 0xfc,
    0x26, 0xe6, 0x1c, 0xd2, 0x5e, 0x60, 0xf, 0xf2,
    0xec, 0x8a, 0xf9, 0x96, 0xb0, 0xce, 0xb0, 0x7,
    0xb, 0xf5, 0x11, 0xe5, 0x8, 0x5, 0x38, 0x65,
    0x3d, 0x26, 0x15, 0xd0, 0x27, 0x78, 0x60, 0x1e,
    0x3c, 0xb3, 0x16, 0xc9, 0xc0, 0x5b, 0xc4, 0x0,
    0xff, 0x26, 0x61, 0x82, 0x9b, 0xa9, 0x0, 0x3f,
    0xf8, 0x47, 0x3e, 0x60,

    /* U+659C "斜" */
    0x0, 0xf3, 0xc8, 0x7, 0xfa, 0x58, 0x3, 0xf1,
    0x43, 0x0, 0x7f, 0x9b, 0x40, 0x3f, 0x70, 0x3,
    0x44, 0x2, 0x10, 0xf, 0xfe, 0xc, 0x1b, 0xd1,
    0x79, 0x80, 0x37, 0x4, 0x3, 0xfc, 0xce, 0x70,
    0xb6, 0x38, 0x80, 0x87, 0x82, 0x1, 0xf9, 0x24,
    0xb4, 0x0, 0x98, 0x16, 0x91, 0x2, 0xc1, 0x0,
    0xf3, 0x58, 0xf8, 0x80, 0x47, 0x80, 0x20, 0xee,
    0x30, 0xf, 0xa0, 0x56, 0x2a, 0xba, 0xf5, 0x40,
    0x11, 0xa2, 0x1, 0xed, 0xf6, 0x55, 0xf2, 0x10,
    0x8, 0x0, 0xc0, 0x3e, 0x31, 0xdf, 0xf0, 0x9f,
    0xfb, 0x2, 0xbd, 0x0, 0x3f, 0xf9, 0x1c, 0x16,
    0xa0, 0x1f, 0xc2, 0x38, 0x0, 0x23, 0x93, 0x6,
    0x98, 0x3, 0xe9, 0xee, 0xc2, 0x7d, 0xd7, 0x81,
    0x60, 0xf8, 0x7, 0xd8, 0xef, 0x80, 0x5d, 0xe6,
    0x0, 0x16, 0xc8, 0x7, 0xcb, 0x17, 0x10, 0x12,
    0x8c, 0x88, 0x0, 0x42, 0x8c, 0xb, 0x9d, 0x20,
    0x3, 0xc6, 0x0, 0x8e, 0xdc, 0xf7, 0xbf, 0x6e,
    0x40, 0x41, 0x3c, 0x1, 0x20, 0xe0, 0x11, 0xa4,
    0x83, 0x3c, 0x4d, 0xe8, 0x26, 0x53, 0x0, 0xab,
    0x8, 0x6, 0x81, 0x4b, 0x97, 0x64, 0x20, 0xf,
    0x48, 0x40, 0x7, 0x19, 0xa4, 0x3, 0xfe, 0x17,
    0x70, 0x80, 0x89, 0xc0, 0x12, 0x4, 0x1, 0xfe,
    0x1e, 0x84, 0xee, 0x1, 0x80, 0x17, 0x88, 0x3,
    0xfe, 0x10, 0x47, 0x75, 0x40, 0x7, 0xff, 0xc,

    /* U+65A5 "斥" */
    0x0, 0xff, 0xe2, 0x12, 0x3a, 0x80, 0x7e, 0x12,
    0x22, 0x2b, 0x45, 0x66, 0xfe, 0xdc, 0x58, 0x7,
    0xd9, 0xdb, 0xab, 0xa9, 0x75, 0x33, 0x95, 0xeb,
    0x40, 0x3f, 0x99, 0xe2, 0x6b, 0x37, 0xfb, 0x2a,
    0x14, 0xc0, 0x3f, 0xa6, 0x1d, 0x94, 0xc8, 0x3,
    0xff, 0xe5, 0xbb, 0xff, 0xc4, 0x40, 0xf, 0x11,
    0x7f, 0xf1, 0x4, 0x3, 0x8, 0x7f, 0xfc, 0x41,
    0xdf, 0xfe, 0x50, 0xf, 0xfe, 0x79, 0x80, 0xd,
    0x88, 0x3, 0xff, 0x8a, 0x24, 0x15, 0x3b, 0xd2,
    0x80, 0x1f, 0xfc, 0x11, 0x6, 0x9, 0xc8, 0x26,
    0xb2, 0x7, 0x10, 0xf, 0xe4, 0x3, 0x0, 0x1b,
    0xe7, 0x48, 0x84, 0xf5, 0xb0, 0x80, 0x7b, 0x3,
    0x0, 0x38, 0x58, 0xc2, 0x11, 0x13, 0xd6, 0xc0,
    0x19, 0xc5, 0x0, 0x3f, 0x9a, 0xfa, 0x9, 0x20,
    0x2, 0x71, 0x60, 0xf, 0xfe, 0x0, 0xbe, 0xe5,
    0x80, 0x6, 0x42, 0x40, 0x3f, 0xf8, 0x66, 0xa0,
    0xa, 0x18, 0x10, 0xf, 0xfe, 0x3e, 0x1b, 0x80,
    0x7f, 0xf1, 0xc0,

    /* U+65AD "断" */
    0x0, 0xf0, 0x80, 0x7f, 0xf0, 0x8d, 0x40, 0x37,
    0x48, 0x7, 0xf1, 0xba, 0x5, 0x50, 0x94, 0x3,
    0x8d, 0x80, 0x51, 0xeb, 0xb2, 0x38, 0x2, 0x4a,
    0x20, 0xd, 0x50, 0x1d, 0x70, 0xa2, 0x4f, 0x0,
    0x13, 0x8d, 0x80, 0x67, 0x70, 0x0, 0x62, 0xfb,
    0x60, 0x80, 0x34, 0xb0, 0x80, 0x10, 0x74, 0x0,
    0xae, 0x82, 0x1, 0xf3, 0x3, 0x80, 0x3c, 0x90,
    0x3, 0xff, 0x82, 0x32, 0xe0, 0xf, 0x90, 0xf,
    0xfe, 0x1b, 0x8, 0x1, 0x10, 0x1, 0xff, 0xc1,
    0x4f, 0xf8, 0x1b, 0xfe, 0x0, 0x27, 0xff, 0xac,
    0x0, 0xcd, 0x20, 0x13, 0x31, 0xc0, 0x2, 0x88,
    0x10, 0x44, 0x60, 0x0, 0xa6, 0x4e, 0x9, 0x13,
    0x0, 0x5, 0xbb, 0x28, 0xdd, 0x9c, 0x3, 0x31,
    0x83, 0x78, 0x80, 0x42, 0x1, 0xfe, 0x28, 0x60,
    0x40, 0xc1, 0x0, 0xff, 0xe0, 0xf0, 0x40, 0x16,
    0x96, 0x80, 0xc, 0x3, 0xfa, 0x8e, 0xc4, 0x0,
    0x70, 0xe4, 0x2, 0x1, 0xfd, 0xf0, 0xa0, 0x19,
    0xed, 0x83, 0x40, 0x3f, 0x95, 0xc0, 0x3e, 0x30,
    0x70, 0xf, 0xfe, 0xa, 0xf8, 0x5, 0x42, 0x40,
    0x1f, 0xd7, 0x33, 0x1f, 0xca, 0xa1, 0x30, 0x7,
    0xf9, 0x59, 0xbd, 0xb2, 0x12, 0x1, 0xfa, 0x7f,
    0xff, 0x61, 0xc0, 0x80, 0x7f, 0xf1, 0x53, 0x9c,
    0x3, 0x5f, 0x0, 0x40,

    /* U+65B0 "新" */
    0x0, 0xe2, 0x61, 0x0, 0xff, 0xe4, 0xc, 0xb8,
    0x7, 0xff, 0x1, 0x44, 0x3, 0xc6, 0x3a, 0x1,
    0xf1, 0x2c, 0x5f, 0xd3, 0x80, 0x17, 0xff, 0xa,
    0x7f, 0xda, 0x13, 0xfb, 0x4e, 0x88, 0x97, 0x0,
    0x33, 0x8, 0x19, 0xa3, 0x5, 0x50, 0x18, 0x45,
    0x6f, 0xdb, 0x8, 0x0, 0xe6, 0x82, 0x26, 0x48,
    0x15, 0x0, 0x13, 0xa9, 0x0, 0x7e, 0x30, 0x20,
    0x1, 0x90, 0x7, 0xff, 0x11, 0x81, 0x40, 0xa,
    0xe0, 0x1f, 0xfc, 0x24, 0x57, 0xc, 0x55, 0x8,
    0x2a, 0x88, 0x3, 0xfe, 0xaa, 0x81, 0x6a, 0x80,
    0xb5, 0x45, 0x0, 0x7f, 0xfc, 0xa1, 0xb9, 0x98,
    0xf, 0x33, 0x30, 0x1, 0x9a, 0x2, 0x66, 0x80,
    0xcf, 0x81, 0xcc, 0xf0, 0x80, 0x26, 0x60, 0x79,
    0x91, 0x82, 0x44, 0x60, 0x68, 0x89, 0x80, 0x3f,
    0xf8, 0x18, 0xef, 0x80, 0x9d, 0xea, 0x1, 0x0,
    0xff, 0x47, 0x76, 0x4, 0xee, 0xb0, 0x3, 0xff,
    0x82, 0x39, 0x22, 0x0, 0x5e, 0x30, 0x3, 0x10,
    0x7, 0xf9, 0x8b, 0x40, 0x24, 0x19, 0x0, 0x13,
    0x0, 0x7f, 0xa0, 0x94, 0x3, 0x42, 0x2a, 0x83,
    0x0, 0x3f, 0xa4, 0x64, 0x3, 0x98, 0xbf, 0x81,
    0x40, 0x3f, 0x23, 0x2a, 0x0, 0x80, 0x6f, 0x94,
    0x41, 0x0, 0x7e, 0x66, 0x58, 0x57, 0x1, 0x0,
    0xb, 0xc3, 0xc0, 0x3f, 0x8a, 0x44, 0x30, 0xde,
    0x0, 0x4, 0x44, 0x40, 0x7, 0xff, 0x5, 0xb2,
    0x4, 0x0, 0x5d, 0x40, 0x1d, 0xf4, 0x1, 0x0,

    /* U+65B9 "方" */
    0x0, 0xfe, 0x15, 0x20, 0xf, 0xfe, 0x3a, 0x55,
    0x80, 0x7f, 0xf1, 0xd4, 0x1c, 0x3, 0xff, 0x90,
    0x82, 0x60, 0x1f, 0xc9, 0xff, 0xfc, 0x81, 0x9f,
    0xff, 0x81, 0xcc, 0xf8, 0x40, 0x8c, 0xff, 0xf8,
    0x0, 0x79, 0x9d, 0x21, 0x19, 0x9f, 0xfc, 0x0,
    0xf, 0xbc, 0x4, 0x3, 0xff, 0x8e, 0x20, 0xe0,
    0x1f, 0xfc, 0x73, 0xf, 0xbb, 0xfe, 0x0, 0xff,
    0x8, 0x1a, 0x27, 0xe5, 0x0, 0xff, 0x28, 0xf7,
    0x7e, 0x13, 0x0, 0xfe, 0x11, 0x10, 0x8f, 0xf0,
    0x7, 0xf9, 0x41, 0x0, 0x3f, 0x84, 0x3, 0xfb,
    0x83, 0x0, 0x3e, 0x10, 0x70, 0xf, 0xc2, 0xa2,
    0x80, 0x1f, 0x18, 0x8, 0x7, 0xe8, 0x9, 0x0,
    0xfc, 0x20, 0x60, 0x1f, 0x1b, 0xb, 0x80, 0x7e,
    0x70, 0x10, 0xf, 0xe, 0x85, 0x0, 0x7f, 0x18,
    0x70, 0x7, 0xe, 0xb, 0xa0, 0x7, 0xe3, 0x90,
    0x50, 0xc, 0x58, 0x4b, 0x0, 0x1c, 0xfb, 0xdf,
    0x82, 0x66, 0x0, 0xd6, 0x4b, 0x40, 0x1e, 0x42,
    0x11, 0x1b, 0xe8, 0x7, 0x4c, 0xa8, 0x3, 0xe3,
    0xff, 0x76, 0x40, 0x80, 0x70,

    /* U+65E0 "无" */
    0x0, 0x9b, 0x33, 0xff, 0x87, 0x60, 0x1e, 0xe3,
    0x3f, 0xfe, 0x1b, 0x0, 0x7a, 0x3f, 0xfc, 0x41,
    0xff, 0xf6, 0x80, 0x7f, 0xf0, 0x4c, 0x3, 0xff,
    0xc2, 0x22, 0x0, 0xff, 0xe1, 0x8, 0xfc, 0x6,
    0x23, 0xfc, 0x1, 0xbf, 0xbb, 0xe0, 0x2e, 0xef,
    0xe5, 0x0, 0x95, 0x7e, 0x30, 0x25, 0x5f, 0xe6,
    0x0, 0xaa, 0xbe, 0x50, 0xba, 0xaf, 0xe3, 0x0,
    0xff, 0x38, 0x2f, 0xe0, 0x7, 0xff, 0x15, 0x4,
    0xc8, 0x3, 0xff, 0x8f, 0x1, 0x20, 0x1f, 0xfc,
    0x76, 0x32, 0x50, 0xf, 0xfe, 0x31, 0x48, 0x70,
    0x7, 0xf8, 0xc0, 0x3e, 0x1c, 0x7, 0x30, 0xf,
    0xf7, 0x70, 0x3, 0x8f, 0xc5, 0xa0, 0x3, 0xfe,
    0x20, 0xe, 0x6c, 0x16, 0x90, 0x8, 0x40, 0x80,
    0x38, 0xc0, 0x80, 0x5, 0x72, 0x11, 0x20, 0x1c,
    0x43, 0xd7, 0x54, 0xbc, 0x4, 0x0, 0x72, 0x16,
    0x38, 0x7, 0xb9, 0x1, 0x15, 0x48, 0x2b, 0x0,
    0xe, 0x7d, 0x30, 0xf, 0x8e, 0xfb, 0xff, 0x75,
    0x0, 0x0,

    /* U+65E2 "既" */
    0x7, 0xff, 0xf4, 0x86, 0x77, 0x7f, 0x20, 0x6,
    0x55, 0xc0, 0x13, 0x91, 0x61, 0x2, 0x28, 0x3,
    0xae, 0xaa, 0x10, 0x5, 0xe6, 0x5a, 0xd, 0x99,
    0x20, 0x7, 0xff, 0x2, 0xd4, 0xc, 0x3c, 0x3,
    0xf4, 0x46, 0x10, 0x1, 0x21, 0x80, 0x80, 0x7f,
    0x99, 0xde, 0x0, 0x98, 0x8, 0x1c, 0x4, 0x3,
    0xf7, 0x7f, 0xc2, 0x0, 0x20, 0x60, 0x10, 0x30,
    0xf, 0xfe, 0x1f, 0x0, 0xb, 0x40, 0x4, 0x50,
    0x80, 0x7f, 0xc2, 0x1b, 0xa7, 0xa, 0xdd, 0xa8,
    0x3, 0x5d, 0x54, 0x20, 0xc, 0x55, 0x80, 0xa,
    0xbb, 0x0, 0x32, 0xae, 0x0, 0x96, 0xa9, 0x60,
    0x95, 0x59, 0xc0, 0x37, 0x7f, 0xe9, 0x0, 0xce,
    0x6, 0x1, 0xff, 0xc, 0x90, 0x7, 0x50, 0x3b,
    0x0, 0x7f, 0xcd, 0xc0, 0x19, 0x4c, 0x3, 0xff,
    0x82, 0x30, 0x6c, 0x1, 0x40, 0x40, 0x7, 0xff,
    0x0, 0xb0, 0x20, 0x1, 0x4, 0xa8, 0x1, 0x9a,
    0x84, 0x2, 0x39, 0xd4, 0x21, 0x75, 0x72, 0xa0,
    0xe, 0xf5, 0x0, 0x70, 0x6b, 0x26, 0x68, 0xdd,
    0x7, 0x80, 0x79, 0x40, 0x41, 0x80, 0xee, 0xc6,
    0x10, 0x61, 0x84, 0x2, 0x11, 0x56, 0x66, 0x0,
    0x4d, 0x62, 0x0, 0x6, 0x2, 0xcc, 0x0, 0x4e,
    0xa, 0x85, 0xe0, 0x6, 0x50, 0xc, 0x3b, 0x88,
    0x1, 0xa3, 0xbf, 0xda, 0x60,

    /* U+65E5 "日" */
    0x7a, 0xaf, 0xfe, 0x10, 0x62, 0xaf, 0xff, 0x8,
    0x2, 0xef, 0xff, 0xf1, 0x80, 0x7f, 0xff, 0xc0,
    0x3f, 0xaa, 0xef, 0xfc, 0x40, 0x19, 0x13, 0xfe,
    0x10, 0xd, 0xdf, 0xff, 0xe3, 0x0, 0xff, 0xff,
    0x80, 0x7f, 0xf3, 0x7b, 0xff, 0xfc, 0x60, 0x19,
    0x15, 0x7f, 0xc2, 0x1, 0xaa, 0xbf, 0xe2, 0x0,
    0x0,

    /* U+65E6 "旦" */
    0x0, 0x92, 0xef, 0xff, 0x83, 0x40, 0x1f, 0x1a,
    0x27, 0xff, 0x5, 0x40, 0x3f, 0xab, 0xff, 0xfc,
    0x60, 0x1f, 0xff, 0xf0, 0x9b, 0xbf, 0xf1, 0x80,
    0x7f, 0x8d, 0x13, 0xfc, 0x1, 0xff, 0x57, 0xff,
    0xf8, 0xc0, 0x3f, 0xff, 0xe1, 0x19, 0x9f, 0xe3,
    0x0, 0xff, 0x11, 0x9f, 0xf8, 0x3, 0xf9, 0xff,
    0xff, 0xf8, 0x40, 0x1f, 0xff, 0xa6, 0xcc, 0xff,
    0xe4, 0x7, 0x19, 0xff, 0xf2, 0x0,

    /* U+65E7 "旧" */
    0x1d, 0x90, 0xf, 0xfe, 0x29, 0x28, 0x5, 0x1b,
    0xbf, 0xf5, 0x0, 0x78, 0x8b, 0xff, 0x80, 0xc0,
    0x1f, 0xb3, 0xbb, 0xf0, 0x7, 0xfc, 0x23, 0xf8,
    0x3, 0xff, 0xfe, 0x1, 0xff, 0x76, 0x67, 0xe0,
    0xf, 0xf1, 0x19, 0xfe, 0x0, 0xff, 0x67, 0xff,
    0xdc, 0x1, 0xff, 0xc6, 0x10, 0xf, 0xff, 0xf8,
    0x7, 0xfd, 0xd9, 0x9f, 0x80, 0x3f, 0xc4, 0x67,
    0xf8, 0x3, 0xfd, 0x9f, 0xff, 0x70, 0x7, 0xe2,
    0x20, 0x80, 0x7c, 0x24, 0xc0,

    /* U+65F6 "时" */
    0x0, 0xff, 0xe1, 0xab, 0x0, 0x7f, 0xf1, 0xe6,
    0x44, 0x1, 0x23, 0xbf, 0x90, 0x3, 0xff, 0x83,
    0xd1, 0x1e, 0xe0, 0xf, 0xfe, 0x1c, 0xd5, 0x24,
    0x3, 0xff, 0x8a, 0xea, 0xa7, 0x0, 0x2d, 0xdf,
    0x88, 0x3a, 0xec, 0x60, 0x1f, 0x89, 0x13, 0xc2,
    0x6, 0x88, 0x70, 0xf, 0xcf, 0xff, 0xe3, 0xc,
    0xff, 0x20, 0x7, 0xf8, 0x40, 0x3c, 0x20, 0x1f,
    0xfc, 0x8, 0xf1, 0x0, 0xff, 0xaa, 0xb0, 0x5,
    0x83, 0x0, 0x1f, 0xf2, 0x2a, 0x90, 0x2, 0x43,
    0x62, 0x0, 0xff, 0x77, 0xfb, 0x80, 0x37, 0x84,
    0x0, 0x7f, 0xf1, 0x8c, 0xca, 0x40, 0x1f, 0xfc,
    0x68, 0x5, 0x0, 0xff, 0xe3, 0x24, 0x38, 0x7,
    0xff, 0x1d, 0xc0, 0x3f, 0xfa, 0x7b, 0x98, 0xd0,
    0xf, 0xfe, 0x29, 0x9e, 0x0, 0xfc, 0x86, 0x6,
    0x1, 0x57, 0xff, 0xa8, 0x2, 0x3f, 0xf5, 0x81,
    0x88, 0x7, 0xff, 0x8, 0xc8, 0x89, 0x1a, 0x1,
    0x80,

    /* U+660E "明" */
    0x0, 0xff, 0x11, 0x7e, 0x16, 0xaa, 0xf2, 0x80,
    0x37, 0x7f, 0xbd, 0x57, 0xda, 0x1, 0x13, 0x37,
    0x0, 0x6d, 0xee, 0x68, 0x7, 0x34, 0xcf, 0x0,
    0x63, 0x11, 0x18, 0x7, 0xff, 0x7d, 0x9d, 0xf8,
    0x3, 0xff, 0x82, 0x51, 0x1c, 0x1, 0xae, 0x65,
    0x60, 0x1c, 0x79, 0x9c, 0x1, 0x95, 0x98, 0xa0,
    0x1c, 0xc6, 0x7c, 0x1, 0xb3, 0x75, 0x80, 0x10,
    0x80, 0x7f, 0xc4, 0x58, 0x3, 0xff, 0x94, 0x60,
    0xf5, 0x5c, 0x1, 0xff, 0x8, 0x12, 0xaf, 0x0,
    0x7f, 0xca, 0x15, 0xff, 0xc0, 0x1f, 0xf7, 0x82,
    0x0, 0x7f, 0x77, 0xfb, 0x80, 0x27, 0x31, 0x0,
    0xfb, 0xd5, 0x7d, 0xae, 0x32, 0x1, 0xf9, 0xaa,
    0xbc, 0xd0, 0x4a, 0x1, 0xc2, 0xe, 0x1, 0xe2,
    0xd0, 0xe0, 0x8, 0x62, 0xb0, 0x8, 0x3, 0xd8,
    0x34, 0x60, 0x10, 0xba, 0x91, 0xc0, 0x7, 0xaa,
    0x54, 0x3, 0xb3, 0x7f, 0x4,

    /* U+6620 "映" */
    0x0, 0xff, 0xe0, 0x11, 0x80, 0x7f, 0xf1, 0xe3,
    0x4, 0x3, 0xff, 0x9f, 0xdf, 0xfc, 0x20, 0x1f,
    0xfc, 0x42, 0x20, 0x80, 0x53, 0x55, 0x38, 0x5d,
    0x54, 0xa0, 0x12, 0x6e, 0x98, 0x2, 0x75, 0x58,
    0x81, 0x57, 0x68, 0x7, 0xfc, 0x9d, 0xc5, 0xd,
    0xed, 0x0, 0xff, 0xe1, 0x8, 0x80, 0x6, 0x26,
    0x1, 0xff, 0xe3, 0x66, 0x8c, 0x3, 0xff, 0x8a,
    0x53, 0x24, 0x0, 0xff, 0xe2, 0x9d, 0x51, 0x1,
    0x6c, 0x56, 0xec, 0x81, 0x57, 0x40, 0xb6, 0x40,
    0xea, 0xa3, 0x2, 0x40, 0x14, 0x40, 0x82, 0x24,
    0x4, 0x82, 0x1, 0xe7, 0xff, 0xdc, 0x0, 0x9f,
    0xfe, 0x30, 0xf, 0xf9, 0xc0, 0x16, 0x1, 0xff,
    0xc4, 0x18, 0x7, 0x26, 0x0, 0xff, 0xe1, 0xd0,
    0xbc, 0x14, 0x98, 0x7, 0x2e, 0x61, 0x80, 0x35,
    0x22, 0x20, 0x38, 0x31, 0x0, 0x30, 0x99, 0x84,
    0x0, 0x58, 0xa7, 0x40, 0x3, 0xa0, 0xb8, 0x0,
    0x77, 0xff, 0x4e, 0x9a, 0xe0, 0x80, 0x4b, 0x82,
    0xfc, 0x80, 0x1c, 0x2c, 0x13, 0x40, 0x1e, 0x3f,
    0x51, 0x70, 0xe, 0x1a, 0xd6, 0x0, 0xfc, 0x35,
    0xa6,

    /* U+662F "是" */
    0x0, 0x84, 0xcf, 0xff, 0x82, 0x40, 0x1f, 0x4e,
    0x67, 0xff, 0x6, 0x40, 0x3f, 0xa2, 0xef, 0xfa,
    0x80, 0x3f, 0xe3, 0x44, 0xfe, 0x70, 0xf, 0xfa,
    0xff, 0xff, 0xb4, 0x3, 0xfe, 0x68, 0x8f, 0xe7,
    0x0, 0xff, 0xb5, 0xdf, 0xfa, 0x80, 0x3f, 0xed,
    0x66, 0xfe, 0x50, 0xf, 0xf9, 0xa6, 0x7f, 0xa0,
    0x3, 0xfa, 0x3f, 0xff, 0xf8, 0x36, 0x1, 0xff,
    0xce, 0x3f, 0xff, 0xfe, 0x3e, 0x81, 0x44, 0x7e,
    0x70, 0x28, 0x8f, 0xd6, 0x2, 0xef, 0x7, 0xbb,
    0xd2, 0x2, 0xef, 0xf9, 0x80, 0x3a, 0x58, 0x3,
    0xc4, 0x5e, 0x10, 0xf, 0x18, 0xa0, 0x7, 0x1e,
    0xef, 0xb8, 0x3, 0xd4, 0x8, 0x20, 0x18, 0xaa,
    0xbe, 0x0, 0xe2, 0x61, 0x16, 0x80, 0x61, 0x55,
    0xf8, 0x3, 0xb8, 0x2a, 0x87, 0xaa, 0x1, 0xff,
    0xc2, 0x93, 0x44, 0x2d, 0x9d, 0x70, 0x14, 0x41,
    0xde, 0x88, 0xa5, 0x21, 0x8a, 0x80, 0x9, 0xd2,
    0xa4, 0x2e, 0xe8, 0x89, 0xde, 0x60, 0xa4, 0xc1,
    0x0, 0xcd, 0x5b, 0xff, 0xbb, 0xb7, 0xf9, 0x0,

    /* U+663E "显" */
    0x0, 0xff, 0xe6, 0xf, 0xff, 0xff, 0xd, 0x0,
    0x3e, 0x26, 0x6f, 0xf8, 0xc0, 0x3f, 0x9e, 0x67,
    0xfe, 0x40, 0xf, 0xe7, 0x99, 0xff, 0x90, 0x3,
    0xf8, 0x99, 0xbf, 0xe3, 0x0, 0xfe, 0x5f, 0xff,
    0xf9, 0xc0, 0x3f, 0xfa, 0x6b, 0xff, 0xff, 0x38,
    0x7, 0xc2, 0xcd, 0xff, 0xc4, 0x0, 0xf4, 0xcf,
    0xff, 0xc, 0x80, 0x38, 0xc0, 0x35, 0x79, 0x0,
    0x3b, 0x80, 0x19, 0x0, 0x32, 0x63, 0x80, 0x7f,
    0xf0, 0x52, 0xdc, 0x2, 0x43, 0x82, 0x0, 0xff,
    0xe0, 0x48, 0x28, 0x6, 0xe0, 0xe0, 0xf, 0xf9,
    0x89, 0x88, 0x3, 0x14, 0x1b, 0x80, 0x7f, 0xc,
    0xc, 0x0, 0x79, 0xc6, 0x0, 0x3f, 0xac, 0x6c,
    0x40, 0x3e, 0x89, 0x0, 0xfe, 0xf6, 0x50, 0xf,
    0xcc, 0xc0, 0xf, 0xe5, 0x90, 0xe, 0x9a, 0xaf,
    0x20, 0x45, 0x50, 0x45, 0x55, 0xf0, 0xba, 0xaf,
    0x84, 0x15, 0x60, 0x2, 0xaf, 0xc6,

    /* U+666E "普" */
    0x0, 0xe2, 0xa0, 0xf, 0x99, 0x80, 0x1f, 0xf2,
    0x2d, 0x0, 0x71, 0xcd, 0x0, 0x7f, 0xcc, 0xc5,
    0x20, 0x8, 0x78, 0x38, 0x3, 0xec, 0xff, 0xcc,
    0x1b, 0xff, 0x71, 0x6, 0xff, 0xe1, 0x0, 0x5b,
    0x23, 0x34, 0x40, 0xac, 0xc1, 0x6, 0x69, 0x59,
    0x82, 0x0, 0x7e, 0x5b, 0x99, 0x20, 0x5c, 0xc8,
    0xca, 0x66, 0x13, 0x90, 0xc, 0x83, 0x82, 0x1,
    0xfe, 0x84, 0xc0, 0xe, 0x3b, 0x1d, 0x0, 0xfe,
    0x67, 0x66, 0x0, 0x79, 0x1d, 0xc0, 0x1f, 0xde,
    0x92, 0x1, 0xa2, 0x66, 0x11, 0x4a, 0x4, 0x4c,
    0x8c, 0xa4, 0xa, 0x67, 0xb, 0x37, 0x2b, 0x10,
    0x33, 0x42, 0xc, 0xdf, 0x1f, 0x7f, 0xff, 0xf2,
    0x8, 0x3, 0xff, 0x9b, 0x5f, 0xff, 0xfc, 0x1e,
    0x0, 0xfe, 0x67, 0x7f, 0xf0, 0x80, 0x7f, 0xa6,
    0x23, 0xfc, 0x40, 0x1f, 0xe8, 0x8f, 0xf8, 0x80,
    0x3f, 0xce, 0xff, 0xf0, 0x80, 0x7f, 0xbf, 0xff,
    0xe3, 0x0, 0xff, 0x8, 0x7, 0xff, 0x27, 0xbf,
    0xff, 0xc6, 0x1, 0xfe, 0x88, 0xff, 0x88, 0x3,
    0x80,

    /* U+6682 "暂" */
    0x0, 0xc2, 0xc2, 0x1, 0xff, 0xc7, 0x99, 0x28,
    0x7, 0xf8, 0xda, 0x0, 0x2, 0xcd, 0x80, 0x99,
    0xb1, 0x44, 0xde, 0xfe, 0x4b, 0x88, 0x14, 0xcc,
    0x21, 0x33, 0xa1, 0x9d, 0x94, 0x56, 0x2f, 0xc4,
    0xf, 0xf8, 0x4f, 0xf3, 0xbf, 0xdc, 0x0, 0xae,
    0xca, 0x74, 0x0, 0xe8, 0x1f, 0x3c, 0x60, 0xe,
    0x10, 0xf, 0xe3, 0x62, 0x5b, 0xd, 0x66, 0x18,
    0x3, 0x19, 0xbe, 0x20, 0x50, 0x29, 0x70, 0x59,
    0x95, 0x88, 0x3c, 0xcf, 0xca, 0xd, 0xff, 0x60,
    0x47, 0xfa, 0xc, 0x2f, 0xb8, 0xa1, 0xbd, 0xc7,
    0x0, 0x84, 0x94, 0x31, 0xe6, 0x38, 0x10, 0x44,
    0x0, 0x31, 0x10, 0x57, 0xfb, 0xb6, 0x41, 0x25,
    0x45, 0x4c, 0x3, 0xfb, 0xe2, 0x6b, 0x28, 0x23,
    0xb3, 0x8a, 0x40, 0x3f, 0x95, 0xd9, 0x4d, 0x80,
    0x35, 0x1a, 0x80, 0x44, 0x62, 0x1, 0xe4, 0x74,
    0x70, 0x77, 0x52, 0x3b, 0xef, 0xb0, 0xf, 0xb6,
    0x20, 0xf1, 0x19, 0xe2, 0x3c, 0x1, 0xfd, 0x7f,
    0xff, 0xe2, 0x0, 0xff, 0x62, 0xaf, 0xf8, 0xc0,
    0x3f, 0xcf, 0x55, 0xfe, 0x10, 0xf, 0xf5, 0xff,
    0xff, 0x88, 0x3, 0xfe, 0x11, 0xff, 0x0, 0x7f,
    0xd7, 0xdd, 0xfe, 0x20, 0xf, 0xf4, 0xe6, 0x7f,
    0x88, 0x3, 0x80,

    /* U+6697 "暗" */
    0x0, 0xff, 0xe0, 0x9, 0x80, 0x7f, 0xf1, 0xef,
    0x8, 0x3, 0xe1, 0x1e, 0x0, 0xf7, 0x2, 0x80,
    0x7a, 0xbb, 0xba, 0x2, 0x26, 0x6d, 0xa, 0x99,
    0xcc, 0x1, 0x22, 0x40, 0x13, 0x37, 0x1, 0x33,
    0x6c, 0x0, 0xae, 0xd4, 0x1, 0x77, 0x91, 0x3f,
    0xea, 0x9, 0xfa, 0x0, 0xff, 0x9c, 0x80, 0x2c,
    0x4, 0x0, 0xff, 0xe0, 0xe8, 0x18, 0x1, 0x4,
    0x80, 0x3f, 0xcd, 0x10, 0xc0, 0x98, 0x81, 0x1c,
    0x44, 0x80, 0x1f, 0x53, 0xb9, 0x1, 0x5d, 0xc0,
    0x4e, 0xf6, 0x80, 0x15, 0x4e, 0x0, 0xcf, 0xff,
    0xfe, 0x4, 0x80, 0x2a, 0x92, 0x1, 0xff, 0xc6,
    0x99, 0x40, 0x4, 0xbf, 0xff, 0xd2, 0x1, 0x99,
    0xa0, 0xe, 0x57, 0x7f, 0x0, 0x7f, 0xf0, 0xbe,
    0x23, 0xa4, 0x3, 0xff, 0x84, 0x64, 0x5e, 0x0,
    0xff, 0xe1, 0x4e, 0xef, 0x60, 0x7, 0xff, 0x9,
    0xea, 0xbc, 0x1, 0xea, 0xa5, 0x80, 0x76, 0xaa,
    0xf2, 0x0, 0x79, 0x56, 0x0, 0xe2, 0x33, 0xe5,
    0x0, 0xd7, 0xbb, 0xd2, 0x1, 0x46, 0x67, 0x58,
    0x6, 0x12, 0x2e, 0x10, 0xa, 0x33, 0x3c, 0x1,
    0x80,

    /* U+66F4 "更" */
    0x0, 0xff, 0xe5, 0xf7, 0xff, 0xff, 0x1a, 0x80,
    0xc, 0xdf, 0xc0, 0x2c, 0xdf, 0xbc, 0x1, 0x13,
    0x3f, 0x80, 0xa6, 0x7f, 0x28, 0x6, 0x55, 0xf3,
    0x0, 0xaa, 0xf9, 0x0, 0x38, 0xaa, 0xbd, 0x20,
    0x55, 0x5e, 0x90, 0xf, 0x97, 0xbb, 0x68, 0x17,
    0x77, 0x8, 0x7, 0xf0, 0x8e, 0x20, 0x11, 0xf0,
    0x7, 0xf3, 0xc4, 0x70, 0x14, 0x47, 0x8, 0x7,
    0xe2, 0x77, 0xe0, 0x17, 0x7e, 0x0, 0xfe, 0x5f,
    0xfe, 0x3, 0xff, 0xe1, 0x0, 0xff, 0xe9, 0x2f,
    0xff, 0x1, 0xff, 0xf0, 0x80, 0x78, 0xdd, 0xca,
    0xef, 0x30, 0x13, 0xbf, 0xac, 0x3, 0x86, 0x5,
    0x6e, 0x21, 0xe1, 0x51, 0x1e, 0x60, 0xf, 0xac,
    0xb1, 0x83, 0x41, 0x0, 0x3f, 0xf8, 0x45, 0x87,
    0x38, 0x86, 0x60, 0xf, 0xfe, 0x18, 0xe8, 0x98,
    0x1, 0x40, 0x3f, 0xf8, 0x45, 0x1e, 0x24, 0xa7,
    0x5f, 0x92, 0xc8, 0x64, 0x20, 0x1, 0x48, 0xdd,
    0x38, 0x46, 0xd7, 0x4a, 0x93, 0x4d, 0xe6, 0xf7,
    0xb5, 0xd9, 0xcd, 0x6b, 0x9c, 0x0, 0x2d, 0x5d,
    0xcc, 0xa8, 0x64, 0x34, 0x98, 0xce, 0xa5, 0x0,
    0xfc, 0x26, 0xaf, 0x37, 0x84,

    /* U+66FF "替" */
    0x0, 0xf2, 0x10, 0x7, 0xc6, 0x60, 0xf, 0xf8,
    0x6e, 0x0, 0x3e, 0xed, 0x0, 0xfc, 0x23, 0x18,
    0x0, 0x46, 0x1, 0x18, 0x0, 0x23, 0x80, 0x37,
    0x75, 0xa0, 0xbd, 0xcf, 0xe, 0xe8, 0x87, 0xbb,
    0x20, 0x5, 0x55, 0x48, 0x1d, 0x52, 0xc2, 0xaa,
    0x11, 0x55, 0x65, 0x0, 0x95, 0x67, 0x5, 0x5c,
    0xa, 0xb1, 0x82, 0xae, 0x10, 0x1, 0xbb, 0xd2,
    0xa, 0xef, 0xb, 0xbc, 0x60, 0xef, 0x94, 0x0,
    0xb1, 0x13, 0x81, 0xc4, 0x45, 0x11, 0x8, 0xa2,
    0x37, 0x80, 0x1b, 0xfe, 0x40, 0x4e, 0xff, 0x1f,
    0xfa, 0x0, 0xb, 0xff, 0x50, 0x7, 0x32, 0x1a,
    0xfa, 0x80, 0x4b, 0x7, 0x2b, 0x20, 0x1f, 0x3c,
    0x96, 0xf9, 0x54, 0xd, 0x50, 0xb5, 0x9d, 0xac,
    0x80, 0x23, 0xc8, 0x3c, 0x11, 0x61, 0xf9, 0x2b,
    0x68, 0x84, 0x41, 0x36, 0x5, 0x30, 0xdf, 0xdd,
    0x9a, 0xa1, 0x57, 0xf6, 0x6c, 0x78, 0x4f, 0x29,
    0x1b, 0x15, 0x33, 0xf3, 0xcc, 0xf4, 0x1e, 0xcc,
    0x3, 0x90, 0x5, 0x7d, 0xdf, 0xe0, 0xc, 0xc0,
    0x1f, 0x38, 0x8f, 0xf8, 0x3, 0xff, 0x81, 0x9f,
    0xff, 0xe0, 0xf, 0xfe, 0x3, 0x44, 0x7f, 0x80,
    0x3f, 0xf8, 0x14, 0xef, 0xfe, 0x0, 0xff, 0xe0,
    0x2a, 0x27, 0xf8, 0x3, 0xff, 0x81, 0x37, 0x7f,
    0xe0, 0xf, 0xfe, 0x5, 0x6e, 0xff, 0x80, 0x3c,

    /* U+6700 "最" */
    0x0, 0xc6, 0xef, 0xff, 0xc2, 0x0, 0xfc, 0x91,
    0x1f, 0xfc, 0x20, 0xf, 0xf6, 0x7f, 0xff, 0x94,
    0x3, 0xfe, 0xcf, 0xff, 0xf2, 0x80, 0x7f, 0xd1,
    0x77, 0xfe, 0x30, 0xf, 0xf8, 0x5d, 0xff, 0xe0,
    0xf, 0xfa, 0x73, 0x3f, 0xc8, 0x1, 0xfc, 0xd9,
    0x9f, 0xfc, 0x20, 0xe, 0x77, 0x99, 0x13, 0xff,
    0x84, 0xef, 0x20, 0x44, 0x7f, 0xf2, 0x70, 0x3f,
    0xd4, 0x15, 0xff, 0x38, 0x77, 0xff, 0xfa, 0x0,
    0x3b, 0x55, 0x62, 0x0, 0x4d, 0x57, 0xcc, 0x1,
    0xf3, 0xd5, 0x4a, 0x0, 0x25, 0x41, 0x19, 0x97,
    0x0, 0x3e, 0xaf, 0xf9, 0xc0, 0x16, 0x47, 0x77,
    0x83, 0x80, 0x3e, 0xd5, 0x58, 0x80, 0x28, 0x25,
    0x1, 0x94, 0x40, 0x7, 0xcf, 0x55, 0x28, 0x4,
    0xa7, 0x63, 0x43, 0x20, 0x1f, 0xab, 0xfe, 0x70,
    0xd, 0xa1, 0xe9, 0x44, 0x1, 0xfc, 0x26, 0xa6,
    0x18, 0xe0, 0x2a, 0x22, 0x70, 0xe, 0x4a, 0x80,
    0xae, 0xcb, 0x50, 0x54, 0x5e, 0x48, 0xd, 0x81,
    0x0, 0xc2, 0x91, 0x7b, 0xfc, 0xc1, 0x7d, 0x4b,
    0xaf, 0xce, 0xee, 0xa0, 0x2, 0x5c, 0xba, 0x10,
    0x6, 0x25, 0xbb, 0x10, 0x2, 0x3a, 0x8, 0x0,

    /* U+6709 "有" */
    0x0, 0xff, 0x29, 0x0, 0x7f, 0xf2, 0xe, 0xbc,
    0x3, 0xff, 0x91, 0x21, 0x60, 0x1f, 0xfc, 0x1,
    0xaa, 0xf9, 0x43, 0x2a, 0xbf, 0xcc, 0x6, 0xab,
    0xf0, 0x1, 0x57, 0xfe, 0xf0, 0x2f, 0xfe, 0xa0,
    0x2e, 0xff, 0xff, 0xa4, 0x3, 0xc3, 0x61, 0xc2,
    0x1, 0xff, 0xc6, 0xa1, 0x2b, 0x88, 0xfe, 0x50,
    0xf, 0xd2, 0x80, 0x4e, 0xff, 0xee, 0x0, 0xf9,
    0xd8, 0x23, 0xff, 0xfb, 0x40, 0x3f, 0x3c, 0x0,
    0x7f, 0xf0, 0xc, 0x3, 0xe9, 0x81, 0x80, 0xf,
    0xf8, 0xc0, 0x3d, 0x6c, 0x38, 0x41, 0x1f, 0xff,
    0xda, 0x1, 0xe2, 0x3f, 0x20, 0x2, 0x3b, 0xff,
    0x80, 0x3d, 0x38, 0x20, 0x16, 0x44, 0x7f, 0x48,
    0x7, 0xff, 0x5e, 0x3f, 0xff, 0xb8, 0x3, 0xff,
    0x80, 0x6c, 0xdf, 0xe0, 0xf, 0xfe, 0x5, 0xcc,
    0xff, 0x40, 0x7, 0xff, 0x28, 0x80, 0x40, 0x3f,
    0xf8, 0xa5, 0x7b, 0x81, 0xa0, 0x1f, 0xfc, 0x52,
    0x50, 0x59, 0x70, 0x8,

    /* U+670D "服" */
    0x0, 0xff, 0xe6, 0x8f, 0xff, 0xac, 0x2f, 0xff,
    0xf5, 0x80, 0x78, 0xd9, 0xa0, 0xe, 0x66, 0xf0,
    0x7, 0xe4, 0x99, 0x80, 0x3a, 0x67, 0xc0, 0x20,
    0x1f, 0xfc, 0x81, 0x0, 0xff, 0xe4, 0x2b, 0xd8,
    0x68, 0x7, 0x92, 0x22, 0x0, 0xfd, 0xd0, 0xa8,
    0xc0, 0x1e, 0x36, 0x68, 0x3, 0xf5, 0x77, 0xd8,
    0x80, 0x79, 0xfb, 0xa0, 0xe, 0x99, 0xa2, 0x13,
    0x30, 0x80, 0x7f, 0xf0, 0x99, 0xbf, 0x18, 0x7,
    0xff, 0xb, 0x1, 0xbf, 0xe6, 0x3, 0x0, 0xff,
    0xe1, 0x19, 0x38, 0x4, 0xe6, 0x20, 0x11, 0x83,
    0xff, 0xc0, 0x1e, 0x51, 0x20, 0x31, 0xb0, 0xc,
    0x20, 0x6c, 0xd0, 0x7, 0xa8, 0x2c, 0x24, 0x18,
    0x3, 0x38, 0x4c, 0xe0, 0xf, 0x12, 0x32, 0xa9,
    0x84, 0x3, 0x18, 0x30, 0x7, 0xfa, 0x2, 0x82,
    0x0, 0x3b, 0x80, 0xc0, 0x3f, 0xc6, 0x60, 0x41,
    0x0, 0xe7, 0x30, 0xf, 0xfa, 0x8c, 0x52, 0x80,
    0x32, 0xd, 0x80, 0x5, 0x0, 0x40, 0x22, 0xc5,
    0x8e, 0x45, 0xd3, 0x0, 0x40, 0x30, 0x3f, 0x58,
    0x70, 0x5, 0xe7, 0x4e, 0x17, 0x5, 0x86, 0x2e,
    0xc2, 0xc, 0xf3, 0xa8, 0x1, 0x66, 0xa8, 0x4,
    0xfb, 0x6, 0x37, 0x20, 0x1, 0x86, 0x20, 0x5,
    0xf8, 0x90, 0x7, 0x13, 0x80,

    /* U+671F "期" */
    0x0, 0x9b, 0x88, 0x2, 0x9e, 0x0, 0xff, 0xe1,
    0x8, 0x80, 0x31, 0x88, 0x0, 0x77, 0x7e, 0x10,
    0x19, 0xb0, 0x89, 0x99, 0xc2, 0x5c, 0x8, 0xc0,
    0x23, 0x20, 0x1, 0xb1, 0x82, 0xb3, 0x44, 0xd,
    0x80, 0x6, 0xdd, 0x9c, 0x2, 0x2f, 0x80, 0xdf,
    0xf9, 0x43, 0xec, 0x3, 0xff, 0xb1, 0xd7, 0x72,
    0x0, 0x7f, 0xf1, 0x9d, 0xe0, 0xf, 0x3f, 0xfc,
    0xc0, 0x1f, 0x76, 0x64, 0x80, 0x1c, 0x6c, 0xd1,
    0x80, 0x7c, 0x23, 0x80, 0x3c, 0x93, 0x32, 0x80,
    0x7d, 0x9d, 0xd2, 0x80, 0x7f, 0xf1, 0x62, 0x66,
    0x30, 0xf, 0xfe, 0x2a, 0xb3, 0x60, 0x8, 0xc0,
    0xdd, 0xe5, 0x0, 0xf8, 0x40, 0x3f, 0x92, 0x22,
    0x30, 0x0, 0xff, 0xa0, 0x33, 0xfe, 0x50, 0xfd,
    0x60, 0x8c, 0xc9, 0x40, 0x3, 0x11, 0xff, 0x59,
    0x2, 0x19, 0xe0, 0x9, 0xde, 0x3b, 0x67, 0xcd,
    0x77, 0x36, 0x1, 0x80, 0x7f, 0x15, 0x10, 0x0,
    0xd6, 0x80, 0x55, 0x0, 0x3f, 0x87, 0xc7, 0x44,
    0x22, 0xb, 0x16, 0x1c, 0x1, 0xf8, 0xb0, 0xa8,
    0xc0, 0x27, 0x9e, 0x53, 0x50, 0x3, 0xdb, 0x0,
    0x83, 0x1c, 0xa8, 0x7, 0x3c, 0x7, 0x0, 0x5c,
    0x87, 0x40, 0x4, 0xf6, 0x0, 0xf0, 0xe5, 0x90,
    0x5, 0x3f, 0x8a, 0x0,

    /* U+672A "未" */
    0x0, 0xff, 0xa1, 0x40, 0x3f, 0xf9, 0x2, 0xfc,
    0x1, 0xff, 0xef, 0x9f, 0xff, 0x70, 0x27, 0xff,
    0xc6, 0x1, 0xdc, 0x67, 0xf0, 0x9, 0x9f, 0xc2,
    0x1, 0xcf, 0x99, 0xed, 0x5, 0xcc, 0xf8, 0x80,
    0x3f, 0xfc, 0xc2, 0x3f, 0x88, 0x0, 0x23, 0xfc,
    0x0, 0x1e, 0xef, 0xd8, 0x9, 0xdd, 0xfa, 0x80,
    0x2, 0xcd, 0xf8, 0x2, 0x26, 0x6f, 0xb4, 0x2,
    0x99, 0xf8, 0x80, 0x22, 0xd9, 0x9f, 0x30, 0x7,
    0xf4, 0xa2, 0x82, 0x15, 0x98, 0x7, 0xff, 0xa,
    0x58, 0xe0, 0x1, 0x83, 0x88, 0x1, 0xff, 0xc0,
    0xa6, 0x2d, 0x30, 0x0, 0xe8, 0xda, 0x80, 0x7f,
    0x16, 0x29, 0xe0, 0x80, 0x63, 0xc1, 0xa8, 0x0,
    0xf9, 0x74, 0xd7, 0x4, 0x3, 0xc5, 0x84, 0xf8,
    0x40, 0x11, 0x5d, 0x4, 0x50, 0x7, 0xf1, 0x6a,
    0x1e, 0xc0, 0x3, 0xd0, 0xb1, 0xc0, 0x3f, 0xf8,
    0x17, 0x20, 0xf0, 0x1f, 0x1a, 0x60, 0x1f, 0xfc,
    0x26, 0xd6, 0x80, 0x27, 0x0, 0xff, 0xe2, 0x94,
    0x80,

    /* U+672B "末" */
    0x0, 0xff, 0x99, 0x40, 0x3f, 0xf9, 0x33, 0x0,
    0x1f, 0xfe, 0xea, 0xaf, 0xe0, 0x2a, 0xaf, 0xd2,
    0x0, 0x15, 0x5f, 0xe0, 0x2, 0xaf, 0xe4, 0x0,
    0xf, 0xff, 0xee, 0x2, 0xff, 0xfd, 0xa0, 0x1f,
    0xf0, 0x80, 0x7f, 0xf8, 0x44, 0x3, 0xff, 0x87,
    0xbf, 0xfe, 0xe0, 0x2f, 0xff, 0xa4, 0x3, 0x95,
    0x7e, 0x0, 0x85, 0x57, 0xde, 0x1, 0xd1, 0x55,
    0xd8, 0x1, 0xf, 0x55, 0x73, 0x0, 0x7f, 0x96,
    0x48, 0x4, 0x56, 0x60, 0x1f, 0xfc, 0x26, 0xa2,
    0xf0, 0x3d, 0xc, 0x40, 0xf, 0xfe, 0x4, 0x48,
    0xf9, 0x0, 0xe, 0xc2, 0xd8, 0x3, 0xf8, 0xb1,
    0xcb, 0xc8, 0x3, 0x26, 0xc, 0xc8, 0x3, 0xe6,
    0xd3, 0x4c, 0x10, 0xf, 0x1e, 0x13, 0x69, 0x80,
    0x47, 0x92, 0x11, 0x62, 0x1, 0xf8, 0xb5, 0x8b,
    0x24, 0x43, 0x4c, 0xb1, 0xc0, 0x3f, 0xf8, 0x13,
    0x42, 0xd4, 0x15, 0x1a, 0x60, 0x1f, 0xfc, 0x25,
    0xf6, 0xa0, 0x47, 0x0, 0xff, 0xe2, 0x8c, 0x88,

    /* U+672C "本" */
    0x0, 0xff, 0x2e, 0x30, 0x7, 0xff, 0x20, 0xcd,
    0xc0, 0x1f, 0xfe, 0xe1, 0x22, 0xf8, 0x40, 0x48,
    0xbf, 0x0, 0x6f, 0xdd, 0xfa, 0x1, 0xb7, 0x7f,
    0x8, 0x4, 0xe8, 0x9e, 0x0, 0xe4, 0x4f, 0x84,
    0x2, 0x9b, 0xbe, 0x90, 0xe, 0xeb, 0xbf, 0x0,
    0x7f, 0xa4, 0x1c, 0x18, 0x20, 0x3, 0xff, 0x86,
    0x68, 0xdc, 0x2, 0xe4, 0xa0, 0x1f, 0xfc, 0x2e,
    0xb, 0x0, 0xa4, 0x2c, 0x40, 0x3f, 0xf8, 0x14,
    0x50, 0x40, 0x10, 0xc8, 0xd0, 0x7, 0xfc, 0xca,
    0x6e, 0x1, 0xcc, 0x88, 0x70, 0xf, 0xe4, 0x91,
    0xe0, 0xf, 0xa8, 0x61, 0x40, 0x3e, 0x4b, 0xa,
    0x20, 0xf, 0x87, 0x42, 0x94, 0x3, 0x96, 0xc2,
    0x90, 0x3, 0xf8, 0xe8, 0x29, 0x80, 0x26, 0xa0,
    0x97, 0xbb, 0xe0, 0x5b, 0xbc, 0x34, 0x13, 0x20,
    0x59, 0xa, 0x61, 0x44, 0xc4, 0x4, 0x89, 0x89,
    0x6c, 0x19, 0xd5, 0xad, 0x40, 0xff, 0xf4, 0x83,
    0xff, 0xe6, 0x4, 0xc5, 0x70, 0x94, 0x0, 0xff,
    0xe2, 0x9d, 0x0, 0x7f, 0xf8, 0xc0,

    /* U+673A "机" */
    0x0, 0xc3, 0x6c, 0x1, 0xff, 0xc8, 0x34, 0xf0,
    0xf, 0xfe, 0x70, 0xe6, 0x7d, 0x0, 0x1f, 0xfc,
    0x33, 0x3f, 0xc0, 0x1f, 0xfc, 0x43, 0xff, 0xb4,
    0x3, 0xe5, 0xcc, 0x70, 0x3e, 0x64, 0x1, 0xe3,
    0x0, 0xf8, 0xcf, 0x0, 0x99, 0xc0, 0x1f, 0xfc,
    0x26, 0xff, 0x40, 0x37, 0xfc, 0x1, 0xff, 0xc5,
    0xa0, 0xf, 0xfe, 0x49, 0x90, 0x0, 0x40, 0x3f,
    0xf8, 0xd2, 0x0, 0x6d, 0x0, 0xff, 0xe2, 0x92,
    0xa0, 0x11, 0xd8, 0x4, 0xe0, 0x1f, 0xfc, 0x8,
    0xf, 0x4, 0x74, 0xa3, 0x0, 0xff, 0xe0, 0x9a,
    0xa9, 0x80, 0x10, 0x8c, 0x20, 0x20, 0x1f, 0xf7,
    0x4, 0x0, 0x6a, 0xd7, 0x2, 0x0, 0xff, 0x21,
    0x39, 0x0, 0x61, 0x18, 0x38, 0x3, 0xfc, 0x93,
    0x0, 0x1f, 0x60, 0x20, 0x7, 0xc3, 0x68, 0xc,
    0x1, 0xf9, 0x4, 0x80, 0x3e, 0x34, 0xd0, 0xf,
    0xe4, 0x29, 0x0, 0xfc, 0x20, 0x20, 0x1f, 0xd2,
    0x4e, 0x1, 0xf9, 0x43, 0x80, 0x3f, 0x51, 0x70,
    0x7, 0x8, 0x26, 0x40, 0x10, 0x7, 0xca, 0xaa,
    0x30, 0xf, 0x48, 0x98, 0xb2, 0x0, 0x62, 0xf9,
    0x5f, 0x50, 0xf, 0x9b, 0xbf, 0xd2, 0x0,

    /* U+675F "束" */
    0x0, 0xff, 0xa9, 0x80, 0x3f, 0xf9, 0x2, 0xba,
    0x1, 0xff, 0xd6, 0x1f, 0xff, 0xdc, 0x9, 0xff,
    0xfa, 0xc0, 0x2, 0x67, 0xfc, 0x2, 0x67, 0xfc,
    0x1, 0x66, 0x7e, 0xd0, 0x5c, 0xcf, 0xd0, 0x1,
    0xff, 0xcf, 0x39, 0x9f, 0x58, 0x2c, 0xcf, 0xc0,
    0x1e, 0x56, 0x6f, 0x28, 0xb, 0x37, 0xc2, 0x1,
    0xf4, 0xff, 0xee, 0x4, 0xff, 0xe4, 0x0, 0xff,
    0xf5, 0xcf, 0xfe, 0xe0, 0x4f, 0xfe, 0x40, 0xf,
    0x95, 0x9b, 0x90, 0x3, 0x33, 0x78, 0x40, 0x38,
    0xe6, 0x75, 0xa8, 0x6, 0x39, 0x9e, 0x0, 0xff,
    0x26, 0xc, 0x82, 0x32, 0xd8, 0x80, 0x7f, 0xf0,
    0x26, 0xc6, 0xdc, 0x1, 0x2e, 0x9e, 0x80, 0x1f,
    0xcb, 0xcc, 0x5a, 0x80, 0x1a, 0x28, 0x6e, 0x84,
    0x3, 0x92, 0xe8, 0x5f, 0x48, 0x3, 0xcb, 0xc8,
    0xbd, 0x2, 0x0, 0xcb, 0x43, 0xc8, 0x0, 0xfe,
    0x1b, 0xa2, 0x7e, 0x70, 0x43, 0xbc, 0x30, 0xf,
    0xfe, 0x2, 0xec, 0x89, 0x84, 0x62, 0x0, 0x7f,
    0xf1, 0x1b, 0x90,

    /* U+6761 "条" */
    0x0, 0xff, 0xe9, 0x1f, 0xc8, 0x7, 0xff, 0x1c,
    0xb4, 0x30, 0x3, 0xff, 0x8c, 0x58, 0x21, 0x5f,
    0xff, 0xcc, 0x1, 0xf1, 0xe0, 0xac, 0x47, 0xe4,
    0x0, 0x18, 0x7, 0x9b, 0x4, 0x10, 0xdd, 0xfc,
    0x8, 0x12, 0xa0, 0x18, 0x6a, 0x46, 0xec, 0x17,
    0x22, 0x0, 0x4d, 0x82, 0xc6, 0x0, 0xe3, 0x44,
    0x7a, 0x23, 0xd5, 0xba, 0x32, 0xca, 0x34, 0xc0,
    0x3c, 0x5f, 0x62, 0x0, 0x19, 0x30, 0x73, 0x7,
    0x50, 0xf, 0xe1, 0x2, 0x5a, 0xec, 0x32, 0x86,
    0x17, 0xde, 0xa7, 0x41, 0x0, 0xa2, 0xfb, 0x69,
    0x4d, 0xf3, 0x5e, 0x7b, 0x1c, 0x96, 0x2f, 0xb8,
    0xc0, 0xa8, 0x6b, 0x3b, 0xa8, 0x31, 0xea, 0x3,
    0x8c, 0xfb, 0x85, 0x35, 0xc, 0xfd, 0xa6, 0x20,
    0xc, 0x22, 0x0, 0xe4, 0x7a, 0xd3, 0x1, 0x8b,
    0xbf, 0xa8, 0x16, 0xef, 0xf0, 0x6, 0x44, 0xfe,
    0x1, 0x44, 0xfc, 0x20, 0x16, 0x7f, 0xee, 0xff,
    0x70, 0x27, 0xff, 0xe1, 0x0, 0xf9, 0xfc, 0x80,
    0x38, 0xf9, 0xc0, 0x3f, 0xc3, 0x70, 0x66, 0x0,
    0xf1, 0xc7, 0x28, 0x7, 0xcd, 0xe8, 0xba, 0x20,
    0x1c, 0x7b, 0x21, 0x58, 0x60, 0x12, 0x64, 0x85,
    0x50, 0x2, 0x50, 0xe, 0x6e, 0x63, 0xc9, 0x0,
    0x61, 0xaf, 0xa8, 0x2d, 0xe5, 0x81, 0x80, 0x74,
    0xe1, 0x20, 0x2, 0x32, 0x84, 0x0, 0x28, 0x62,
    0xd0, 0x1, 0xe3, 0xce, 0x0, 0x8c, 0x3, 0x27,
    0x7f, 0x48, 0x7, 0xe1, 0x30,

    /* U+6765 "来" */
    0x0, 0xff, 0xd, 0x28, 0x7, 0xff, 0x20, 0xd7,
    0x0, 0x3f, 0xfa, 0xeb, 0x55, 0xf4, 0x82, 0x55,
    0x7e, 0x0, 0xd8, 0xab, 0xf2, 0x1, 0x2a, 0xfe,
    0x0, 0xd3, 0xfd, 0x5f, 0xfb, 0x1, 0xbf, 0xf6,
    0xdf, 0xf8, 0x3, 0xd7, 0x48, 0x1, 0x8, 0x7,
    0xa6, 0xc4, 0x3, 0xe8, 0xb, 0x30, 0xf, 0xd0,
    0x8c, 0x20, 0x1f, 0x15, 0x86, 0x88, 0x7, 0x95,
    0xca, 0x40, 0x3f, 0x91, 0xc5, 0x80, 0x38, 0xa8,
    0x70, 0x3, 0xfe, 0x88, 0x38, 0x7, 0x14, 0xe8,
    0x80, 0x79, 0xff, 0xfa, 0x3f, 0xda, 0xd, 0xfe,
    0x9c, 0xff, 0xdc, 0x0, 0x23, 0x3f, 0xc0, 0x11,
    0x19, 0xfc, 0xa0, 0x5, 0xcc, 0xf9, 0x80, 0x23,
    0xfc, 0xcf, 0x58, 0x7, 0xf5, 0xaa, 0x2, 0x6,
    0x20, 0x7, 0xff, 0x4, 0xb5, 0x1a, 0x40, 0xb0,
    0x6d, 0xc0, 0x3f, 0xe7, 0xd2, 0x79, 0x0, 0x8b,
    0xe, 0x2c, 0x80, 0x3e, 0x4d, 0x81, 0xa8, 0x0,
    0xe2, 0xc6, 0x4d, 0x81, 0x0, 0x93, 0x2c, 0x97,
    0xd4, 0x3, 0xf4, 0xd9, 0x3f, 0x49, 0x5, 0x19,
    0xae, 0x84, 0x3, 0xfc, 0x9b, 0x0, 0xc8, 0x15,
    0x4c, 0x40, 0xf, 0xfe, 0x13, 0xf4, 0xb0, 0x22,
    0x80, 0x7f, 0xf1, 0x45, 0x80,

    /* U+677E "松" */
    0x0, 0xc7, 0x66, 0x1, 0xfc, 0xc8, 0x1, 0xfc,
    0xc8, 0xc0, 0x1c, 0x70, 0x21, 0x3e, 0x1, 0xff,
    0xc5, 0xa7, 0x30, 0x44, 0x0, 0x7f, 0xf1, 0x5c,
    0xc8, 0x34, 0x14, 0x3, 0xff, 0x86, 0xa3, 0x60,
    0x7, 0x9, 0x0, 0xe6, 0xcc, 0x40, 0x46, 0x58,
    0x3, 0x81, 0x80, 0x2, 0xa6, 0x60, 0xd, 0xc6,
    0x62, 0x2, 0x34, 0x3, 0x45, 0x10, 0xb, 0x82,
    0x40, 0x34, 0x7f, 0x94, 0x2b, 0xfc, 0x10, 0x12,
    0x1, 0x90, 0xd5, 0x0, 0x38, 0x54, 0x3, 0x2a,
    0x29, 0x80, 0x77, 0x84, 0x80, 0x73, 0x0, 0x3c,
    0x45, 0x61, 0x0, 0x5a, 0xa0, 0x3, 0x62, 0xa0,
    0xd, 0x20, 0x5, 0xc2, 0x38, 0x20, 0x52, 0x0,
    0xd2, 0x4a, 0xe0, 0x7, 0x15, 0x6, 0x2f, 0xc7,
    0x0, 0x50, 0xa8, 0x6, 0xe0, 0x10, 0x18, 0x2f,
    0xc, 0x73, 0x90, 0x2, 0x13, 0x80, 0x71, 0xf3,
    0x4, 0x4, 0x0, 0x50, 0x96, 0x0, 0xe0, 0xa0,
    0x15, 0x0, 0x84, 0xd, 0x8d, 0x40, 0x35, 0x98,
    0xa, 0x91, 0x84, 0xd2, 0x80, 0x61, 0x2f, 0x0,
    0xfc, 0xc1, 0x60, 0x8, 0x18, 0x0, 0xc5, 0xa6,
    0x1, 0xfa, 0x45, 0x80, 0x29, 0x26, 0x0, 0xff,
    0xe0, 0xc0, 0xc8, 0x6, 0x60, 0xb0, 0xf, 0xfe,
    0x1, 0x38, 0xa2, 0x15, 0xa2, 0x2, 0x48, 0x1,
    0xff, 0x60, 0xe, 0x5d, 0x4b, 0xb0, 0x84, 0x0,
    0x7f, 0xce, 0x8c, 0xf1, 0x57, 0x9d, 0xe8, 0x66,
    0x0, 0xff, 0x4d, 0xcc, 0x3a, 0xa1, 0x88, 0x72,
    0x10, 0x7, 0x2f, 0xa8, 0x7, 0xff, 0x1, 0x6c,
    0x40,

    /* U+677F "板" */
    0x0, 0xcf, 0x40, 0x1f, 0xfc, 0x9d, 0x50, 0xf,
    0xf8, 0x92, 0x2c, 0x80, 0x3f, 0xe4, 0x57, 0x9b,
    0xdf, 0xdb, 0x74, 0x40, 0x7, 0xf9, 0x2e, 0xa1,
    0x90, 0x88, 0x8f, 0x38, 0xe0, 0x1f, 0xfc, 0x5,
    0xbd, 0xef, 0xdb, 0x86, 0x31, 0x0, 0x57, 0xf9,
    0x43, 0xfe, 0x10, 0xd4, 0x21, 0x0, 0xfe, 0xd4,
    0x40, 0x1, 0x12, 0x0, 0xff, 0xe1, 0xbd, 0xd0,
    0x2, 0xee, 0x10, 0xb9, 0x9f, 0xd0, 0x1, 0xc8,
    0x0, 0x10, 0xc, 0x6c, 0xdf, 0xc0, 0x1d, 0x20,
    0xf, 0x50, 0xa, 0x14, 0x3b, 0xfe, 0xd0, 0x20,
    0xc, 0x66, 0x0, 0xa9, 0x4, 0x7, 0x1, 0x40,
    0x24, 0xb, 0x0, 0xd0, 0x28, 0x1a, 0x17, 0xa0,
    0x4, 0xd, 0x0, 0xb4, 0x14, 0x2, 0x34, 0x61,
    0x3, 0xa1, 0x10, 0x11, 0xd, 0xc0, 0x2, 0x84,
    0x40, 0xb, 0xc2, 0x80, 0x25, 0xf0, 0x3, 0x85,
    0xa, 0x84, 0x5, 0x80, 0x4e, 0x6e, 0x40, 0x18,
    0x54, 0x8, 0x18, 0x60, 0xd8, 0x58, 0x2, 0x53,
    0x90, 0xf, 0x19, 0x8, 0x2, 0x4b, 0x2, 0xc0,
    0x31, 0x60, 0x80, 0x72, 0x82, 0x0, 0x4e, 0x0,
    0x45, 0x0, 0xff, 0xe0, 0x70, 0x68, 0x5, 0x60,
    0x4, 0x50, 0xf, 0xf8, 0xd0, 0x90, 0xf, 0x50,
    0xec, 0x29, 0xc0, 0x3f, 0xde, 0x10, 0x11, 0x84,
    0xd8, 0x98, 0x31, 0x84, 0x1, 0xf4, 0x19, 0x87,
    0x9c, 0x6a, 0x40, 0x7, 0xe6, 0x6d, 0x70, 0xf,
    0x69, 0x72, 0x83, 0x7a, 0x80, 0x61, 0xc8, 0x13,
    0x0, 0xd5, 0xeb, 0xa4, 0x3d, 0x22, 0x1, 0xf3,
    0xf2, 0x0,

    /* U+6784 "构" */
    0x0, 0xff, 0xe7, 0x1f, 0x28, 0x7, 0x74, 0x80,
    0x7f, 0xf0, 0x44, 0xc0, 0x32, 0x8, 0x80, 0x3f,
    0xf8, 0xfc, 0x14, 0x1, 0xff, 0xc6, 0x15, 0x10,
    0x22, 0xf8, 0x3, 0xfe, 0x60, 0x1d, 0xdf, 0xc2,
    0xb, 0x76, 0xf0, 0xbb, 0x86, 0x41, 0x13, 0xe1,
    0x0, 0x89, 0x10, 0x60, 0x48, 0x89, 0x17, 0xbb,
    0xf9, 0xc0, 0x41, 0xff, 0xd0, 0x13, 0xfc, 0xe3,
    0x6, 0xe2, 0x1, 0x8c, 0x3, 0xd4, 0x1, 0x30,
    0x58, 0x54, 0x18, 0x7, 0xf8, 0xc8, 0x4, 0x9f,
    0x14, 0x1c, 0x88, 0x1, 0xfe, 0x80, 0x4, 0x6a,
    0x18, 0x28, 0xda, 0x38, 0x4, 0x20, 0x18, 0xd1,
    0x0, 0xe3, 0x68, 0x1c, 0xd, 0xb0, 0x40, 0x10,
    0x80, 0x50, 0x1e, 0x1d, 0x83, 0x24, 0x8c, 0x10,
    0x16, 0x0, 0x70, 0x9, 0x51, 0xdc, 0x0, 0x2a,
    0xeb, 0xb, 0x1, 0x56, 0x10, 0x1, 0x80, 0xd8,
    0xc0, 0x6, 0x41, 0x64, 0x21, 0x2d, 0x6, 0x1,
    0x0, 0x38, 0xd8, 0x7, 0xbc, 0x17, 0xfb, 0x60,
    0x24, 0x3, 0x34, 0xa8, 0x7, 0xe3, 0x46, 0x8a,
    0x61, 0x43, 0x10, 0x3, 0x0, 0x7d, 0x9f, 0xb7,
    0x2e, 0xb6, 0x2e, 0x1, 0xff, 0xc0, 0x10, 0xf,
    0x17, 0x18, 0xb8, 0x7, 0xff, 0x1d, 0xc0, 0x40,
    0x3f, 0xf8, 0x6b, 0xbd, 0xf0, 0x1c, 0x1, 0xff,
    0xc3, 0x42, 0x11, 0x25, 0x20, 0x7, 0x1f, 0xb0,
    0x7, 0xc3, 0xfe, 0xeb, 0x50, 0x0,

    /* U+679A "枚" */
    0x0, 0xc3, 0x6c, 0x1, 0xc3, 0x6c, 0x1, 0xff,
    0xc0, 0x34, 0xf0, 0xe, 0x44, 0x8, 0x7, 0xff,
    0x23, 0x1, 0x0, 0x3f, 0xf9, 0xe, 0x26, 0x1,
    0xff, 0xc7, 0x31, 0x38, 0x8f, 0xc2, 0x9, 0x98,
    0xe0, 0x7c, 0xc5, 0x85, 0x1, 0x3b, 0xfe, 0x20,
    0x13, 0x38, 0x4, 0xcc, 0xa2, 0xc5, 0x77, 0xc0,
    0x57, 0x63, 0x5, 0xff, 0x50, 0x37, 0xfb, 0xa4,
    0x1d, 0x13, 0x81, 0xd1, 0x0, 0x1d, 0xc0, 0x18,
    0x58, 0x10, 0x3, 0x18, 0x10, 0x7, 0x89, 0x1,
    0x5c, 0x20, 0x4c, 0x48, 0x2, 0x50, 0xc0, 0xf,
    0x40, 0x0, 0xe1, 0x40, 0xfc, 0x14, 0x2, 0xc0,
    0x50, 0xe, 0x25, 0x40, 0x52, 0xab, 0xd3, 0x2a,
    0x0, 0x94, 0xc4, 0x3, 0xa4, 0x3c, 0xf, 0xc3,
    0x84, 0x2c, 0x94, 0x18, 0x28, 0x3, 0x95, 0x15,
    0x80, 0x5, 0x6, 0x40, 0xc3, 0x63, 0x2, 0xc0,
    0x18, 0x6c, 0x2c, 0x3, 0x3e, 0x90, 0x2, 0xc7,
    0xc6, 0x0, 0x3c, 0xb2, 0x20, 0x1c, 0x40, 0x12,
    0x98, 0x93, 0x0, 0x70, 0xdb, 0x0, 0x7f, 0x9c,
    0xc0, 0xa0, 0x3, 0xff, 0x8b, 0x30, 0x34, 0x2f,
    0x20, 0x1f, 0xfc, 0x23, 0xd6, 0x2c, 0x5c, 0x26,
    0xc2, 0x0, 0xff, 0xa3, 0x9, 0x30, 0x80, 0xb0,
    0xcd, 0xac, 0x1, 0xf8, 0xb9, 0xc2, 0x6c, 0x40,
    0x21, 0xc6, 0x9, 0xa0, 0xf, 0x88, 0x8b, 0xcc,
    0x1, 0xf4, 0xd9, 0x40, 0x6, 0x2f, 0x90, 0xca,
    0x10, 0xf, 0xe4, 0xd2,

    /* U+679C "果" */
    0x0, 0xdf, 0xff, 0xfc, 0x39, 0x0, 0xfc, 0x4c,
    0xdc, 0x4, 0xcd, 0xc0, 0x60, 0x1f, 0x9e, 0x67,
    0x81, 0xa6, 0x74, 0x0, 0x7f, 0x84, 0x8b, 0x80,
    0x4, 0x5c, 0x1, 0xfe, 0x4d, 0xde, 0x4, 0xdd,
    0xd8, 0x1, 0xfe, 0x3a, 0xae, 0x3, 0xaa, 0xd2,
    0x1, 0xfe, 0x65, 0x5e, 0x7, 0x55, 0xce, 0x1,
    0xfe, 0x78, 0x8e, 0x6, 0x88, 0xe0, 0xf, 0xf1,
    0x3b, 0xf0, 0x13, 0xbe, 0x60, 0xf, 0xef, 0xff,
    0x70, 0x27, 0xff, 0xa8, 0x3, 0xff, 0x82, 0x20,
    0x1f, 0xfc, 0x2a, 0xaf, 0xe0, 0x5a, 0xaf, 0xce,
    0x0, 0x15, 0x5f, 0xe0, 0x15, 0x5f, 0xda, 0x0,
    0x1f, 0xff, 0x94, 0x3, 0x57, 0xff, 0xa8, 0x3,
    0xf1, 0xea, 0xc0, 0x22, 0xd4, 0x80, 0x7f, 0xf0,
    0x6, 0x70, 0xed, 0xc0, 0x14, 0xed, 0xca, 0x1,
    0xf8, 0xa7, 0x99, 0x7d, 0x0, 0x34, 0x61, 0xd6,
    0xb0, 0x6, 0x6c, 0xd6, 0x4c, 0xa1, 0x0, 0xf1,
    0xec, 0x9c, 0xfd, 0xa0, 0x61, 0xae, 0x59, 0x80,
    0x7f, 0x9b, 0xa4, 0xd1, 0xc2, 0xfa, 0x8c, 0x3,
    0xff, 0x84, 0xd9, 0xc6,

    /* U+67B6 "架" */
    0x0, 0xe6, 0x40, 0xf, 0xfe, 0x54, 0xf0, 0x7,
    0xff, 0x49, 0xae, 0xfd, 0x40, 0x18, 0x7f, 0xe0,
    0x5f, 0xfc, 0xe1, 0xe8, 0x9f, 0x0, 0x61, 0x66,
    0x80, 0xd9, 0xa0, 0xe, 0xff, 0xc8, 0x1, 0xe9,
    0x95, 0x5, 0x4c, 0xac, 0x4, 0x3, 0xff, 0x88,
    0xa0, 0xa0, 0x1, 0x0, 0xff, 0xe3, 0x50, 0x98,
    0x6, 0x30, 0xf, 0xfe, 0x1b, 0x1b, 0x0, 0x4c,
    0x2, 0x1, 0xff, 0xc2, 0x59, 0x28, 0x15, 0x78,
    0x5, 0x0, 0xbf, 0xf2, 0x0, 0x72, 0x50, 0xf8,
    0xf, 0x62, 0x60, 0x3, 0x15, 0x7c, 0xc0, 0x19,
    0x1f, 0x8, 0x1, 0x76, 0x93, 0xfc, 0x5a, 0xaf,
    0x40, 0x7, 0x41, 0x0, 0x7f, 0xf2, 0xa6, 0x7f,
    0x84, 0xa6, 0x7f, 0x40, 0x6, 0x66, 0xfe, 0x1,
    0x66, 0xfe, 0x0, 0xdf, 0xff, 0x40, 0x6, 0xaf,
    0xff, 0x70, 0x7, 0xf1, 0x5c, 0x28, 0x91, 0xd5,
    0x4, 0x3, 0xff, 0x80, 0x53, 0xa9, 0x34, 0x3,
    0x8e, 0xbd, 0x2, 0x1, 0xf9, 0x2f, 0x59, 0x39,
    0x80, 0x34, 0x6a, 0x3f, 0x49, 0x0, 0x69, 0xeb,
    0x44, 0x65, 0x88, 0x7, 0x8a, 0xec, 0x6d, 0xba,
    0x70, 0x7, 0x3, 0x6d, 0x98, 0x7, 0xf9, 0x32,
    0xd0, 0xb4, 0x0, 0xfd, 0x24, 0x1, 0xff, 0xc2,
    0x4b, 0xdb, 0x0,

    /* U+67D3 "染" */
    0x0, 0xff, 0xe7, 0x1d, 0x98, 0x7, 0x47, 0x98,
    0x7, 0xff, 0x1, 0x93, 0x28, 0x80, 0x21, 0x1,
    0x0, 0xff, 0xe0, 0x2f, 0x32, 0xc0, 0x4, 0x60,
    0x1f, 0xfc, 0x1b, 0x80, 0x9b, 0x9d, 0xff, 0x28,
    0x6f, 0xfe, 0x0, 0xf9, 0xdd, 0xd0, 0x87, 0x4c,
    0xc1, 0x6, 0x68, 0x40, 0x3f, 0x65, 0x9b, 0xb8,
    0x1e, 0x64, 0x7, 0x33, 0x18, 0x7, 0xf2, 0x64,
    0xb0, 0x4, 0xa3, 0x60, 0x1f, 0x2e, 0x10, 0x7,
    0x1f, 0x98, 0x15, 0x8b, 0x80, 0x7c, 0x46, 0x20,
    0x11, 0xe5, 0xb, 0xae, 0xd, 0x80, 0x61, 0x2,
    0x1c, 0x3, 0x1, 0xbc, 0x34, 0xdf, 0xa1, 0xa6,
    0x20, 0x9, 0x43, 0x79, 0xc, 0x0, 0x2c, 0x35,
    0x65, 0x8b, 0xcf, 0x90, 0x1, 0x4c, 0x9d, 0xd3,
    0xa0, 0x17, 0xf2, 0x80, 0x1e, 0x84, 0x3, 0xe6,
    0x88, 0x30, 0x80, 0x55, 0x11, 0xf5, 0x83, 0xc4,
    0x7e, 0x50, 0x0, 0xbb, 0xfe, 0x60, 0x27, 0x7f,
    0xde, 0x0, 0x1f, 0xff, 0x69, 0x80, 0x68, 0xff,
    0xf5, 0x0, 0x7e, 0x5c, 0x38, 0x4, 0x58, 0xb2,
    0x0, 0xff, 0x8f, 0x28, 0xf5, 0x40, 0x6a, 0x53,
    0x60, 0x40, 0x3e, 0x5c, 0xc1, 0xc6, 0x90, 0x6,
    0x6e, 0x47, 0xe9, 0x20, 0xa, 0x3a, 0x8d, 0xb9,
    0xc0, 0x3e, 0x1b, 0xb1, 0xb6, 0xda, 0x80, 0x84,
    0x74, 0x88, 0x7, 0xf9, 0x32, 0xd1, 0x6, 0x13,
    0xce, 0x20, 0x1f, 0xfc, 0x24, 0xbd, 0x60,

    /* U+67E5 "查" */
    0x0, 0xff, 0xea, 0xaf, 0xc0, 0x7, 0xff, 0x5e,
    0x6a, 0xbe, 0x90, 0x5a, 0xaf, 0xc2, 0x1, 0x22,
    0x7c, 0xa6, 0x4, 0xa8, 0x9f, 0x0, 0x6d, 0xee,
    0xed, 0x10, 0x8, 0x6f, 0xbb, 0xc2, 0x1, 0xfa,
    0x30, 0xa0, 0x19, 0x6a, 0x82, 0x1, 0xff, 0x2f,
    0x3b, 0xb0, 0x80, 0x6e, 0x17, 0x9c, 0x40, 0x3e,
    0x6d, 0xa3, 0xc8, 0x0, 0xe7, 0xd3, 0x8e, 0x93,
    0x0, 0x14, 0xf4, 0x9c, 0x69, 0x80, 0x19, 0x74,
    0x0, 0x59, 0x66, 0xd9, 0xaa, 0x2c, 0x11, 0x9f,
    0x11, 0xac, 0xb6, 0x23, 0x67, 0xe2, 0x93, 0x9e,
    0x73, 0x8b, 0xbf, 0xff, 0x5, 0x4e, 0xbc, 0x80,
    0xc0, 0x33, 0x7f, 0xff, 0x48, 0x7, 0xff, 0x1,
    0x62, 0x3f, 0xb4, 0x3, 0xff, 0x80, 0x6e, 0xff,
    0xc8, 0x1, 0xff, 0xc0, 0x6f, 0xff, 0xe9, 0x0,
    0xff, 0xe0, 0x11, 0x9f, 0xf7, 0x0, 0x7f, 0xf0,
    0x13, 0x33, 0xf9, 0xc0, 0x3f, 0xc7, 0x77, 0xff,
    0xc1, 0x70, 0xf, 0xe4, 0x4f, 0xfe, 0x8, 0x80,
    0x7a, 0x67, 0xff, 0x8e, 0x20, 0x13, 0x37, 0xff,
    0x1c, 0x80,

    /* U+6807 "标" */
    0x0, 0xc6, 0xe4, 0x1, 0xff, 0xc8, 0x48, 0x60,
    0xf, 0xfe, 0x74, 0xdd, 0xff, 0x80, 0x3f, 0xf8,
    0x8, 0x9f, 0xf0, 0x80, 0x7f, 0xdb, 0xff, 0xfe,
    0x10, 0x3, 0xdd, 0xa8, 0x22, 0xec, 0x1, 0xff,
    0xc3, 0xd4, 0x41, 0x1, 0xa2, 0x4, 0x3, 0xff,
    0x85, 0x5f, 0xe4, 0xb, 0xff, 0x8, 0x7, 0xff,
    0x10, 0x50, 0x3, 0x5d, 0xff, 0xf0, 0x4c, 0x2,
    0x90, 0x6, 0x90, 0xa2, 0x7f, 0xf0, 0x5c, 0x2,
    0x60, 0x3, 0x60, 0x7f, 0xf3, 0x84, 0xff, 0xf2,
    0x0, 0x1c, 0x54, 0x1c, 0x74, 0x3, 0xe3, 0x0,
    0xf8, 0x61, 0x34, 0x32, 0x4d, 0xc3, 0x70, 0x3,
    0x16, 0xb8, 0x6, 0xb0, 0x80, 0x9, 0xa1, 0xcc,
    0x98, 0x3, 0x10, 0x40, 0x80, 0x11, 0x54, 0x60,
    0x19, 0xc2, 0x2, 0x40, 0x3a, 0x2, 0x40, 0xe,
    0x76, 0x1, 0xe2, 0x43, 0x30, 0x7, 0x29, 0x38,
    0x81, 0xe0, 0x80, 0x7a, 0x42, 0x40, 0x3e, 0x80,
    0x90, 0xf, 0xe4, 0x41, 0x28, 0x7, 0xca, 0x4e,
    0x20, 0x1f, 0xa4, 0x24, 0x3, 0xfa, 0xc1, 0x80,
    0x3e, 0x33, 0x2a, 0x0, 0x46, 0x1, 0xce, 0x1,
    0xfc, 0x7d, 0x40, 0xbd, 0xe8, 0xe, 0x1, 0xf,
    0x38, 0x7, 0xfc, 0x80, 0x4b, 0x64, 0x1, 0x84,
    0x0,

    /* U+6808 "栈" */
    0x0, 0xc5, 0x4, 0x1, 0xd5, 0x0, 0x3, 0x0,
    0xff, 0x3b, 0xc0, 0x1c, 0xe8, 0xf, 0x8a, 0x1,
    0xff, 0xc6, 0x10, 0x73, 0xa4, 0x0, 0xff, 0xe2,
    0x9, 0x80, 0x34, 0xa8, 0x40, 0x3f, 0xf8, 0x6e,
    0x20, 0x1, 0xf6, 0x10, 0x10, 0x1, 0xd5, 0x24,
    0x26, 0xa4, 0x2, 0x10, 0x56, 0x88, 0x27, 0x7c,
    0x0, 0x1d, 0x54, 0x60, 0x6a, 0xe7, 0xbe, 0xa1,
    0x52, 0xea, 0x2a, 0xd8, 0x0, 0x4f, 0xf3, 0x5,
    0x7f, 0x8, 0x95, 0x2, 0x37, 0xbf, 0x6e, 0x54,
    0x3, 0x98, 0x3, 0x16, 0x57, 0x1, 0x10, 0x40,
    0x3f, 0x98, 0x0, 0x40, 0x1c, 0xc0, 0x40, 0x26,
    0xaf, 0x36, 0x20, 0x15, 0x80, 0x22, 0xc0, 0x8,
    0xd4, 0x13, 0xfd, 0x95, 0xc, 0xc0, 0x9, 0x49,
    0x40, 0xd2, 0x4a, 0xe5, 0x80, 0x55, 0xe7, 0x3b,
    0x9a, 0x20, 0x8, 0x2f, 0x9, 0x46, 0x4a, 0xce,
    0x31, 0xa8, 0x63, 0x9c, 0x0, 0x98, 0xac, 0x2,
    0xa1, 0x35, 0x31, 0x61, 0x10, 0x2, 0x9d, 0x80,
    0x3, 0x4, 0xc0, 0x10, 0xe2, 0x80, 0x58, 0x8,
    0x7a, 0xaa, 0xb0, 0x1, 0x9a, 0x40, 0x38, 0x80,
    0x32, 0x84, 0x61, 0x4d, 0x0, 0x45, 0xa8, 0x1,
    0xfe, 0x40, 0x23, 0xd6, 0x3, 0x60, 0xf, 0xf8,
    0x63, 0xa0, 0x1, 0x24, 0x0, 0xb9, 0x20, 0xf,
    0xcb, 0x7c, 0xe1, 0x18, 0x10, 0x1, 0x20, 0x90,
    0x7, 0xeb, 0x43, 0x9e, 0x73, 0x52, 0x90, 0x33,
    0x38, 0x7, 0xf5, 0x6e, 0x30, 0x5, 0x64, 0xdf,
    0x81, 0x60, 0x1f, 0xc8, 0x40, 0x1c, 0x38, 0xa0,
    0x34, 0x40,

    /* U+680F "栏" */
    0x0, 0xc9, 0x2, 0x1, 0xb, 0x80, 0x79, 0x58,
    0x3, 0xec, 0x73, 0x0, 0x9a, 0x14, 0x3, 0xa2,
    0x44, 0x3, 0xff, 0x80, 0xe5, 0x60, 0x19, 0x89,
    0xc4, 0x3, 0xff, 0x83, 0x3, 0x0, 0x14, 0xc,
    0x80, 0x7f, 0xf0, 0x94, 0x9c, 0x0, 0xe3, 0x2,
    0x1, 0xa7, 0x30, 0xc1, 0xf9, 0x81, 0x0, 0x5c,
    0x1, 0x41, 0x30, 0x7, 0x11, 0x98, 0x40, 0x8c,
    0xd3, 0xfe, 0x98, 0xfd, 0x2, 0xff, 0xa0, 0x1,
    0x7f, 0xe2, 0xd, 0xff, 0x6a, 0x27, 0xfd, 0xa0,
    0x18, 0xc8, 0x3, 0x2d, 0xdf, 0xfc, 0xa0, 0x1a,
    0x80, 0xc, 0x1, 0xff, 0xc6, 0x16, 0x0, 0x5c,
    0x80, 0x7f, 0xf1, 0x60, 0xc, 0x11, 0x98, 0x1,
    0xff, 0xc3, 0x26, 0x44, 0x4, 0x9c, 0x9d, 0xe6,
    0x7f, 0x40, 0x5, 0x21, 0xe0, 0x16, 0x88, 0x29,
    0x9f, 0xf8, 0x0, 0xa8, 0xa8, 0x1, 0xf, 0x1f,
    0x7f, 0xff, 0x58, 0x3, 0x42, 0xc0, 0x3f, 0xf9,
    0x11, 0xa2, 0x1, 0xff, 0xc9, 0x20, 0xf, 0xff,
    0x45, 0x57, 0xff, 0x9, 0x0, 0x3f, 0x2a, 0xff,
    0xf0, 0x88, 0x3, 0xf7, 0xff, 0xff, 0x9, 0x80,

    /* U+6811 "树" */
    0x0, 0xd0, 0xc0, 0x1f, 0xfc, 0x18, 0x40, 0xf,
    0x36, 0x80, 0x7f, 0xf0, 0x5, 0xf0, 0x3, 0xff,
    0xab, 0x9f, 0xfc, 0x20, 0x1f, 0xfc, 0x45, 0x44,
    0x88, 0x3, 0xfe, 0x59, 0x90, 0xac, 0xc4, 0xdd,
    0xc8, 0x2, 0xef, 0x48, 0x23, 0xb0, 0x63, 0x30,
    0x5, 0x98, 0x1, 0x88, 0xa8, 0x89, 0xc0, 0xe2,
    0xc2, 0x7f, 0x81, 0x3f, 0x9e, 0x0, 0xa, 0xe5,
    0x99, 0x58, 0x2e, 0x78, 0x4, 0x80, 0x1c, 0xe6,
    0x22, 0xd0, 0x33, 0x94, 0x8, 0xc8, 0x2, 0xe0,
    0x73, 0x7, 0x2f, 0x40, 0x36, 0xb0, 0xf, 0xe2,
    0x40, 0x3d, 0x10, 0x83, 0x80, 0x42, 0x45, 0x0,
    0xfd, 0x2, 0x8, 0x76, 0xa, 0x64, 0x80, 0x85,
    0x0, 0x1f, 0x1a, 0xc8, 0x84, 0xaa, 0x82, 0x80,
    0xc0, 0x14, 0x48, 0x1, 0xef, 0x16, 0x0, 0x22,
    0x88, 0x50, 0x30, 0x1, 0x43, 0xc0, 0x39, 0xce,
    0x4, 0x2, 0xa4, 0x41, 0xa0, 0xb8, 0x11, 0xa9,
    0x80, 0x63, 0x56, 0x0, 0xf4, 0x8d, 0x9c, 0x80,
    0x23, 0xcc, 0x3, 0x25, 0x0, 0x7a, 0xa, 0xc2,
    0x5, 0xc1, 0x4, 0x3, 0xff, 0x80, 0x8e, 0xaa,
    0x4, 0x29, 0x0, 0xff, 0xe1, 0x15, 0xd, 0x80,
    0x51, 0x0, 0xf, 0xfe, 0x12, 0xe, 0x88, 0x4,
    0xac, 0x0, 0x17, 0x0, 0xff, 0x37, 0x18, 0x7,
    0x87, 0xfa, 0x43, 0x0, 0x3f, 0x84, 0x3, 0xe1,
    0x65, 0x7c, 0x40, 0x0,

    /* U+6837 "样" */
    0x0, 0xca, 0xe0, 0x1c, 0x86, 0x1, 0x85, 0xc0,
    0x3f, 0x7c, 0x8, 0x4, 0x37, 0xc0, 0x1a, 0x61,
    0xc0, 0x3f, 0xf8, 0x22, 0xe4, 0xa0, 0x1, 0x71,
    0x70, 0xf, 0xfe, 0x14, 0x84, 0x80, 0x20, 0x2c,
    0x3, 0xff, 0x82, 0x6a, 0x86, 0x8a, 0xcc, 0x10,
    0x55, 0x10, 0x1, 0x2e, 0xc8, 0x15, 0x69, 0x15,
    0x43, 0x7a, 0x90, 0x1a, 0xa9, 0x40, 0x6, 0x88,
    0x10, 0x44, 0x1f, 0xc4, 0x61, 0x8, 0x8e, 0x40,
    0x3, 0xff, 0x84, 0x3b, 0xdd, 0x1d, 0xf1, 0x3,
    0xbf, 0x18, 0x6, 0x31, 0x0, 0xff, 0xe4, 0xc8,
    0x1, 0x40, 0x3f, 0xf8, 0xc2, 0xa0, 0xb, 0x80,
    0x7f, 0xfc, 0x61, 0xff, 0xc0, 0x1a, 0x40, 0x81,
    0x5d, 0x8d, 0x57, 0x8, 0x2a, 0xf0, 0x4, 0x2e,
    0x6e, 0x16, 0x72, 0xb5, 0x58, 0x82, 0xab, 0x80,
    0x29, 0x9, 0x0, 0xb9, 0xc4, 0x3, 0xff, 0x82,
    0x4e, 0x4a, 0x1, 0x14, 0x0, 0x7f, 0xf0, 0xc6,
    0x40, 0x3a, 0xf3, 0x38, 0xc3, 0x33, 0xc6, 0x5c,
    0x80, 0x1c, 0xa6, 0x7c, 0x0, 0x33, 0xf3, 0x80,
    0x7e, 0xef, 0xfe, 0x30, 0xff, 0xf2, 0x0, 0x7f,
    0xff, 0xc0, 0x3f, 0xf9, 0x35, 0xe2, 0x1, 0xf6,
    0x78, 0x7, 0xc0,

    /* U+6838 "核" */
    0x0, 0xff, 0xe7, 0x9c, 0x90, 0x7, 0xd9, 0x60,
    0x1f, 0xf3, 0x31, 0xc0, 0x3e, 0x74, 0x0, 0xff,
    0xe4, 0xe0, 0x20, 0x7, 0xff, 0xc, 0xd1, 0x30,
    0x3, 0x91, 0x38, 0x80, 0x3f, 0xb6, 0xef, 0x40,
    0x2d, 0xdf, 0x80, 0xea, 0x92, 0x13, 0x53, 0x27,
    0x78, 0x0, 0xef, 0xf6, 0x82, 0xac, 0x60, 0x6a,
    0xee, 0x88, 0x78, 0x3c, 0x45, 0xb1, 0x12, 0x3,
    0x7f, 0x94, 0x2b, 0xf8, 0x0, 0x50, 0x50, 0x0,
    0x4a, 0xa0, 0x7, 0xca, 0x1, 0xc3, 0xe1, 0xe0,
    0x1, 0xa0, 0xb0, 0xf, 0x30, 0x3, 0x44, 0xb,
    0x48, 0xee, 0xaf, 0x6, 0x84, 0x3, 0xd0, 0x0,
    0x7d, 0x4, 0x30, 0x36, 0x54, 0x25, 0x50, 0x7,
    0x98, 0x58, 0x14, 0xed, 0xf3, 0x7b, 0xdc, 0x12,
    0x81, 0xf0, 0x40, 0x28, 0x3c, 0xf, 0x74, 0x63,
    0x21, 0x87, 0x3b, 0x3, 0x80, 0x10, 0x4, 0xc,
    0x80, 0x50, 0xac, 0x3, 0x6e, 0x98, 0x3, 0xa1,
    0xc0, 0x3, 0x74, 0x50, 0xd, 0x42, 0xbe, 0x8f,
    0x60, 0xd, 0x19, 0x20, 0x1, 0x1c, 0x80, 0x71,
    0x5d, 0x5, 0x40, 0xe, 0x1c, 0x30, 0x4, 0x38,
    0x40, 0x18, 0x75, 0x17, 0xd4, 0xb, 0xd, 0x5c,
    0x3, 0xfe, 0x1a, 0xba, 0x10, 0x5d, 0x20, 0x58,
    0x0, 0xff, 0xe0, 0x2a, 0x1, 0x5d, 0xd, 0xe9,
    0xbe, 0x10, 0x7, 0xfc, 0x33, 0xa8, 0xde, 0x85,
    0x8c, 0x7a, 0x80, 0x1f, 0xd1, 0xcc, 0x79, 0x22,
    0x1, 0x4c, 0x5, 0x88, 0x7, 0xed, 0x2a, 0xc3,
    0x0, 0xf3, 0xd3, 0x88, 0x6, 0x5f, 0x50, 0x5d,
    0x50, 0xf, 0xe5, 0x80,

    /* U+6839 "根" */
    0x0, 0xca, 0xe0, 0x1f, 0xfc, 0x9f, 0x80, 0xf,
    0xfe, 0x72, 0x7f, 0xff, 0x84, 0x3, 0xff, 0x82,
    0x8e, 0xfe, 0x30, 0xf, 0xfe, 0x1e, 0xc4, 0x79,
    0x40, 0x39, 0xee, 0xc8, 0x17, 0x6a, 0x0, 0xff,
    0xe1, 0xea, 0x20, 0x41, 0x10, 0xa0, 0xa, 0x99,
    0xf2, 0x0, 0x75, 0x7f, 0x84, 0x3f, 0xe0, 0x1,
    0xb3, 0x78, 0x80, 0x3e, 0x41, 0x0, 0xf4, 0xff,
    0xf9, 0x80, 0x3e, 0xe0, 0x3, 0x0, 0x7f, 0xf1,
    0x89, 0x40, 0x13, 0x40, 0x16, 0xc4, 0x79, 0x40,
    0x3d, 0x60, 0x80, 0xeb, 0x0, 0x4, 0x77, 0xf1,
    0x80, 0x71, 0x33, 0x88, 0x41, 0xb9, 0x84, 0xfb,
    0x6, 0xff, 0xe0, 0xd, 0x21, 0x20, 0x16, 0xc9,
    0x80, 0x54, 0xa, 0x1, 0x4e, 0x80, 0x19, 0x20,
    0x40, 0x21, 0x60, 0xc, 0x66, 0x91, 0x15, 0xb2,
    0x80, 0x14, 0xdc, 0x3, 0xfe, 0x81, 0xde, 0x49,
    0x90, 0x0, 0xf0, 0x3, 0xff, 0x80, 0x8a, 0x63,
    0xac, 0x1, 0xff, 0xc6, 0xa3, 0x14, 0x0, 0xff,
    0xe2, 0x94, 0xae, 0x9c, 0xd0, 0x80, 0x7f, 0xf0,
    0x7e, 0xf5, 0x88, 0x71, 0x97, 0xa0, 0x40, 0x3f,
    0xbc, 0x19, 0x17, 0x1c, 0x1, 0x36, 0x4c, 0x60,
    0x1f, 0xe1, 0x8e, 0xa3, 0x0, 0xc9, 0xb8, 0x40,
    0x1a, 0xbc, 0x2, 0xae, 0x71, 0x0, 0xfc, 0x40,

    /* U+683C "格" */
    0x0, 0xca, 0x60, 0x1e, 0x66, 0x0, 0x7f, 0xf0,
    0x6f, 0xc0, 0x38, 0x66, 0x0, 0x3f, 0xf9, 0x12,
    0x8, 0xab, 0xe1, 0x0, 0xff, 0xe0, 0xb, 0x82,
    0xd5, 0x79, 0x0, 0x3f, 0xf8, 0x16, 0xf, 0x77,
    0xa4, 0x0, 0xe0, 0x16, 0x7f, 0x84, 0xff, 0xc8,
    0x85, 0xb, 0x44, 0xd4, 0xe, 0x40, 0x12, 0xa1,
    0x80, 0x11, 0x3, 0x40, 0x3a, 0x20, 0x7, 0x33,
    0x40, 0x6, 0x9b, 0xa0, 0x3b, 0xb4, 0x8d, 0x68,
    0xe1, 0x34, 0x16, 0x80, 0x7d, 0xa0, 0x2a, 0x11,
    0x5, 0x3b, 0x2c, 0x91, 0xc1, 0x0, 0xf0, 0xa0,
    0x15, 0x2a, 0x38, 0x1, 0x4c, 0x41, 0x0, 0x3f,
    0x30, 0x0, 0xd2, 0x8c, 0x6, 0x38, 0xd9, 0x55,
    0xd2, 0x60, 0x1d, 0x26, 0x21, 0x46, 0xd3, 0xce,
    0x79, 0x35, 0x88, 0xd9, 0xb2, 0x60, 0xe3, 0x40,
    0x1, 0xfa, 0x64, 0xbc, 0x30, 0x1, 0xde, 0xb8,
    0x32, 0x8c, 0xb, 0x0, 0x47, 0x3a, 0x79, 0x11,
    0xea, 0xed, 0xd3, 0x58, 0x40, 0x7, 0x31, 0x3b,
    0xff, 0x50, 0x10, 0x79, 0xb0, 0x7, 0xe5, 0xff,
    0xf0, 0x80, 0x65, 0xc0, 0xf, 0xff, 0xf8, 0x4,
    0xf3, 0x3e, 0x10, 0xf, 0xfe, 0x19, 0x33, 0x78,
    0x3, 0xff, 0x88, 0xbf, 0xfe, 0x10, 0xf, 0xdd,
    0x80, 0x1b, 0x6c, 0x3, 0xd9, 0xa0, 0x10,

    /* U+6846 "框" */
    0x0, 0xce, 0x80, 0x1f, 0xfc, 0x98, 0xd0, 0xf,
    0xfe, 0x6a, 0x7f, 0xff, 0xf0, 0x34, 0x3, 0xfe,
    0x23, 0x3f, 0xf3, 0x80, 0x7f, 0xd1, 0x99, 0xfe,
    0xa0, 0x6, 0x6e, 0x81, 0xf7, 0x44, 0x1, 0xff,
    0xc3, 0x70, 0xf, 0xe9, 0xff, 0xfd, 0x80, 0x15,
    0xed, 0x3, 0xee, 0x88, 0x1, 0xec, 0xd0, 0x83,
    0x35, 0x60, 0x1d, 0x40, 0x1f, 0x34, 0xcc, 0x63,
    0x33, 0x38, 0x6, 0x42, 0x0, 0xff, 0xe4, 0xf8,
    0x1, 0xe8, 0x3, 0xff, 0x8a, 0x68, 0x80, 0x2,
    0xb8, 0x4, 0xbf, 0xf1, 0xf, 0xfc, 0xe0, 0x14,
    0x4, 0x3, 0xb4, 0x60, 0x1, 0xdf, 0x8, 0x3b,
    0xc6, 0x0, 0x44, 0x31, 0x80, 0x24, 0xfc, 0x0,
    0x51, 0x11, 0x8c, 0x44, 0x80, 0xf, 0x18, 0x0,
    0xd8, 0x60, 0x1f, 0xfc, 0x2b, 0xd1, 0x0, 0xfc,
    0xf1, 0x11, 0x8c, 0x46, 0x0, 0x8c, 0x3, 0xfa,
    0x5d, 0xe1, 0x7, 0x7c, 0x20, 0x1f, 0xfc, 0xe,
    0xff, 0xfe, 0x10, 0xf, 0xff, 0x6c, 0xd5, 0x7f,
    0xc4, 0x1, 0xfe, 0x35, 0x5f, 0xf8, 0x40,

    /* U+6848 "案" */
    0x0, 0xff, 0x13, 0x8, 0x7, 0xff, 0x21, 0xa5,
    0xc0, 0x3f, 0xf9, 0x8, 0x14, 0x1, 0xff, 0xc0,
    0x4f, 0xff, 0xc0, 0x7f, 0xff, 0x50, 0x7, 0x92,
    0x23, 0xff, 0x82, 0xe0, 0x20, 0x1e, 0x37, 0x79,
    0x63, 0x1d, 0xfe, 0x90, 0xf, 0x34, 0xd8, 0x5,
    0xc1, 0xc0, 0x1f, 0xa7, 0xc0, 0x2a, 0xd9, 0xcf,
    0xf8, 0xc2, 0xbf, 0xfe, 0xe9, 0xbf, 0x10, 0xe8,
    0x8c, 0x60, 0x91, 0x1e, 0x0, 0x34, 0x46, 0x10,
    0x47, 0x78, 0x4c, 0x4, 0x11, 0xdc, 0x74, 0x11,
    0x2e, 0xf8, 0x3, 0xcd, 0xd7, 0xb9, 0x8f, 0xeb,
    0x2a, 0x70, 0xf, 0xe1, 0x35, 0x6d, 0xb5, 0x1,
    0x74, 0xa, 0xea, 0x62, 0x0, 0xed, 0xec, 0xa8,
    0x67, 0x9a, 0x6d, 0xbf, 0xa5, 0x54, 0xed, 0x0,
    0x6b, 0x58, 0xad, 0xfb, 0x76, 0x7d, 0x0, 0x2d,
    0xf4, 0xe, 0x0, 0x66, 0xa7, 0x52, 0x0, 0xff,
    0xb, 0xfb, 0x80, 0x4d, 0xff, 0xfb, 0x1, 0xbf,
    0xfd, 0xdc, 0xd0, 0x2, 0x44, 0x7c, 0x80, 0x19,
    0xe2, 0x3d, 0x60, 0x2, 0x77, 0xe4, 0xc4, 0x30,
    0x32, 0x70, 0x67, 0x7c, 0xc0, 0x1c, 0x2d, 0xb8,
    0xf7, 0xe0, 0xbb, 0x13, 0xd4, 0x80, 0x18, 0x52,
    0x37, 0xa5, 0xaf, 0x10, 0x3, 0x3f, 0x4b, 0xdf,
    0xd3, 0x11, 0xdb, 0x8c, 0x75, 0xa0, 0x7, 0xe6,
    0xdc, 0x64, 0x95, 0x2c, 0xec, 0x71, 0x0, 0xff,
    0xe0, 0x1c, 0xf5, 0xb8,

    /* U+6863 "档" */
    0x0, 0xc9, 0x22, 0x1, 0xf3, 0x50, 0x7, 0xf8,
    0xd8, 0xc0, 0x24, 0x0, 0xbd, 0x44, 0x2, 0x40,
    0xf, 0xf5, 0xd8, 0x80, 0x3e, 0x6b, 0x50, 0xf,
    0xef, 0x9, 0x0, 0xfa, 0x5, 0x40, 0x3f, 0x91,
    0x51, 0x0, 0x1d, 0x3, 0x0, 0x5, 0xbb, 0x50,
    0x75, 0xd8, 0x2c, 0x24, 0x3, 0x13, 0x9b, 0x0,
    0x9, 0x10, 0x40, 0x68, 0x81, 0x13, 0x91, 0x80,
    0x52, 0x1c, 0x1, 0x3f, 0xf8, 0xc3, 0x7f, 0xc2,
    0x13, 0x66, 0x1, 0x5d, 0x88, 0x3, 0x84, 0xc0,
    0x34, 0x55, 0xf5, 0x20, 0x5d, 0x75, 0x50, 0x3,
    0x30, 0x2, 0x84, 0x11, 0x57, 0x10, 0x2a, 0xf0,
    0x80, 0x52, 0x0, 0x7d, 0xc, 0xff, 0xfe, 0x50,
    0xc, 0xa2, 0x80, 0xe7, 0x20, 0x1f, 0xe3, 0x0,
    0xd2, 0x78, 0x14, 0xcc, 0x40, 0xf, 0xfe, 0xa,
    0x1c, 0x80, 0x52, 0x8a, 0x45, 0xfc, 0x60, 0x14,
    0x92, 0x80, 0x6b, 0x5d, 0xdf, 0xe5, 0x0, 0x9,
    0xc8, 0x7, 0x99, 0xbf, 0xc4, 0x0, 0x1f, 0x40,
    0xf, 0x14, 0xcf, 0xf2, 0x0, 0x42, 0x1, 0xff,
    0xe6, 0x2b, 0xbf, 0xf3, 0x80, 0x7f, 0x85, 0x13,
    0xfc, 0x20, 0x1f, 0x8, 0x0, 0xff, 0xff, 0xcc,
    0x0,

    /* U+6865 "桥" */
    0x0, 0xc7, 0x2, 0x1, 0xff, 0xc9, 0x47, 0x30,
    0xf, 0xe1, 0x36, 0x9c, 0x0, 0xff, 0xe0, 0x2b,
    0xcd, 0x66, 0xff, 0x64, 0xb1, 0x88, 0x7, 0xfd,
    0xf0, 0xca, 0x44, 0x6, 0x8a, 0xdf, 0x10, 0xf,
    0xfa, 0xf7, 0xfd, 0xc0, 0x72, 0xea, 0x40, 0x1c,
    0xfd, 0xc8, 0xc, 0xed, 0x12, 0x0, 0x10, 0x28,
    0x7, 0xf1, 0x22, 0x8, 0x15, 0x10, 0x1, 0x94,
    0x3c, 0x3, 0xf9, 0x6a, 0x80, 0x9, 0xab, 0xff,
    0xd0, 0x13, 0xff, 0xe1, 0x0, 0xc6, 0x40, 0xe0,
    0x6a, 0xb1, 0x81, 0x8, 0x22, 0xae, 0x0, 0xe9,
    0x0, 0x54, 0xd, 0x54, 0x21, 0xf6, 0x3, 0x55,
    0x84, 0x2, 0x25, 0x10, 0x57, 0x80, 0x5, 0x13,
    0x92, 0xa2, 0xc0, 0x7, 0xd0, 0xc, 0x10, 0xce,
    0x74, 0xa9, 0x0, 0xb, 0x37, 0xa1, 0x0, 0xc6,
    0xad, 0xe0, 0x9, 0x7e, 0x53, 0x90, 0xd, 0xc8,
    0xbe, 0xc0, 0x17, 0x85, 0x80, 0x4e, 0xe2, 0x76,
    0xd0, 0x8, 0x74, 0x64, 0x27, 0x45, 0x8d, 0xc8,
    0x2, 0xc2, 0xb8, 0x0, 0xfc, 0xde, 0xcc, 0x14,
    0x44, 0x0, 0x6a, 0xd4, 0x1, 0x0, 0xfc, 0x33,
    0x60, 0x56, 0x1, 0xc2, 0x1, 0x38, 0x80, 0x7f,
    0xf2, 0x88, 0x80, 0x1f, 0xfc, 0x96, 0x1b, 0x0,
    0xff, 0xe4, 0x1c, 0x8b, 0x80, 0x7f, 0xf1, 0xcf,
    0x42, 0x80, 0x3f, 0xf9, 0x14, 0x36, 0x80, 0x1f,
    0xfc, 0x47, 0xf2, 0x9, 0xd4, 0x0, 0xe1, 0xfa,
    0x0, 0xe0,

    /* U+68C0 "检" */
    0x0, 0xc9, 0x44, 0x1, 0xf3, 0x40, 0x80, 0x7f,
    0xc4, 0xa2, 0x1, 0xe2, 0x97, 0x80, 0xf, 0xfe,
    0x44, 0x81, 0x31, 0x80, 0x7f, 0xf1, 0x9d, 0x1b,
    0xc3, 0x84, 0x3, 0xff, 0x88, 0x70, 0x52, 0x50,
    0x54, 0x1, 0xe2, 0xcc, 0x58, 0x76, 0x50, 0x1e,
    0x87, 0x80, 0x1d, 0x52, 0x40, 0x38, 0x4c, 0xc4,
    0x4, 0x6e, 0x7a, 0x36, 0x40, 0x15, 0x23, 0x48,
    0x6, 0x3f, 0xf2, 0x6, 0x7c, 0x60, 0xda, 0x0,
    0x75, 0xa3, 0x58, 0x80, 0x61, 0x40, 0x1, 0x50,
    0xd6, 0xcc, 0xfd, 0x8c, 0x98, 0x40, 0x13, 0x0,
    0x14, 0xa7, 0xd9, 0xbf, 0xaa, 0x60, 0xc, 0x2,
    0x90, 0x4, 0xc3, 0x9, 0xff, 0xdd, 0xff, 0xb4,
    0x1f, 0x44, 0x0, 0xc2, 0xa0, 0x6e, 0xad, 0x82,
    0xd, 0xc4, 0x1, 0x5d, 0x0, 0x74, 0x16, 0x4,
    0x14, 0x99, 0x98, 0x10, 0x14, 0x2, 0x46, 0x0,
    0xce, 0x36, 0x0, 0x7e, 0xd5, 0xb, 0x2, 0x25,
    0x80, 0x14, 0x2c, 0x2, 0x18, 0x26, 0x0, 0x8c,
    0x41, 0x4c, 0x41, 0xc, 0x1, 0xe0, 0xc0, 0x10,
    0xbc, 0x80, 0x7d, 0xe0, 0xe1, 0xe0, 0x60, 0xa6,
    0x20, 0x1a, 0x10, 0x3, 0xe4, 0xc, 0x4, 0x4,
    0x60, 0xa0, 0xf, 0xfe, 0x10, 0x90, 0x81, 0x5b,
    0xd0, 0x30, 0x7, 0xff, 0xf, 0xec, 0x0, 0x86,
    0x66, 0x0, 0xff, 0xe0, 0xc, 0xcd, 0x73, 0x3b,
    0x80, 0xa6, 0x62, 0x0, 0xfc, 0x6c, 0xdf, 0x88,
    0x11, 0x9b, 0x0, 0x7e, 0x2f, 0xff, 0xfe, 0x12,
    0x0,

    /* U+68F5 "棵" */
    0x0, 0xc6, 0xe2, 0x1, 0xff, 0xc9, 0x58, 0x20,
    0xf, 0xfe, 0x73, 0xff, 0xff, 0xac, 0x3, 0xff,
    0x85, 0x13, 0x23, 0x9, 0x98, 0x3, 0xff, 0x88,
    0xac, 0xc7, 0x16, 0x68, 0x40, 0x39, 0x6e, 0xe0,
    0xfb, 0xa0, 0x3, 0x19, 0x80, 0x6, 0x70, 0x7,
    0x89, 0x10, 0x40, 0x68, 0x80, 0x5, 0xe6, 0x10,
    0x73, 0x21, 0x0, 0xe7, 0xff, 0x20, 0x67, 0xf0,
    0x2, 0xb3, 0x6, 0x19, 0x90, 0x7, 0xe1, 0x40,
    0xf, 0x39, 0x99, 0xc4, 0xce, 0x10, 0xf, 0x98,
    0x0, 0x82, 0x1, 0x22, 0xa9, 0xc5, 0x56, 0x10,
    0xf, 0xa4, 0x1, 0x1a, 0x20, 0x9, 0xaa, 0x18,
    0x55, 0x40, 0x1f, 0x28, 0xa8, 0x39, 0xeb, 0x77,
    0x64, 0x1e, 0xed, 0x40, 0x1d, 0x7, 0x81, 0x6e,
    0x66, 0x11, 0xc0, 0x1, 0x1e, 0x0, 0xcc, 0x52,
    0x1, 0x44, 0xc5, 0x56, 0x51, 0xaa, 0xf0, 0x80,
    0xc1, 0x28, 0x6, 0x25, 0x5e, 0x10, 0x55, 0xf1,
    0x82, 0xc, 0x80, 0x72, 0x7f, 0xdc, 0x40, 0x15,
    0xff, 0xe2, 0x5, 0xd4, 0x0, 0xfc, 0x58, 0x44,
    0x3, 0xb5, 0x0, 0xf1, 0x0, 0x7e, 0x4c, 0x2c,
    0x61, 0xc3, 0xa9, 0x0, 0xff, 0xe0, 0xc, 0xd8,
    0x61, 0x80, 0x58, 0xcc, 0xd4, 0x0, 0xfe, 0x7e,
    0x65, 0xf3, 0x0, 0xe9, 0xa3, 0xbb, 0x0, 0x7e,
    0x12, 0xaa, 0x8, 0x7, 0xcb, 0xef, 0xe0, 0x1f,
    0x9b, 0x54, 0x3, 0xfc, 0x30, 0x80, 0x1c, 0xde,
    0x60, 0x1f, 0x5f, 0x0, 0x7e,

    /* U+6A21 "模" */
    0x0, 0xc4, 0xe4, 0x1, 0xd0, 0x80, 0x14, 0x28,
    0x7, 0xf3, 0xc3, 0x0, 0x61, 0x73, 0x0, 0x9f,
    0xc0, 0x3f, 0xf8, 0x46, 0x65, 0xe, 0x33, 0x80,
    0x4c, 0xe0, 0xf, 0xf2, 0x66, 0x2c, 0x1b, 0x32,
    0x4, 0xcc, 0x90, 0x3, 0xf9, 0x62, 0x20, 0x48,
    0x88, 0xe, 0x22, 0x50, 0x2, 0x66, 0x20, 0x27,
    0x2d, 0xdc, 0xc1, 0x8e, 0xf0, 0x33, 0xbc, 0x20,
    0x10, 0x88, 0xc0, 0xc4, 0xd, 0x9e, 0x5, 0x9a,
    0x8d, 0x64, 0x0, 0xc9, 0xba, 0x50, 0xad, 0xab,
    0x99, 0x44, 0xce, 0x88, 0x4c, 0x0, 0x78, 0x50,
    0x3, 0xdd, 0xff, 0xf1, 0x0, 0x7d, 0x20, 0xe,
    0x10, 0x9, 0x13, 0xf1, 0x80, 0x7c, 0xc0, 0x5,
    0xd0, 0xa, 0xae, 0xfe, 0x10, 0xf, 0x38, 0xb0,
    0x31, 0xc8, 0x3, 0xbf, 0xfe, 0x20, 0xf, 0x49,
    0xe0, 0x6b, 0x20, 0x1, 0x9b, 0xf1, 0x80, 0x74,
    0xc, 0x80, 0x53, 0xfe, 0x8, 0x99, 0xf8, 0x5c,
    0x2, 0x27, 0x35, 0x0, 0xc4, 0xff, 0xf8, 0xc7,
    0xff, 0x58, 0x4, 0x69, 0xe0, 0x1c, 0xae, 0xfc,
    0x42, 0xef, 0xe2, 0x1, 0xb3, 0x0, 0xee, 0x88,
    0xe1, 0x8, 0x8f, 0x38, 0x7, 0xf5, 0xff, 0xe8,
    0x0, 0x2f, 0xff, 0x28, 0x7, 0xff, 0x5, 0x60,
    0x9d, 0x68, 0x3, 0xff, 0x88, 0x75, 0x42, 0xf8,
    0x75, 0xe6, 0x10, 0xf, 0xf2, 0x4e, 0xe2, 0xbe,
    0x90, 0x46, 0x14, 0xf6, 0x40, 0x7, 0xe2, 0x61,
    0x8e, 0x80, 0xc, 0x79, 0x86, 0x23, 0x0, 0xe5,
    0xf4, 0x6e, 0xc7, 0x10, 0xf, 0x8e, 0x7a, 0xc0,

    /* U+6A2A "横" */
    0x0, 0xc8, 0xc0, 0x1c, 0x8e, 0x1, 0x9c, 0xc0,
    0x3f, 0x6c, 0x80, 0x76, 0xc0, 0x80, 0xa, 0x10,
    0x3, 0xff, 0x82, 0x22, 0x0, 0x84, 0x40, 0xf,
    0x11, 0x0, 0x7f, 0x9f, 0xb8, 0xc1, 0xdd, 0x68,
    0x3f, 0x73, 0x0, 0x3f, 0x92, 0x64, 0x61, 0x13,
    0x28, 0x4, 0x99, 0x80, 0xd, 0xdc, 0x60, 0xe9,
    0x36, 0x62, 0x83, 0x34, 0xa1, 0x8c, 0xc5, 0x0,
    0x19, 0x10, 0x0, 0x42, 0xcd, 0x10, 0x3b, 0x31,
    0x43, 0x59, 0xa4, 0x5, 0xcc, 0x0, 0x32, 0x67,
    0x20, 0x4c, 0xd0, 0xb, 0x33, 0x70, 0x4, 0xa0,
    0x10, 0xf7, 0x78, 0x8f, 0xbb, 0xd4, 0x1, 0x48,
    0x2, 0x44, 0x40, 0x67, 0x80, 0x6, 0x78, 0x4,
    0x2, 0x33, 0x8, 0x36, 0x86, 0x6e, 0xe2, 0x3d,
    0xdd, 0x80, 0x1a, 0x5, 0xc2, 0xce, 0x80, 0x73,
    0x22, 0x3c, 0xc8, 0x40, 0x32, 0x21, 0x80, 0x8,
    0xe4, 0x6, 0x78, 0x0, 0x67, 0x80, 0x34, 0x4,
    0x80, 0x51, 0x0, 0x2f, 0xf8, 0x8f, 0xfe, 0x20,
    0x9, 0x8d, 0xc4, 0x3, 0xc3, 0x55, 0x9, 0x55,
    0x42, 0x1, 0x3a, 0x40, 0x7, 0xc6, 0xab, 0x18,
    0xaa, 0xc6, 0x1, 0xd, 0x80, 0x7e, 0x36, 0x68,
    0xc5, 0x9a, 0x30, 0xf, 0xfe, 0x0, 0x8a, 0x66,
    0x12, 0x99, 0x84, 0x40, 0x1f, 0xf6, 0x7f, 0xaf,
    0x3f, 0xd3, 0x1d, 0xf8, 0x1, 0xff, 0xc0, 0x5c,
    0xba, 0x0, 0x64, 0x75, 0x18, 0x7, 0xf1, 0x47,
    0x50, 0x5c, 0x80, 0x2b, 0xa1, 0xf3, 0x6, 0x1,
    0xf5, 0x3b, 0xb3, 0x8, 0x1, 0x85, 0xf6, 0xc5,
    0x40, 0x34, 0xf8, 0x47, 0xc9, 0x80, 0x7f, 0x26,
    0xb0,

    /* U+6B21 "次" */
    0x0, 0xff, 0x21, 0x80, 0x7f, 0xf0, 0x18, 0x3,
    0xe9, 0xc1, 0x0, 0xff, 0x54, 0xb0, 0x7, 0x11,
    0xc, 0x40, 0x3f, 0xd6, 0x12, 0x40, 0x1a, 0x82,
    0xc0, 0x3f, 0xe1, 0x90, 0xe0, 0xc, 0xc1, 0x95,
    0x5f, 0x88, 0x2, 0x64, 0x36, 0x0, 0x20, 0x82,
    0x2a, 0xfe, 0x10, 0xd, 0x21, 0x0, 0x8, 0xb,
    0xee, 0xf8, 0x44, 0x60, 0x18, 0x99, 0x80, 0x86,
    0x64, 0x18, 0x71, 0x19, 0xc6, 0x40, 0x3d, 0x30,
    0x10, 0x10, 0x2, 0xda, 0x1, 0x40, 0xb8, 0x7,
    0xe7, 0x34, 0x40, 0x7, 0x98, 0x64, 0x3, 0xf9,
    0x52, 0x40, 0x6, 0x1, 0xc4, 0xe0, 0x1e, 0x1b,
    0x52, 0xb2, 0x0, 0x8, 0x28, 0x1, 0xb4, 0x3,
    0xe4, 0x46, 0x0, 0x72, 0x0, 0x90, 0x7, 0xfb,
    0xc3, 0x40, 0x3b, 0x0, 0xa, 0x1, 0xfe, 0x50,
    0x40, 0xc, 0x48, 0x65, 0x20, 0x1f, 0xca, 0xa,
    0x1, 0xd0, 0x13, 0x3, 0x0, 0x1f, 0xbc, 0x3c,
    0x3, 0x32, 0xa2, 0xa8, 0xdd, 0x0, 0x3c, 0x2a,
    0xa, 0x1, 0x2c, 0x8d, 0x0, 0x38, 0x2c, 0xc0,
    0x39, 0x81, 0x40, 0x27, 0xa0, 0xd1, 0x0, 0x15,
    0x86, 0x28, 0x6, 0xa0, 0xe0, 0x1b, 0x81, 0xc3,
    0x0, 0xc9, 0x61, 0x52, 0x0, 0x42, 0x14, 0x6e,
    0x43, 0xf3, 0x0, 0xf2, 0x60, 0xb7, 0x12, 0x6d,
    0x1, 0x3, 0xe0, 0x80, 0x7e, 0x3e, 0x62, 0x20,
    0x12, 0x2, 0x74, 0x0, 0x7f, 0xf0, 0x27, 0x0,

    /* U+6B3E "款" */
    0x0, 0xf1, 0x8, 0x7, 0xff, 0x27, 0x68, 0x3,
    0xcf, 0xe6, 0x1, 0xff, 0xc8, 0xd0, 0x30, 0xf,
    0x9a, 0x67, 0x2, 0xcc, 0xe0, 0x2, 0x18, 0x7,
    0xed, 0x66, 0xc0, 0x2c, 0xd8, 0x48, 0x41, 0x9b,
    0x90, 0x1, 0x7f, 0xf8, 0x13, 0xff, 0xa, 0x81,
    0xcc, 0xf4, 0x0, 0x7f, 0xf0, 0xac, 0x33, 0x34,
    0x82, 0x80, 0x5d, 0xff, 0x2, 0x7f, 0xcc, 0x46,
    0xae, 0xa6, 0x6e, 0xd, 0x0, 0xa6, 0x23, 0xf2,
    0xd0, 0x76, 0xc8, 0x83, 0xa, 0x0, 0x4e, 0xff,
    0xc4, 0xe4, 0x80, 0x12, 0x8b, 0x0, 0x66, 0x99,
    0xfc, 0x47, 0x60, 0x1b, 0xc2, 0x40, 0x36, 0x33,
    0x7e, 0x3c, 0x60, 0x30, 0x5, 0x70, 0x80, 0x6a,
    0xff, 0xfc, 0x1, 0x84, 0xc, 0x4, 0x3, 0x3c,
    0x47, 0xf8, 0x40, 0xc, 0x8, 0x1, 0xe9, 0x77,
    0xff, 0x10, 0x0, 0x83, 0x0, 0x3d, 0xdf, 0xdf,
    0xe1, 0x3f, 0xef, 0xf1, 0x82, 0x80, 0xa8, 0x80,
    0x78, 0x7d, 0x40, 0x21, 0xf5, 0x0, 0xb8, 0x30,
    0x24, 0x3, 0xd6, 0x2e, 0x1, 0xa, 0xd0, 0x82,
    0x21, 0x89, 0x9c, 0xc0, 0x31, 0xab, 0x90, 0x6,
    0x90, 0xb1, 0x90, 0x80, 0x81, 0xe1, 0x0, 0xe,
    0x94, 0x0, 0x71, 0x3f, 0xe9, 0x50, 0x80, 0xd1,
    0x68, 0x83, 0x8f, 0xb, 0xd0, 0xb8, 0x2, 0x64,
    0x6e, 0xa0, 0x12, 0x51, 0xe1, 0x37, 0x18, 0x42,
    0x94, 0x0, 0x10, 0xda, 0x0, 0x39, 0x68, 0xa8,
    0x4, 0x7, 0xbf, 0x4c, 0x0, 0xb9, 0x20, 0x1f,
    0x2e, 0x40,

    /* U+6B62 "止" */
    0x0, 0xff, 0x9d, 0x80, 0x3f, 0xf9, 0x11, 0x0,
    0xf, 0xff, 0x6a, 0xb0, 0x7, 0xff, 0x22, 0x24,
    0x3, 0xff, 0xce, 0x45, 0xf0, 0x7, 0xff, 0x8,
    0x77, 0x7e, 0x0, 0xff, 0xe1, 0xaa, 0xfc, 0x1,
    0xff, 0xc2, 0x1a, 0xaf, 0x80, 0x3f, 0xff, 0xe0,
    0x1f, 0xff, 0xf0, 0xf, 0xfe, 0x84, 0xd5, 0x44,
    0x15, 0x5c, 0x3, 0x55, 0xf8, 0xd9, 0x56, 0x0,
    0x2a, 0xf0, 0x1, 0x57, 0xfb, 0xff, 0xff, 0x92,
    0xc0,

    /* U+6B63 "正" */
    0x6, 0xbb, 0xff, 0xe3, 0x18, 0x3, 0xd1, 0x3f,
    0xf8, 0xcc, 0x0, 0x9f, 0xff, 0xce, 0x11, 0xff,
    0xf2, 0x80, 0x7f, 0xf9, 0x5, 0xd4, 0x3, 0xff,
    0x8e, 0x71, 0x20, 0x1f, 0xfe, 0x68, 0xff, 0xf3,
    0x80, 0x7f, 0xf0, 0xc4, 0x7c, 0x1, 0xff, 0xc3,
    0x8e, 0xef, 0x38, 0x7, 0xff, 0xfc, 0x3, 0xff,
    0xdf, 0x57, 0x69, 0x2, 0xbb, 0xca, 0x15, 0x77,
    0xf8, 0x91, 0x30, 0xa, 0x26, 0x20, 0x24, 0x4f,
    0xc2,

    /* U+6B64 "此" */
    0x0, 0xff, 0xe0, 0xba, 0x0, 0x7f, 0xf0, 0x47,
    0xec, 0x2, 0x28, 0xf0, 0xf, 0xff, 0x4a, 0x30,
    0x7, 0xff, 0x23, 0xe4, 0x3, 0xff, 0x84, 0x39,
    0x20, 0x1f, 0xfc, 0x61, 0xc3, 0x50, 0xf, 0xe5,
    0xbb, 0x38, 0x6, 0x3f, 0x24, 0xc0, 0xf, 0xe1,
    0x44, 0x68, 0x4, 0xf8, 0x2f, 0x60, 0x1f, 0xe4,
    0xff, 0x50, 0x1, 0x20, 0x6e, 0x0, 0x3f, 0xf8,
    0xc9, 0xe8, 0x1, 0xff, 0xc6, 0x3b, 0x10, 0xf,
    0xfe, 0x3b, 0x80, 0x7f, 0xfe, 0x84, 0xc0, 0x3f,
    0xf9, 0x5, 0x8e, 0x1, 0xf9, 0xda, 0xa0, 0x3,
    0xe7, 0x1, 0x0, 0xc2, 0xb0, 0x7, 0x2a, 0x46,
    0x1, 0xe3, 0x2, 0x36, 0x60, 0x75, 0x30, 0x1b,
    0xdd, 0x0, 0x14, 0x3, 0x58, 0x37, 0x49, 0x1,
    0xb5, 0x76, 0x42, 0x0, 0x90, 0xf6, 0x63, 0x8c,
    0x4a, 0xe2, 0xff, 0x25, 0x44, 0x3, 0xb8, 0xc4,
    0xcc, 0x29, 0xa0, 0xce, 0x80, 0x1f, 0xe3, 0xcf,
    0xfd, 0x66, 0x0,

    /* U+6B65 "步" */
    0x0, 0xff, 0x8, 0x7, 0xff, 0x20, 0xbb, 0x0,
    0x3f, 0xf8, 0x48, 0xa0, 0x1f, 0xfc, 0x88, 0xa2,
    0x0, 0xff, 0xe7, 0x1f, 0xff, 0xc8, 0x1, 0xff,
    0xc1, 0x16, 0x6f, 0xc0, 0x1f, 0xfc, 0x12, 0x99,
    0xf8, 0x80, 0x3f, 0xfc, 0x59, 0xff, 0x18, 0x6f,
    0xfb, 0x40, 0xff, 0xff, 0x85, 0x4c, 0xff, 0x84,
    0x8, 0xcf, 0xf0, 0xce, 0x67, 0x46, 0x64, 0x81,
    0xd9, 0x9f, 0x80, 0x3c, 0x97, 0x60, 0xf, 0xea,
    0x50, 0xf, 0x92, 0xc3, 0x80, 0x3f, 0x4a, 0xd8,
    0x7, 0x9a, 0xc2, 0x54, 0x3, 0xe8, 0x60, 0xd0,
    0xe, 0x99, 0x5, 0x30, 0x7, 0xd4, 0xe1, 0x86,
    0x1, 0x16, 0xb0, 0xe2, 0x80, 0x62, 0x36, 0xc5,
    0x1d, 0x30, 0xc, 0x67, 0x79, 0x80, 0x74, 0xa5,
    0x19, 0xbc, 0x80, 0x38, 0x73, 0x2, 0x1, 0x92,
    0xb9, 0xc6, 0x70, 0x40, 0x3e, 0x20, 0x1, 0x2d,
    0x75, 0xa8, 0xbf, 0xb0, 0x7, 0xe1, 0x8b, 0xed,
    0xa5, 0x14, 0xae, 0x81, 0x0, 0xfe, 0x17, 0x41,
    0x26, 0xae, 0xb5, 0x0, 0xff, 0xe0, 0xd5, 0xf6,
    0xca, 0x88, 0x7, 0xff, 0x8,

    /* U+6B7B "死" */
    0x3, 0xff, 0xff, 0xe3, 0xd0, 0x0, 0x51, 0x30,
    0x1, 0x13, 0x84, 0x11, 0x3d, 0xa0, 0x2, 0xbb,
    0xa4, 0x12, 0xef, 0x9c, 0x2a, 0xef, 0x9c, 0x3,
    0xca, 0x1a, 0x1, 0xff, 0xc8, 0xb0, 0x70, 0xf,
    0xfe, 0x39, 0x98, 0x6e, 0xab, 0x0, 0x7c, 0x7a,
    0x20, 0x1d, 0x20, 0x2a, 0xbc, 0x1, 0xe4, 0xc2,
    0x50, 0xc, 0x4a, 0x7f, 0xf8, 0x84, 0x3, 0x96,
    0xc2, 0x90, 0x3, 0x40, 0x40, 0x4, 0x24, 0x80,
    0x19, 0xe8, 0x2d, 0x40, 0x31, 0xa8, 0x38, 0x4,
    0xe1, 0x80, 0x16, 0xc0, 0xe2, 0x0, 0x77, 0x0,
    0x31, 0x0, 0x14, 0xe, 0x1, 0x19, 0xbc, 0xc0,
    0x3a, 0x89, 0xec, 0x2d, 0xc, 0xca, 0x20, 0x13,
    0x60, 0x80, 0x70, 0xa1, 0x42, 0x58, 0x6f, 0x87,
    0x0, 0x68, 0x0, 0xf8, 0x73, 0xc0, 0x9, 0x5c,
    0x6a, 0x80, 0x1f, 0xfc, 0x12, 0x20, 0x4, 0xd0,
    0x10, 0x1, 0xfe, 0x89, 0x0, 0xf1, 0x68, 0x51,
    0x0, 0x7f, 0x85, 0x84, 0x3, 0x1e, 0xb, 0xa8,
    0x7, 0xfc, 0xa0, 0x20, 0x12, 0xe0, 0xbc, 0x0,
    0x70, 0x82, 0x80, 0x42, 0x64, 0x1, 0x4d, 0x4,
    0x40, 0x3, 0xda, 0x17, 0x97, 0x9c, 0x8, 0x0,
    0x66, 0x5, 0x38, 0x7, 0xca, 0xc2, 0x68, 0x62,
    0xb0, 0x0, 0x67, 0xd5, 0x0, 0xfe, 0x9e, 0xff,
    0xba, 0x84, 0x0,

    /* U+6BB5 "段" */
    0x0, 0xf8, 0x96, 0x1c, 0x3, 0xff, 0x86, 0xd9,
    0xdf, 0xb4, 0xf8, 0x13, 0xff, 0xe8, 0x0, 0xf7,
    0x99, 0x2b, 0xd6, 0xd8, 0x4, 0xac, 0xc5, 0x0,
    0xff, 0x6d, 0x42, 0x90, 0x6, 0xa9, 0x95, 0x80,
    0x7f, 0xf1, 0x4c, 0x3, 0xff, 0x86, 0xea, 0xb8,
    0x0, 0xe4, 0x1, 0xff, 0xc2, 0x9a, 0xac, 0xa,
    0x4a, 0x1, 0x8, 0x3d, 0x50, 0xc0, 0x3a, 0xf3,
    0x32, 0x51, 0x40, 0x6, 0x81, 0x55, 0x0, 0x79,
    0x4c, 0xf3, 0x1f, 0x80, 0x73, 0xf7, 0xf8, 0xc0,
    0x3f, 0xc6, 0x95, 0x11, 0xf3, 0x80, 0x7d, 0xb7,
    0x78, 0xdd, 0xff, 0xa8, 0x3, 0xe3, 0x44, 0x94,
    0x98, 0x2b, 0xbb, 0x50, 0x38, 0x7, 0xdd, 0xff,
    0x70, 0x58, 0x70, 0x8e, 0x90, 0x90, 0xf, 0xfe,
    0x9, 0x32, 0x20, 0x0, 0xc6, 0xc6, 0x1, 0xfe,
    0x13, 0x40, 0x81, 0xa1, 0x49, 0x28, 0x0, 0xc8,
    0xaa, 0xa, 0xdf, 0xec, 0xf0, 0x1a, 0x1c, 0xb1,
    0xf1, 0x0, 0xd7, 0x46, 0xa, 0x2b, 0x15, 0x20,
    0x4, 0x41, 0x4, 0x10, 0x7, 0x56, 0x28, 0x7e,
    0x53, 0xa9, 0x2, 0x6a, 0x18, 0x4c, 0x84, 0x3,
    0x29, 0x98, 0x3, 0xcb, 0x96, 0x51, 0x9c, 0x8d,
    0xd2, 0x40, 0x1f, 0xc9, 0xd4, 0x6d, 0xce, 0x3,
    0x76, 0x26, 0xda, 0x0, 0xfc, 0x84, 0xfd, 0x22,
    0x1, 0x93, 0x6c, 0xfc, 0x2, 0x9f, 0x10, 0xb,
    0x20, 0x40, 0x3f, 0x26, 0x28,

    /* U+6BC1 "毁" */
    0x0, 0xff, 0xe7, 0xc, 0x79, 0x0, 0x78, 0x4c,
    0xf8, 0x80, 0x3a, 0x79, 0xcc, 0x7f, 0xed, 0x0,
    0x4e, 0x67, 0x48, 0x7, 0x28, 0xde, 0x1b, 0xb8,
    0x40, 0x3a, 0x22, 0x0, 0xfc, 0x68, 0x0, 0x88,
    0x18, 0x7, 0x3b, 0xc2, 0x1, 0xff, 0xc5, 0x20,
    0xf, 0xfe, 0x1, 0x77, 0x2, 0xf8, 0x80, 0x24,
    0x20, 0xc, 0xe0, 0x1f, 0x22, 0x0, 0xd0, 0x40,
    0xc, 0x34, 0x1, 0x19, 0xbf, 0xc2, 0x1, 0x15,
    0x50, 0x22, 0x8c, 0xa, 0x45, 0xc0, 0x2f, 0x75,
    0x50, 0x80, 0x7f, 0xc5, 0x1a, 0x1, 0x8a, 0x2a,
    0x80, 0x18, 0xa6, 0x78, 0xc0, 0xb2, 0x2e, 0xfd,
    0x0, 0x1e, 0x66, 0xe1, 0x1, 0x54, 0x55, 0xe4,
    0x40, 0x6, 0xcf, 0xff, 0xb4, 0xf0, 0x27, 0xba,
    0xf0, 0x40, 0x8, 0x62, 0x3f, 0x88, 0xaa, 0x0,
    0xa4, 0x28, 0x2, 0x37, 0x7f, 0xe1, 0x8, 0x25,
    0x1, 0x74, 0x20, 0x8, 0xbf, 0xec, 0x8, 0xff,
    0x8c, 0x14, 0xac, 0x68, 0x24, 0x3, 0xff, 0x8b,
    0xc3, 0xe9, 0x24, 0x1, 0xff, 0xc5, 0x33, 0x9,
    0x30, 0x7, 0xf3, 0x87, 0x34, 0xda, 0x1, 0x61,
    0x98, 0xb0, 0x80, 0x21, 0x8a, 0xce, 0xb0, 0x69,
    0x65, 0x28, 0xd3, 0x8c, 0xa3, 0xd8, 0x10, 0x17,
    0x51, 0x56, 0x8a, 0xce, 0x88, 0x39, 0x63, 0x82,
    0xe9, 0xbf, 0x30, 0x77, 0xed, 0xcb, 0xa9, 0x8a,
    0x84, 0xe9, 0x80, 0x45, 0x92, 0x28, 0x2, 0x1,
    0xf8, 0xf9, 0x80, 0x3e, 0x6e, 0x20,

    /* U+6BCF "每" */
    0x0, 0xe3, 0x0, 0xff, 0xe4, 0x36, 0x40, 0x7,
    0xff, 0x1e, 0x2, 0x84, 0x7f, 0xf8, 0x20, 0x1d,
    0x2, 0x1b, 0xdd, 0xff, 0xc1, 0x30, 0x8, 0x9c,
    0x59, 0xbf, 0xf8, 0x62, 0x1, 0x78, 0x5c, 0xcf,
    0xff, 0xc, 0x80, 0x14, 0x4a, 0x53, 0x3f, 0xfc,
    0x11, 0x0, 0x95, 0x47, 0x54, 0x66, 0xff, 0xe0,
    0x80, 0x65, 0x8d, 0x2, 0x27, 0xfb, 0x1b, 0x7f,
    0xf9, 0x40, 0x3c, 0xe2, 0x20, 0x60, 0x2, 0x36,
    0xd1, 0x0, 0x42, 0x2, 0x1, 0xe2, 0x2, 0x0,
    0x3e, 0xaa, 0xb4, 0xc0, 0x3f, 0xe6, 0xe, 0x0,
    0x8a, 0xb1, 0x48, 0x0, 0xe0, 0x1d, 0xff, 0x50,
    0x47, 0xff, 0x62, 0xf7, 0xf8, 0xc3, 0xfe, 0x87,
    0x66, 0x10, 0x33, 0x4a, 0xcd, 0xf0, 0x1, 0x9a,
    0xc8, 0x99, 0x30, 0x4c, 0xcc, 0xe3, 0x73, 0x38,
    0x4a, 0x66, 0x40, 0x9, 0x84, 0x2, 0xf4, 0x7d,
    0xa0, 0x8, 0x40, 0x3f, 0x11, 0x0, 0x23, 0xad,
    0x66, 0x0, 0x61, 0x0, 0xf0, 0x81, 0x55, 0x74,
    0x1b, 0x55, 0x40, 0x55, 0x44, 0x0, 0x8c, 0x5,
    0x57, 0xfe, 0x1, 0x55, 0x18, 0x4, 0x5f, 0xff,
    0xfc, 0xb, 0x6, 0xff, 0x38, 0x7, 0xff, 0x5,
    0x9e, 0x24, 0x38, 0x3, 0xff, 0x89, 0xb0, 0xe4,
    0x6e, 0x1, 0xff, 0xc4, 0x9b, 0xce, 0xc0, 0xe,

    /* U+6C38 "永" */
    0x0, 0xf8, 0x5c, 0xc0, 0x3f, 0xf9, 0xf, 0x19,
    0xd2, 0x80, 0x1f, 0xfc, 0x56, 0xb6, 0x6, 0xbe,
    0x93, 0x0, 0xff, 0xe1, 0xa4, 0xf6, 0x30, 0x35,
    0x0, 0x7f, 0xf1, 0x8e, 0x7a, 0xa8, 0x1, 0xff,
    0x57, 0xff, 0xdc, 0xa, 0x60, 0x1f, 0xf6, 0xa2,
    0x78, 0x4, 0x3, 0xd2, 0x40, 0x1e, 0x7b, 0xbf,
    0x10, 0x7, 0xa5, 0xb8, 0x3, 0xff, 0x86, 0xc0,
    0x14, 0xb0, 0xf0, 0x7, 0xff, 0xe, 0xc0, 0x14,
    0xc5, 0x84, 0x1, 0xbf, 0xfe, 0x70, 0x8, 0x9b,
    0x14, 0xf0, 0x80, 0x39, 0x95, 0x71, 0x0, 0x70,
    0xc9, 0xb6, 0x8, 0x7, 0xa6, 0xab, 0x0, 0x18,
    0x2, 0xb0, 0x49, 0x0, 0xff, 0xe0, 0x31, 0x28,
    0x80, 0x4a, 0x48, 0x60, 0x1f, 0xf0, 0xc0, 0x40,
    0x7, 0x70, 0x68, 0x80, 0x7f, 0xa8, 0x60, 0x80,
    0x38, 0xe4, 0x70, 0x40, 0x3f, 0x4a, 0x1b, 0x80,
    0x7c, 0xcc, 0x2c, 0x20, 0xf, 0x4b, 0x16, 0x80,
    0x7f, 0x4b, 0x16, 0x20, 0x6, 0xa6, 0x2c, 0x10,
    0xf, 0xf4, 0xb8, 0xdc, 0x80, 0xea, 0x9e, 0x8,
    0x7, 0x18, 0x7, 0xa2, 0x81, 0xa4, 0x51, 0xb0,
    0x40, 0x2, 0xd1, 0x62, 0x20, 0xf, 0x2e, 0xac,
    0x84, 0xc8, 0x3, 0xa5, 0xd0, 0x24, 0x3, 0xe2,
    0xa0, 0xf, 0xc3, 0x54, 0xce, 0x70, 0xf, 0xf0,

    /* U+6C42 "求" */
    0x0, 0xfe, 0x18, 0x40, 0x2, 0x10, 0x7, 0xff,
    0xc, 0x9f, 0x80, 0x6f, 0x8, 0x3, 0xff, 0x8c,
    0x36, 0x38, 0x40, 0x1f, 0xfc, 0x64, 0xa1, 0x90,
    0xe, 0x9a, 0xaf, 0xa0, 0x12, 0xaa, 0xf1, 0x7a,
    0xa2, 0x80, 0x1d, 0x57, 0xe4, 0x1, 0x55, 0xc2,
    0x6a, 0xac, 0x0, 0x77, 0xff, 0xd8, 0xb, 0xff,
    0xfa, 0x40, 0x23, 0xb1, 0x0, 0xf3, 0x80, 0x70,
    0xd8, 0x80, 0x64, 0x46, 0x80, 0x78, 0x94, 0x3,
    0x6a, 0x38, 0x6, 0x77, 0x1e, 0x0, 0x7a, 0x40,
    0x2b, 0x36, 0x60, 0x7, 0x42, 0x9d, 0x0, 0x71,
    0xa8, 0x52, 0x2c, 0x80, 0x7d, 0x46, 0xa4, 0xa,
    0xa, 0x51, 0x6a, 0xaa, 0x0, 0xfe, 0xea, 0x29,
    0x90, 0x2, 0x49, 0x16, 0x80, 0x3f, 0xc4, 0xfa,
    0xc2, 0x0, 0x45, 0xc, 0x0, 0xff, 0x9f, 0x49,
    0x74, 0x2, 0xa2, 0x95, 0x0, 0xfc, 0x59, 0x1,
    0x54, 0x0, 0xec, 0x1a, 0x70, 0xf, 0x46, 0x99,
    0xb9, 0x40, 0x3c, 0x38, 0x31, 0x42, 0x0, 0x5e,
    0x70, 0x8c, 0x10, 0xf, 0xc5, 0xe4, 0xbe, 0xa1,
    0x82, 0x9a, 0xe0, 0x1f, 0xf0, 0xea, 0x8d, 0x44,
    0xdd, 0x88, 0x3, 0x94, 0xc, 0x3, 0xd5, 0x42,
    0x90, 0x40, 0xc, 0xb9, 0xd2, 0x1e, 0x1, 0xf2,
    0xe8, 0x80, 0x79, 0x8c, 0x49, 0xd8, 0x3, 0xff,
    0x88, 0x7f, 0xed, 0x80, 0xf, 0xf8,

    /* U+6C89 "沉" */
    0x0, 0x28, 0x7, 0xff, 0x22, 0x6a, 0x80, 0x7,
    0xaa, 0xff, 0xe0, 0x40, 0x5, 0x66, 0xba, 0x58,
    0xab, 0xff, 0xc1, 0x0, 0x8b, 0x14, 0xa0, 0x1,
    0xdf, 0xff, 0xb8, 0x3, 0xea, 0x78, 0x0, 0xff,
    0x84, 0x3, 0x88, 0x1, 0x4, 0x1, 0xff, 0xc4,
    0x7d, 0x60, 0xf, 0xfe, 0x39, 0x4, 0xd0, 0x2,
    0x70, 0x66, 0xab, 0xcc, 0x19, 0xe0, 0x5, 0xd2,
    0x5d, 0x2, 0x30, 0x75, 0x5f, 0x60, 0x19, 0x0,
    0x45, 0x86, 0xc0, 0x1c, 0x7f, 0xf7, 0x0, 0x7f,
    0xe, 0x48, 0x7, 0xff, 0x24, 0x80, 0x3f, 0xf9,
    0xc, 0xe0, 0x18, 0x5c, 0x3, 0xff, 0x85, 0x50,
    0x20, 0x1f, 0xfc, 0x61, 0x33, 0x8, 0x0, 0x80,
    0x80, 0x3f, 0xf8, 0x2c, 0x14, 0x1, 0x20, 0x78,
    0x7, 0xe1, 0x91, 0x0, 0x50, 0x38, 0x5, 0x60,
    0x80, 0x1f, 0x8d, 0x90, 0xc, 0x90, 0x40, 0xe,
    0x48, 0x40, 0x1f, 0x98, 0x4, 0x24, 0x38, 0x0,
    0x90, 0x12, 0x1, 0xfc, 0x60, 0xc4, 0xa2, 0xa0,
    0xb6, 0x14, 0x40, 0x18, 0x41, 0x6a, 0x90, 0x24,
    0x80, 0xc0, 0x36, 0x14, 0xa0, 0x1e, 0x91, 0x55,
    0x15, 0x3, 0x7c, 0x0, 0xed, 0xa8, 0x7, 0xcd,
    0xdf, 0xed, 0x40,

    /* U+6CA1 "没" */
    0x0, 0x11, 0x0, 0x3f, 0xf9, 0x1f, 0xac, 0x1,
    0xaf, 0xff, 0xeb, 0x0, 0xf4, 0x8c, 0xd0, 0x4,
    0xe0, 0x8a, 0xb2, 0x0, 0x7e, 0x4f, 0x35, 0xb0,
    0xd, 0x55, 0xa4, 0x3, 0xf8, 0x71, 0x30, 0x0,
    0x20, 0x20, 0x1f, 0xfc, 0x3b, 0x70, 0x22, 0x80,
    0x3c, 0xe0, 0x18, 0xb5, 0x80, 0x3b, 0x82, 0x80,
    0x31, 0x1, 0xe5, 0xd8, 0x5c, 0xa6, 0xc4, 0x7,
    0x4c, 0xce, 0x1, 0xd2, 0x46, 0x88, 0x15, 0xd3,
    0x4f, 0x41, 0xa5, 0xc0, 0xf, 0x36, 0xff, 0xc0,
    0x2, 0xc7, 0x1c, 0x1e, 0x39, 0x9f, 0xf0, 0x80,
    0x74, 0x4c, 0x89, 0x9b, 0xff, 0x80, 0x40, 0x1e,
    0x61, 0x3f, 0x70, 0xaf, 0xfe, 0xe0, 0x13, 0x0,
    0xf3, 0x8, 0x2, 0x46, 0x0, 0x3a, 0x42, 0x40,
    0x3c, 0x33, 0xa0, 0x1, 0x82, 0x80, 0x9, 0x1c,
    0xdc, 0x3, 0xcc, 0x16, 0x1, 0x32, 0xbb, 0x81,
    0x2c, 0x78, 0x3, 0xe9, 0x6, 0x0, 0xd4, 0x71,
    0x56, 0x3a, 0x40, 0x1e, 0x51, 0x51, 0x0, 0xef,
    0x5, 0xd, 0x30, 0xf, 0xa4, 0x24, 0x3, 0x14,
    0xe0, 0x10, 0x6b, 0x80, 0x79, 0xd, 0xc, 0x0,
    0x95, 0xac, 0x57, 0xb4, 0x11, 0xd0, 0x40, 0x14,
    0x84, 0x4, 0x6d, 0xa9, 0x4e, 0xa0, 0x2f, 0x40,
    0x3e, 0xe1, 0x82, 0xa8, 0xc0, 0xc9, 0x2b, 0x58,
    0x3, 0x9f, 0xa4, 0xcc, 0x21, 0x14, 0x0, 0xad,
    0xb5, 0x0, 0xfe, 0x6c, 0xd2,

    /* U+6CBF "沿" */
    0x0, 0x20, 0x7, 0xff, 0x20, 0xef, 0x48, 0x3,
    0x7f, 0xff, 0x8, 0x6, 0x37, 0x2d, 0x50, 0xc,
    0x28, 0x9c, 0x20, 0x1f, 0x45, 0x5, 0x28, 0x4,
    0x57, 0x7c, 0x40, 0x1f, 0x97, 0x5, 0x0, 0x27,
    0x0, 0xff, 0xe0, 0x10, 0x0, 0xf8, 0x40, 0x80,
    0x40, 0x3f, 0xe6, 0xd7, 0x0, 0xe5, 0x2, 0x0,
    0xe7, 0x3, 0x0, 0x94, 0x62, 0xc4, 0x0, 0x50,
    0x14, 0x1, 0xc4, 0x19, 0x92, 0x9f, 0x9a, 0x79,
    0x1e, 0x4, 0x10, 0x7, 0x5a, 0x9, 0x99, 0x80,
    0x71, 0x4, 0x2, 0x87, 0x0, 0xf1, 0x5f, 0xfc,
    0x60, 0x15, 0xd1, 0x1f, 0x38, 0x7, 0xff, 0x15,
    0x40, 0x2f, 0xff, 0xf8, 0x40, 0x38, 0xe8, 0x80,
    0x21, 0x44, 0xf8, 0x40, 0x3e, 0xb5, 0x10, 0x8,
    0xae, 0xfe, 0x20, 0xf, 0x94, 0x4c, 0x3, 0xff,
    0x8c, 0x44, 0x70, 0xf, 0xfe, 0x3d, 0x6, 0x80,
    0x7f, 0xf1, 0xd8, 0x50, 0x3, 0xff, 0x8c, 0x82,
    0xc0, 0x1c, 0x55, 0x5f, 0x10, 0x7, 0x78, 0x50,
    0x7, 0xa, 0xaf, 0xc2, 0x1, 0xd8, 0xe4, 0x1,
    0xc7, 0xff, 0xf2, 0x8, 0x4,

    /* U+6CD5 "法" */
    0x0, 0xff, 0xe0, 0x89, 0x0, 0x7f, 0xca, 0x20,
    0x1f, 0xa3, 0x50, 0x3, 0xf8, 0xab, 0x98, 0x3,
    0xff, 0x8e, 0x56, 0x33, 0x62, 0x1, 0xff, 0xc6,
    0x4f, 0x44, 0x69, 0xcc, 0xe4, 0xf, 0x99, 0xe0,
    0xf, 0xd, 0xb4, 0x33, 0x71, 0x2, 0x33, 0x70,
    0x4, 0x26, 0x1, 0x4a, 0x2e, 0xee, 0x50, 0x9d,
    0xde, 0x0, 0xab, 0x1c, 0x3, 0x88, 0xb1, 0x81,
    0x17, 0x80, 0x2f, 0x18, 0xb1, 0x0, 0xff, 0xe3,
    0x27, 0x9a, 0x79, 0x0, 0x7f, 0xf1, 0x87, 0x14,
    0x5c, 0x3, 0xf0, 0x80, 0x7f, 0xd5, 0xb, 0xff,
    0xe6, 0xa, 0xff, 0xf3, 0x0, 0x73, 0x82, 0x27,
    0x8, 0x12, 0x27, 0xc4, 0x1, 0x88, 0xc2, 0xef,
    0x80, 0x19, 0x77, 0xf2, 0x0, 0x6b, 0xc4, 0x0,
    0xd0, 0x2e, 0x20, 0xcc, 0x0, 0xfe, 0x71, 0x40,
    0x8, 0x9c, 0x60, 0x6, 0x24, 0x80, 0x3e, 0x51,
    0x70, 0xd, 0x21, 0x60, 0x1, 0xb0, 0xe0, 0xf,
    0xb8, 0x28, 0x2, 0x54, 0x42, 0x80, 0x4a, 0x86,
    0xc0, 0x1c, 0x48, 0x66, 0x0, 0x15, 0x8d, 0x0,
    0x61, 0xf0, 0x91, 0x0, 0xd6, 0x14, 0x0, 0x4c,
    0x10, 0xdd, 0x77, 0xfb, 0xac, 0x1, 0x60, 0x10,
    0xb0, 0xb0, 0x0, 0x44, 0x2, 0x67, 0x91, 0x9e,
    0x5, 0x4c, 0x0, 0xe0, 0xc0, 0x12, 0xd6, 0xf7,
    0xf6, 0xe5, 0xcc, 0x3c, 0x3, 0x0, 0x1b, 0xe0,
    0x3, 0x29, 0x8, 0x7, 0xe6, 0xb5, 0x0,

    /* U+6CE1 "泡" */
    0x0, 0xff, 0x98, 0x40, 0x3f, 0xf8, 0x3, 0x0,
    0x1e, 0x69, 0x90, 0x7, 0xff, 0x2, 0x1f, 0x48,
    0x3, 0x58, 0x48, 0x7, 0xff, 0x2, 0x58, 0xb5,
    0x0, 0xc, 0x43, 0x75, 0x5f, 0x40, 0x7, 0x4c,
    0x82, 0xcc, 0x20, 0x5, 0x57, 0xf2, 0x0, 0x79,
    0xa8, 0x8e, 0x46, 0x3f, 0xff, 0x0, 0x7f, 0x2e,
    0xa3, 0x13, 0x80, 0x7f, 0xf0, 0x5f, 0x48, 0x0,
    0x34, 0x12, 0x1, 0xfe, 0x70, 0xb, 0x8b, 0x54,
    0x18, 0x42, 0xff, 0xfc, 0x1, 0xfa, 0x64, 0x15,
    0xf, 0x2a, 0x8, 0x98, 0x40, 0x21, 0x0, 0xf3,
    0x60, 0xba, 0x30, 0x2, 0xef, 0x20, 0x7, 0xfc,
    0x78, 0xa8, 0x1, 0xff, 0xc8, 0x2a, 0x0, 0xff,
    0xe4, 0xa4, 0x8, 0x5, 0x55, 0x90, 0x3, 0x84,
    0x3, 0xda, 0xea, 0x1, 0x2a, 0xe1, 0x0, 0x8c,
    0x3, 0xf3, 0x82, 0x0, 0x5f, 0xfd, 0x88, 0xdc,
    0x6, 0x1, 0xc8, 0x2a, 0x1, 0xfd, 0x17, 0x26,
    0x3a, 0x1, 0xda, 0x1c, 0x1, 0xfd, 0xef, 0x39,
    0xc5, 0xc8, 0x1, 0x30, 0xa0, 0x7, 0xf2, 0x43,
    0x18, 0x70, 0x80, 0x4c, 0xc, 0x1, 0x18, 0x20,
    0x7, 0xf2, 0x3, 0x0, 0x2c, 0x28, 0x2, 0xf0,
    0xbd, 0xcb, 0xbe, 0xce, 0x32, 0x20, 0x11, 0xa1,
    0x0, 0x4d, 0x4, 0x43, 0x44, 0xe3, 0x4, 0xe0,
    0x1, 0x75, 0x0, 0x73, 0xef, 0xff, 0xee, 0xb3,
    0x0,

    /* U+6CE8 "注" */
    0x0, 0xff, 0xe6, 0x8, 0x7, 0xf6, 0x68, 0x7,
    0xf1, 0xf4, 0x80, 0x7e, 0x72, 0x30, 0xf, 0xc2,
    0x4d, 0xa4, 0x1, 0xed, 0xb, 0x0, 0xfc, 0x5a,
    0xa5, 0xa8, 0x1, 0xc8, 0x8, 0x1, 0xfe, 0xa8,
    0x1, 0xff, 0xed, 0x3, 0xff, 0xee, 0x0, 0xe7,
    0xb5, 0x44, 0xe3, 0x1, 0x44, 0xf0, 0x2, 0x4,
    0x0, 0x81, 0x77, 0xd0, 0xd, 0x77, 0xd4, 0xe,
    0xef, 0x40, 0xf, 0xfe, 0x33, 0xb8, 0x6e, 0x0,
    0x3f, 0xf8, 0xd1, 0x62, 0xf2, 0x1, 0xff, 0xc6,
    0x4c, 0x2a, 0x0, 0xfc, 0x20, 0x1f, 0xe2, 0xd3,
    0xb, 0xff, 0xd6, 0xd, 0xff, 0xc2, 0x1, 0xc4,
    0x0, 0x34, 0x4c, 0x60, 0x48, 0x9c, 0x1, 0xc3,
    0xb4, 0x11, 0x77, 0xa0, 0x16, 0xef, 0x84, 0x3,
    0x30, 0x10, 0x7, 0xff, 0x1e, 0x82, 0x80, 0x3f,
    0xf8, 0xc6, 0x48, 0x40, 0x1f, 0xfc, 0x69, 0xe,
    0x0, 0xff, 0xe3, 0x12, 0x8a, 0x8d, 0x57, 0xbc,
    0x16, 0xab, 0xcc, 0x10, 0x10, 0x4, 0xab, 0xe4,
    0x2, 0x55, 0xf6, 0x80, 0x89, 0x80, 0xff, 0xff,
    0xf8, 0x76, 0x17, 0xe0, 0x1f, 0xfc, 0x70,

    /* U+6D3B "活" */
    0x0, 0x10, 0x80, 0x7f, 0xc4, 0x6a, 0xf4, 0xa0,
    0x1b, 0xf9, 0x40, 0x3, 0x35, 0x79, 0xbf, 0xed,
    0xca, 0x85, 0xf0, 0xd, 0x1, 0x52, 0x0, 0x65,
    0x42, 0x1, 0x5, 0x9b, 0xdf, 0xa0, 0xc, 0xba,
    0x4d, 0x83, 0xdf, 0xee, 0xd4, 0x9, 0x64, 0x20,
    0xf, 0x8b, 0xc, 0x0, 0x20, 0x1f, 0xfc, 0x61,
    0xce, 0x0, 0xff, 0xe2, 0xba, 0x80, 0x44, 0x2,
    0x3c, 0x0, 0x71, 0x1f, 0x0, 0xc5, 0x48, 0x5,
    0x9d, 0xdc, 0xa1, 0x7d, 0xde, 0x41, 0xc2, 0x6d,
    0x20, 0x45, 0x5e, 0x10, 0x45, 0x5f, 0x30, 0x1e,
    0xa9, 0x69, 0x45, 0x57, 0x20, 0x45, 0x57, 0x88,
    0x2, 0xa8, 0x32, 0x0, 0xff, 0xe4, 0x3e, 0x0,
    0x7f, 0xf2, 0x4c, 0xc0, 0x6, 0xff, 0xca, 0x19,
    0xff, 0x88, 0x3, 0xd3, 0x86, 0x2, 0x4, 0x67,
    0xf0, 0x80, 0x7e, 0x41, 0x30, 0xa, 0x33, 0x3e,
    0x40, 0xf, 0x90, 0x5c, 0x3, 0xff, 0x91, 0xc1,
    0x40, 0x1f, 0xfc, 0x71, 0x52, 0x30, 0xf, 0xfe,
    0x3b, 0x5, 0x0, 0x74, 0x66, 0x7c, 0x80, 0x1e,
    0x90, 0x60, 0xe, 0x23, 0x3f, 0x84, 0x3, 0x85,
    0xe0, 0x40, 0x3a, 0xbf, 0xfe, 0x50, 0xc,

    /* U+6D3E "派" */
    0x0, 0xff, 0xe6, 0x30, 0x7, 0xfc, 0x28, 0xd3,
    0x9e, 0x1, 0x3c, 0xe1, 0x0, 0xd, 0xa2, 0x6f,
    0x7f, 0xae, 0x58, 0x90, 0x40, 0xe, 0xe3, 0xd6,
    0x8, 0x97, 0x64, 0x33, 0x2b, 0xd6, 0xf5, 0x88,
    0x5, 0x16, 0x12, 0x20, 0xa, 0xce, 0xe6, 0x54,
    0x29, 0x0, 0x7c, 0x9b, 0x22, 0x2, 0xa6, 0x20,
    0x18, 0x52, 0x20, 0x1, 0x10, 0x0, 0x98, 0x3,
    0x91, 0xa6, 0xfb, 0x96, 0xec, 0x0, 0x6d, 0x80,
    0xf, 0x86, 0xe5, 0x90, 0x56, 0x33, 0x80, 0x8,
    0x6f, 0x82, 0x1, 0xf2, 0x64, 0x84, 0x39, 0x80,
    0x45, 0x8c, 0x7e, 0x40, 0x1e, 0x23, 0x50, 0x60,
    0xf, 0xa6, 0x40, 0x60, 0xe0, 0x1e, 0x20, 0x20,
    0x2, 0xc0, 0x6, 0x6c, 0x10, 0x1, 0x80, 0x70,
    0x8b, 0xa, 0xa8, 0xa0, 0x18, 0xcc, 0x0, 0x11,
    0x0, 0x79, 0x55, 0xaa, 0xda, 0x1, 0xb7, 0x40,
    0x2, 0x70, 0xf, 0x60, 0x1e, 0xc8, 0x6, 0x21,
    0x50, 0x10, 0x20, 0xf, 0x28, 0x21, 0x0, 0x72,
    0x6, 0x2, 0x7, 0x80, 0x78, 0x8d, 0xc4, 0x3,
    0xb0, 0x10, 0x30, 0x14, 0x3, 0xe9, 0x8, 0x0,
    0xe5, 0x31, 0x7, 0x13, 0x0, 0xf1, 0x29, 0xb1,
    0x80, 0x48, 0x16, 0x8, 0x2e, 0x1, 0xc5, 0x5a,
    0x1e, 0x1a, 0x40, 0xd, 0x5, 0x8, 0xa, 0x0,
    0x18, 0x3e, 0xab, 0x1, 0xc0, 0xe1, 0x3, 0x91,
    0x14, 0xd0, 0xc0, 0x12, 0x2, 0xdd, 0x20, 0x7,
    0x61, 0x91, 0x68, 0x1, 0x28, 0x0, 0xb9, 0xba,
    0x44, 0x3, 0x4b, 0xd0, 0xc2, 0x82, 0x69, 0x80,
    0x4b, 0x22, 0x1, 0xf4, 0x8,

    /* U+6D41 "流" */
    0x0, 0xff, 0xe0, 0x2b, 0x80, 0x7f, 0xc8, 0x1,
    0xfd, 0xf0, 0x60, 0x1f, 0xc5, 0x7a, 0x40, 0x1f,
    0x78, 0x58, 0x7, 0xf1, 0x39, 0x6a, 0x84, 0x4c,
    0xec, 0x6, 0x99, 0xf1, 0x0, 0x51, 0x41, 0x42,
    0xcd, 0xe0, 0x16, 0x6f, 0x80, 0x32, 0xdb, 0xf,
    0x7f, 0xb0, 0xb, 0xff, 0x77, 0xfc, 0x80, 0x1,
    0x0, 0x24, 0x80, 0x6f, 0xe, 0x0, 0xaa, 0x80,
    0x1c, 0x5d, 0x20, 0x1e, 0x73, 0x83, 0x0, 0xb5,
    0x24, 0x3, 0x8d, 0xb4, 0x80, 0x24, 0x84, 0x70,
    0xc, 0xc8, 0xca, 0x1, 0x16, 0x39, 0x69, 0x84,
    0x58, 0x36, 0xf7, 0xfd, 0xc8, 0x14, 0x40, 0x1a,
    0x24, 0x48, 0x1c, 0x4, 0x5, 0x15, 0x9e, 0x26,
    0x3, 0x80, 0x39, 0xbc, 0x43, 0xbf, 0xb7, 0x2a,
    0x93, 0xe, 0xce, 0xb4, 0x1, 0xe1, 0x0, 0xb,
    0xd8, 0x1, 0x28, 0x80, 0xed, 0x29, 0x80, 0x38,
    0x64, 0x80, 0x1c, 0x80, 0x2, 0x56, 0x7, 0x41,
    0x0, 0xf9, 0xd9, 0xc0, 0x6, 0x1, 0xff, 0xc5,
    0xc0, 0x40, 0x0, 0x80, 0x7f, 0xf1, 0x54, 0x84,
    0x0, 0xc4, 0x1, 0xff, 0xc3, 0x50, 0x50, 0x8,
    0x98, 0x3, 0xfc, 0x2e, 0x20, 0xf, 0xb, 0x0,
    0x28, 0x60, 0x7, 0xf8, 0xe1, 0x0, 0x54, 0x4c,
    0x1, 0x0, 0xc0, 0x1f, 0xe6, 0x6, 0x6, 0x6,
    0x0, 0x51, 0x40, 0x80, 0x7e, 0x99, 0x80, 0x83,
    0x2, 0x82, 0xd5, 0x9c, 0x3, 0xe4, 0x33, 0x31,
    0x38, 0x85, 0xe1, 0x6, 0xbc, 0x80, 0x66, 0xf4,
    0x0, 0x67, 0xfd, 0x0,

    /* U+6D45 "浅" */
    0x0, 0xff, 0x32, 0x80, 0x7f, 0xf0, 0x18, 0x40,
    0x3d, 0x10, 0x1, 0xe8, 0x0, 0xf8, 0xe7, 0xd0,
    0x3, 0x8c, 0xc0, 0x2c, 0xf4, 0x1, 0xe3, 0xb0,
    0xb8, 0x0, 0xc2, 0x20, 0x4, 0x41, 0x68, 0x3,
    0xc9, 0xe4, 0xec, 0x1, 0xf9, 0xd8, 0x51, 0x84,
    0x3, 0xe, 0x23, 0x81, 0x20, 0x2, 0xaf, 0x7d,
    0x92, 0xe4, 0x80, 0x2, 0x0, 0x1b, 0x7f, 0xdb,
    0x30, 0x55, 0xa, 0xbc, 0xde, 0x18, 0x2f, 0x38,
    0x4, 0xad, 0x12, 0x81, 0x9d, 0x95, 0xc, 0x86,
    0x0, 0x62, 0x8b, 0x10, 0x39, 0x76, 0xc0, 0x60,
    0xf, 0xe3, 0xc4, 0x46, 0x10, 0x6, 0x10, 0x22,
    0x23, 0x45, 0xef, 0xe0, 0x0, 0x6d, 0x89, 0x49,
    0x5e, 0x68, 0x23, 0x6e, 0x5d, 0x45, 0x68, 0x3,
    0x4c, 0x3d, 0x52, 0x18, 0x40, 0x66, 0xf7, 0xfb,
    0x94, 0xc0, 0x1c, 0xe1, 0x57, 0xdf, 0xa2, 0x26,
    0x42, 0x4, 0xc8, 0x0, 0xe2, 0x92, 0x22, 0x8,
    0x1, 0x0, 0xc0, 0xd, 0x61, 0x60, 0x1c, 0xac,
    0xe0, 0x1d, 0x80, 0x85, 0x72, 0x58, 0x60, 0x1d,
    0x60, 0x80, 0x1c, 0x81, 0x3a, 0x8d, 0xa4, 0x1,
    0xc4, 0x68, 0x20, 0x18, 0x54, 0x4, 0xae, 0x40,
    0xa, 0x40, 0x15, 0x7, 0x0, 0x45, 0x3d, 0x0,
    0x7, 0x40, 0xa, 0x74, 0x2, 0x61, 0x52, 0x8d,
    0xd3, 0xc, 0x70, 0xa9, 0x80, 0x4, 0xcc, 0x0,
    0x51, 0x70, 0x77, 0x12, 0x57, 0x38, 0xd8, 0x69,
    0x85, 0x85, 0x0, 0x20, 0x2c, 0x16, 0x7a, 0xd4,
    0x2, 0x57, 0x1c, 0xf5, 0x16, 0x0, 0x2a, 0x88,
    0x0, 0xc2, 0x1, 0xe8, 0x92, 0x3, 0xc0, 0x0,

    /* U+6D4B "测" */
    0x0, 0x19, 0x80, 0x3f, 0xf8, 0x6d, 0x40, 0x17,
    0x63, 0x0, 0x2a, 0xbe, 0x50, 0xd, 0xea, 0x1,
    0x70, 0xcc, 0xa, 0xaf, 0xda, 0x12, 0xc0, 0x1e,
    0x3c, 0x27, 0x40, 0x7f, 0xfb, 0x80, 0x26, 0xc0,
    0xf, 0x8b, 0x19, 0x0, 0x2a, 0x40, 0xf, 0xfe,
    0x0, 0x80, 0xc8, 0x4, 0x2a, 0x60, 0x1f, 0xf5,
    0xf9, 0x80, 0x7f, 0xf1, 0xfc, 0x71, 0x40, 0x3f,
    0xf8, 0xc9, 0xa3, 0x4c, 0x1, 0xff, 0xc6, 0x2c,
    0x10, 0xf, 0xfe, 0x41, 0x7b, 0x0, 0x7f, 0xf2,
    0x4, 0x3, 0xff, 0x90, 0xb4, 0x20, 0x11, 0x80,
    0x80, 0x7f, 0xf0, 0x71, 0x44, 0x2, 0x60, 0x30,
    0xf, 0xfe, 0xa, 0x10, 0x6, 0x30, 0x60, 0xf,
    0xfe, 0x0, 0x92, 0x0, 0xe4, 0xd0, 0xb8, 0xf4,
    0x0, 0x98, 0x7, 0x90, 0x34, 0x0, 0x68, 0x4f,
    0x78, 0x20, 0xe, 0x90, 0xf, 0x78, 0x20, 0x0,
    0xe8, 0xa6, 0x8f, 0x0, 0x3f, 0xca, 0x80, 0x4,
    0xc1, 0xf0, 0x5a, 0x3b, 0x0, 0xc4, 0x1, 0x28,
    0x68, 0x3d, 0x8e, 0x10, 0x1, 0x5d, 0xd, 0x6f,
    0x50, 0x80, 0x4, 0x2e, 0x1c, 0x7e, 0x40, 0x1a,
    0x28, 0xc5, 0x1, 0x7c, 0x0, 0xfc, 0x21, 0x38,
    0x20, 0x1e, 0x50, 0x4f, 0xda, 0x20,

    /* U+6D6E "浮" */
    0x0, 0x29, 0x0, 0x7f, 0x84, 0x91, 0xa2, 0xa4,
    0x2, 0x1a, 0xd5, 0x0, 0x45, 0x52, 0xf3, 0xbf,
    0xb6, 0xe5, 0xd5, 0x40, 0x10, 0xd8, 0x54, 0x2,
    0x2a, 0xc2, 0x4a, 0xd1, 0x57, 0xbf, 0x80, 0x19,
    0x34, 0x5e, 0x36, 0x37, 0xb6, 0x86, 0x5d, 0x51,
    0xb4, 0xc0, 0x38, 0xbc, 0xa8, 0xa2, 0x40, 0x1c,
    0x8a, 0x1, 0x49, 0x10, 0x2, 0x10, 0x0, 0xe9,
    0x1b, 0x22, 0x2, 0x42, 0x40, 0xe, 0x50, 0x20,
    0x16, 0xd8, 0x80, 0x68, 0x9, 0x1, 0x63, 0x22,
    0x41, 0x38, 0x6, 0x74, 0xf3, 0x0, 0x85, 0xe0,
    0x1, 0x7a, 0x40, 0x9c, 0x1, 0xd6, 0xe3, 0x8c,
    0x3, 0x23, 0x93, 0x2b, 0xb4, 0xd9, 0x54, 0x88,
    0x6, 0x8a, 0x8, 0x0, 0x33, 0x7f, 0xf0, 0x8,
    0x3, 0x96, 0xac, 0x7, 0xff, 0xee, 0x60, 0x1a,
    0x30, 0xf, 0x2a, 0x80, 0x3f, 0x3f, 0x33, 0x39,
    0x40, 0x3e, 0x72, 0x0, 0xfb, 0x20, 0xf2, 0x40,
    0x3f, 0xc, 0x41, 0xa6, 0x7c, 0x40, 0xb5, 0x33,
    0xc0, 0x19, 0xc3, 0x35, 0x9b, 0xc2, 0xc, 0xdf,
    0x8, 0x5, 0xa0, 0xf7, 0xff, 0xe2, 0xf, 0xff,
    0x84, 0x0, 0x28, 0x62, 0x1, 0xff, 0xc7, 0x60,
    0xa0, 0xf, 0xfe, 0x45, 0x3, 0x80, 0x7e, 0x30,
    0xf, 0xf2, 0x92, 0x88, 0x6, 0x2a, 0xce, 0x13,
    0x0, 0xfe, 0xd0, 0xe0, 0xe, 0x24, 0x31, 0x4e,
    0x0, 0xfe, 0x8f, 0x40, 0xf, 0x7f, 0xd6, 0x40,
    0x1f, 0x80,

    /* U+6D82 "涂" */
    0x0, 0x8, 0x7, 0xf4, 0xf5, 0x80, 0x7f, 0xb3,
    0x2, 0x1, 0xe4, 0x60, 0x47, 0x0, 0xfe, 0x43,
    0xe5, 0x0, 0xc5, 0x43, 0x87, 0xa, 0x1, 0xfa,
    0x68, 0x29, 0xc0, 0x3, 0xe3, 0x45, 0xa3, 0x48,
    0x1, 0xf9, 0x74, 0x4c, 0xb, 0xa, 0x50, 0x7,
    0x6, 0xd8, 0x3, 0x9, 0x80, 0xb, 0xd0, 0xf0,
    0xa1, 0x80, 0x22, 0xc1, 0x99, 0x0, 0x57, 0x8e,
    0x0, 0x16, 0xc1, 0x87, 0x0, 0xe2, 0xc2, 0x6d,
    0x20, 0x82, 0x8c, 0x15, 0x90, 0x98, 0xff, 0xfb,
    0x6d, 0x4b, 0x0, 0xb5, 0x4f, 0xd9, 0x9a, 0xea,
    0xb2, 0x1, 0x2a, 0xea, 0x9b, 0x0, 0xa9, 0xc0,
    0xa4, 0x86, 0xaa, 0xf0, 0xaa, 0xc6, 0xc, 0xa0,
    0x1a, 0x30, 0x40, 0x3f, 0xf9, 0x24, 0xb, 0x33,
    0xde, 0x17, 0x33, 0xd0, 0x1, 0xd1, 0x63, 0x8c,
    0xdc, 0x80, 0x6c, 0xde, 0x0, 0xe4, 0x40, 0xcf,
    0xff, 0x50, 0x3f, 0xff, 0x70, 0x6, 0x13, 0x40,
    0x8, 0xf4, 0xc0, 0x43, 0xc0, 0xf4, 0x80, 0x3c,
    0xe1, 0xa0, 0x17, 0x10, 0x80, 0x73, 0x17, 0x80,
    0x7b, 0x41, 0xc0, 0x14, 0x52, 0x40, 0x1c, 0xb0,
    0x54, 0x1, 0xc8, 0x62, 0xc, 0xa8, 0xc0, 0x1f,
    0x3a, 0x2b, 0x0, 0x4c, 0x16, 0x9, 0x23, 0x40,
    0x11, 0x0, 0x75, 0xc, 0x90, 0x2, 0x81, 0x82,
    0x43, 0x44, 0x33, 0x64, 0x4, 0x2, 0x18, 0x6,
    0x0, 0x90, 0x43, 0x30, 0x60, 0x11, 0xb, 0x30,
    0x3, 0x36, 0xa0, 0x3, 0x2c, 0x0, 0x26, 0x1,
    0x67, 0xf4, 0x80, 0x78, 0x80, 0x0,

    /* U+6D88 "消" */
    0x0, 0xff, 0xe0, 0x9a, 0x80, 0x7e, 0x14, 0x0,
    0xc8, 0x1, 0xa6, 0x84, 0x2, 0x20, 0xa, 0xae,
    0x40, 0x5, 0x76, 0x0, 0xfc, 0x39, 0x40, 0x9,
    0x26, 0xc2, 0x23, 0xa4, 0x80, 0x7d, 0xa3, 0xc0,
    0x2, 0xd5, 0x3c, 0x8, 0x56, 0x60, 0x7, 0x51,
    0xca, 0x0, 0x6a, 0x74, 0x0, 0x51, 0x50, 0x6,
    0x65, 0x76, 0x0, 0x8, 0x80, 0x11, 0x40, 0x17,
    0x68, 0x6, 0x69, 0x80, 0xb, 0x7d, 0x0, 0x33,
    0x54, 0xdd, 0x38, 0x5d, 0x65, 0x50, 0x42, 0xc6,
    0xe0, 0x2, 0xc5, 0x5c, 0x40, 0xab, 0xc6, 0xf,
    0x82, 0xf6, 0x1, 0xbb, 0xff, 0xe6, 0x0, 0xc7,
    0xe4, 0xe0, 0x1f, 0xfc, 0x61, 0xce, 0x0, 0xd1,
    0x33, 0xf2, 0x0, 0x78, 0x48, 0x3, 0x33, 0x7e,
    0x20, 0xf, 0x33, 0x0, 0x37, 0x7f, 0xfc, 0xa0,
    0x1e, 0xb9, 0x10, 0xf, 0xf8, 0xc0, 0x38, 0x48,
    0xc4, 0x2, 0x88, 0xfc, 0x80, 0x1c, 0xe1, 0x60,
    0x19, 0x9d, 0xfe, 0x20, 0xe, 0xd0, 0x50, 0xd,
    0xdf, 0xff, 0x28, 0x6, 0x14, 0x22, 0x0, 0x7f,
    0xf0, 0xc, 0x3, 0x30, 0x28, 0x7, 0xff, 0x4,
    0x80, 0x35, 0x5, 0x0, 0x7f, 0x9b, 0x7d, 0x0,
    0x80, 0x59, 0x8, 0x3, 0xfc, 0x45, 0x25, 0x0,
    0x6, 0xec, 0x1, 0xab, 0xc4, 0x3, 0x27, 0xed,
    0xa8, 0x0,

    /* U+6DF1 "深" */
    0x0, 0xff, 0xe5, 0xde, 0x98, 0x1, 0xaa, 0xbf,
    0xf8, 0x24, 0x0, 0xc2, 0xc5, 0xf, 0x55, 0xff,
    0xe0, 0x88, 0x1, 0xec, 0x29, 0xc0, 0x1f, 0xff,
    0xe8, 0x0, 0xe4, 0xc1, 0xf0, 0xe, 0x20, 0x8,
    0x80, 0x3f, 0x8f, 0x63, 0x14, 0x1, 0x58, 0x41,
    0x3b, 0x22, 0x6a, 0x20, 0xb8, 0x40, 0x60, 0xb4,
    0x7a, 0xa8, 0x41, 0x68, 0xde, 0x54, 0x40, 0x3,
    0xd6, 0x0, 0xc, 0xe1, 0x45, 0x11, 0x95, 0xd0,
    0x4e, 0x90, 0x2e, 0x94, 0xc8, 0x21, 0x87, 0x1c,
    0x23, 0x0, 0xb, 0xe8, 0x46, 0x0, 0x2c, 0x26,
    0x18, 0x7e, 0x30, 0xf, 0x86, 0xec, 0x20, 0x10,
    0xe5, 0x8, 0xa0, 0x3, 0xfe, 0x40, 0xe, 0x15,
    0xe, 0xff, 0xe5, 0xf, 0xff, 0x50, 0x6, 0x52,
    0x7, 0x55, 0xc4, 0x1, 0x2a, 0xf6, 0x0, 0x6a,
    0x90, 0x9a, 0xaa, 0xc, 0x2, 0xda, 0xac, 0xc0,
    0x12, 0x1, 0x80, 0x62, 0xf0, 0x30, 0x78, 0x70,
    0xf, 0xb4, 0x2c, 0x2, 0x3c, 0x2d, 0x60, 0x85,
    0x89, 0x0, 0xf2, 0x9, 0x80, 0x1f, 0x7, 0xc,
    0x2, 0xa5, 0x6d, 0x20, 0x8, 0xc9, 0xc0, 0xf2,
    0xb, 0x4c, 0x3, 0xaa, 0xb, 0x64, 0x42, 0x82,
    0x97, 0xd, 0xb4, 0x80, 0x3e, 0x7c, 0x26, 0x80,
    0x72, 0x35, 0x6c, 0x90, 0xf, 0xf1, 0xec, 0x48,
    0x4c, 0x0, 0x24, 0xc0, 0x3f, 0xf8, 0x2e, 0x0,

    /* U+6DF7 "混" */
    0x2, 0x70, 0xf, 0xfe, 0x44, 0xc5, 0x88, 0xf,
    0xff, 0xff, 0x2, 0x80, 0x2a, 0x54, 0xf3, 0x0,
    0x1b, 0xbf, 0xf0, 0x7, 0xd, 0x40, 0xe1, 0x82,
    0xc4, 0x7e, 0x90, 0xf, 0x9e, 0x98, 0xc1, 0x26,
    0x7f, 0x40, 0x7, 0xe5, 0x90, 0x1, 0x33, 0x7f,
    0x0, 0x63, 0xe5, 0x0, 0xe6, 0xff, 0xfd, 0xc0,
    0x19, 0xc6, 0xa4, 0x3, 0xff, 0x8c, 0x9a, 0x4d,
    0x82, 0x0, 0x6f, 0xff, 0xdc, 0x1, 0xc5, 0x84,
    0x6c, 0x2a, 0xbf, 0xfc, 0xc, 0x0, 0xc3, 0x86,
    0xc1, 0x17, 0x55, 0xa7, 0xea, 0xb3, 0x0, 0x70,
    0xe0, 0x86, 0xd8, 0x6, 0x9a, 0x0, 0xc6, 0x60,
    0xc, 0xd2, 0x1, 0xff, 0xc0, 0x3b, 0xcf, 0x0,
    0xd4, 0xc0, 0x12, 0xff, 0xd6, 0x0, 0x6c, 0xc2,
    0x36, 0x80, 0x63, 0x30, 0x4, 0x2a, 0xb6, 0x0,
    0x24, 0xdb, 0xa4, 0x40, 0x25, 0xb, 0x0, 0x92,
    0xaa, 0x70, 0x4, 0x74, 0x88, 0x7, 0x60, 0x20,
    0x7, 0xf9, 0xc4, 0x0, 0x5c, 0x80, 0x7, 0x13,
    0x0, 0xf8, 0x80, 0x3c, 0xc2, 0x20, 0x41, 0x70,
    0xe, 0x4a, 0xe9, 0x0, 0x8, 0x4, 0x60, 0xc1,
    0xc1, 0x40, 0x7, 0x5, 0xb5, 0x3c, 0x20, 0xc9,
    0x95, 0xc0, 0x18, 0x29, 0x18, 0x3, 0x81, 0x23,
    0x74, 0xf2, 0x84, 0xcc, 0x43, 0xa0, 0x7, 0xf8,
    0x2, 0x8e, 0xb7, 0x20, 0x0, 0xdf, 0xfe, 0xc5,
    0x0,

    /* U+6E05 "清" */
    0x0, 0xff, 0xe0, 0x9, 0x0, 0x7f, 0x84, 0x3,
    0xf9, 0xf5, 0x0, 0x3f, 0x27, 0x38, 0x4, 0x23,
    0xe0, 0x0, 0x8f, 0x0, 0x4c, 0x71, 0x60, 0x7d,
    0xdd, 0x1, 0x7d, 0xdd, 0x20, 0x2, 0xc5, 0x4d,
    0x2b, 0xbe, 0x60, 0x8b, 0xbf, 0x0, 0x6a, 0x71,
    0x12, 0xbb, 0xe1, 0x1, 0x77, 0xe2, 0x0, 0xe8,
    0xd0, 0x8c, 0xcc, 0xe1, 0x39, 0x9c, 0x0, 0x4c,
    0x20, 0x0, 0x84, 0x77, 0x68, 0xa, 0xee, 0xe0,
    0x6, 0x1e, 0xb0, 0x1, 0x9d, 0xfb, 0x43, 0x5d,
    0xf9, 0x8e, 0x28, 0x26, 0x45, 0x33, 0xe5, 0x7,
    0x99, 0xf8, 0x17, 0x49, 0x87, 0xff, 0xff, 0x87,
    0x40, 0x2, 0xc8, 0x30, 0x26, 0x6f, 0xf8, 0x40,
    0x38, 0x5c, 0x0, 0xf3, 0x3f, 0xf2, 0x80, 0x71,
    0xa8, 0x6, 0xbf, 0xff, 0xa8, 0x3, 0xeb, 0xa4,
    0x0, 0xb5, 0x9b, 0xec, 0x0, 0xf9, 0x1, 0x0,
    0x26, 0x88, 0xf9, 0x80, 0x3c, 0x26, 0x80, 0x1a,
    0xfb, 0xbe, 0xa0, 0xf, 0x20, 0x60, 0x6, 0xbf,
    0xff, 0xa8, 0x3, 0xdc, 0xa, 0x1, 0x9a, 0x67,
    0xe6, 0x0, 0xe1, 0x42, 0x20, 0x6, 0xd6, 0x6f,
    0xb0, 0x3, 0x9c, 0x28, 0x3, 0xfe, 0x67, 0x80,
    0x60, 0x8, 0x44, 0xc0, 0x1f, 0xf4, 0x40, 0x20,
    0x80, 0x27, 0xe1, 0x0, 0x97, 0xd0, 0x3, 0xbb,
    0xf5, 0xc0, 0x20,

    /* U+6E10 "渐" */
    0x0, 0xfe, 0x20, 0xf, 0xfe, 0x19, 0x88, 0x6,
    0x3d, 0x60, 0xf, 0xe1, 0x10, 0x0, 0x73, 0x2,
    0x1, 0x20, 0x20, 0x7, 0x12, 0xc6, 0x73, 0x0,
    0x6, 0x4b, 0x4, 0x6c, 0x3, 0x11, 0x5, 0x7e,
    0xd3, 0x9a, 0x10, 0x4, 0xd0, 0x51, 0xdc, 0x40,
    0xee, 0xa0, 0x41, 0x62, 0xfe, 0xd4, 0x3, 0x3b,
    0x53, 0x20, 0x1b, 0x35, 0x80, 0x34, 0xe8, 0x1,
    0xc8, 0x80, 0x93, 0x9c, 0xb, 0x19, 0x92, 0x0,
    0x7f, 0xaa, 0xd0, 0x2, 0xb1, 0x7, 0x0, 0xff,
    0xe0, 0xe8, 0x59, 0x80, 0x9b, 0x80, 0x7c, 0x67,
    0xe1, 0x3, 0xb0, 0xd2, 0x70, 0xd0, 0xf, 0xe,
    0x67, 0x98, 0x0, 0x92, 0x7, 0x40, 0xbe, 0x4,
    0x20, 0x12, 0x20, 0x41, 0x10, 0x40, 0x13, 0x60,
    0x90, 0x73, 0x86, 0xf2, 0x0, 0xdd, 0x90, 0x2e,
    0xca, 0x1, 0x88, 0x19, 0xa3, 0x6, 0x69, 0xcc,
    0x3, 0xfc, 0xd6, 0x31, 0x32, 0xb0, 0x99, 0x10,
    0x80, 0x7f, 0xd8, 0x82, 0x1, 0xf8, 0xc4, 0x3,
    0xfc, 0xe4, 0x1, 0xbc, 0x22, 0xd8, 0x58, 0x3,
    0xf8, 0x88, 0x8b, 0x7b, 0xee, 0xe, 0x82, 0x1a,
    0x1, 0xfc, 0x81, 0xba, 0x40, 0x53, 0xc, 0xf1,
    0x3, 0x0, 0xfe, 0xd0, 0x48, 0xfd, 0xab, 0x3,
    0xd, 0x4, 0x0, 0xfc, 0x28, 0x80, 0xf, 0xc4,
    0x8a, 0x1, 0xfc, 0xe1, 0xc0, 0x1f, 0xa0, 0x24,
    0x3, 0xf9, 0x5d, 0x40, 0x3f, 0x90, 0xc0, 0x23,
    0x20, 0xc, 0x70, 0x1, 0xe7, 0xf0, 0xab, 0x0,
    0xd3, 0xa0, 0x10,

    /* U+6E32 "渲" */
    0x0, 0xff, 0xe0, 0x99, 0x80, 0x3f, 0xc4, 0x1,
    0xfc, 0x39, 0xc0, 0x1f, 0xef, 0xd2, 0x0, 0xf8,
    0x54, 0x8c, 0x3, 0xfa, 0xb, 0x54, 0x3f, 0xfc,
    0xa1, 0x9f, 0xfd, 0x80, 0x12, 0xe8, 0xd2, 0x81,
    0x2a, 0xff, 0xc2, 0x1, 0xc5, 0xe8, 0x80, 0x4a,
    0xaf, 0xf8, 0xc0, 0x3c, 0x36, 0x1, 0xff, 0xc6,
    0x98, 0x0, 0x85, 0xb3, 0xff, 0xfd, 0xb5, 0x60,
    0x5, 0x7b, 0x10, 0x4, 0xab, 0xbf, 0xfa, 0x9d,
    0xc0, 0xc, 0x54, 0xc1, 0x0, 0xa2, 0x3f, 0xce,
    0x1, 0xd4, 0xc5, 0x0, 0x5, 0x88, 0xff, 0x84,
    0x3, 0xa5, 0xe0, 0x1, 0xee, 0xff, 0xf1, 0x0,
    0x7a, 0x4, 0x3, 0x7f, 0xfe, 0x90, 0xf, 0xce,
    0x40, 0x1a, 0x23, 0xf6, 0x80, 0x7c, 0x51, 0x40,
    0x19, 0xdf, 0xf2, 0x0, 0x7c, 0x81, 0xa0, 0x1b,
    0xff, 0xf4, 0x80, 0x7d, 0x80, 0x80, 0x1a, 0x23,
    0xf6, 0x80, 0x7c, 0x84, 0x20, 0x3, 0x7, 0x7f,
    0xc8, 0x1, 0xe4, 0x15, 0x0, 0xa7, 0xff, 0xfe,
    0x30, 0xd, 0xa1, 0x60, 0x1f, 0xfc, 0x87, 0x13,
    0x8, 0x99, 0xff, 0xe1, 0x90, 0x28, 0xb0, 0x1,
    0x9b, 0xff, 0x88, 0xe0, 0x93, 0x40, 0xe, 0xff,
    0xff, 0xe1, 0xa8,

    /* U+6E38 "游" */
    0x0, 0xfe, 0x30, 0xe, 0x15, 0x20, 0xf, 0x94,
    0x3, 0x9b, 0x10, 0x3, 0x3d, 0x30, 0x7, 0x96,
    0xac, 0x40, 0x24, 0xc, 0x0, 0xd4, 0x28, 0x1,
    0xe5, 0x52, 0x61, 0x0, 0x8, 0x50, 0x2, 0x33,
    0x9d, 0xf8, 0x2, 0xa8, 0x2a, 0x89, 0x90, 0x1c,
    0xc9, 0x24, 0xa, 0x23, 0x80, 0x33, 0xcc, 0x33,
    0x42, 0xc, 0xce, 0x54, 0xbb, 0xf0, 0x0, 0xc0,
    0xc, 0x1c, 0xe1, 0xbf, 0xf3, 0x4, 0xa2, 0x78,
    0x7, 0x34, 0x80, 0x38, 0xc0, 0xa, 0x66, 0x57,
    0x7e, 0x0, 0xb, 0x16, 0x18, 0x7, 0xca, 0xe9,
    0x11, 0xe1, 0x0, 0x4c, 0xe, 0x18, 0x8, 0x55,
    0x68, 0x9c, 0xca, 0x0, 0x84, 0x2, 0x79, 0x12,
    0x0, 0x91, 0x54, 0x80, 0x26, 0x60, 0x82, 0xc0,
    0xe, 0x6f, 0x10, 0x30, 0xff, 0x21, 0x80, 0x43,
    0xa3, 0xe2, 0x1, 0xe1, 0x0, 0x8, 0x80, 0xe,
    0x1, 0x94, 0x64, 0x80, 0x3d, 0x10, 0x0, 0x39,
    0x80, 0x42, 0xb3, 0x2f, 0xb, 0x99, 0x8c, 0x2,
    0x55, 0x0, 0x9, 0x80, 0x2, 0x18, 0xcc, 0x40,
    0x36, 0x69, 0x40, 0x2, 0x48, 0x2, 0x22, 0x0,
    0x9e, 0x7f, 0xd6, 0x11, 0xff, 0x30, 0x1, 0xc3,
    0x1, 0x43, 0xc0, 0x6, 0x1, 0xff, 0xc1, 0xd0,
    0x40, 0xd0, 0x40, 0x0, 0x88, 0x3, 0xff, 0x80,
    0x86, 0x22, 0x62, 0x20, 0x7, 0xff, 0xd, 0x42,
    0xc2, 0x42, 0xc0, 0xa, 0x6, 0x1, 0x8, 0x7,
    0xdc, 0xc, 0x4e, 0x4c, 0xbf, 0x41, 0x80, 0xfb,
    0x40, 0x40, 0x18, 0x55, 0x5, 0x2, 0x41, 0x51,
    0xad, 0x40, 0x8a, 0x65, 0x0, 0xc3, 0xd4, 0xd,
    0xa8, 0x0, 0xb9, 0x40, 0x2, 0xfe, 0xc8, 0x7,
    0x0,

    /* U+6E90 "源" */
    0x0, 0x18, 0x80, 0x7f, 0xf2, 0x77, 0x90, 0x1,
    0x5f, 0xff, 0xfc, 0x23, 0x0, 0x50, 0xdb, 0x80,
    0x4a, 0xbe, 0x1, 0x55, 0xe1, 0x0, 0x26, 0x14,
    0x38, 0x2, 0xea, 0xb4, 0x84, 0xd5, 0x71, 0x0,
    0x45, 0x86, 0xa0, 0x1f, 0x20, 0x20, 0x7, 0xf8,
    0x70, 0x80, 0x34, 0x45, 0x41, 0x71, 0x12, 0x80,
    0x59, 0x62, 0x1, 0xf3, 0xbc, 0x40, 0xef, 0xb8,
    0x2, 0x44, 0x7a, 0x0, 0x7c, 0xdf, 0xfe, 0x0,
    0xe8, 0xb0, 0xb7, 0x0, 0xf1, 0x91, 0x78, 0x3,
    0xc9, 0x85, 0xc0, 0x1e, 0x5d, 0xdf, 0x0, 0x7c,
    0x59, 0x20, 0x20, 0x20, 0x4, 0xbb, 0xf0, 0x7,
    0xe1, 0x0, 0xf8, 0x91, 0x3c, 0x1, 0xf2, 0xe1,
    0x3, 0x80, 0x65, 0x88, 0xf0, 0x7, 0xd8, 0x66,
    0x2, 0x20, 0x4, 0x6e, 0xfe, 0x1, 0x0, 0xe4,
    0x21, 0x1, 0x60, 0x7, 0xfe, 0x5, 0xff, 0xa8,
    0x3, 0x9, 0x20, 0x18, 0x18, 0x1, 0xa0, 0x3,
    0x9e, 0x0, 0x39, 0x3, 0x2, 0xc3, 0x40, 0xa4,
    0x80, 0x38, 0x5d, 0xc0, 0x1b, 0xc1, 0x1, 0x41,
    0x43, 0xc6, 0xc0, 0x39, 0x99, 0xa, 0x1, 0x21,
    0x89, 0x92, 0x85, 0x95, 0x8, 0x8, 0x6, 0x93,
    0xa2, 0x4, 0x1b, 0x8, 0xe, 0x94, 0x84, 0x69,
    0xc0, 0x20, 0xb, 0x82, 0x40, 0xc1, 0x49, 0xd,
    0x2e, 0x1c, 0x39, 0x89, 0x24, 0x2, 0x2a, 0x90,
    0x7f, 0x22, 0x67, 0x81, 0x38, 0x2, 0x7b, 0xec,
    0x40, 0x32, 0x90,

    /* U+6ED1 "滑" */
    0x0, 0x8, 0x7, 0xff, 0x27, 0x34, 0x80, 0x2a,
    0xff, 0xff, 0x58, 0x6, 0x52, 0xd5, 0x0, 0xd1,
    0x1f, 0x80, 0x3d, 0x16, 0x35, 0x0, 0x13, 0x3b,
    0xf9, 0x80, 0x3e, 0x4c, 0x1f, 0x0, 0xbb, 0xff,
    0x8, 0x7, 0xc4, 0x0, 0x2f, 0x70, 0xa, 0x66,
    0x50, 0xf, 0xc3, 0x9a, 0x40, 0x20, 0x19, 0x9a,
    0xd0, 0xf, 0xc2, 0xc5, 0xaa, 0x13, 0xea, 0x1f,
    0xf4, 0x7, 0x7f, 0x2, 0x7e, 0x84, 0x50, 0x53,
    0x0, 0x1e, 0x23, 0xfe, 0x13, 0x0, 0x2e, 0x8,
    0x80, 0x12, 0xef, 0xff, 0x18, 0x6, 0x3d, 0x70,
    0x3, 0xf7, 0x7f, 0xa0, 0x3, 0xc6, 0x1b, 0x0,
    0x28, 0xef, 0xf0, 0x8a, 0x20, 0x1, 0x1f, 0x2a,
    0x38, 0x3, 0xa6, 0x7d, 0x0, 0x5, 0x60, 0x9,
    0x44, 0xc0, 0x35, 0x77, 0x7b, 0xc0, 0x3e, 0xf0,
    0x40, 0xc, 0xf3, 0x3f, 0x0, 0x7c, 0x80, 0x40,
    0x1b, 0x5d, 0xfc, 0xc0, 0x1e, 0x12, 0x40, 0xe,
    0xbf, 0xff, 0x70, 0x7, 0x9c, 0x30, 0x3, 0x9a,
    0x67, 0xd0, 0x1, 0xed, 0x5, 0x0, 0xed, 0x66,
    0xf2, 0x80, 0x79, 0x8, 0x80, 0x1f, 0xe8, 0x9f,
    0xe, 0x0, 0x89, 0x68, 0x3, 0xfe, 0x46, 0x35,
    0x60, 0x8, 0xa9, 0xc0, 0x33, 0x7a, 0x0, 0x6c,
    0xfe, 0xa1, 0x0, 0x0,

    /* U+6EDA "滚" */
    0x0, 0xff, 0x8d, 0xc8, 0x3, 0xfc, 0x40, 0x1f,
    0x9e, 0x2c, 0x3, 0xf9, 0x76, 0x0, 0x3e, 0x42,
    0x61, 0x0, 0xfc, 0xe4, 0xf6, 0x2f, 0xff, 0xc4,
    0x1d, 0xff, 0xdc, 0x0, 0x2d, 0x54, 0xa4, 0x66,
    0xff, 0xe1, 0x0, 0x6a, 0x5f, 0x39, 0x96, 0xa4,
    0x4c, 0xca, 0x71, 0x32, 0x80, 0xe, 0xa4, 0x0,
    0x45, 0x81, 0x80, 0x48, 0xbc, 0xc0, 0x13, 0x50,
    0x80, 0x47, 0xae, 0x98, 0x52, 0x21, 0x1a, 0x93,
    0x84, 0x1e, 0xbe, 0x60, 0xf8, 0x73, 0x63, 0x6c,
    0x40, 0x2, 0xb8, 0x3f, 0x9, 0xa1, 0xc5, 0x5b,
    0xd8, 0x29, 0x28, 0xdb, 0x4, 0x1e, 0xe0, 0x0,
    0xb8, 0x34, 0x54, 0x21, 0x6b, 0x2a, 0xa, 0x5e,
    0x40, 0x8a, 0x1, 0x1e, 0x48, 0x1, 0x31, 0x1d,
    0x51, 0x59, 0x83, 0x86, 0x1, 0xe2, 0x60, 0x5,
    0x98, 0x3e, 0x5d, 0x51, 0xc4, 0x34, 0xc0, 0x38,
    0xc4, 0x1, 0x54, 0xbc, 0x40, 0x3f, 0xf7, 0x79,
    0x8, 0x7, 0x77, 0x80, 0x15, 0x49, 0x28, 0x26,
    0x40, 0x1, 0x47, 0x0, 0xc6, 0x48, 0x1, 0x16,
    0x2b, 0x71, 0x70, 0x15, 0xbc, 0x80, 0x6b, 0xf,
    0x0, 0x3e, 0x9a, 0xc8, 0x49, 0xe6, 0xa3, 0x60,
    0x6, 0x60, 0x45, 0xd8, 0x20, 0x30, 0x2, 0x41,
    0x85, 0xc8, 0x6, 0x41, 0x59, 0xa3, 0x9d, 0x0,
    0xc2, 0xf0, 0x14, 0x80, 0x1b, 0xc3, 0xa9, 0xbd,
    0x80, 0x23, 0xae, 0x17, 0xb0, 0xbb, 0x20, 0x12,
    0x12, 0x14, 0x88, 0x18, 0x36, 0x23, 0x88, 0x27,
    0xaa, 0x5d, 0x20, 0x58, 0x7, 0x48, 0x1d, 0x74,
    0x0, 0x43, 0x58, 0x9c, 0xda, 0xc0, 0x1d, 0x39,
    0x85, 0x0, 0xf8, 0xed, 0x0,

    /* U+6EE1 "满" */
    0x0, 0xff, 0x9, 0x88, 0x4, 0x84, 0x1, 0xf1,
    0x8, 0x7, 0x93, 0x10, 0x2, 0xb8, 0x0, 0xfb,
    0xfc, 0x60, 0x1f, 0xfc, 0x8e, 0xc, 0x55, 0x7f,
    0xd4, 0x15, 0xff, 0x2, 0xff, 0xe1, 0x0, 0x1e,
    0xd, 0x3, 0xbc, 0xa0, 0x8e, 0xf0, 0x13, 0xbe,
    0x10, 0x8, 0xb1, 0xd6, 0x22, 0xf0, 0xe8, 0x88,
    0x1e, 0x23, 0x0, 0x71, 0x40, 0x6, 0x7a, 0x70,
    0xa, 0xa4, 0x3, 0xd1, 0x82, 0x0, 0x1f, 0xfb,
    0x6b, 0x7f, 0xea, 0xcf, 0xfa, 0xc0, 0x1e, 0x7e,
    0x40, 0x31, 0x19, 0x2, 0x20, 0xa0, 0xf1, 0x17,
    0x80, 0x1e, 0x87, 0xc, 0x1d, 0xf1, 0x83, 0xbb,
    0x2, 0x9d, 0xe4, 0x0, 0x96, 0xc6, 0x40, 0x4c,
    0xe2, 0x3, 0x37, 0x3, 0x99, 0xc0, 0x1c, 0x95,
    0x61, 0x79, 0x92, 0x86, 0x61, 0xc2, 0xb3, 0x23,
    0x0, 0xe5, 0x10, 0xa, 0xec, 0x63, 0x76, 0x60,
    0xab, 0x50, 0xf, 0xb9, 0xc0, 0x24, 0x40, 0x12,
    0x20, 0x41, 0x53, 0x40, 0x3c, 0x63, 0xe0, 0x1c,
    0x66, 0x50, 0x20, 0x30, 0xf, 0xd6, 0x18, 0x1,
    0x90, 0xe, 0x8d, 0x3, 0x48, 0x3, 0xe5, 0x4,
    0x0, 0xdc, 0x38, 0x96, 0x34, 0x1d, 0xe0, 0x1c,
    0x44, 0x40, 0xc, 0x6a, 0xc1, 0x68, 0x4b, 0x4e,
    0x1, 0xea, 0xd, 0x0, 0xdc, 0x32, 0xe, 0x70,
    0x9, 0x7e, 0x1, 0xca, 0xe, 0x1, 0xbf, 0x44,
    0x31, 0x14, 0x2, 0xf0, 0x10, 0x2, 0x12, 0x8,
    0x6, 0x23, 0x0, 0x5d, 0x80, 0x13, 0x6e, 0x6,
    0x0, 0x12, 0xe0, 0xf, 0xfe, 0xa, 0xa8, 0xe4,
    0x40, 0xb, 0xaa, 0x1, 0x57, 0x80, 0x7e, 0xce,
    0xc6, 0x0, 0x0,

    /* U+6F0F "漏" */
    0x0, 0x20, 0x80, 0x7f, 0xf2, 0xa, 0xfc, 0xc0,
    0x1d, 0xff, 0xff, 0xc1, 0x0, 0x8a, 0x47, 0x10,
    0x0, 0x31, 0x1f, 0xe1, 0x0, 0xe6, 0xb0, 0xb2,
    0x2, 0x77, 0xff, 0x10, 0x7, 0x92, 0xcc, 0x80,
    0x9d, 0xff, 0xc4, 0x1, 0xf2, 0x60, 0x0, 0x62,
    0x3f, 0xc2, 0x20, 0xa, 0x2c, 0x40, 0x31, 0xff,
    0xff, 0xdc, 0x1, 0x12, 0x61, 0x0, 0x42, 0xcd,
    0xff, 0xc1, 0x0, 0x54, 0x16, 0x10, 0x0, 0xa6,
    0x7f, 0xf8, 0x22, 0x0, 0x78, 0x14, 0x1, 0x3f,
    0xfe, 0x61, 0xff, 0xf0, 0x80, 0x4f, 0x4c, 0x0,
    0x71, 0x22, 0xc6, 0x4, 0x5c, 0x1, 0xe5, 0x0,
    0x87, 0x37, 0x72, 0x8e, 0xef, 0x8, 0x6, 0x88,
    0x1, 0x1, 0x1, 0xe6, 0x48, 0x19, 0x93, 0x80,
    0x79, 0x50, 0x18, 0x3c, 0x1d, 0x9c, 0xc8, 0x41,
    0x4f, 0x80, 0x3c, 0x4c, 0x6, 0x6, 0x0, 0xdb,
    0x80, 0x3, 0x4d, 0x0, 0x78, 0xc3, 0x43, 0x41,
    0x40, 0x11, 0x40, 0x12, 0xe1, 0x0, 0x79, 0x41,
    0x1, 0xc, 0x40, 0x6, 0xf0, 0x0, 0x37, 0x80,
    0xf, 0x60, 0x1a, 0xa, 0x0, 0x53, 0xaa, 0x0,
    0x4b, 0x70, 0xf, 0x21, 0x87, 0x85, 0x0, 0x54,
    0xdc, 0x0, 0x7a, 0xd0, 0xe, 0x21, 0x42, 0x44,
    0x10, 0x6, 0x9a, 0x0, 0x96, 0xb8, 0x4, 0x0,
    0x81, 0x6c, 0x7e, 0x1, 0xe1, 0x0, 0x97, 0xd6,
    0x0, 0x26, 0xf3, 0x4c, 0x40, 0x6, 0xd8, 0x5,
    0x3c, 0xb, 0xfa, 0xe0, 0x0,

    /* U+704C "灌" */
    0x0, 0xfe, 0x14, 0x10, 0x8, 0xcc, 0x1, 0xe3,
    0x40, 0xf, 0x15, 0xb0, 0x5, 0x38, 0x1, 0xef,
    0xb9, 0x0, 0x33, 0x56, 0x1a, 0xcd, 0x81, 0x9b,
    0x20, 0x6a, 0x36, 0x1c, 0xcc, 0xe0, 0xb3, 0x31,
    0x84, 0xce, 0xe0, 0x1b, 0x63, 0x8f, 0xfa, 0xc2,
    0x3f, 0xe5, 0xf, 0xfd, 0x40, 0x14, 0xbc, 0x9,
    0x11, 0xe0, 0xc4, 0xb, 0xe0, 0x8a, 0x0, 0xf4,
    0x1c, 0x6e, 0xb2, 0x2e, 0xc1, 0x95, 0x1b, 0xb2,
    0x82, 0xf2, 0x0, 0x77, 0xfc, 0x60, 0x13, 0xff,
    0xb4, 0x2, 0x72, 0xb9, 0x0, 0xdf, 0xf1, 0x80,
    0x4f, 0xfe, 0xd0, 0x8, 0xb1, 0x5b, 0x6, 0x36,
    0xa, 0xf6, 0xc9, 0xb7, 0x79, 0x40, 0x2a, 0x63,
    0x30, 0x95, 0x2, 0x10, 0xb3, 0xb1, 0x16, 0x0,
    0xe9, 0xb2, 0x6, 0x22, 0x7f, 0xd6, 0x17, 0xff,
    0xb8, 0x3, 0x90, 0x6, 0x42, 0x6a, 0xa6, 0x7,
    0xaa, 0xd6, 0x1, 0xb2, 0x3, 0x40, 0xe, 0xab,
    0x78, 0x62, 0xaf, 0x0, 0x42, 0x63, 0x46, 0x21,
    0xdf, 0xf4, 0x85, 0xff, 0xe7, 0x0, 0x90, 0x5,
    0x5d, 0x2, 0x6a, 0xa6, 0x7, 0xaa, 0xca, 0x1,
    0x78, 0x4e, 0x40, 0x1, 0xd5, 0x6f, 0xd, 0x55,
    0xc4, 0x1, 0x21, 0x89, 0x80, 0x5d, 0xff, 0x48,
    0x57, 0xfe, 0x70, 0x2, 0xd, 0x80, 0x75, 0xde,
    0x70, 0x8b, 0xbc, 0xc0, 0xd, 0x5, 0x0, 0xe7,
    0x66, 0xbc, 0x5, 0x9b, 0x18, 0x83, 0x11, 0x0,
    0x3b, 0x37, 0x68, 0x9, 0xdd, 0xe9, 0x27, 0x80,
    0xf, 0x66, 0xef, 0xfd, 0x20,

    /* U+706B "火" */
    0x0, 0xff, 0x10, 0x80, 0x7f, 0xf1, 0xc7, 0x68,
    0x3, 0xff, 0xd6, 0x36, 0xe0, 0x1f, 0xfc, 0x2a,
    0x70, 0x8, 0x92, 0x10, 0x3, 0xff, 0x80, 0x6b,
    0x20, 0x11, 0xc8, 0x50, 0x80, 0x7f, 0xde, 0x10,
    0x1, 0x99, 0x46, 0x80, 0x23, 0x0, 0xf3, 0x99,
    0x98, 0x3, 0xac, 0x51, 0x80, 0x2, 0xe, 0x1,
    0x14, 0x7, 0x80, 0x78, 0x6c, 0x20, 0x41, 0x80,
    0x80, 0x2f, 0x7, 0x30, 0xf, 0x94, 0xc5, 0x83,
    0x40, 0x48, 0x24, 0x8e, 0x0, 0x3f, 0xbd, 0xdc,
    0xa, 0x0, 0x50, 0x85, 0xd0, 0xf, 0xf1, 0xc0,
    0x11, 0x41, 0x40, 0x34, 0x20, 0x1f, 0xfc, 0x18,
    0xb, 0x62, 0x60, 0xf, 0xfe, 0x19, 0xa9, 0x35,
    0x84, 0x8, 0x7, 0xff, 0x4, 0x74, 0x24, 0x9,
    0xc7, 0x40, 0x3f, 0xf8, 0x3, 0x82, 0xe8, 0x0,
    0x83, 0x35, 0x80, 0x7f, 0x8b, 0x9, 0x60, 0x3,
    0x68, 0xa6, 0x8, 0x7, 0xcb, 0xa4, 0xb4, 0x1,
    0xc3, 0xe4, 0x7e, 0x80, 0x18, 0x6e, 0x81, 0xe8,
    0x3, 0xe1, 0xc4, 0x1b, 0x91, 0x6, 0xe4, 0x1a,
    0x80, 0xf, 0xe1, 0xb7, 0x6, 0xe3, 0x50, 0x5f,
    0x50, 0xf, 0xfe, 0x4, 0x61, 0x91, 0x9b, 0x68,
    0x40, 0x3f, 0xf8, 0x47, 0x98, 0x0,

    /* U+706D "灭" */
    0x1, 0xdd, 0xff, 0xe3, 0xc8, 0x4, 0x45, 0xff,
    0xc8, 0x0, 0xf, 0xff, 0xed, 0x4, 0xff, 0xfd,
    0x60, 0x1f, 0xfc, 0xf7, 0xa0, 0xf, 0xfe, 0x9,
    0x61, 0x0, 0x75, 0xac, 0x0, 0x7f, 0xf0, 0x24,
    0xd0, 0x3, 0xb4, 0x5d, 0x0, 0x21, 0x0, 0xf3,
    0x21, 0xb0, 0x7, 0xd, 0x5, 0x8, 0x1, 0xc1,
    0x80, 0x22, 0x90, 0xe0, 0xf, 0x91, 0x86, 0xc0,
    0x4, 0x4, 0x1, 0x78, 0x49, 0x0, 0x7e, 0x91,
    0x54, 0xd, 0x0, 0x28, 0x59, 0x2b, 0x0, 0x7f,
    0xac, 0x98, 0x10, 0x1, 0xc0, 0x47, 0x40, 0x1f,
    0xf2, 0xe1, 0x30, 0x39, 0xa1, 0xce, 0x0, 0x7f,
    0xf0, 0x44, 0x50, 0x13, 0x20, 0xf0, 0xf, 0xfe,
    0x25, 0xc, 0xa, 0xa1, 0xc0, 0x7, 0xff, 0xa,
    0x91, 0xe, 0x0, 0xa1, 0x77, 0x0, 0x7f, 0xc3,
    0x6a, 0x76, 0x1, 0xe, 0xc, 0x48, 0x7, 0xf2,
    0x7a, 0x1e, 0x80, 0x71, 0x60, 0xb6, 0x10, 0x7,
    0x15, 0x58, 0xb6, 0x8, 0x7, 0x8b, 0xcc, 0xdb,
    0x22, 0x0, 0x9d, 0x51, 0xa9, 0x0, 0xfe, 0x1c,
    0x80, 0x6e, 0x50, 0xf0, 0x7e, 0x50, 0xf, 0xfe,
    0x3, 0xea, 0x82, 0x3, 0x74, 0x0, 0x7f, 0xf0,
    0xca, 0xb8, 0x40,

    /* U+7070 "灰" */
    0x0, 0xf2, 0x41, 0x0, 0x7f, 0xf2, 0x35, 0xc4,
    0x3, 0xff, 0x94, 0x20, 0x1f, 0xfc, 0x32, 0xbb,
    0xce, 0x13, 0x77, 0xff, 0xc1, 0x0, 0xa, 0x26,
    0x10, 0x44, 0xff, 0xe1, 0x8, 0x1f, 0xfe, 0x30,
    0xff, 0xff, 0xe1, 0x8, 0x7, 0x84, 0x80, 0x3b,
    0xa4, 0x3, 0xff, 0x84, 0x4c, 0x1, 0xc2, 0x60,
    0x1f, 0xfc, 0x12, 0x7, 0x90, 0xf, 0xf6, 0xa8,
    0x7, 0xc8, 0x2, 0xcc, 0x0, 0xfc, 0xe4, 0x40,
    0xf, 0xb0, 0x3c, 0x60, 0x40, 0x40, 0x30, 0xc0,
    0xb8, 0x7, 0xca, 0x44, 0x81, 0x90, 0x30, 0x10,
    0x5, 0x5, 0x80, 0x7c, 0xa0, 0x80, 0xc4, 0xe2,
    0xe0, 0x80, 0xa8, 0xaa, 0x0, 0xfa, 0x42, 0xc0,
    0x16, 0x25, 0x80, 0x6, 0xd1, 0xb0, 0xf, 0x8c,
    0xe2, 0x0, 0x37, 0x9b, 0x89, 0xdc, 0x70, 0x80,
    0x7d, 0x1, 0x20, 0x18, 0x5c, 0x66, 0xa, 0x0,
    0x3f, 0x22, 0xd, 0x40, 0x31, 0xc1, 0x3a, 0x2b,
    0xa8, 0x7, 0xd2, 0x1e, 0x1, 0x93, 0x3, 0x80,
    0x14, 0x54, 0xc0, 0x1d, 0x4, 0xa6, 0x1, 0x3d,
    0x85, 0x98, 0x5, 0x83, 0x32, 0x0, 0x8d, 0xc6,
    0xc0, 0x7, 0xb0, 0x38, 0x80, 0x18, 0x7c, 0xdb,
    0x94, 0xd, 0x68, 0x42, 0xf0, 0x93, 0xcc, 0x3,
    0xc3, 0x8a, 0x35, 0x1, 0x48, 0x0, 0x21, 0xab,
    0x10, 0xf, 0xea, 0xb4, 0x80, 0xe, 0x9e, 0x50,
    0xf, 0xfe, 0x2, 0x58, 0x0,

    /* U+70B9 "点" */
    0x0, 0xff, 0x67, 0x0, 0x7f, 0xf2, 0x44, 0x40,
    0x1f, 0xfc, 0xbc, 0xcf, 0xe4, 0x0, 0xff, 0xe0,
    0x99, 0xff, 0x8, 0x7, 0xff, 0x7, 0xff, 0xf9,
    0x40, 0x3f, 0xfa, 0x2, 0x45, 0xc6, 0x4, 0x5f,
    0x0, 0x7e, 0xad, 0xde, 0x10, 0xdd, 0xf8, 0x40,
    0x3f, 0x95, 0x9b, 0xfc, 0x20, 0x1f, 0xf5, 0xcc,
    0xff, 0x94, 0x3, 0xff, 0xdb, 0x57, 0x7f, 0xe5,
    0x0, 0xff, 0x91, 0x3f, 0xe1, 0x0, 0xfe, 0xbf,
    0xff, 0xfe, 0x10, 0x80, 0x78, 0xbd, 0xc0, 0xa,
    0x80, 0x1, 0x84, 0x0, 0x2f, 0x20, 0x7, 0xac,
    0x8, 0x6, 0xbc, 0x2, 0x7f, 0x0, 0x30, 0xd0,
    0x80, 0x62, 0x62, 0x50, 0x12, 0x40, 0x0, 0xaa,
    0x8, 0x1c, 0xd, 0x0, 0x69, 0x9, 0x0, 0x9c,
    0x8, 0x1, 0xe0, 0xe0, 0x7, 0x34, 0x60, 0x3,
    0x22, 0x40, 0x16, 0x83, 0x80, 0x14, 0x34, 0x2,
    0xe0, 0x81, 0xc, 0x9, 0x0, 0xc4, 0x20, 0x19,
    0x70, 0x2, 0x26, 0x51, 0xa, 0xd2, 0x0, 0xcb,
    0xca, 0x1, 0x53, 0x80, 0x69, 0xb0,

    /* U+70D8 "烘" */
    0x0, 0xc6, 0xc0, 0x1c, 0x64, 0x1, 0x8c, 0x80,
    0x3f, 0x54, 0x88, 0x6, 0xc9, 0x0, 0x87, 0x20,
    0x3, 0xff, 0xcc, 0x2e, 0x40, 0x19, 0xdc, 0x1,
    0xff, 0xc3, 0x85, 0x0, 0xd3, 0x97, 0x60, 0x5b,
    0xba, 0x81, 0x2e, 0xce, 0x2, 0x78, 0x1, 0x38,
    0xf2, 0x20, 0x5, 0x13, 0x0, 0xa2, 0x34, 0x0,
    0xaa, 0x0, 0xac, 0x57, 0xfc, 0x9, 0xff, 0x70,
    0x2f, 0xfa, 0x80, 0x1e, 0x22, 0x0, 0x13, 0x0,
    0x7f, 0xf1, 0x14, 0x14, 0x1, 0x72, 0x1, 0xff,
    0xc4, 0x30, 0x20, 0x2, 0x8, 0x7, 0xff, 0x16,
    0x9c, 0xc0, 0x3f, 0xf9, 0xa, 0x23, 0x0, 0x7f,
    0xf2, 0x58, 0xc0, 0xbf, 0xe0, 0x4f, 0xfb, 0x81,
    0x7f, 0xe4, 0x0, 0xc4, 0x45, 0x33, 0xff, 0xe1,
    0xb8, 0x4, 0x60, 0xa, 0x3c, 0xcd, 0xb9, 0x9b,
    0x73, 0x31, 0x80, 0x56, 0x14, 0x12, 0x1, 0x1f,
    0x38, 0x2, 0xf0, 0x80, 0x3e, 0x62, 0x57, 0x46,
    0x1, 0xd0, 0x40, 0x7, 0x16, 0x10, 0x7, 0x38,
    0xd8, 0x40, 0x8d, 0x83, 0x26, 0x0, 0x5b, 0x1c,
    0x20, 0x8, 0x64, 0x58, 0x1, 0x8d, 0x85, 0xc,
    0x1, 0x92, 0x87, 0x4, 0x1, 0x63, 0x20, 0x1b,
    0x9, 0xdc, 0x1, 0xe5, 0x91, 0xc0, 0x1, 0x1b,
    0x80, 0x42, 0x51, 0x0, 0xf, 0xcc, 0xc7, 0x0,
    0x46, 0x0, 0x63, 0xe7, 0x0, 0xff, 0x4d, 0x0,

    /* U+70E7 "烧" */
    0x0, 0xca, 0xe0, 0x18, 0x58, 0xc0, 0x3f, 0xf8,
    0x5d, 0x20, 0x1d, 0x34, 0x1, 0xff, 0xc8, 0x12,
    0x40, 0xc, 0x26, 0xd0, 0x1, 0xff, 0xc1, 0x72,
    0x8a, 0xcf, 0xec, 0x97, 0x30, 0x18, 0x20, 0xd,
    0x4b, 0xbe, 0xa0, 0xea, 0x28, 0xf3, 0x7c, 0x60,
    0x7, 0x50, 0x8, 0x94, 0xd1, 0xa0, 0x4b, 0xf6,
    0xe0, 0xa4, 0x2, 0x13, 0xc0, 0xa, 0x5, 0xa6,
    0x4e, 0xc4, 0x60, 0x33, 0x62, 0x1, 0x95, 0x0,
    0x2, 0xb2, 0x1, 0xa8, 0x22, 0x1c, 0xcf, 0x82,
    0x1, 0x78, 0x10, 0xb, 0xb0, 0x6, 0x11, 0x23,
    0xa6, 0xc0, 0x34, 0x0, 0x14, 0x1c, 0x1, 0x2,
    0x25, 0x9e, 0xc1, 0x0, 0x79, 0x0, 0x29, 0x0,
    0x4, 0x4, 0x6, 0x0, 0xea, 0x63, 0x8e, 0xc1,
    0xb9, 0x58, 0x39, 0x0, 0xe, 0x3b, 0x84, 0x1,
    0x32, 0xed, 0x71, 0x3f, 0x46, 0xa7, 0x55, 0x0,
    0x46, 0x2, 0xe0, 0x6, 0x60, 0x80, 0x61, 0xbe,
    0xcd, 0xa0, 0xf, 0x12, 0x80, 0x3b, 0xff, 0xf7,
    0x66, 0xfb, 0x80, 0x62, 0x1, 0x80, 0x66, 0x84,
    0x19, 0x84, 0xc, 0xd8, 0xc0, 0x32, 0x2, 0x39,
    0x44, 0xc8, 0xe, 0x64, 0xa1, 0x33, 0x90, 0x3,
    0x68, 0xd0, 0x40, 0x4, 0x2c, 0x1, 0xff, 0xc0,
    0x14, 0x71, 0x55, 0x10, 0x20, 0x68, 0x7, 0xc7,
    0x22, 0x0, 0x80, 0xa0, 0x94, 0x30, 0xf0, 0x50,
    0xf, 0x99, 0x86, 0x4, 0xc8, 0x60, 0x76, 0x2e,
    0x8a, 0x40, 0x18, 0x40, 0x1a, 0x4, 0x12, 0x1e,
    0x1, 0xa6, 0xa, 0xc0, 0x2e, 0xd, 0x99, 0x39,
    0x1, 0x22, 0x40, 0x1, 0xe6, 0x4c, 0x10, 0x9,
    0x90, 0xd9, 0x85, 0x20, 0x5d, 0x20, 0x10, 0xcd,
    0x58, 0x80, 0x75, 0xff, 0xda, 0x80,

    /* U+70ED "热" */
    0x0, 0xc4, 0x60, 0x1c, 0x24, 0x1, 0xff, 0xc1,
    0x8c, 0x0, 0xe6, 0xd4, 0x0, 0xff, 0xed, 0x89,
    0x78, 0x9, 0x16, 0x0, 0xc3, 0xff, 0x28, 0x7f,
    0xab, 0xf5, 0xc2, 0xb7, 0x70, 0x6, 0x15, 0x58,
    0x41, 0x55, 0x8c, 0xc3, 0x5, 0x66, 0x10, 0x7,
    0xaa, 0xa4, 0xa, 0xa3, 0x44, 0xa0, 0x4c, 0xce,
    0x1, 0xff, 0xc0, 0x30, 0x8, 0x40, 0x40, 0x3f,
    0xf8, 0x2, 0x1d, 0x89, 0x6a, 0x40, 0x60, 0x1f,
    0x8d, 0xf3, 0xd0, 0xd, 0xc1, 0x69, 0x0, 0x40,
    0x6, 0x1, 0xdd, 0x6, 0x84, 0x1b, 0x9, 0xce,
    0x0, 0xc3, 0x0, 0x84, 0x2, 0xbb, 0x7d, 0xb8,
    0x7, 0x8, 0x21, 0xe4, 0x88, 0x18, 0x6a, 0x32,
    0x0, 0x7c, 0x6c, 0x37, 0x84, 0xfc, 0x2, 0x45,
    0x0, 0x61, 0x0, 0x8b, 0x42, 0x80, 0xf6, 0x94,
    0x2d, 0x41, 0x1, 0x62, 0xd0, 0x40, 0xf0, 0x61,
    0x0, 0x24, 0x32, 0x78, 0x42, 0x2, 0x74, 0x1b,
    0x4, 0x17, 0x70, 0x7, 0xb8, 0x4a, 0x40, 0xf,
    0x95, 0xca, 0xf, 0x70, 0x0, 0x33, 0x0, 0x6,
    0x73, 0x48, 0x2, 0x7a, 0x70, 0x6, 0x78, 0x5,
    0xbc, 0x0, 0x25, 0xe0, 0xe, 0xf0, 0x60, 0x2,
    0xa0, 0x4, 0xc4, 0x60, 0x6c, 0x6a, 0x1, 0x12,
    0x20, 0x40, 0x18, 0x6, 0x0, 0xa0, 0xa0, 0x4,
    0x5, 0x80, 0x52, 0x10, 0x1, 0x20, 0x20, 0x0,
    0x88, 0xe0, 0x1, 0x71, 0x60, 0x34, 0x41, 0x80,
    0x42, 0x1e, 0x1, 0x22, 0x80, 0x52, 0x1e, 0x7,
    0x92, 0x1, 0xdb, 0x0, 0x14, 0xd8, 0x4, 0x39,
    0x20,

    /* U+7119 "焙" */
    0x0, 0xc2, 0x40, 0x1f, 0x8c, 0x40, 0x3f, 0xe4,
    0xd5, 0x0, 0xf2, 0xe4, 0x0, 0x7f, 0xf2, 0x14,
    0x1c, 0x3, 0xff, 0x86, 0x33, 0x3c, 0x22, 0xa9,
    0x9c, 0xc0, 0x3, 0x20, 0xe, 0x36, 0x6e, 0x10,
    0x56, 0x6d, 0x80, 0xd, 0xb0, 0xc, 0x8b, 0xfc,
    0xb, 0xff, 0xa0, 0x2f, 0xe8, 0x0, 0x88, 0x0,
    0xd1, 0x20, 0x24, 0xe0, 0x1b, 0x41, 0x40, 0x36,
    0x11, 0x0, 0x1e, 0x70, 0x0, 0x62, 0x0, 0xce,
    0x42, 0x1, 0x90, 0x10, 0x0, 0xa4, 0xc0, 0x3,
    0x2, 0x0, 0x9, 0x38, 0x7, 0x10, 0xf8, 0x1,
    0x64, 0x2, 0xf0, 0x60, 0x2, 0x6, 0x80, 0x79,
    0x50, 0xc3, 0x97, 0xfe, 0x80, 0xbf, 0xf5, 0x4,
    0x7f, 0xd4, 0x0, 0xc7, 0x10, 0x0, 0xb3, 0x7f,
    0xf0, 0xb0, 0x0, 0xf5, 0xe0, 0xc1, 0x33, 0xff,
    0xc2, 0x60, 0xc, 0x40, 0x60, 0x3, 0x88, 0xff,
    0x20, 0x7, 0x9c, 0x20, 0x0, 0xae, 0xff, 0xec,
    0x0, 0xf1, 0xb, 0x20, 0x5, 0x3d, 0xde, 0xb0,
    0xf, 0x94, 0x20, 0xe8, 0x3, 0x8, 0xf9, 0xc0,
    0x3e, 0xf0, 0x7f, 0x18, 0x0, 0xff, 0xe2, 0x12,
    0xa8, 0x4c, 0xde, 0x1, 0xff, 0xc4, 0x90, 0x90,
    0x6, 0xb8, 0x3, 0x66, 0x7e, 0x0, 0xe5, 0x45,
    0x30, 0x0, 0x80, 0x48, 0xcd, 0xe5, 0x0, 0xed,
    0x1b, 0x0, 0xfa, 0x7f, 0xfd, 0x60, 0x1d, 0x1c,
    0x20, 0x1c, 0xde, 0xc0, 0x1e, 0x4f, 0x80, 0x0,

    /* U+7136 "然" */
    0x0, 0xe2, 0x20, 0x7, 0xc8, 0x40, 0x1f, 0xf7,
    0xe8, 0x7, 0x8a, 0xe8, 0x10, 0x3, 0xf1, 0x93,
    0x0, 0x7f, 0x35, 0xb0, 0x7, 0xd0, 0xd, 0xff,
    0x88, 0x3, 0x33, 0xca, 0x80, 0x72, 0x20, 0x95,
    0x62, 0x0, 0xfa, 0x16, 0x80, 0x3a, 0x43, 0xaa,
    0xa6, 0x12, 0x0, 0xf5, 0x60, 0x6, 0x92, 0xd,
    0x60, 0x14, 0x39, 0x94, 0x2, 0x4c, 0xd5, 0x0,
    0x4, 0x63, 0xd5, 0x99, 0x30, 0x23, 0x31, 0x40,
    0xd9, 0xb8, 0xa, 0xc3, 0xca, 0xe7, 0x24, 0xa7,
    0xfd, 0x40, 0x7f, 0xfb, 0x83, 0x80, 0x1a, 0x80,
    0xda, 0x30, 0x1, 0x60, 0x19, 0x0, 0x77, 0x4e,
    0x95, 0xb1, 0xb9, 0xa8, 0x0, 0x58, 0xc6, 0x0,
    0x38, 0x98, 0xb1, 0x43, 0x43, 0x80, 0x2b, 0x8,
    0x82, 0xa8, 0x3, 0xf4, 0x58, 0xd1, 0x0, 0x21,
    0x54, 0x8c, 0x74, 0x60, 0x1e, 0x3c, 0x29, 0x50,
    0x5, 0x39, 0x50, 0x3, 0x47, 0x14, 0x3, 0x36,
    0xc, 0xb0, 0x26, 0xa9, 0xe0, 0x4, 0x38, 0x35,
    0x22, 0xf, 0x21, 0x6c, 0x0, 0xc2, 0x6c, 0x10,
    0xc, 0x5e, 0x6c, 0x60, 0xc9, 0x2, 0x0, 0x1b,
    0xc9, 0x3, 0x30, 0x4, 0xe5, 0x98, 0x20, 0x1b,
    0xab, 0x0, 0x46, 0x18, 0x3, 0xf4, 0x0, 0x51,
    0xe0, 0x60, 0x12, 0x93, 0x0, 0x3c, 0x10, 0x1,
    0x42, 0x80, 0x4e, 0x6a, 0x1, 0xa0, 0x24, 0x0,
    0x80, 0x60, 0x7, 0xe, 0x0, 0x48, 0x40, 0x4,
    0xe4, 0xe2, 0x0, 0x20, 0xc0, 0x0, 0x9a, 0x0,
    0x5, 0x89, 0x80, 0x14, 0x32, 0x1, 0x8c, 0xc0,
    0x15, 0x48, 0x5, 0x64, 0xa0, 0xd, 0xd0, 0x80,
    0x6c, 0x80, 0x9, 0x9c, 0x2, 0x2d, 0x30,

    /* U+7167 "照" */
    0x0, 0xff, 0xe5, 0x37, 0x77, 0x60, 0x47, 0xff,
    0xf6, 0x80, 0x4, 0x4a, 0xb0, 0x10, 0x63, 0xb8,
    0x9, 0xdf, 0x8, 0x80, 0x35, 0x5d, 0x90, 0x0,
    0x91, 0x40, 0xb1, 0x18, 0xdc, 0x3, 0xff, 0x81,
    0x41, 0x60, 0x18, 0xc4, 0x3, 0xfe, 0x47, 0x33,
    0x0, 0x9, 0x84, 0x80, 0x3f, 0xcf, 0x61, 0xc0,
    0xd, 0xd4, 0x8d, 0x0, 0x6e, 0xff, 0x28, 0x34,
    0x16, 0x90, 0x2, 0x6b, 0x38, 0x80, 0x33, 0x34,
    0x40, 0xd1, 0x2c, 0x89, 0x0, 0xba, 0x8, 0x6,
    0x89, 0x93, 0x80, 0x1a, 0xef, 0xf9, 0xc0, 0x3f,
    0xf8, 0xd, 0x99, 0xd6, 0x1, 0xff, 0xc2, 0xe3,
    0x3e, 0x50, 0xf, 0xfe, 0x7f, 0x7f, 0x94, 0x3,
    0x5c, 0xcf, 0x58, 0x6, 0x24, 0x4f, 0x0, 0x46,
    0xcd, 0xca, 0x1, 0x96, 0xae, 0xf5, 0x0, 0xff,
    0xfd, 0xda, 0xc0, 0x14, 0x79, 0x2, 0x6a, 0x80,
    0x7, 0xa0, 0x2, 0xfe, 0x0, 0x85, 0x84, 0x81,
    0x8b, 0x0, 0x2, 0xac, 0x1, 0x31, 0xb0, 0x1,
    0x82, 0x40, 0x4, 0x8, 0x1, 0x68, 0xa0, 0x2,
    0x46, 0x0, 0x64, 0x18, 0x2, 0x32, 0x10, 0x3,
    0x87, 0x0, 0x5, 0x85, 0xe4, 0x5c, 0x40, 0x25,
    0x2, 0x0, 0x9, 0x0, 0x69, 0xe, 0x97, 0x80,
    0xd, 0x1e, 0x60, 0x16, 0xd0, 0x4, 0x39, 0x20,

    /* U+7184 "熄" */
    0x0, 0xc4, 0x20, 0x1f, 0x12, 0x0, 0x7f, 0xf0,
    0x36, 0x0, 0x3e, 0x8b, 0x20, 0xf, 0xfe, 0x42,
    0x91, 0x0, 0x3f, 0xf8, 0x9d, 0xff, 0x1, 0x7f,
    0xf0, 0x6, 0x40, 0xe, 0x40, 0x1, 0xbb, 0xfc,
    0x80, 0x18, 0xed, 0x40, 0x22, 0xb7, 0x5, 0x88,
    0xfb, 0x0, 0x31, 0x86, 0x0, 0x50, 0xc, 0xa,
    0xef, 0xf6, 0x0, 0x72, 0x28, 0x1, 0x55, 0x2,
    0x7, 0x11, 0xf2, 0x0, 0x71, 0x98, 0x0, 0x64,
    0xe0, 0x6, 0xff, 0xfa, 0x0, 0x3b, 0x40, 0x81,
    0x24, 0x2, 0x56, 0x6f, 0xb0, 0x3, 0x98, 0x1c,
    0xd, 0x0, 0x23, 0x99, 0xf9, 0x0, 0x38, 0x95,
    0x80, 0x3c, 0xdf, 0xff, 0x40, 0x7, 0xd, 0x10,
    0x7, 0x8c, 0x8b, 0xee, 0x0, 0xf8, 0x81, 0x84,
    0x2, 0x5d, 0xdf, 0x98, 0x3, 0xe6, 0x1, 0x90,
    0x5, 0x56, 0x92, 0xaa, 0xe0, 0xf, 0x68, 0x33,
    0x90, 0xb2, 0x9b, 0x91, 0x1, 0x56, 0x0, 0xf9,
    0xa, 0x2, 0xdb, 0x4a, 0x55, 0xe, 0x0, 0x5,
    0x4e, 0x1, 0x84, 0xd0, 0x54, 0xec, 0x88, 0x1,
    0x41, 0x20, 0x13, 0x48, 0x80, 0x4c, 0x1a, 0x17,
    0x7, 0x40, 0x19, 0x29, 0x31, 0xa0, 0x64, 0x2,
    0x92, 0x40, 0x1b, 0x5, 0x0, 0xe5, 0x2, 0x1,
    0x67, 0x10, 0x81, 0xb0, 0x9, 0x90, 0x80, 0x66,
    0x22, 0xb1, 0x20, 0xb0, 0x40, 0x62, 0x60, 0xa,
    0xe0, 0x1, 0x60, 0xef, 0x22, 0xa0, 0x16, 0x28,
    0x7f, 0x80, 0x32, 0x18, 0x1, 0x7b, 0xff, 0x50,
    0x4, 0x60,

    /* U+7247 "片" */
    0x0, 0xff, 0xe0, 0x99, 0x0, 0x7f, 0xbb, 0x40,
    0x3e, 0xcf, 0x0, 0xff, 0x8, 0x7, 0xff, 0xfc,
    0x3, 0xff, 0xa4, 0x5f, 0xff, 0x1, 0x7f, 0xf7,
    0x0, 0x79, 0x57, 0xff, 0x84, 0xe0, 0x1c, 0x55,
    0x5f, 0xfc, 0x29, 0x0, 0xe1, 0x0, 0xff, 0xed,
    0x88, 0x15, 0x57, 0xf4, 0x80, 0x7e, 0x20, 0x15,
    0x5f, 0xe4, 0x0, 0xfc, 0xa1, 0x1f, 0xff, 0x80,
    0x3f, 0xd8, 0x6, 0x1, 0xff, 0xc6, 0x40, 0x40,
    0xf, 0xfe, 0x2a, 0x8a, 0x80, 0x7f, 0xf1, 0xa0,
    0x24, 0x3, 0xff, 0x8b, 0x4, 0x86, 0x1, 0xff,
    0xc4, 0x37, 0x9, 0x0, 0xff, 0xe2, 0xb0, 0xc9,
    0x0, 0x7f, 0xf1, 0x57, 0x98, 0x3, 0xfe, 0xfd,
    0x0, 0xe0,

    /* U+7248 "版" */
    0x0, 0xff, 0xe7, 0x43, 0x80, 0x3e, 0x80, 0x3f,
    0xc6, 0xe0, 0x1c, 0xd6, 0x1, 0xe2, 0x35, 0x78,
    0xad, 0xfc, 0x84, 0x0, 0xff, 0xe0, 0x6e, 0x54,
    0x3a, 0x9a, 0x3d, 0x28, 0x7, 0xff, 0x4, 0xa2,
    0xb3, 0xb9, 0x70, 0xa2, 0x1, 0xff, 0xc1, 0x67,
    0x53, 0x10, 0xf, 0xfe, 0xa9, 0x4c, 0x81, 0xe4,
    0x81, 0xa2, 0x3f, 0x0, 0x78, 0x59, 0x80, 0x4c,
    0x20, 0x4e, 0xff, 0x80, 0x3c, 0x7d, 0xdc, 0x60,
    0x90, 0x17, 0xff, 0x10, 0x7, 0xe1, 0x1e, 0x0,
    0x90, 0xc, 0x0, 0x24, 0x80, 0x1c, 0x20, 0x1f,
    0x84, 0xc2, 0xc0, 0x8, 0x18, 0x1, 0xe3, 0xff,
    0xa4, 0x2, 0x30, 0x43, 0x10, 0xf0, 0x50, 0xf,
    0xa, 0x20, 0x2, 0x20, 0x10, 0xe0, 0x61, 0x53,
    0x20, 0xc, 0x20, 0x97, 0x40, 0x13, 0x7, 0x2,
    0x8c, 0xb0, 0x50, 0x7, 0x18, 0x10, 0x7, 0x18,
    0x10, 0x2, 0x6, 0x9, 0x80, 0x39, 0xc3, 0x80,
    0x3b, 0x1, 0x0, 0xc, 0x21, 0x60, 0x1e, 0xd0,
    0x50, 0xe, 0x44, 0x0, 0x4e, 0x21, 0x62, 0x1,
    0xc8, 0x6, 0x1, 0x94, 0x34, 0x1, 0x10, 0x39,
    0x2d, 0x10, 0x8, 0x8d, 0x40, 0x3a, 0x5, 0x86,
    0xdd, 0x31, 0xa0, 0xf0, 0x80, 0x16, 0x1e, 0x1,
    0x90, 0xa5, 0xf9, 0x1a, 0xc0, 0xf, 0x5, 0xaa,
    0x2c, 0x4a, 0x1, 0x92, 0xdf, 0x46, 0xe4, 0x3,
    0x3d, 0x1, 0xe, 0xf0, 0x4, 0x3f, 0x28, 0x15,
    0xc8, 0x1, 0xe5, 0xd7,

    /* U+724C "牌" */
    0x0, 0xff, 0xe1, 0xa0, 0x80, 0x7f, 0x29, 0x2,
    0xc0, 0x7, 0x8a, 0xe0, 0x3, 0xf0, 0xd5, 0x3,
    0x1c, 0x40, 0x3a, 0xc2, 0x80, 0x3f, 0xf8, 0x91,
    0xff, 0x30, 0x67, 0xfe, 0x10, 0xf, 0xf8, 0x41,
    0xde, 0x2, 0x77, 0x18, 0x7, 0xff, 0xe, 0x22,
    0x17, 0x88, 0x20, 0x7, 0xff, 0x69, 0xde, 0x17,
    0x79, 0x0, 0x3e, 0x7f, 0x60, 0xea, 0x0, 0x44,
    0x40, 0x51, 0x3, 0x0, 0xf8, 0x91, 0x36, 0x80,
    0x3f, 0xe0, 0x6f, 0xf3, 0x80, 0x7c, 0xb7, 0x79,
    0xc0, 0x30, 0x87, 0x0, 0x7f, 0xf1, 0x99, 0x90,
    0x1c, 0xcc, 0x30, 0xe, 0x30, 0x5a, 0xa8, 0xc0,
    0x42, 0x64, 0xc0, 0xd3, 0x24, 0x0, 0xf8, 0x95,
    0x66, 0x8, 0xff, 0x18, 0x64, 0x67, 0xfc, 0x20,
    0x10, 0x84, 0xfc, 0x80, 0x62, 0xd3, 0xb1, 0x8b,
    0x0, 0xf9, 0x80, 0x80, 0x39, 0xb4, 0xf1, 0x0,
    0x3f, 0xda, 0xa, 0x1, 0xa3, 0xc1, 0xee, 0x2c,
    0x12, 0x23, 0x20, 0x1, 0x4, 0x40, 0x19, 0xd8,
    0x19, 0xdc, 0xc0, 0x6e, 0xfb, 0x40, 0x6, 0x80,
    0x1d, 0xff, 0xec, 0x7, 0xff, 0xd2, 0xc, 0x18,
    0x1, 0xff, 0x8, 0x7, 0xeb, 0x7, 0x0, 0xff,
    0xe3, 0x8b, 0x28, 0x80, 0xc, 0x44, 0x1, 0xff,
    0xc2, 0x1b, 0xa0, 0x9, 0x79, 0x0, 0x3c, 0x5f,
    0x0, 0x1c,

    /* U+7259 "牙" */
    0x4, 0xbb, 0xff, 0xe3, 0x50, 0x0, 0x51, 0x3f,
    0xf8, 0xe0, 0x5, 0xff, 0xff, 0xb0, 0x17, 0xff,
    0x70, 0x7, 0x3f, 0x28, 0x7, 0xff, 0x1f, 0x5,
    0x80, 0x3f, 0xf8, 0xe8, 0x26, 0x1, 0xff, 0xc6,
    0x50, 0x70, 0xf, 0xfe, 0x3e, 0x2, 0xd5, 0x7d,
    0x0, 0xf5, 0x5c, 0x60, 0x1c, 0x6a, 0xbf, 0x20,
    0x12, 0xaf, 0x80, 0x29, 0xff, 0xf3, 0x2, 0x58,
    0x2f, 0xff, 0x30, 0x7, 0xf3, 0x30, 0x69, 0xc0,
    0x3f, 0xf8, 0x8b, 0x21, 0xa2, 0x1, 0xff, 0xc4,
    0x7a, 0xb, 0x30, 0xf, 0xfe, 0x25, 0x40, 0xe2,
    0x0, 0x7f, 0xf0, 0xd3, 0x54, 0xb0, 0xc0, 0x3f,
    0xf8, 0x43, 0x36, 0x4b, 0xa4, 0x1, 0xff, 0xc2,
    0x8e, 0x61, 0xaa, 0x0, 0x79, 0xc0, 0x3f, 0x5b,
    0x83, 0x7a, 0x80, 0x78, 0xb8, 0xc, 0x3, 0xd2,
    0xbb, 0x22, 0x1, 0xdb, 0xfa, 0xa1, 0xa0, 0x1e,
    0x2a, 0x20, 0xf, 0x94, 0xd5, 0xf1, 0x0, 0x3c,

    /* U+72B6 "状" */
    0x0, 0xf3, 0xc0, 0x7, 0xa6, 0x0, 0x3f, 0xf8,
    0x36, 0xe0, 0x1e, 0x66, 0x1, 0xb8, 0x7, 0xff,
    0x26, 0x20, 0xc0, 0x1c, 0xc2, 0x1, 0xff, 0xc1,
    0xa1, 0x93, 0x0, 0x92, 0x60, 0x3, 0xff, 0x82,
    0x3a, 0x1c, 0x1, 0x21, 0xb0, 0x80, 0x7f, 0xf0,
    0x4e, 0x8, 0x80, 0x14, 0x83, 0x0, 0x7f, 0xf0,
    0x9f, 0x8, 0x2, 0x51, 0x90, 0xd, 0x77, 0xc0,
    0x37, 0x7a, 0x2c, 0x80, 0x26, 0x14, 0x0, 0x91,
    0x38, 0x0, 0x89, 0xe0, 0xd, 0x41, 0xc0, 0x17,
    0xff, 0x0, 0xff, 0xf8, 0x80, 0x22, 0x88, 0x0,
    0x7c, 0x40, 0x20, 0x1f, 0xf3, 0x90, 0x80, 0x79,
    0x80, 0xa, 0x1, 0xfe, 0x1c, 0x20, 0xf, 0x60,
    0x3, 0xc0, 0x3f, 0x93, 0xcc, 0x3, 0xe4, 0x3,
    0x51, 0x0, 0xfa, 0x2c, 0x5c, 0xc0, 0x38, 0xcc,
    0xb2, 0x12, 0x1, 0xc5, 0x8e, 0x37, 0x0, 0x1e,
    0x90, 0xe5, 0x27, 0x20, 0xe, 0x34, 0xf4, 0x0,
    0xf2, 0x29, 0xa0, 0x48, 0x70, 0x6, 0x2c, 0xb1,
    0x0, 0xf0, 0xd0, 0x78, 0x1, 0x14, 0xe8, 0x3,
    0x18, 0x7, 0xed, 0x17, 0x30, 0xa, 0xc9, 0x60,
    0x3, 0xfc, 0x38, 0x69, 0x0, 0x18, 0x7c, 0x1e,
    0x0, 0x3f, 0xa8, 0xcd, 0x40, 0x1e, 0x2c, 0x17,
    0x80, 0xf, 0xd0, 0x98, 0x20, 0x1f, 0x1e, 0x24,
    0x0, 0x7b, 0x3c, 0xec, 0x3, 0xfc, 0x56, 0x0,

    /* U+72EC "独" */
    0x0, 0xff, 0xe1, 0x11, 0x80, 0x7f, 0x11, 0x80,
    0x42, 0x40, 0x1d, 0x18, 0x20, 0x1f, 0xbf, 0x44,
    0x1, 0xb8, 0x20, 0x1f, 0xfc, 0x38, 0x1a, 0xb,
    0x36, 0x10, 0xf, 0xfe, 0x1a, 0xa9, 0x35, 0x16,
    0x0, 0x3f, 0xf8, 0xb2, 0x4, 0xb4, 0x15, 0xff,
    0x94, 0x3b, 0xfe, 0xe0, 0xc, 0x7a, 0x0, 0xe0,
    0xc, 0x8a, 0xa2, 0x5, 0x58, 0x3, 0x9f, 0x5,
    0xc3, 0x80, 0x34, 0xd5, 0x1c, 0x2e, 0xa8, 0x40,
    0x1a, 0xcb, 0x20, 0x94, 0x3, 0xff, 0x8b, 0xba,
    0x30, 0x40, 0x20, 0xf, 0xfe, 0x20, 0x80, 0x9,
    0x81, 0xc0, 0x3f, 0xf8, 0xc3, 0xe0, 0x3, 0x0,
    0x84, 0x3, 0xff, 0x82, 0x3a, 0x50, 0x1c, 0x1,
    0x67, 0xf9, 0x43, 0xbf, 0xc4, 0x1, 0x8b, 0xe,
    0x18, 0x4, 0x31, 0x57, 0x8, 0x22, 0xac, 0xe0,
    0x3, 0xc2, 0x87, 0x10, 0x9, 0xaa, 0xb2, 0x5,
    0x55, 0x72, 0x0, 0x20, 0x97, 0x0, 0x8c, 0x3,
    0xfc, 0xbc, 0x60, 0x1, 0xe6, 0x0, 0xff, 0xe1,
    0xa0, 0x48, 0x7, 0xff, 0x20, 0x55, 0x42, 0x1,
    0xe3, 0x3, 0x0, 0xc2, 0x42, 0xe, 0xd0, 0x20,
    0xc0, 0x1c, 0x50, 0x1d, 0x9f, 0xf7, 0x6a, 0x4,
    0xc9, 0xd0, 0x28, 0x2, 0x9f, 0xd4, 0x5, 0x61,
    0x34, 0x56, 0x78, 0xab, 0xcd, 0x82, 0x30, 0x6,
    0x0, 0xa, 0x8a, 0xbb, 0x2e, 0xa6, 0x1d, 0x50,
    0xc9, 0x42, 0xc0, 0xb, 0xdf, 0xaa, 0x1, 0xff,
    0xc1, 0x2a, 0x80,

    /* U+73AF "环" */
    0x0, 0xff, 0x2a, 0xff, 0xc8, 0x0, 0x6f, 0xff,
    0x9a, 0xab, 0xff, 0x80, 0x0, 0x24, 0x41, 0x81,
    0x22, 0x16, 0x23, 0x80, 0x11, 0x1c, 0x0, 0x4b,
    0xb4, 0x85, 0x5d, 0x8d, 0xdf, 0x18, 0x23, 0xbe,
    0x60, 0xf, 0xfe, 0x1f, 0x87, 0x0, 0x7f, 0xf1,
    0xcd, 0x1, 0x40, 0x3f, 0xf8, 0xfe, 0x2, 0x1,
    0xff, 0xc7, 0x53, 0x0, 0x13, 0x80, 0x78, 0xbf,
    0xd4, 0x11, 0xfe, 0x40, 0x1b, 0x0, 0xa2, 0xe,
    0x1, 0xc6, 0x88, 0x30, 0x24, 0x43, 0x85, 0xb,
    0x0, 0x28, 0xe1, 0xc0, 0x30, 0xdd, 0xa4, 0x2a,
    0xec, 0x6e, 0x85, 0x20, 0x16, 0x94, 0x30, 0x7,
    0xfc, 0xd0, 0x1e, 0x1, 0x87, 0x6, 0x54, 0x3,
    0xf9, 0x64, 0x2c, 0x80, 0x38, 0x74, 0x28, 0xc0,
    0x3f, 0x8, 0xa9, 0x0, 0x3e, 0x3a, 0x9, 0x0,
    0xfc, 0xf0, 0xa0, 0x1f, 0xcb, 0x34, 0x0, 0x14,
    0xc0, 0x9f, 0xc8, 0x0, 0xff, 0x98, 0x1, 0xdc,
    0xb6, 0x3, 0x58, 0xd0, 0xf, 0xfe, 0x12, 0x34,
    0xe7, 0xed, 0x39, 0x80, 0x7f, 0xf0, 0xaa, 0x58,
    0xc0, 0x3f, 0xfb, 0xa0,

    /* U+73B0 "现" */
    0x0, 0xff, 0x22, 0x7f, 0x88, 0x2, 0x4a, 0xaf,
    0x48, 0x5d, 0xff, 0xa0, 0x2, 0x35, 0x5f, 0x38,
    0x0, 0xa2, 0x3c, 0xe0, 0x1c, 0xdb, 0xa5, 0xc,
    0xdc, 0x0, 0x3b, 0xfd, 0x20, 0x1c, 0x24, 0x43,
    0x2, 0x28, 0x3, 0xaf, 0xc0, 0x3f, 0xfe, 0xee,
    0x1, 0xfc, 0x73, 0x24, 0xb, 0x98, 0x0, 0xff,
    0xe1, 0xab, 0x30, 0x81, 0x59, 0x80, 0x1c, 0x22,
    0x0, 0xfc, 0xdb, 0xa5, 0xc, 0xdf, 0x0, 0xe3,
    0x30, 0x7, 0xf1, 0x10, 0xc0, 0x88, 0x20, 0x1c,
    0x22, 0x0, 0xff, 0xe4, 0x18, 0x30, 0x80, 0x7f,
    0xf1, 0xd0, 0x17, 0x0, 0x3f, 0xf8, 0x9b, 0x61,
    0x22, 0x20, 0x0, 0xed, 0x80, 0x7e, 0x35, 0xa3,
    0x21, 0x71, 0x60, 0xc, 0x42, 0x80, 0x18, 0x88,
    0x1b, 0x4a, 0xc0, 0x70, 0x32, 0x1, 0xea, 0xa0,
    0xdf, 0x6a, 0x0, 0xb5, 0xa9, 0xe8, 0x50, 0x80,
    0x78, 0x48, 0x50, 0x52, 0x37, 0xa5, 0x1b, 0x6,
    0x50, 0xc, 0xc0, 0x11, 0x7, 0x86, 0xfd, 0xb9,
    0x0, 0xdc, 0x85, 0x30, 0x1, 0x87, 0x6e, 0xd8,
    0x6, 0x4, 0x1, 0xda, 0x85, 0x8a, 0x1, 0x41,
    0x11, 0x10, 0xc, 0x80, 0x1f, 0x73, 0x69, 0x80,
    0x63, 0xdf, 0xfb, 0xa4, 0x0,

    /* U+73C0 "珀" */
    0x0, 0xff, 0xe1, 0x1a, 0x88, 0x7, 0xff, 0x1a,
    0xa8, 0x80, 0x1f, 0xfc, 0x67, 0x4, 0x0, 0xeb,
    0xff, 0xf8, 0x40, 0x23, 0x14, 0x10, 0xe, 0xc5,
    0x51, 0x2, 0xac, 0x3f, 0xf6, 0x2, 0x7f, 0xee,
    0x7, 0xaa, 0x20, 0x5d, 0x50, 0x0, 0x26, 0x7f,
    0x0, 0x7f, 0xf0, 0x57, 0x33, 0xe2, 0x0, 0xff,
    0xf2, 0x98, 0x7, 0xff, 0xd, 0xff, 0xcc, 0x1b,
    0xf8, 0x1, 0xff, 0xc1, 0x36, 0x61, 0x2, 0xb5,
    0x80, 0x16, 0xab, 0xe2, 0x0, 0x24, 0xc9, 0x2,
    0xe5, 0xc0, 0x2, 0xab, 0xf0, 0x7, 0xff, 0x5,
    0x3f, 0xfe, 0x20, 0xf, 0xff, 0x31, 0x40, 0x7,
    0xff, 0x10, 0xc3, 0xf5, 0xc4, 0x3, 0xfe, 0x18,
    0xcf, 0x50, 0x3, 0x58, 0x80, 0x7f, 0xc2, 0xe6,
    0x91, 0x9d, 0x28, 0x0, 0x4f, 0xff, 0x88, 0x1,
    0xbf, 0x6e, 0x60, 0x1c, 0x2a, 0xbf, 0x8, 0x0,
    0x80, 0x3f, 0x96, 0xab, 0xe3, 0x0, 0xff, 0xba,
    0xc0, 0x3e, 0xde,

    /* U+7406 "理" */
    0x0, 0xfe, 0x7c, 0xcf, 0xf4, 0x0, 0x5d, 0xff,
    0xe6, 0xd3, 0x11, 0x8c, 0xc2, 0x31, 0x90, 0x4,
    0xcd, 0x0, 0xb3, 0x8, 0x1, 0x9b, 0xa3, 0x1d,
    0xd8, 0x3, 0xa2, 0x64, 0x25, 0x32, 0x40, 0xf,
    0xfe, 0x6c, 0x44, 0x43, 0x11, 0x0, 0x7f, 0xf0,
    0xd9, 0xdc, 0x20, 0xef, 0x0, 0x7f, 0xf0, 0xf7,
    0xb8, 0x63, 0xdd, 0x0, 0x70, 0x8c, 0x0, 0x11,
    0x0, 0x46, 0x22, 0x0, 0x8, 0xc0, 0x1d, 0x5d,
    0xc1, 0x3e, 0xe2, 0x0, 0x7f, 0xf0, 0xf1, 0x10,
    0x2, 0x88, 0x70, 0x5, 0x5d, 0x88, 0x6e, 0xe0,
    0xe, 0x7b, 0xb0, 0x95, 0xd8, 0xcc, 0x8, 0x90,
    0x82, 0x24, 0x1, 0xff, 0xc1, 0x9f, 0xfc, 0x63,
    0xff, 0xa8, 0x3, 0xff, 0xad, 0x13, 0x38, 0x86,
    0x67, 0x88, 0x3, 0xfc, 0xec, 0xd8, 0x41, 0x9b,
    0x9c, 0x3, 0xc2, 0xd6, 0xdf, 0xfc, 0x63, 0xff,
    0xca, 0x0, 0x15, 0x91, 0x29, 0x41, 0x0, 0xff,
    0xe1, 0x27, 0x53, 0x1, 0x35, 0xb8, 0x7, 0xff,
    0x9, 0x8d, 0xab, 0xb6, 0x5e, 0xab, 0xc4, 0x35,
    0x5e, 0x32, 0xc9, 0x51, 0x0, 0x32, 0xaf, 0x84,
    0x15, 0x7c, 0xc0,

    /* U+7425 "琥" */
    0x0, 0xff, 0xe0, 0x88, 0x80, 0x3f, 0xf9, 0x2d,
    0xc6, 0x1, 0xf8, 0x47, 0xe0, 0xf, 0xa9, 0xdf,
    0x84, 0x1, 0xfd, 0xde, 0x10, 0xf, 0x34, 0x47,
    0x18, 0x1, 0x98, 0xa0, 0x6c, 0xc1, 0x0, 0xf6,
    0x7f, 0xf1, 0x0, 0x22, 0x64, 0x15, 0x32, 0x18,
    0x8d, 0x81, 0x31, 0x1c, 0xc0, 0x1f, 0xc6, 0xef,
    0x90, 0x15, 0xdf, 0xa8, 0x3, 0xfe, 0x8f, 0xf6,
    0x3f, 0x7f, 0xda, 0xa, 0x1, 0xff, 0xc2, 0x67,
    0x21, 0x34, 0x40, 0x68, 0x1, 0x5e, 0x83, 0x1d,
    0x80, 0x28, 0xa8, 0xc, 0xec, 0xa6, 0xe4, 0x0,
    0x7c, 0x30, 0x2c, 0x40, 0x2, 0x56, 0x10, 0x8b,
    0xde, 0x6d, 0x10, 0x5, 0xed, 0x4, 0x6f, 0x80,
    0x5b, 0x90, 0x4, 0x84, 0x1a, 0x62, 0x0, 0x12,
    0x60, 0x12, 0x10, 0xe, 0x50, 0xaf, 0xf9, 0x18,
    0x3, 0xfc, 0x20, 0x20, 0x1, 0xe9, 0x88, 0xaa,
    0x40, 0x3f, 0xf8, 0x6, 0x8, 0xec, 0x20, 0x6,
    0x50, 0xf, 0xf9, 0x80, 0x43, 0x62, 0x38, 0x80,
    0x3f, 0xca, 0xe4, 0xc, 0x0, 0x1f, 0xf5, 0x80,
    0x7e, 0x2b, 0x9, 0xab, 0xc1, 0x20, 0x1, 0x80,
    0x78, 0x74, 0xcb, 0x74, 0xe0, 0x4f, 0x28, 0xe0,
    0x5, 0x60, 0xf, 0x11, 0x0, 0x8d, 0x27, 0x75,
    0x1e, 0x14, 0x4, 0x78, 0x1, 0xe6, 0x2, 0xe,
    0xb6, 0x20, 0x45, 0x51, 0x87, 0xb, 0x0, 0x6d,
    0xba, 0x11, 0x0, 0x7a, 0x86, 0xc3, 0xe, 0x84,
    0x0, 0x84, 0x28, 0x30, 0x1, 0xf6, 0xd0, 0x82,
    0x52, 0x0, 0x6d, 0xff, 0x73, 0x0,

    /* U+751F "生" */
    0x0, 0xff, 0x23, 0x8, 0x7, 0xff, 0x4, 0x94,
    0x3, 0x7c, 0x90, 0x7, 0xff, 0x6, 0xe9, 0x0,
    0x3f, 0xf8, 0xee, 0x28, 0x1, 0xff, 0xc6, 0x41,
    0x70, 0xf, 0xfe, 0x3f, 0x82, 0x66, 0x65, 0xf,
    0xcc, 0xf8, 0x80, 0x23, 0x40, 0x23, 0x3c, 0x20,
    0x67, 0xf8, 0x40, 0x2f, 0xb, 0xff, 0xe4, 0xc,
    0xff, 0xf8, 0xc0, 0xa, 0x66, 0x40, 0xf, 0xfe,
    0x28, 0xd8, 0x78, 0x7, 0xff, 0x1a, 0x45, 0x4c,
    0x3, 0xff, 0x8d, 0xf, 0x60, 0x1f, 0xfc, 0x88,
    0x1f, 0xff, 0x90, 0x33, 0xff, 0xcc, 0x1, 0xc6,
    0x7f, 0x8, 0x11, 0x9f, 0xc0, 0x1d, 0x99, 0xf2,
    0x87, 0x66, 0x79, 0x40, 0x3f, 0xff, 0xe0, 0x1f,
    0xfc, 0x31, 0xbb, 0xfe, 0x50, 0xfb, 0xbf, 0xc4,
    0x8, 0x9f, 0xc2, 0x6, 0x89, 0xf9, 0x87, 0xff,
    0xff, 0x90, 0x80,

    /* U+7528 "用" */
    0x0, 0x17, 0xff, 0xff, 0x12, 0xc0, 0x2, 0x2,
    0x67, 0xc0, 0x3, 0x3f, 0x3, 0x80, 0x64, 0xcc,
    0xe3, 0xd, 0xcc, 0xda, 0x1, 0xff, 0xf6, 0x5f,
    0xfe, 0x30, 0xef, 0xfd, 0xc0, 0x1e, 0x13, 0x3e,
    0x0, 0x19, 0xf8, 0x3, 0xc9, 0x99, 0xc6, 0x1b,
    0x99, 0xb4, 0x3, 0xff, 0xc6, 0x45, 0xc0, 0x2,
    0x2f, 0x0, 0x67, 0x5, 0xdd, 0xe3, 0xc, 0xdd,
    0xd8, 0x1, 0x84, 0x9, 0x57, 0x84, 0x15, 0x7c,
    0x1, 0xb4, 0x22, 0xab, 0x88, 0x2e, 0xab, 0x58,
    0x6, 0x30, 0x70, 0xf, 0xfe, 0x20, 0xa0, 0x90,
    0x7, 0xff, 0x12, 0x41, 0x80, 0x3f, 0xf8, 0x24,
    0x0, 0x17, 0x9, 0x0, 0xff, 0xe, 0x6e, 0x2,
    0xc0, 0x40, 0x80, 0x79, 0x84, 0x40, 0x22, 0x21,
    0x58, 0x9a, 0x70, 0xf, 0xab, 0x80, 0x2d, 0xfe,
    0xa1,

    /* U+7531 "由" */
    0x0, 0xfc, 0x84, 0x1, 0xff, 0xc3, 0x1b, 0x80,
    0xf, 0xff, 0x4, 0xd5, 0x7a, 0xc1, 0x2a, 0xbe,
    0x57, 0x55, 0xf8, 0x5, 0x57, 0xed, 0x2, 0xee,
    0xed, 0x5, 0xee, 0xeb, 0x0, 0xc2, 0x3c, 0x60,
    0x1, 0x1e, 0x70, 0xf, 0xff, 0x70, 0x8f, 0x18,
    0x0, 0x47, 0x9c, 0x2, 0x2e, 0xee, 0xd0, 0x5e,
    0xee, 0xb0, 0xc, 0xab, 0xc8, 0x2, 0xab, 0xc8,
    0x1, 0x15, 0x57, 0x81, 0x2a, 0xba, 0x0, 0x3f,
    0xff, 0xe5, 0xff, 0xdc, 0xb, 0xff, 0xd8, 0x1,
    0x91, 0x3f, 0xf8, 0x26, 0x1, 0x15, 0xdf, 0xff,
    0x7, 0xc0, 0x0,

    /* U+7535 "电" */
    0x0, 0xff, 0xe7, 0xe7, 0x88, 0x7, 0xff, 0x9b,
    0x7f, 0xfc, 0x61, 0xdf, 0xfe, 0xa0, 0x8, 0xc1,
    0x57, 0x84, 0x11, 0x57, 0x20, 0x8, 0x7, 0x55,
    0x71, 0x5, 0x57, 0x48, 0x7, 0xff, 0x8e, 0x67,
    0x88, 0x2e, 0x67, 0x40, 0x7, 0xcc, 0xdc, 0x20,
    0xac, 0xd9, 0x40, 0x3e, 0xff, 0xe3, 0xe, 0xff,
    0xd8, 0x1, 0xff, 0xc7, 0x10, 0xf, 0xfe, 0xd8,
    0x80, 0x7d, 0xff, 0xc6, 0x1d, 0xff, 0xb0, 0x3,
    0x9d, 0x13, 0xc2, 0x8, 0x9f, 0x60, 0x38, 0xcd,
    0xdf, 0x88, 0x2a, 0xef, 0xce, 0x51, 0x40, 0x1f,
    0x38, 0x7, 0xf3, 0x1, 0x0, 0x7f, 0x20, 0x7,
    0xda, 0x1c, 0x1, 0xf6, 0x5, 0x6d, 0xde, 0xce,
    0x60, 0x50, 0xf, 0x9d, 0xc4, 0x44, 0x4c, 0x60,
    0x74, 0x40, 0x1f, 0xa3, 0x7f, 0xfd, 0xd8, 0xa0,

    /* U+753B "画" */
    0xaf, 0xff, 0xfe, 0x40, 0x92, 0x27, 0xff, 0x20,
    0x62, 0xef, 0xff, 0x90, 0x0, 0x28, 0x30, 0xf,
    0xfe, 0x8, 0xca, 0x80, 0x4c, 0xea, 0xd, 0xff,
    0xfd, 0x60, 0x6, 0xc0, 0xf, 0xe5, 0x66, 0x1,
    0xb3, 0x0, 0x3f, 0xf8, 0x7d, 0x30, 0x17, 0x32,
    0x10, 0xf, 0xfe, 0xc1, 0xab, 0x87, 0x2a, 0x84,
    0x3, 0xff, 0x85, 0x15, 0x20, 0xd5, 0x40, 0xf,
    0xfe, 0x1c, 0xee, 0x3, 0xee, 0x84, 0x3, 0xff,
    0x84, 0x45, 0x7, 0x91, 0x0, 0x3f, 0xfb, 0x3f,
    0x30, 0x17, 0x32, 0x10, 0xf, 0xfe, 0x1, 0x82,
    0x33, 0x0, 0xd9, 0x80, 0x20, 0x1f, 0xf2, 0xff,
    0xff, 0x50, 0x7, 0xff, 0x4e, 0xef, 0xff, 0x85,
    0x40, 0x1f, 0x12, 0x27, 0xff, 0x8, 0x3, 0x93,
    0xff, 0xff, 0x87, 0xc0, 0x18,

    /* U+754C "界" */
    0x0, 0x96, 0x23, 0xff, 0x86, 0xa0, 0x1e, 0xf7,
    0x7f, 0xfe, 0x1f, 0x80, 0x7e, 0xdf, 0xfd, 0xc0,
    0xdf, 0xfb, 0x80, 0x3f, 0xfa, 0xaa, 0xcd, 0x9c,
    0x9, 0x9b, 0x38, 0x7, 0xfa, 0x26, 0x78, 0x12,
    0x67, 0x80, 0x3f, 0xd9, 0xdd, 0xb4, 0x1b, 0xbb,
    0x68, 0x7, 0xf8, 0x47, 0x8c, 0x0, 0x23, 0x8c,
    0x3, 0xfd, 0x13, 0x3a, 0x1, 0x26, 0x74, 0x0,
    0x7e, 0x30, 0x56, 0x6e, 0x2, 0x66, 0xe0, 0xf,
    0xd3, 0xff, 0xb9, 0x40, 0xc0, 0xf7, 0xff, 0x50,
    0x7, 0xf9, 0xfd, 0x63, 0x30, 0x5a, 0xe0, 0x1f,
    0xf0, 0xbf, 0x42, 0x6b, 0x81, 0xfa, 0xc7, 0x30,
    0x7, 0x85, 0xaf, 0xa1, 0xc, 0xc4, 0x1, 0x9,
    0x10, 0xe7, 0xe5, 0x0, 0xb, 0xd2, 0x8d, 0xb4,
    0x4e, 0x1, 0xc8, 0x59, 0x68, 0xd7, 0xe8, 0xaa,
    0x9f, 0x92, 0x1, 0x30, 0xf, 0xc9, 0x7a, 0xe6,
    0x81, 0x4c, 0x1, 0x18, 0x38, 0x7, 0xf8, 0xa3,
    0x0, 0x3e, 0x80, 0xe0, 0xf, 0xfe, 0x30, 0xda,
    0x24, 0x1, 0xff, 0xc5, 0x7f, 0x44, 0x58, 0x7,
    0xff, 0x1b, 0x6, 0x2c, 0x3, 0xff, 0x8f, 0x5c,
    0xe0, 0x1f, 0xb3, 0xc4, 0x3, 0xc0,

    /* U+7559 "留" */
    0x0, 0xfc, 0x20, 0x1f, 0xfc, 0x21, 0x47, 0xae,
    0xf0, 0xf, 0xfe, 0x6, 0x77, 0x2e, 0x14, 0x99,
    0x9f, 0xff, 0xc2, 0x23, 0x33, 0x4e, 0x7e, 0x42,
    0xb2, 0x2, 0xb3, 0x44, 0x2, 0x0, 0x59, 0x62,
    0xb4, 0x3, 0x9c, 0x8, 0x99, 0x98, 0x40, 0x3c,
    0x2f, 0x40, 0x17, 0x1, 0x0, 0x4e, 0x60, 0x1f,
    0x48, 0xc8, 0x1, 0xd0, 0x3, 0x8, 0x80, 0x39,
    0xb2, 0x81, 0x89, 0x47, 0x40, 0x31, 0x38, 0x18,
    0x2f, 0xc8, 0xbd, 0x8b, 0xd9, 0x31, 0x2b, 0x58,
    0x18, 0x50, 0x12, 0xde, 0xc2, 0x6d, 0x8f, 0x3,
    0x54, 0xa1, 0xc8, 0x53, 0xf5, 0x20, 0x5, 0x23,
    0x46, 0x9, 0x59, 0xf8, 0x20, 0x50, 0x46, 0x7d,
    0x32, 0x63, 0x39, 0x80, 0xc8, 0x2, 0x3c, 0xcf,
    0xa7, 0x33, 0xef, 0x0, 0xe5, 0xcc, 0xd6, 0x9,
    0x99, 0xc0, 0x1f, 0x11, 0x9e, 0x50, 0x13, 0x3e,
    0x10, 0xf, 0x11, 0x9e, 0x50, 0x13, 0x3e, 0x10,
    0xf, 0x2e, 0x66, 0xb0, 0x4c, 0xce, 0x0, 0xf9,
    0x73, 0x35, 0x82, 0x66, 0x70, 0x7, 0xc4, 0x67,
    0x94, 0x4, 0xcf, 0x84, 0x3, 0xc4, 0x67, 0x94,
    0x4, 0xcf, 0x84, 0x3, 0xcb, 0x99, 0xac, 0x13,
    0x33, 0x80, 0x3e, 0x6d, 0xdf, 0xfe, 0x0, 0x80,
    0x40,

    /* U+7565 "略" */
    0x0, 0xff, 0xe0, 0x18, 0x7, 0xff, 0x1c, 0xb2,
    0x80, 0x3e, 0x22, 0xfc, 0x1, 0x58, 0x70, 0x7,
    0xdb, 0xbf, 0x60, 0x0, 0x98, 0x2f, 0xff, 0x68,
    0x4, 0x6e, 0x6, 0xe6, 0x1, 0x48, 0x33, 0x70,
    0x8, 0x4, 0x90, 0x29, 0x8, 0x0, 0x64, 0xb,
    0x99, 0xb8, 0x20, 0x3, 0xfc, 0x72, 0x63, 0xc0,
    0x2, 0x84, 0x40, 0x7, 0xfa, 0xc7, 0xa8, 0xe0,
    0x7c, 0x64, 0x3, 0xfe, 0x8d, 0x24, 0x87, 0xf2,
    0xa2, 0x0, 0xff, 0xe0, 0x18, 0x0, 0x80, 0x44,
    0xe0, 0x1c, 0xb4, 0x2b, 0x4a, 0x1, 0x15, 0xd0,
    0xc9, 0xe5, 0x18, 0x4, 0x4a, 0x4, 0xa4, 0x7,
    0x5a, 0x8d, 0xed, 0xae, 0xb9, 0xac, 0xd, 0xe2,
    0xfe, 0xc1, 0xa, 0x99, 0x22, 0x0, 0x8e, 0x80,
    0x10, 0x10, 0xc, 0x21, 0x3b, 0x97, 0x11, 0xd2,
    0x7a, 0xe0, 0x1f, 0x88, 0x92, 0xef, 0xf6, 0x80,
    0x7f, 0xf0, 0x57, 0xff, 0x70, 0x7, 0xff, 0x20,
    0x40, 0x3f, 0xf9, 0xcd, 0x62, 0xb6, 0xc0, 0x1f,
    0xfc, 0x31, 0x40, 0x24, 0x10, 0xc, 0xf3, 0x3c,
    0x1, 0xbf, 0xfe, 0xe0, 0x8, 0x99, 0xb8, 0x3,
    0xff, 0x86, 0xbf, 0xfc, 0x1, 0x80,

    /* U+767B "登" */
    0x0, 0xff, 0xeb, 0x37, 0x90, 0x5, 0x50, 0x1,
    0xed, 0xff, 0xfc, 0x61, 0x40, 0x9c, 0xa0, 0x1f,
    0x5b, 0xbf, 0x84, 0x10, 0xda, 0xec, 0x77, 0x0,
    0x1e, 0x74, 0xd8, 0x8b, 0x45, 0x86, 0x5, 0x1f,
    0x50, 0x12, 0x80, 0x3d, 0x4e, 0x5, 0x63, 0x0,
    0x88, 0xa, 0x1, 0x9b, 0x42, 0x0, 0x87, 0x12,
    0x27, 0xc7, 0x44, 0x1, 0x43, 0xed, 0xec, 0xbe,
    0x40, 0x1d, 0x68, 0xc4, 0xce, 0x89, 0x2b, 0x14,
    0x9e, 0x50, 0x80, 0x79, 0x90, 0x1d, 0xae, 0xf9,
    0xd4, 0x49, 0x40, 0x3c, 0x79, 0x27, 0xb1, 0xbb,
    0xf5, 0xfa, 0x4e, 0xa8, 0x0, 0xab, 0xe, 0x30,
    0x80, 0x8b, 0xe1, 0x15, 0xc9, 0xd7, 0x28, 0x2a,
    0xb5, 0x7f, 0xff, 0xf8, 0x27, 0xd0, 0x2, 0x5d,
    0x44, 0x0, 0x48, 0x8f, 0xe5, 0x3, 0x7, 0xe4,
    0x1, 0x0, 0xd8, 0xef, 0xfd, 0xc0, 0x1f, 0xfd,
    0x78, 0xff, 0xfe, 0xb0, 0xf, 0xf1, 0xc4, 0x1e,
    0x23, 0xe7, 0x88, 0x20, 0x7, 0xe1, 0x74, 0x72,
    0x77, 0xe4, 0x72, 0x72, 0x0, 0xff, 0x19, 0x58,
    0x80, 0x6f, 0x15, 0x0, 0xff, 0xe0, 0xf0, 0xc0,
    0x4, 0xc7, 0x60, 0x1f, 0xcf, 0x11, 0xac, 0x42,
    0x22, 0x91, 0xd8, 0x8e, 0x10, 0xa, 0x5d, 0xf8,
    0x59, 0xde, 0x1, 0x77, 0xf1, 0x80,

    /* U+767D "白" */
    0x0, 0xf9, 0x54, 0x20, 0x1f, 0xfc, 0x2b, 0xa3,
    0x0, 0xff, 0xe0, 0xa8, 0xa1, 0x0, 0x7f, 0xf0,
    0x60, 0x38, 0x3, 0xf5, 0xff, 0xf1, 0x5, 0x7f,
    0xfd, 0x60, 0x4, 0x4f, 0xfe, 0x8, 0x6, 0xab,
    0xbf, 0xfe, 0x0, 0x7, 0xff, 0xf2, 0xab, 0xff,
    0x82, 0x1, 0x91, 0x57, 0xff, 0x80, 0x1, 0xbb,
    0xff, 0xfe, 0xe0, 0xf, 0xfe, 0x20, 0x80, 0x7f,
    0xff, 0x33, 0x3f, 0xf8, 0x20, 0x18, 0x8c, 0xff,
    0xf8, 0x0, 0x1b, 0xbf, 0xff, 0xf8, 0x0, 0xb,
    0xf1, 0x0, 0xff, 0xe0, 0x7d, 0x80,

    /* U+7684 "的" */
    0x0, 0xff, 0xe0, 0x20, 0x80, 0x7f, 0x17, 0xd8,
    0x7, 0xd, 0xe8, 0x7, 0xf2, 0x1, 0x0, 0x72,
    0x5, 0x80, 0x7f, 0x60, 0x68, 0x7, 0x70, 0x28,
    0x7, 0xe1, 0x50, 0x50, 0xc, 0x28, 0x2e, 0xab,
    0xc3, 0x5f, 0xc0, 0xe, 0xff, 0x48, 0x30, 0xd,
    0x57, 0x94, 0x0, 0x8a, 0xb2, 0x0, 0x52, 0x13,
    0x3c, 0x80, 0x1a, 0xab, 0x80, 0xc, 0x2c, 0xde,
    0x20, 0xf, 0xfa, 0xc2, 0xc0, 0x3e, 0x70, 0xf,
    0xec, 0x92, 0x0, 0xff, 0xe2, 0x8b, 0x43, 0x0,
    0x63, 0x1, 0x0, 0xff, 0x96, 0x48, 0x3, 0xf6,
    0xe6, 0x60, 0xd, 0xc1, 0xc0, 0x10, 0x80, 0x63,
    0x3c, 0x40, 0x18, 0xd8, 0xd8, 0x3, 0x18, 0x3,
    0xbf, 0xee, 0x0, 0xe8, 0x8, 0x10, 0xf, 0xfe,
    0x20, 0xb8, 0xa8, 0x38, 0x8, 0x7, 0xff, 0x6,
    0x75, 0x0, 0x3f, 0xf8, 0xa2, 0x40, 0x1, 0x0,
    0xff, 0xe3, 0x98, 0x7, 0xff, 0x1c, 0x44, 0x1,
    0x5d, 0x55, 0x60, 0x1e, 0x25, 0x6a, 0x2, 0x0,
    0x95, 0x78, 0x3, 0xcd, 0x52, 0xa1, 0x21, 0x5f,
    0xff, 0x48, 0x6, 0x47, 0x8a, 0xe5, 0x0,

    /* U+76D1 "监" */
    0x0, 0xff, 0xe0, 0x88, 0x7, 0xff, 0xf, 0xac,
    0x2, 0x3e, 0x90, 0xf, 0xeb, 0xf0, 0x8, 0x5c,
    0x2, 0xb0, 0xf0, 0xf, 0xfe, 0x3a, 0x82, 0x0,
    0x7f, 0xf1, 0x88, 0x81, 0xbf, 0xfe, 0x10, 0xf,
    0xfa, 0x80, 0xd1, 0x3e, 0x10, 0xf, 0xf9, 0x83,
    0x6a, 0x97, 0x7c, 0x1, 0xff, 0x30, 0xb0, 0x66,
    0x4, 0x3, 0xff, 0x87, 0x61, 0x42, 0xa5, 0xe4,
    0x1, 0xff, 0xc1, 0x52, 0x43, 0x8, 0x80, 0xf8,
    0x80, 0x7f, 0xf0, 0x24, 0x24, 0x2, 0x78, 0x2c,
    0x0, 0xe1, 0x10, 0x7, 0x65, 0x90, 0x6, 0x76,
    0x1, 0x0, 0xd5, 0xc0, 0x14, 0x50, 0x20, 0x7,
    0xa7, 0x4, 0x3, 0x15, 0x56, 0xdc, 0xaa, 0xfe,
    0x70, 0xe, 0x15, 0x5f, 0xfe, 0x1e, 0x80, 0x7d,
    0x1f, 0xea, 0xd, 0xff, 0x29, 0x7f, 0xc0, 0x1f,
    0xff, 0xf0, 0xf, 0xfe, 0x34, 0xca, 0x2, 0xe6,
    0x5c, 0x11, 0x32, 0x73, 0x99, 0x81, 0x66, 0x48,
    0xcc, 0x40, 0x36, 0x62, 0x2, 0xb3, 0x8, 0x59,
    0xa0, 0x16, 0x61, 0x80,

    /* U+76D6 "盖" */
    0x0, 0xf2, 0x80, 0x7c, 0x8a, 0x1, 0xff, 0x5d,
    0x38, 0x7, 0xd, 0x50, 0x80, 0x3f, 0xd2, 0x30,
    0xc0, 0x1b, 0x6, 0x48, 0x3, 0xcb, 0x11, 0x52,
    0x85, 0x44, 0x58, 0x43, 0xd1, 0x13, 0x0, 0x5e,
    0xef, 0x90, 0xd, 0xde, 0x30, 0x17, 0x7d, 0x40,
    0x15, 0x7f, 0xfd, 0x40, 0xff, 0xff, 0x60, 0x7,
    0xff, 0x39, 0x7f, 0xfd, 0x40, 0xff, 0xfe, 0x80,
    0xe, 0x66, 0xf9, 0x0, 0xd9, 0xbd, 0x80, 0x1c,
    0x73, 0x3e, 0xe0, 0x49, 0x9f, 0x20, 0x4, 0x31,
    0x1f, 0xbc, 0x12, 0x23, 0xf1, 0x1, 0x3b, 0xfe,
    0x50, 0x37, 0x7f, 0xe0, 0x3f, 0xff, 0xfe, 0x3a,
    0x80, 0x7f, 0xf3, 0xaa, 0xbf, 0xf8, 0x62, 0x1,
    0xe5, 0x5f, 0xfe, 0x19, 0x80, 0x7c, 0xdf, 0xe9,
    0xe, 0xff, 0xb, 0xff, 0xa0, 0x3, 0xff, 0xf7,
    0x13, 0x20, 0x49, 0x96, 0x84, 0x4c, 0x85, 0x26,
    0x56, 0x11, 0x32, 0x6, 0x68, 0x9, 0x98, 0x80,
    0xcd, 0x1, 0xb3, 0xc, 0x15, 0x98, 0x20,

    /* U+76EE "目" */
    0xf, 0xff, 0xfe, 0x1d, 0x80, 0x44, 0x5f, 0xfc,
    0x0, 0xc, 0x5b, 0xbf, 0xf6, 0x0, 0x7f, 0xf6,
    0xc4, 0x7f, 0xe3, 0x0, 0xc5, 0xdd, 0xff, 0x68,
    0x7, 0x2a, 0xff, 0xf0, 0x0, 0x31, 0x55, 0x7f,
    0xd6, 0x1, 0xff, 0xda, 0x2b, 0xbf, 0xfa, 0x80,
    0x39, 0x13, 0xff, 0x80, 0x1, 0x8b, 0xff, 0xfe,
    0xe0, 0xf, 0xff, 0x59, 0x7f, 0xff, 0xdc, 0x1,
    0xc6, 0x7f, 0xfc, 0x0, 0xc, 0x59, 0x9f, 0xf6,
    0x80, 0x5d, 0x80, 0x1f, 0xf0, 0xfd, 0x80,

    /* U+76F4 "直" */
    0x0, 0xfe, 0x1a, 0x60, 0xf, 0xfe, 0x39, 0xae,
    0x0, 0x7f, 0xdb, 0xff, 0xf6, 0x82, 0xff, 0xfe,
    0x50, 0x2, 0xaf, 0xe4, 0x2, 0x55, 0xfc, 0xc0,
    0x8, 0xaa, 0xfa, 0x41, 0xea, 0xbf, 0x18, 0x7,
    0xf8, 0x40, 0x3f, 0xf8, 0x6d, 0xff, 0xd8, 0xb,
    0xff, 0xe0, 0xf, 0xe4, 0x77, 0xff, 0x0, 0x7f,
    0xdb, 0x11, 0xfe, 0x10, 0xf, 0xf4, 0xff, 0xff,
    0x84, 0x3, 0xfc, 0x8e, 0xff, 0xe0, 0xf, 0xfb,
    0x62, 0x3f, 0xc2, 0x1, 0xfe, 0xd8, 0x8f, 0xf0,
    0x80, 0x7f, 0x91, 0xdf, 0xfc, 0x1, 0xff, 0x4f,
    0xff, 0xf8, 0x40, 0x3f, 0xc2, 0x45, 0xfe, 0x0,
    0xff, 0xa3, 0x77, 0xfc, 0x20, 0x1f, 0xe6, 0xaa,
    0xff, 0x8, 0x7, 0xfb, 0xd5, 0x7f, 0xc0, 0x1e,
    0x89, 0x95, 0x6, 0xcc, 0xff, 0x84, 0x26, 0x64,
    0x66, 0x8c, 0x11, 0x9b, 0xfc, 0x0, 0x66, 0x8c,

    /* U+76F8 "相" */
    0x0, 0xe5, 0x50, 0x7, 0xff, 0x22, 0x20, 0x1,
    0xff, 0xcd, 0x2a, 0xaf, 0xf0, 0x7, 0xfc, 0xca,
    0xbf, 0xe1, 0x0, 0xff, 0xe0, 0x4f, 0xff, 0x94,
    0x2, 0x2a, 0xa8, 0x89, 0x54, 0x90, 0xf, 0xfe,
    0x8, 0xaa, 0xc0, 0x5, 0x53, 0x80, 0x7f, 0xf0,
    0x4f, 0xfd, 0xa0, 0x5f, 0xee, 0x0, 0xff, 0xe2,
    0x20, 0x7, 0xd3, 0xff, 0xe5, 0x0, 0xf5, 0x0,
    0x4, 0x3, 0x1b, 0x37, 0x88, 0x3, 0x90, 0xc0,
    0xfe, 0x0, 0x2a, 0x99, 0xf3, 0x80, 0x77, 0x80,
    0x81, 0xb9, 0x80, 0x7f, 0xf0, 0x91, 0xe, 0x66,
    0xe0, 0xe0, 0xf, 0xfe, 0x14, 0x85, 0x0, 0xd,
    0x88, 0xc2, 0xab, 0xe7, 0x0, 0xa0, 0x98, 0x80,
    0x28, 0xc3, 0x3, 0x55, 0xf1, 0x0, 0x5, 0xc2,
    0x0, 0x30, 0x98, 0x2, 0x7f, 0xfc, 0xa0, 0x1,
    0xb9, 0x10, 0xf, 0xfe, 0x3a, 0x30, 0x7, 0xff,
    0xa6, 0x7f, 0xfc, 0xa0, 0x1f, 0xfc, 0x24, 0x66,
    0xf1, 0x0, 0x7f, 0xf0, 0x1c, 0x7a, 0x67, 0xca,
    0x20,

    /* U+7701 "省" */
    0x0, 0xff, 0x84, 0x3, 0xff, 0x92, 0x3d, 0x80,
    0x1f, 0xfc, 0x55, 0x10, 0xf, 0x25, 0x8, 0x7,
    0xfd, 0x35, 0x60, 0x1e, 0xc5, 0xe7, 0x0, 0xfc,
    0x7a, 0xc9, 0x60, 0x1e, 0x8c, 0x38, 0xd3, 0x0,
    0xc3, 0x38, 0x53, 0x62, 0x1, 0xe2, 0x9f, 0x92,
    0xc8, 0x0, 0x27, 0x32, 0x6b, 0x0, 0x62, 0x62,
    0x9d, 0x54, 0x6e, 0x47, 0x90, 0x52, 0xab, 0x20,
    0xc, 0x36, 0xda, 0xcb, 0xae, 0x3, 0x71, 0x60,
    0x3a, 0xa0, 0x10, 0xb5, 0x7c, 0x93, 0x6d, 0x10,
    0x6, 0x72, 0x0, 0x89, 0xa7, 0x7a, 0x54, 0xe3,
    0x2c, 0x8, 0xb0, 0x80, 0x43, 0x9f, 0xb2, 0xc4,
    0x1, 0x1c, 0x6e, 0xfd, 0x40, 0x10, 0x81, 0xb4,
    0x81, 0xd5, 0x7f, 0xc0, 0x1e, 0xcc, 0x4b, 0x83,
    0x2a, 0xff, 0x90, 0x3, 0xfe, 0x5f, 0xff, 0xf7,
    0x0, 0x7f, 0xc7, 0x33, 0xfe, 0x80, 0xf, 0xf9,
    0x9b, 0xff, 0x80, 0x1, 0xff, 0x33, 0x7f, 0xf0,
    0x0, 0x3f, 0xe3, 0x99, 0xff, 0x40, 0x7, 0xfc,
    0xbf, 0xff, 0xee, 0x0, 0xff, 0x9d, 0xff, 0xe6,
    0x0, 0xff, 0x8a, 0x23, 0xfe, 0x0, 0xff, 0x97,
    0xff, 0xfd, 0xc0, 0x1f, 0xc3, 0xf4, 0x1, 0xfe,
    0x1f, 0xb0, 0x8,

    /* U+770B "看" */
    0x0, 0xff, 0xe0, 0x9, 0xa2, 0xb4, 0x55, 0x80,
    0x75, 0x66, 0xeb, 0xb9, 0xff, 0x76, 0x5d, 0x4b,
    0xaa, 0x84, 0x3, 0x84, 0x65, 0x45, 0x2, 0x9a,
    0xbc, 0xde, 0xfe, 0x10, 0xd, 0x5b, 0x98, 0xba,
    0xe0, 0x56, 0x54, 0x32, 0x10, 0xf, 0x86, 0x23,
    0xc0, 0x51, 0x1f, 0x38, 0x7, 0x1b, 0xbf, 0x18,
    0x2b, 0xbf, 0xd4, 0x1, 0xc5, 0xff, 0xa8, 0x1f,
    0xff, 0xf6, 0x80, 0x42, 0xef, 0xe8, 0x0, 0x3b,
    0xff, 0x98, 0x16, 0x23, 0xc4, 0xf, 0x11, 0xff,
    0x2, 0x7f, 0xec, 0x2, 0xff, 0xff, 0xe0, 0x70,
    0x7, 0xf, 0x2, 0x2a, 0xff, 0x80, 0x3f, 0x69,
    0x3, 0x55, 0x7f, 0x84, 0x3, 0x87, 0xc, 0x1b,
    0xbb, 0xf9, 0x40, 0x3c, 0x7e, 0x6a, 0x4, 0xef,
    0xfc, 0xc0, 0x1c, 0xf8, 0x35, 0x0, 0x93, 0x3f,
    0xc6, 0x1, 0x86, 0x93, 0x54, 0x0, 0xdf, 0xff,
    0xca, 0x1, 0x87, 0x6c, 0x80, 0x26, 0xff, 0xfe,
    0x50, 0xf, 0xf9, 0x26, 0x7f, 0x8c, 0x3, 0xfe,
    0x24, 0x4f, 0xe7, 0x0, 0xff, 0x9b, 0x77, 0xf9,
    0x0, 0x3f, 0xe5, 0xbb, 0xfe, 0x40, 0xf, 0xe2,
    0xfa, 0x44, 0xfe, 0xbf, 0x10, 0x0,

    /* U+771F "真" */
    0x0, 0xff, 0x21, 0x0, 0x7f, 0xf1, 0xca, 0xe0,
    0x3, 0xfe, 0x33, 0xfc, 0xe0, 0x26, 0x7f, 0x88,
    0x1, 0x99, 0xfa, 0x81, 0x33, 0x3f, 0x50, 0x2,
    0xef, 0xf4, 0x82, 0x5d, 0xfe, 0xa0, 0x2, 0x21,
    0x5d, 0xf8, 0xc0, 0xe, 0xfc, 0xc8, 0x82, 0x0,
    0xc9, 0x99, 0xd4, 0x9, 0x99, 0xde, 0x1, 0xfc,
    0xf9, 0x9f, 0xe1, 0x0, 0xff, 0xb, 0x37, 0xf8,
    0x3, 0xfe, 0x6a, 0xaf, 0xf0, 0x80, 0x7f, 0xa7,
    0xff, 0xfc, 0x20, 0x1f, 0xe9, 0xff, 0xff, 0x8,
    0x7, 0xf9, 0xaa, 0xbf, 0xc2, 0x1, 0xfe, 0xe4,
    0x4f, 0xf0, 0x7, 0xfd, 0x1d, 0xdf, 0xe1, 0x0,
    0xff, 0x3e, 0xef, 0xf8, 0x40, 0x39, 0x9d, 0xde,
    0x4, 0xab, 0xfe, 0x13, 0x77, 0x8e, 0x62, 0xa,
    0xb, 0x11, 0xfe, 0x1, 0x88, 0x93, 0xff, 0xda,
    0xb7, 0xff, 0x9a, 0xbf, 0xfc, 0xe0, 0x19, 0x2f,
    0x57, 0x0, 0x23, 0x6a, 0xfa, 0x50, 0xe, 0x49,
    0xeb, 0x45, 0xd8, 0x0, 0x8f, 0xe9, 0x55, 0x5f,
    0x24, 0x7, 0x6c, 0x71, 0xd4, 0x40, 0x1e, 0x5a,
    0xf9, 0x36, 0x50, 0x38, 0xdd, 0x38, 0x80, 0x7f,
    0xcd, 0x98, 0x60,

    /* U+7740 "着" */
    0x0, 0xff, 0xe8, 0xbe, 0x0, 0x7c, 0x78, 0x60,
    0x1f, 0xf7, 0x9d, 0x80, 0x7b, 0x8c, 0x3, 0xff,
    0x81, 0xa, 0x88, 0x0, 0xd6, 0x52, 0x60, 0x1f,
    0x77, 0xfe, 0x50, 0xbf, 0xfc, 0x81, 0x3f, 0xf9,
    0x40, 0x29, 0x77, 0xf1, 0x3, 0x3b, 0xff, 0x80,
    0x27, 0x88, 0xf0, 0x2, 0x62, 0x3f, 0x88, 0x3,
    0x7f, 0xf8, 0x83, 0xff, 0xf9, 0x40, 0x3a, 0x23,
    0x8c, 0x1a, 0x23, 0xf9, 0xc0, 0x39, 0xdf, 0x88,
    0x65, 0xdf, 0xf8, 0x80, 0x2f, 0xff, 0x84, 0x5f,
    0xff, 0xfc, 0x4, 0x7, 0x7e, 0x60, 0x17, 0x7f,
    0xfe, 0xb, 0x4, 0x47, 0x10, 0x4c, 0x47, 0xff,
    0x4, 0x80, 0x3a, 0x10, 0x3d, 0xdf, 0xfc, 0x40,
    0x1f, 0x33, 0x80, 0x1e, 0x23, 0xfc, 0xe0, 0x1e,
    0x69, 0x0, 0x67, 0xff, 0xf4, 0x0, 0x7d, 0x12,
    0x26, 0x19, 0xff, 0xfd, 0x0, 0x1e, 0xb7, 0x1c,
    0x50, 0x9b, 0xbf, 0xe6, 0x0, 0xf1, 0x1f, 0x90,
    0x3, 0x88, 0xbf, 0x8c, 0x3, 0xd3, 0x82, 0x1,
    0x3c, 0xcf, 0xf2, 0x80, 0x7f, 0xf0, 0x33, 0xff,
    0xfa, 0x40, 0x3f, 0xf8, 0x16, 0xef, 0xfd, 0x80,
    0x1f, 0xfc, 0x7, 0x88, 0xfe, 0x50, 0xf, 0xf4,
    0xff, 0xff, 0xf0, 0x54, 0x2,

    /* U+77AC "瞬" */
    0x0, 0xff, 0xe1, 0x89, 0xab, 0xb0, 0x5, 0x77,
    0xc4, 0xb5, 0x4b, 0xcd, 0xef, 0xec, 0xa8, 0xa0,
    0x9, 0x13, 0x84, 0x1d, 0x9d, 0xe4, 0x89, 0xbb,
    0x56, 0x0, 0x68, 0xfb, 0x0, 0x2f, 0x87, 0x5f,
    0x2a, 0x99, 0xe, 0x80, 0x3f, 0xe2, 0x25, 0x82,
    0xd, 0x80, 0x25, 0x80, 0x3f, 0xf8, 0xc, 0xc1,
    0x6, 0x70, 0x51, 0xb0, 0xf, 0x84, 0x0, 0xd4,
    0x63, 0x74, 0x85, 0x56, 0x11, 0x48, 0x1, 0x47,
    0xd0, 0x3, 0xd5, 0x8d, 0xdc, 0x22, 0x73, 0x27,
    0x52, 0x0, 0x89, 0x4c, 0x2, 0x1f, 0xf6, 0xef,
    0x7c, 0x78, 0x7, 0x55, 0x20, 0x3, 0x47, 0x0,
    0x73, 0xd3, 0x11, 0x80, 0x7e, 0x9f, 0x50, 0x88,
    0x19, 0x14, 0x0, 0xf5, 0x0, 0xfe, 0x70, 0x15,
    0x76, 0xcd, 0x80, 0xbd, 0x70, 0xa, 0xeb, 0xc0,
    0x28, 0x5d, 0xf0, 0x7a, 0xa3, 0x4, 0x52, 0x80,
    0x46, 0xa8, 0x0, 0x71, 0x90, 0x51, 0xf, 0x4c,
    0x4, 0x52, 0x0, 0xa3, 0xe8, 0x1a, 0x3, 0xc6,
    0x9d, 0xc8, 0x20, 0x1f, 0xe1, 0xd, 0x2b, 0x2d,
    0x2b, 0xc2, 0x13, 0x0, 0x8, 0x80, 0x3e, 0xbd,
    0x4d, 0x15, 0x22, 0xba, 0x43, 0x3b, 0x82, 0x1,
    0xfd, 0x45, 0x1, 0xf3, 0x25, 0x7, 0x99, 0x8,
    0x2, 0x3e, 0xc0, 0x27, 0x6a, 0x20, 0x46, 0x67,
    0x85, 0xb3, 0x0, 0x8, 0x9c, 0x31, 0x7, 0x50,
    0xf, 0xfe, 0x5, 0xdf, 0x1a, 0xbc, 0x0, 0x7f,
    0xf1, 0x87, 0x60, 0x3, 0xe5, 0xf3, 0x0, 0x80,

    /* U+77E5 "知" */
    0x0, 0xff, 0xe5, 0xf5, 0x0, 0x7f, 0xf1, 0x50,
    0x74, 0x3, 0xff, 0x8b, 0xa0, 0x80, 0x1e, 0x9e,
    0xef, 0xa4, 0x0, 0xe1, 0x9f, 0xfb, 0x80, 0xc4,
    0x3, 0x84, 0xc1, 0x84, 0x90, 0x0, 0x89, 0x0,
    0x5f, 0xdd, 0x78, 0x5, 0x61, 0x96, 0x7, 0x76,
    0xa0, 0xf, 0xf2, 0x93, 0x8, 0x7, 0xff, 0x14,
    0xac, 0x3, 0xff, 0x8a, 0xba, 0x40, 0x1f, 0xfc,
    0x5a, 0xbb, 0xc0, 0x57, 0x71, 0x80, 0x7f, 0x22,
    0x70, 0xa, 0x24, 0xc0, 0x1f, 0xdd, 0xff, 0x60,
    0x2f, 0xfc, 0xa0, 0x1f, 0xfc, 0x16, 0x2, 0x0,
    0xff, 0xe2, 0xe8, 0x8, 0x7, 0xff, 0x15, 0x81,
    0x9c, 0x3, 0xff, 0x86, 0xa2, 0x85, 0x8, 0x1,
    0xff, 0xc2, 0x80, 0x8f, 0xb, 0x20, 0xf, 0xfe,
    0x4, 0x12, 0x99, 0x50, 0x78, 0x5, 0xdf, 0xf7,
    0x0, 0x48, 0xe3, 0x60, 0x5, 0x51, 0x28, 0x0,
    0xd1, 0x23, 0x0, 0x1d, 0x85, 0x8, 0x5, 0x72,
    0xa0, 0xd, 0xbb, 0xb4, 0x1, 0x1, 0x8, 0x1,
    0x85, 0x80, 0x3f, 0xd7, 0x2e, 0x1, 0xfa, 0xbc,
    0x40, 0x21, 0xfa,

    /* U+77ED "短" */
    0x0, 0x84, 0xc0, 0x3f, 0xf9, 0x29, 0x8e, 0x1,
    0xff, 0xc8, 0xf0, 0x50, 0xd, 0xbb, 0xff, 0x50,
    0x6, 0x51, 0x31, 0x18, 0x8, 0xbf, 0xe6, 0x0,
    0x94, 0x7, 0xbb, 0x57, 0xff, 0xfd, 0x80, 0x14,
    0x83, 0x10, 0x33, 0x30, 0x3, 0xff, 0x84, 0x86,
    0x92, 0xe1, 0x32, 0x62, 0x88, 0xfe, 0x60, 0xa,
    0x43, 0xc0, 0x3c, 0xef, 0xfe, 0xd0, 0xb, 0x99,
    0x0, 0x3f, 0x4f, 0xff, 0x70, 0x7, 0x1c, 0x80,
    0x7f, 0xf2, 0x77, 0xba, 0x50, 0xee, 0x60, 0x7,
    0xff, 0x8, 0x84, 0x60, 0x0, 0x88, 0x80, 0x3f,
    0xf8, 0x5f, 0xf8, 0xc7, 0xfd, 0xc0, 0x9, 0xff,
    0xee, 0x0, 0xfe, 0x22, 0x0, 0x4c, 0xab, 0xfd,
    0x80, 0x1f, 0x9, 0x8, 0x0, 0xef, 0x2a, 0xbb,
    0xd, 0x40, 0x3c, 0xa0, 0x3a, 0x1, 0x54, 0xa0,
    0x6, 0xa6, 0x10, 0xf, 0x70, 0x21, 0xd0, 0x2,
    0x2, 0x0, 0x21, 0x33, 0x80, 0x38, 0x91, 0x16,
    0x4a, 0xc0, 0x68, 0x66, 0x0, 0x48, 0x50, 0x7,
    0xa4, 0x20, 0x3c, 0x20, 0x1, 0x1, 0x40, 0x6,
    0x16, 0x0, 0xe6, 0x45, 0x30, 0x29, 0xb0, 0x1,
    0xc4, 0x83, 0xc, 0x80, 0x71, 0xc8, 0xd8, 0x4,
    0xd1, 0xbb, 0x56, 0xea, 0x42, 0xb7, 0x63, 0xd,
    0xa, 0x10, 0xc, 0x45, 0xf0, 0x0, 0x8b, 0x38,
    0x54, 0x20, 0x7, 0x7f, 0xff, 0xf0, 0x50,

    /* U+7801 "码" */
    0x0, 0xff, 0x88, 0xbf, 0x8, 0x4, 0x97, 0x7f,
    0x97, 0x77, 0xf5, 0x80, 0x44, 0x89, 0xf9, 0x9d,
    0xfc, 0xa0, 0x60, 0x13, 0x7f, 0xb0, 0x17, 0xfe,
    0x38, 0x98, 0x8d, 0xe1, 0xc0, 0x1e, 0x40, 0xf0,
    0xe, 0xea, 0x0, 0x8c, 0x4, 0x3, 0xd6, 0x8,
    0x1, 0x88, 0xc, 0x2, 0xe0, 0x20, 0xe, 0x23,
    0x51, 0x0, 0xc2, 0x1c, 0x1, 0x8, 0x38, 0x7,
    0x58, 0x70, 0x7, 0x30, 0x8, 0x4, 0x40, 0x40,
    0x18, 0x58, 0x23, 0x32, 0x40, 0x30, 0x20, 0x9,
    0xc0, 0x40, 0x34, 0x0, 0xc, 0xf1, 0x7, 0x0,
    0x71, 0x8, 0x6, 0x36, 0x0, 0x7f, 0xac, 0x2,
    0x20, 0xbf, 0xf8, 0x45, 0xfe, 0x40, 0xe0, 0x20,
    0xf, 0xb5, 0x57, 0xe2, 0x7, 0x42, 0x97, 0x0,
    0xf9, 0xea, 0xbe, 0x40, 0x14, 0xb6, 0x0, 0xff,
    0xe2, 0x18, 0x4, 0x80, 0x1f, 0xa2, 0xab, 0xe3,
    0x10, 0x30, 0xf, 0xf2, 0xaf, 0xe7, 0x70, 0x8,
    0x7, 0xfb, 0x7f, 0xfe, 0x41, 0x0, 0xff, 0xe4,
    0x98, 0x7, 0xdf, 0xeb, 0x0, 0xff, 0x84, 0x80,
    0x36, 0xa2, 0x71, 0x0, 0x72, 0xcd, 0x68, 0x38,
    0x6, 0x7b, 0xbe, 0x40, 0xe, 0x16, 0x52, 0x38,
    0x0, 0xff, 0xe2, 0x26, 0x77, 0xe1, 0x0,

    /* U+7834 "破" */
    0x0, 0xff, 0xe1, 0x99, 0x0, 0x7f, 0xf2, 0x72,
    0x40, 0x3e, 0x13, 0x3f, 0x80, 0x3f, 0xf8, 0x6d,
    0x99, 0xf0, 0x80, 0x7f, 0xf0, 0x8d, 0x98, 0x20,
    0xcd, 0xf, 0x7f, 0xe0, 0x4f, 0xfd, 0x40, 0x4,
    0x99, 0x1, 0xcc, 0xc0, 0x1, 0x44, 0x80, 0x51,
    0x20, 0xf, 0x18, 0xd8, 0x7, 0x2d, 0xdc, 0xb,
    0x76, 0xe0, 0xe0, 0xd, 0x60, 0xa0, 0x1f, 0xfc,
    0x1e, 0x14, 0x0, 0xcc, 0x64, 0x1, 0xff, 0xc1,
    0x9d, 0x0, 0xca, 0x25, 0x77, 0x8, 0x7, 0xf8,
    0x8c, 0x3, 0x40, 0xa, 0x24, 0x60, 0x4, 0xff,
    0x81, 0x3f, 0xe8, 0x0, 0x94, 0x81, 0xfe, 0x80,
    0x21, 0x10, 0x1, 0x13, 0x18, 0x78, 0x0, 0x6c,
    0x44, 0x1, 0xf2, 0x28, 0x55, 0xde, 0x4, 0x0,
    0x40, 0xc0, 0x7, 0xf7, 0x3, 0x0, 0x54, 0x46,
    0x0, 0x98, 0x60, 0xf, 0x10, 0x12, 0x14, 0x88,
    0x29, 0x58, 0x6, 0x70, 0xf, 0x98, 0x38, 0x24,
    0x6c, 0x68, 0x98, 0x3, 0xff, 0x80, 0x60, 0xa0,
    0x8a, 0xaf, 0xe, 0x0, 0xff, 0xe0, 0xd8, 0x18,
    0x2, 0xc0, 0x54, 0xc0, 0x3f, 0x2d, 0x48, 0x31,
    0xb0, 0x0, 0xf0, 0x5, 0x64, 0x3, 0xf1, 0x29,
    0x87, 0x85, 0xc, 0xe1, 0x57, 0x9b, 0x72, 0x80,
    0x77, 0x7f, 0xd8, 0x89, 0x7b, 0x1e, 0xa8, 0xe4,
    0xd, 0x62, 0x0, 0x7d, 0x21, 0x38, 0x13, 0x84,
    0x1, 0x3e, 0xa1, 0x80, 0x7e, 0xac, 0x2a, 0xf6,
    0x0, 0xf1, 0x5e, 0x20,

    /* U+786C "硬" */
    0x0, 0xfe, 0x12, 0x2f, 0xfe, 0x0, 0x0, 0xaa,
    0xbe, 0x9d, 0xdf, 0xfe, 0x1, 0x3, 0x2a, 0xfd,
    0x93, 0x3a, 0x1, 0x26, 0x78, 0x81, 0x3f, 0xce,
    0x19, 0xfe, 0x46, 0x6e, 0x3, 0x66, 0xe0, 0xe,
    0x41, 0x30, 0xf, 0xfe, 0x38, 0x9a, 0x0, 0x6b,
    0xff, 0xb8, 0x1f, 0xff, 0x0, 0x73, 0x7, 0x0,
    0x79, 0xdc, 0xc0, 0x6e, 0xe3, 0x0, 0xf5, 0x2,
    0x88, 0x80, 0x21, 0x88, 0x81, 0x22, 0x8, 0x1,
    0xc8, 0x41, 0xdd, 0x30, 0x0, 0x5d, 0xcc, 0x6,
    0xee, 0x30, 0xe, 0x80, 0x16, 0x50, 0xe, 0x88,
    0x81, 0x22, 0x8, 0x1, 0x94, 0xc1, 0x66, 0xc0,
    0x30, 0xff, 0xb8, 0x1f, 0xfc, 0xe0, 0x1a, 0xc0,
    0x40, 0x3f, 0xf8, 0xe6, 0x30, 0x60, 0x1f, 0xc,
    0xca, 0x1, 0x26, 0x48, 0x1, 0x1e, 0x38, 0x7,
    0xc2, 0xc, 0xd0, 0x1b, 0x30, 0xc0, 0x31, 0x80,
    0x7e, 0xe1, 0xcf, 0xb0, 0xaf, 0xfc, 0x1, 0xff,
    0xc0, 0x60, 0xd2, 0x30, 0x70, 0xf, 0xfe, 0x21,
    0x50, 0xe4, 0x89, 0x0, 0x7f, 0x97, 0x34, 0x3,
    0x25, 0x8, 0x88, 0x40, 0x3f, 0x84, 0x46, 0x60,
    0xc, 0xd0, 0x2, 0x7d, 0x6c, 0x60, 0x1e, 0xcf,
    0xfc, 0x75, 0xf2, 0x51, 0xd4, 0x69, 0x39, 0xfa,
    0xc0, 0x1f, 0xad, 0x4a, 0x39, 0xc1, 0x73, 0xa5,
    0x8c, 0xc4, 0x1, 0xfa, 0xb3, 0x5c, 0x40, 0x30,
    0xb4, 0xe7, 0x20,

    /* U+786E "确" */
    0x0, 0xff, 0xe0, 0xab, 0x0, 0x7f, 0xf2, 0x2e,
    0x0, 0x3f, 0xaa, 0xbe, 0x60, 0x4, 0x9, 0x3b,
    0xf0, 0x4, 0x2a, 0xbf, 0x78, 0xb, 0x81, 0xc4,
    0x69, 0x0, 0x87, 0xfd, 0x21, 0x5f, 0xe9, 0xa,
    0xa, 0xdd, 0x94, 0x18, 0x3, 0xd8, 0xa, 0x1,
    0x32, 0x21, 0x48, 0x8c, 0xa5, 0x0, 0x1e, 0x43,
    0x0, 0x8a, 0x42, 0x40, 0x5, 0x41, 0xc0, 0x1e,
    0x51, 0xb0, 0x0, 0xf8, 0x3, 0x7f, 0xda, 0x21,
    0x9f, 0xe8, 0x0, 0xa4, 0x18, 0x2, 0x12, 0x5,
    0x58, 0x9, 0x56, 0x0, 0xc8, 0x61, 0x75, 0x44,
    0xc5, 0xb, 0xaa, 0xb, 0xd5, 0x2c, 0x3, 0x40,
    0x1, 0x10, 0xba, 0x1, 0xff, 0xc2, 0x63, 0x1,
    0xee, 0x0, 0x77, 0x7f, 0x85, 0x7f, 0xdc, 0x0,
    0x19, 0x14, 0x0, 0xfc, 0x89, 0x0, 0xa2, 0x40,
    0x12, 0x40, 0x80, 0x7e, 0xbb, 0x85, 0x2e, 0xd4,
    0x0, 0x1b, 0x60, 0xf, 0xfe, 0x88, 0x84, 0xcc,
    0x2f, 0x32, 0xb0, 0xf, 0xfe, 0x1, 0x83, 0x34,
    0x4, 0xcc, 0x50, 0xf, 0xfe, 0x3, 0x9f, 0xfc,
    0x2b, 0xfe, 0xe0, 0xf, 0xd, 0x50, 0x0, 0x24,
    0xa0, 0x1f, 0xfc, 0x35, 0x50, 0x1, 0xc3, 0x40,
    0x3e, 0x30, 0xf0, 0xa, 0xbf, 0xf4, 0x40, 0x50,
    0x3, 0x92, 0xf0, 0x4, 0x3, 0xf4, 0xc, 0x80,
    0x79, 0x90, 0x44, 0xe0, 0x1f, 0xa5, 0x9c, 0x3,
    0x75, 0x15, 0x67, 0x8,

    /* U+788D "碍" */
    0x0, 0xff, 0x9, 0x17, 0xf0, 0x80, 0x4a, 0xef,
    0xf1, 0x56, 0xef, 0xf5, 0x80, 0x53, 0x11, 0xf3,
    0x80, 0x2e, 0xfd, 0x40, 0x1d, 0xf7, 0x61, 0x15,
    0xdc, 0x80, 0x4, 0x4f, 0x80, 0x38, 0xd1, 0x45,
    0x13, 0x8, 0x3, 0xff, 0xdc, 0x1, 0xf3, 0x87,
    0x80, 0x7a, 0x26, 0x7a, 0x0, 0x3e, 0xa0, 0x50,
    0xf, 0x3b, 0x37, 0x80, 0x3c, 0x46, 0xa0, 0x1f,
    0x7f, 0xfb, 0x80, 0x3d, 0x60, 0xbf, 0xf2, 0x7,
    0xc4, 0x7f, 0x70, 0x4, 0x4c, 0x6, 0xc8, 0x1,
    0x23, 0xbf, 0xf2, 0x0, 0x50, 0x0, 0xa9, 0xf0,
    0x2, 0xff, 0xff, 0xf0, 0x1, 0x54, 0x40, 0x1e,
    0x67, 0x7f, 0x98, 0x9, 0xdc, 0x12, 0x10, 0x1,
    0xe3, 0x88, 0xfc, 0xf, 0x10, 0xd, 0x97, 0x0,
    0xff, 0xe4, 0xb, 0x0, 0x78, 0xbf, 0xff, 0x70,
    0x2f, 0xfa, 0x40, 0x3f, 0x14, 0x30, 0x3c, 0x46,
    0x70, 0x28, 0x86, 0x80, 0x7f, 0x3f, 0x2, 0xb3,
    0xbd, 0x20, 0xef, 0x20, 0x7, 0x84, 0x2, 0x77,
    0x17, 0x90, 0x7, 0xff, 0x2, 0x7e, 0x80, 0x34,
    0x40, 0x6c, 0x0, 0x60, 0x1f, 0x1a, 0xaf, 0x30,
    0x4, 0xf3, 0x8, 0xdc, 0x4, 0x1, 0xc3, 0x55,
    0xc4, 0x1, 0x98, 0x2e, 0x4c, 0x2c, 0x3, 0xff,
    0x8a, 0x33, 0x2b, 0xe3, 0x0, 0x80,

    /* U+793A "示" */
    0x0, 0x8b, 0x33, 0xff, 0x87, 0x0, 0x1e, 0x13,
    0x3f, 0xfe, 0x20, 0x7, 0x8f, 0xff, 0xff, 0x87,
    0x60, 0x1f, 0xff, 0xd5, 0xaa, 0xff, 0xe4, 0x0,
    0x35, 0x57, 0xff, 0x90, 0x21, 0x3b, 0xbf, 0xc0,
    0xd, 0xdf, 0xe1, 0x1, 0x22, 0xfe, 0x0, 0x11,
    0x7f, 0x0, 0x78, 0x75, 0xc0, 0x3f, 0x44, 0x0,
    0x3f, 0xd0, 0x40, 0x1f, 0x85, 0x5d, 0x80, 0x3f,
    0x23, 0x13, 0x80, 0x7c, 0x3e, 0x12, 0x60, 0x1e,
    0x1a, 0xe, 0x0, 0xfe, 0x2a, 0xd, 0x10, 0xe,
    0xa1, 0x73, 0x0, 0xff, 0x2b, 0xd, 0x0, 0x68,
    0x43, 0x80, 0xf, 0xfe, 0x4, 0x92, 0x38, 0x1,
    0x9c, 0x74, 0x3, 0xff, 0x85, 0xc1, 0x4, 0x14,
    0x1a, 0x20, 0x1c, 0x80, 0x20, 0x1e, 0x37, 0x43,
    0xc, 0xc1, 0x80, 0x51, 0xbd, 0x60, 0xa0, 0x1f,
    0x45, 0x88, 0x0, 0xc0, 0x36, 0x90, 0x89, 0x68,
    0x3, 0xff, 0x8a, 0xbd, 0xfd, 0x42, 0x1, 0xfe,

    /* U+79CD "种" */
    0x0, 0xff, 0xe1, 0x35, 0x88, 0x7, 0xfc, 0x6f,
    0x64, 0x1, 0xbd, 0xc, 0x3, 0xc6, 0xf5, 0xbf,
    0x90, 0x8c, 0x1, 0xff, 0xc1, 0xa8, 0x52, 0x5,
    0xae, 0x40, 0xf, 0xfe, 0xd, 0x5f, 0x38, 0x42,
    0x88, 0x11, 0x63, 0x1, 0x22, 0xc0, 0x3, 0x41,
    0x0, 0xe2, 0xdd, 0xca, 0x19, 0xbb, 0x84, 0x3,
    0xfe, 0x25, 0x51, 0x2, 0x2a, 0x84, 0x2, 0x8b,
    0xb3, 0x7, 0x5d, 0x84, 0x16, 0xa8, 0x81, 0x35,
    0x44, 0x0, 0x8d, 0x10, 0x20, 0x68, 0x80, 0xf,
    0xfe, 0x15, 0xff, 0x8c, 0x33, 0xfc, 0x20, 0x1f,
    0xfc, 0x32, 0x30, 0xf, 0xfe, 0x44, 0x0, 0x35,
    0x40, 0x3f, 0xf8, 0x84, 0xa0, 0x15, 0x30, 0x7,
    0xff, 0xf, 0x85, 0x82, 0x8a, 0x54, 0x16, 0xa8,
    0x81, 0x35, 0x44, 0x0, 0x98, 0xe4, 0x41, 0xb0,
    0x88, 0x4, 0xaa, 0x20, 0x45, 0x50, 0x80, 0x6,
    0x49, 0xc0, 0x21, 0xd5, 0xee, 0xca, 0x19, 0xdd,
    0x85, 0x2, 0x40, 0x3e, 0x11, 0xc6, 0x2, 0x3c,
    0xb, 0x88, 0x1, 0xff, 0xc8, 0x30, 0xf, 0xff,
    0xf8, 0x7, 0xfc,

    /* U+79D2 "秒" */
    0x0, 0xff, 0xe1, 0x90, 0x7, 0xff, 0x14, 0xc0,
    0x31, 0x6d, 0x0, 0x7f, 0xc4, 0x8f, 0x7f, 0x80,
    0x1f, 0xfc, 0x34, 0xdf, 0xdb, 0x84, 0x37, 0x10,
    0xf, 0xc2, 0x1, 0xe3, 0x46, 0x4, 0xfc, 0x81,
    0xc, 0x80, 0x8, 0x7a, 0x80, 0x39, 0x3a, 0xe4,
    0x4, 0x3, 0x21, 0x90, 0x4, 0x2a, 0x88, 0x0,
    0xff, 0xe1, 0x68, 0x78, 0x6, 0x90, 0x90, 0xc,
    0x6c, 0xd0, 0x33, 0x4a, 0xe, 0x8, 0x1, 0x89,
    0x89, 0x40, 0x24, 0x99, 0x80, 0xe6, 0x56, 0x82,
    0x82, 0x1, 0xd0, 0x10, 0x1, 0x2d, 0xda, 0x1,
    0x2e, 0xd5, 0xc1, 0xc0, 0x1e, 0x16, 0x26, 0x0,
    0x12, 0x23, 0x40, 0x51, 0x25, 0x15, 0x0, 0xfa,
    0xc2, 0xc0, 0x31, 0x28, 0x0, 0xc1, 0xc1, 0x80,
    0x3e, 0x12, 0x52, 0x20, 0x5, 0x0, 0x5, 0xc6,
    0xb0, 0x90, 0xf, 0xb2, 0xa3, 0x48, 0x0, 0x8b,
    0x0, 0x87, 0x32, 0xc1, 0x0, 0xf4, 0x91, 0x60,
    0xa, 0x45, 0xc0, 0x74, 0xa8, 0x40, 0x30, 0x93,
    0x30, 0xe0, 0x3, 0x49, 0x50, 0x4, 0x3e, 0xa4,
    0x1, 0x17, 0x72, 0x4b, 0x40, 0x31, 0x33, 0x10,
    0x3, 0x15, 0x0, 0x74, 0x48, 0xf8, 0x80, 0x62,
    0xa9, 0x0, 0xff, 0x1e, 0xb9, 0xf9, 0x0, 0x79,
    0x40, 0x3f, 0x8a, 0xb0, 0x9b, 0x4, 0x3, 0xff,
    0x86, 0x97, 0xaa, 0x79, 0x20, 0x1f, 0xfc, 0x33,
    0xeb, 0x43, 0xac, 0x30, 0xf, 0xfe, 0x21, 0xaa,
    0xb3, 0xa, 0x1, 0xff, 0xc4, 0xfa, 0xb, 0xa3,
    0x0, 0xff, 0xe0, 0x80,

    /* U+79F0 "称" */
    0x0, 0xff, 0xe9, 0x98, 0x5, 0x9c, 0x1, 0xff,
    0x9, 0xac, 0x5f, 0x61, 0x0, 0x9a, 0x0, 0x7f,
    0x9b, 0xb2, 0x9d, 0x55, 0x6, 0xe, 0x18, 0x1,
    0xfe, 0x46, 0x87, 0xb, 0xb3, 0x88, 0x50, 0x4f,
    0xff, 0xce, 0x0, 0x29, 0x7c, 0x0, 0xe2, 0x32,
    0x55, 0xf1, 0x80, 0x7f, 0xf0, 0x6c, 0x3a, 0xab,
    0xc0, 0x6, 0x0, 0x25, 0x53, 0xc2, 0x6a, 0x5,
    0x8c, 0xc0, 0x8c, 0x0, 0x33, 0x30, 0x80, 0x9,
    0x54, 0x80, 0x6a, 0xab, 0x9, 0x0, 0x74, 0x90,
    0x40, 0x58, 0x4, 0xdf, 0xe7, 0xa, 0xfc, 0x72,
    0x50, 0xf, 0x4c, 0x88, 0x3, 0xcc, 0x4, 0x3,
    0xb8, 0x1, 0xf1, 0x30, 0x7, 0x94, 0x42, 0x28,
    0x0, 0x3b, 0x60, 0x19, 0x38, 0x80, 0x3d, 0x20,
    0x3, 0x58, 0x3, 0x23, 0x0, 0xcc, 0x32, 0x1,
    0xca, 0x6c, 0x12, 0x8e, 0x54, 0x14, 0x1, 0x89,
    0x90, 0xc0, 0x35, 0x96, 0x80, 0x2a, 0xd, 0x90,
    0x80, 0x3a, 0xc2, 0x40, 0x28, 0x18, 0x0, 0x85,
    0xd8, 0x3c, 0x3, 0xc4, 0xaa, 0x20, 0x3, 0x1a,
    0x80, 0x61, 0x82, 0x40, 0xf, 0xb8, 0x28, 0x1,
    0xfc, 0x1, 0xd0, 0x10, 0x1, 0xf9, 0x9, 0xc0,
    0x2, 0x40, 0x18, 0xd8, 0xd4, 0x3, 0xfa, 0x81,
    0x40, 0x3f, 0x2f, 0x80, 0x42, 0xe0, 0x60, 0x13,
    0x23, 0x80, 0x7c, 0x74, 0x60, 0x9d, 0xc2, 0x20,
    0x80, 0x43, 0x64, 0x1, 0xff, 0x22, 0xaa, 0x30,
    0x3, 0xe0,

    /* U+79FB "移" */
    0x0, 0xff, 0xe1, 0x18, 0x80, 0x7f, 0xf0, 0x45,
    0x80, 0x30, 0xee, 0x0, 0x7e, 0x25, 0x8b, 0xee,
    0x49, 0x0, 0x54, 0x32, 0x1, 0xf4, 0xed, 0x3a,
    0x13, 0x51, 0x0, 0x21, 0x2, 0xff, 0xf9, 0x83,
    0x62, 0x9c, 0x3e, 0x54, 0x1, 0xe, 0x8e, 0xfc,
    0x20, 0x40, 0x8e, 0xbc, 0x1, 0xd4, 0xe3, 0x51,
    0x18, 0x5, 0xd0, 0x3, 0xfa, 0xd5, 0x43, 0x84,
    0x0, 0x87, 0x58, 0x0, 0x2c, 0x43, 0x42, 0xa2,
    0x1f, 0x54, 0xc3, 0x51, 0xb7, 0x75, 0x0, 0x5c,
    0xee, 0x40, 0x67, 0x72, 0xa8, 0xf, 0xc7, 0xd2,
    0xa0, 0x3, 0x5f, 0xf8, 0x83, 0x3f, 0xc2, 0x0,
    0x6c, 0x93, 0xc5, 0x0, 0xf9, 0x8, 0x3, 0x24,
    0xfc, 0x84, 0x87, 0x0, 0x7e, 0xf0, 0x4, 0x88,
    0x5b, 0x25, 0xee, 0x8a, 0x0, 0x3e, 0x34, 0x30,
    0x5c, 0xb, 0xeb, 0x4b, 0x40, 0xaf, 0xfe, 0x0,
    0x78, 0xd0, 0x41, 0x52, 0x8, 0xb1, 0x19, 0xdf,
    0x28, 0x8, 0x31, 0xc0, 0x1, 0x25, 0x4d, 0x3c,
    0xde, 0x62, 0x33, 0x85, 0xc, 0x13, 0x0, 0x4d,
    0x75, 0x66, 0x67, 0x60, 0xa, 0xca, 0x11, 0xc6,
    0x40, 0x3b, 0x59, 0xf7, 0x1a, 0x54, 0x71, 0x21,
    0xc1, 0xad, 0x0, 0x3a, 0x72, 0x0, 0x13, 0x20,
    0xf3, 0xa7, 0x0, 0x90, 0x3, 0xe3, 0x0, 0x8e,
    0xa8, 0x5a, 0xa0, 0x1f, 0xfc, 0x26, 0xcc, 0x14,
    0xe1, 0x0, 0x7f, 0xf0, 0x16, 0xbe, 0x46, 0x79,
    0x80, 0x3f, 0xf8, 0x5c, 0xaa, 0xbd, 0x60, 0xf,
    0xfe, 0x3, 0x79, 0x85, 0x7d, 0x20, 0x7, 0xf8,

    /* U+7A0B "程" */
    0x0, 0xf8, 0x98, 0x3, 0xff, 0x88, 0x4b, 0x17,
    0xdb, 0x23, 0xbd, 0xdf, 0xc8, 0x1, 0x4e, 0xd3,
    0xa1, 0x3d, 0x89, 0x2, 0x27, 0x88, 0x40, 0x36,
    0xbc, 0xb0, 0x74, 0x20, 0x1, 0x6a, 0xbd, 0x60,
    0x1c, 0x90, 0xde, 0x1, 0xff, 0xd2, 0x11, 0xf0,
    0x7, 0x9a, 0xaa, 0x9, 0xaa, 0x0, 0x13, 0xbb,
    0xd0, 0x1, 0xde, 0xaa, 0x30, 0x45, 0x50, 0xcc,
    0xff, 0x94, 0x2, 0x9f, 0xf1, 0x86, 0xff, 0x85,
    0x9b, 0xfc, 0x20, 0x1c, 0x26, 0x1, 0x9a, 0x67,
    0xfe, 0x20, 0xd, 0x20, 0xc, 0x50, 0xd6, 0x6f,
    0xf9, 0xc0, 0x33, 0x8, 0x2, 0x8e, 0xbb, 0xb2,
    0x7, 0x77, 0x28, 0x4, 0xe2, 0xc1, 0x41, 0xc2,
    0x3c, 0x0, 0x11, 0xe0, 0x8, 0x61, 0x78, 0x1a,
    0x49, 0x0, 0x3f, 0xf8, 0x56, 0x10, 0x1, 0x35,
    0x2f, 0xfe, 0x40, 0xff, 0xd0, 0x0, 0x45, 0x62,
    0x0, 0xca, 0x28, 0x98, 0x41, 0x13, 0x70, 0x1,
    0x1a, 0x0, 0x3e, 0xbb, 0xca, 0x17, 0x79, 0x80,
    0x29, 0x10, 0xf, 0xfe, 0x84, 0xd5, 0x72, 0x85,
    0x57, 0x80, 0x3f, 0x99, 0x57, 0x84, 0x15, 0x7c,
    0x20, 0x1f, 0xbb, 0xbf, 0xf8, 0x42,

    /* U+7A33 "稳" */
    0x0, 0xff, 0xe0, 0xb, 0x90, 0x7, 0xff, 0xc,
    0x94, 0x2, 0x88, 0x30, 0x7, 0xf8, 0x95, 0xef,
    0xb6, 0xc0, 0x6, 0xc2, 0x25, 0x5c, 0x40, 0x19,
    0x36, 0xa1, 0x15, 0xf4, 0x1, 0xc0, 0x35, 0x5c,
    0xa0, 0x19, 0x62, 0x98, 0x2e, 0xc, 0x28, 0xab,
    0xbb, 0x18, 0xb0, 0x6, 0x17, 0x51, 0x0, 0xd2,
    0xae, 0xa2, 0x34, 0x1d, 0x8, 0x7, 0xfc, 0x2e,
    0x3c, 0xcd, 0x43, 0x19, 0x32, 0x80, 0x47, 0x10,
    0x40, 0x88, 0x37, 0x94, 0xce, 0x70, 0x39, 0x95,
    0x0, 0x48, 0xee, 0x30, 0x77, 0x48, 0xef, 0x77,
    0xe4, 0x0, 0xcf, 0xda, 0x0, 0xde, 0xf0, 0x11,
    0xff, 0x0, 0x70, 0xb0, 0x4, 0x22, 0x4f, 0xff,
    0xe5, 0x0, 0xf7, 0x0, 0x35, 0xc1, 0x6a, 0xbf,
    0x8c, 0x3, 0x89, 0x44, 0x1a, 0x18, 0x55, 0x7f,
    0x98, 0x3, 0xac, 0x58, 0x25, 0x66, 0x5f, 0xff,
    0xca, 0x1, 0x89, 0x98, 0x1, 0x55, 0x35, 0xdf,
    0x2a, 0x3b, 0xe8, 0x0, 0xa4, 0x64, 0x3, 0x2a,
    0xa2, 0x6a, 0x5, 0xe2, 0x32, 0x0, 0xd, 0x24,
    0x40, 0x3b, 0x29, 0xf4, 0x60, 0xd0, 0x1, 0x3a,
    0x20, 0x74, 0xe0, 0x1c, 0x44, 0xf0, 0x8, 0xcd,
    0x2, 0x10, 0x2c, 0x0, 0x50, 0xf, 0x58, 0x28,
    0x6, 0x88, 0x27, 0x82, 0xc8, 0x7, 0xf3, 0x30,
    0xc, 0xc, 0x11, 0x6, 0x3, 0x22, 0x80, 0x1f,
    0x38, 0x58, 0x30, 0x73, 0xba, 0x20, 0x40, 0x65,
    0xc0, 0x1f, 0x34, 0x90, 0x1b, 0x14, 0x41, 0xca,
    0x40, 0x11, 0x0,

    /* U+7A7A "空" */
    0x0, 0xfe, 0x26, 0x20, 0xf, 0xfe, 0x33, 0xcd,
    0x80, 0x7f, 0xf1, 0x94, 0x18, 0x3, 0xfc, 0x55,
    0x5f, 0x84, 0x2e, 0xab, 0xe0, 0x3, 0x2a, 0xfe,
    0x10, 0x45, 0x5f, 0x84, 0x2, 0x8f, 0xff, 0xfe,
    0x12, 0x0, 0x7f, 0xf0, 0xc4, 0x3, 0xff, 0x84,
    0xfc, 0x1, 0x27, 0x48, 0x80, 0x79, 0x35, 0xc0,
    0xb2, 0x0, 0x80, 0x22, 0x6e, 0x81, 0xad, 0x10,
    0x1, 0xc, 0xe9, 0xb7, 0x90, 0x1, 0x36, 0x89,
    0xfd, 0xc8, 0x2, 0x7f, 0x62, 0xb9, 0x10, 0xe,
    0x5d, 0x90, 0x9c, 0x21, 0xe8, 0x9, 0xd4, 0x0,
    0xfe, 0x6f, 0x53, 0x91, 0x78, 0xf6, 0x0, 0xff,
    0xe0, 0xd, 0x53, 0xc2, 0x5e, 0x3f, 0xff, 0xf8,
    0x4c, 0xa8, 0x1, 0x62, 0xaf, 0x80, 0xa, 0xbf,
    0x0, 0x72, 0xd5, 0x75, 0x81, 0x55, 0x78, 0xc0,
    0x3f, 0xfe, 0xa3, 0x33, 0xfa, 0xc0, 0xa6, 0x7f,
    0x41, 0xb3, 0x7e, 0x50, 0x3, 0x37, 0xf1, 0x7f,
    0xff, 0xf1, 0xf8,

    /* U+7A81 "突" */
    0x0, 0xff, 0x11, 0x0, 0x3f, 0xf8, 0xe5, 0xb0,
    0x1, 0xff, 0xc7, 0x23, 0x50, 0xf, 0xf8, 0xa6,
    0x7f, 0x8, 0x5c, 0xcf, 0xc2, 0x0, 0x66, 0xfe,
    0x20, 0x46, 0x6f, 0x8c, 0x3, 0x47, 0xff, 0xff,
    0x9, 0x80, 0x3f, 0xc5, 0x42, 0x0, 0x77, 0x8,
    0x7, 0xe6, 0x74, 0x2, 0x9d, 0x57, 0x0, 0x54,
    0x75, 0xa0, 0x63, 0x98, 0x0, 0xa0, 0x2b, 0x58,
    0xa9, 0x80, 0x1b, 0x8a, 0x97, 0xa7, 0x2, 0x0,
    0x7d, 0xc5, 0x3a, 0xd5, 0x15, 0x20, 0x3b, 0xe8,
    0x39, 0xe5, 0x0, 0x61, 0x2e, 0x61, 0x40, 0x5,
    0x56, 0x0, 0xca, 0x7e, 0x81, 0xd0, 0x5, 0x7d,
    0x18, 0x7, 0xf5, 0xa5, 0x83, 0xf5, 0x0, 0x4,
    0x3, 0xe7, 0x0, 0xcc, 0xe0, 0x20, 0x24, 0x3,
    0xff, 0xfa, 0xc1, 0xbf, 0xe7, 0x4e, 0xff, 0x68,
    0xb, 0x37, 0xe2, 0x2, 0x66, 0xfd, 0x40, 0x9,
    0x9f, 0xc0, 0x3, 0x89, 0x9f, 0x9c, 0x3, 0xfa,
    0x48, 0xc7, 0x44, 0x3, 0xff, 0x87, 0x2c, 0x5b,
    0x47, 0x84, 0x1, 0xff, 0xc0, 0x4d, 0x62, 0xf1,
    0x5a, 0x2d, 0x91, 0x0, 0xf8, 0x5b, 0x6c, 0x9b,
    0x48, 0x0, 0xba, 0x8d, 0xd4, 0x80, 0x12, 0xdf,
    0x49, 0x26, 0x48, 0x7, 0x15, 0xe2, 0x2d, 0xfd,
    0x21, 0x20, 0xbe, 0xd9, 0x80, 0x7e, 0x3b, 0xd7,
    0x15, 0x16, 0xce, 0x82, 0x0, 0xff, 0xe0, 0x14,
    0x76, 0x28,

    /* U+7ACB "立" */
    0x0, 0xfe, 0x37, 0x10, 0xf, 0xfe, 0x3d, 0xc3,
    0x80, 0x7f, 0xf1, 0xf0, 0x34, 0x3, 0xff, 0x8e,
    0x80, 0x80, 0x1f, 0xf4, 0x66, 0x7e, 0x0, 0x6e,
    0x67, 0xc6, 0x0, 0x33, 0xfe, 0x0, 0x11, 0x9f,
    0xce, 0x0, 0xbf, 0xff, 0xfe, 0x32, 0x0, 0x78,
    0x40, 0x3f, 0x99, 0x40, 0x3f, 0xb3, 0xc0, 0x3f,
    0xa2, 0x84, 0x3, 0xf3, 0xa, 0x80, 0x7c, 0x62,
    0x42, 0x1, 0xfa, 0x43, 0x80, 0x3e, 0xb0, 0x50,
    0xf, 0xe3, 0x24, 0x20, 0xf, 0x28, 0x58, 0x7,
    0xfa, 0x82, 0x80, 0x38, 0x8a, 0x30, 0xf, 0xf3,
    0x3, 0x0, 0x75, 0x2, 0x80, 0x7f, 0xc2, 0x82,
    0x80, 0x19, 0x42, 0x80, 0x3f, 0xf8, 0x1c, 0x1c,
    0x1, 0x19, 0x19, 0x0, 0x7f, 0xf0, 0x14, 0x14,
    0x2, 0xa0, 0xa0, 0xf, 0xfe, 0x13, 0xc8, 0x4,
    0xc0, 0xe0, 0x1f, 0xfc, 0x28, 0x60, 0x3, 0x2,
    0x88, 0x7, 0xcd, 0x99, 0xfe, 0x80, 0x7c, 0xcf,
    0x83, 0xcc, 0xff, 0xc2, 0x4, 0x67, 0xf0, 0xcf,
    0xff, 0xff, 0x20, 0x40,

    /* U+7AD6 "竖" */
    0x0, 0xff, 0xe5, 0x89, 0x88, 0x3, 0xb0, 0x3,
    0xff, 0x86, 0x98, 0xe0, 0x19, 0x7f, 0xff, 0xd0,
    0x1, 0xfe, 0x60, 0x2, 0x27, 0x88, 0x3, 0xff,
    0x80, 0x74, 0x5, 0x77, 0xa8, 0xc2, 0x40, 0x3f,
    0xe5, 0x53, 0x30, 0x2, 0xa1, 0x91, 0x0, 0xff,
    0xe0, 0x51, 0xcb, 0xe, 0x23, 0xb0, 0x7, 0xff,
    0xb, 0xe, 0x7c, 0xde, 0x0, 0x3f, 0xf8, 0x6a,
    0x0, 0x11, 0x60, 0x7, 0xff, 0x5, 0x27, 0xa8,
    0xde, 0x82, 0xf5, 0x84, 0x3, 0xfd, 0xec, 0x71,
    0xd0, 0xbd, 0x7, 0x3d, 0x60, 0x7, 0x84, 0x0,
    0xd2, 0xee, 0x61, 0x0, 0x9f, 0xad, 0x4c, 0x0,
    0x4e, 0x40, 0xe, 0xc2, 0xf5, 0x60, 0xf, 0x25,
    0x40, 0x0, 0xa6, 0x7e, 0xd0, 0x99, 0xfc, 0x60,
    0x10, 0xb3, 0x7c, 0xa0, 0x2c, 0xdf, 0x80, 0x23,
    0xff, 0xa6, 0x3f, 0xfe, 0x97, 0xef, 0xf2, 0x80,
    0x78, 0x66, 0x8, 0x3, 0xd6, 0xe6, 0x1, 0xfc,
    0x30, 0x10, 0x1, 0xca, 0x4a, 0x40, 0x1f, 0xe7,
    0x15, 0x30, 0xd, 0x1, 0x0, 0x1f, 0xfc, 0x8,
    0x7, 0x0, 0x9c, 0x9c, 0x80, 0x3d, 0x35, 0x5d,
    0x87, 0xd5, 0x54, 0x1, 0xd5, 0x78, 0x1d, 0x57,
    0xc6, 0xab, 0x80, 0x8, 0xab, 0xe1,

    /* U+7ADE "竞" */
    0x0, 0xfe, 0x37, 0x10, 0xf, 0xfe, 0x3a, 0xc3,
    0x80, 0x7f, 0xc2, 0x89, 0xf1, 0x85, 0x22, 0x7c,
    0x40, 0x12, 0x5d, 0xfd, 0x40, 0x77, 0x7f, 0x50,
    0x4, 0xbb, 0xb5, 0x81, 0xee, 0xf3, 0x84, 0x6e,
    0xd2, 0x1, 0x88, 0xa4, 0x23, 0x22, 0xf0, 0x31,
    0x14, 0x20, 0x1f, 0x90, 0x10, 0x3, 0x21, 0x8,
    0x7, 0xbb, 0xff, 0x98, 0x2f, 0xff, 0x9, 0x7f,
    0xf8, 0xa2, 0x3f, 0xf9, 0x24, 0xce, 0xff, 0xfc,
    0x80, 0xd, 0x1f, 0xff, 0xfc, 0x19, 0x0, 0xf8,
    0x41, 0xa2, 0x3f, 0x98, 0xc, 0x3, 0xfb, 0x5d,
    0xff, 0xa8, 0x3, 0xff, 0xab, 0xac, 0xdf, 0xd6,
    0x1, 0xff, 0x34, 0xcf, 0xf3, 0x80, 0x7f, 0x4f,
    0xfb, 0x1, 0xbf, 0xe0, 0x4f, 0xfa, 0x80, 0x3f,
    0xca, 0x1c, 0x1, 0xfc, 0x5e, 0xc0, 0x1e, 0x1b,
    0x5, 0x0, 0xfe, 0x10, 0x10, 0xe, 0x3c, 0x27,
    0x20, 0xc, 0xe0, 0x19, 0x80, 0x80, 0x4, 0xd9,
    0x82, 0x78, 0x0, 0xc4, 0x72, 0xee, 0x8b, 0x7,
    0x7, 0xd9, 0x35, 0xd8, 0x0, 0xe9, 0x26, 0x88,
    0x38, 0x41, 0x3, 0xb5, 0x7d, 0x10, 0x7, 0x93,
    0x7f, 0xf7, 0x38, 0x0,

    /* U+7AEF "端" */
    0x0, 0xc2, 0x1, 0xf8, 0x4c, 0x40, 0x3f, 0xd1,
    0xc2, 0x1, 0xf2, 0xe3, 0x0, 0x7f, 0xb0, 0x10,
    0x2, 0xe9, 0x0, 0xf8, 0x7d, 0xc0, 0x39, 0x3,
    0x0, 0x21, 0x0, 0xff, 0xe1, 0x23, 0x30, 0x51,
    0x98, 0x1, 0xff, 0xc4, 0x99, 0x84, 0xa6, 0x42,
    0xb, 0x10, 0xe0, 0xb8, 0x84, 0x80, 0x77, 0x66,
    0x78, 0x44, 0x6e, 0xe5, 0x3, 0x77, 0x80, 0x38,
    0xc4, 0xce, 0x61, 0xe, 0xff, 0xff, 0x38, 0x4,
    0xda, 0x20, 0xa, 0xb0, 0xf, 0xfe, 0x22, 0x82,
    0x1, 0x7, 0x67, 0xff, 0xff, 0x4, 0x0, 0x61,
    0xa0, 0xc0, 0x73, 0x11, 0x8c, 0x16, 0x23, 0xc0,
    0x11, 0x18, 0x18, 0x32, 0xbb, 0xe2, 0xa, 0x77,
    0xf0, 0x4, 0x8a, 0x1a, 0x4, 0x2e, 0xf4, 0x89,
    0xbb, 0xf3, 0x0, 0x6f, 0x11, 0x31, 0x82, 0xc4,
    0x4c, 0x7, 0x11, 0xd2, 0x1, 0x94, 0x14, 0xd0,
    0x2, 0xbf, 0x17, 0xfa, 0xd, 0xf6, 0x0, 0xe2,
    0xd, 0xd, 0x0, 0xff, 0x18, 0x7, 0xc3, 0xfc,
    0x8, 0x1, 0xff, 0xc8, 0xc0, 0x8e, 0xc0, 0xf,
    0xfe, 0x11, 0x3d, 0x72, 0x3, 0x1f, 0x80, 0x7f,
    0xf0, 0x9e, 0x14, 0x9a, 0xbb, 0x4c, 0x3, 0xff,
    0x84, 0xb9, 0xf9, 0x2a, 0x20, 0x1c, 0x7e, 0xf,
    0x8, 0xa8, 0x20, 0x11, 0x80, 0x7f, 0xb5, 0xc0,
    0x9e, 0x28, 0xe0, 0x3, 0xfc, 0x9e, 0x80, 0x1e,
    0xcf, 0xe6, 0x0, 0x0,

    /* U+7B2C "第" */
    0x0, 0xe6, 0x71, 0x0, 0xf4, 0x38, 0x7, 0xfc,
    0x33, 0x42, 0x1, 0xc6, 0xf8, 0x1, 0xff, 0x58,
    0x3b, 0xf8, 0x20, 0x5, 0xdf, 0xc0, 0x19, 0x54,
    0xb, 0x11, 0xca, 0x80, 0xb1, 0x1e, 0x20, 0x1,
    0x50, 0xf5, 0x5, 0x7f, 0xba, 0x3, 0x7d, 0x43,
    0x7f, 0xe2, 0x1, 0xf0, 0xa1, 0x51, 0x90, 0x4,
    0x13, 0x90, 0x58, 0xc0, 0x7, 0x39, 0x3a, 0x0,
    0x22, 0x0, 0xa, 0x68, 0x0, 0xc, 0x78, 0x7,
    0x36, 0x47, 0x7f, 0xa6, 0xff, 0xd8, 0xdf, 0xfa,
    0x6b, 0x80, 0x38, 0xc1, 0x9b, 0xe0, 0x16, 0x6e,
    0x10, 0xf, 0xd1, 0x33, 0xd0, 0x5, 0x33, 0xca,
    0x1, 0xff, 0xd3, 0xff, 0xf7, 0x1, 0xff, 0xf2,
    0x0, 0x7c, 0x40, 0xb1, 0x1c, 0x5, 0x11, 0xf0,
    0x7, 0x9c, 0x3d, 0xdf, 0x30, 0xb, 0xbf, 0x98,
    0x3, 0xc4, 0x19, 0x11, 0xa4, 0xa, 0x23, 0xf0,
    0x7, 0x68, 0x33, 0xbf, 0x0, 0xbb, 0xfe, 0x0,
    0xea, 0xff, 0xdc, 0x80, 0x3, 0xff, 0xf1, 0x88,
    0x7, 0xf2, 0xfa, 0x30, 0x7, 0xe2, 0x30, 0xf,
    0x97, 0x28, 0xb2, 0x0, 0x3e, 0x31, 0x60, 0xc,
    0x91, 0xd4, 0x15, 0x86, 0x1, 0xcf, 0xbd, 0x81,
    0xc0, 0x15, 0xd9, 0xd3, 0x30, 0xa0, 0x1f, 0x20,
    0xab, 0x5a, 0x80, 0x55, 0x3f, 0x46, 0x1, 0xfc,
    0x79, 0x72, 0x80, 0x10,

    /* U+7B49 "等" */
    0x0, 0xc8, 0x80, 0xf, 0x99, 0x0, 0x3f, 0xc3,
    0x76, 0x10, 0xe, 0x49, 0xe0, 0xf, 0xf4, 0x3,
    0x11, 0x9c, 0x41, 0x1, 0xe6, 0x7c, 0x40, 0x11,
    0xb0, 0x36, 0x66, 0xe5, 0x30, 0xac, 0xcf, 0x0,
    0x5c, 0x14, 0x81, 0x37, 0x69, 0xb1, 0xbb, 0x8,
    0xae, 0xea, 0x0, 0x51, 0x42, 0xc8, 0x62, 0x23,
    0x6, 0x91, 0x16, 0x26, 0x89, 0x3, 0x2a, 0x9c,
    0x9, 0x50, 0xc, 0x1d, 0x0, 0xa, 0x96, 0x1,
    0x9a, 0x64, 0x67, 0x7d, 0x1a, 0x31, 0x19, 0xee,
    0x83, 0x0, 0xcd, 0x19, 0x95, 0x5e, 0x40, 0x2e,
    0x66, 0xab, 0xc0, 0xe, 0x9c, 0xcf, 0x40, 0x2e,
    0x67, 0xc0, 0x1c, 0x46, 0x7f, 0x1, 0x9f, 0xe0,
    0xa, 0x26, 0x7f, 0x78, 0x24, 0xcf, 0xf0, 0xab,
    0x37, 0xe4, 0x2, 0x66, 0xfe, 0x3d, 0xff, 0xff,
    0xe0, 0xa0, 0x6f, 0xfe, 0x20, 0xf, 0xfe, 0x5e,
    0x7f, 0xff, 0xf0, 0x10, 0x37, 0xfe, 0x0, 0xa9,
    0xde, 0x17, 0x7f, 0xc4, 0xc, 0xef, 0x0, 0x4d,
    0x10, 0x1, 0x4a, 0x88, 0xf3, 0x5, 0xc4, 0x40,
    0x1e, 0x86, 0x3d, 0x50, 0xf, 0xfe, 0x34, 0xd0,
    0x51, 0x80, 0x67, 0x0, 0xff, 0xe0, 0xae, 0xb1,
    0x92, 0x34, 0x98, 0x10, 0x7, 0xff, 0x0, 0xa4,
    0x2a, 0xe5, 0x82, 0x0, 0x3f, 0xf8, 0x95, 0x15,
    0x9e, 0xe0, 0x1e,

    /* U+7B56 "策" */
    0x0, 0xe3, 0x30, 0x7, 0xca, 0x60, 0x1f, 0xf1,
    0x66, 0x80, 0x79, 0x6a, 0x0, 0x3f, 0xee, 0x8,
    0x0, 0xf5, 0x84, 0x0, 0x7f, 0xa0, 0xc2, 0x7f,
    0xf4, 0xc0, 0x86, 0x7f, 0xf6, 0x0, 0x4c, 0xe2,
    0xe0, 0x2e, 0xf0, 0xb8, 0xb9, 0x82, 0xbb, 0xd4,
    0x0, 0x79, 0xd, 0x89, 0x11, 0x44, 0x35, 0x32,
    0x34, 0x52, 0xa2, 0xc, 0x0, 0x20, 0xb3, 0x6,
    0x44, 0x9, 0xd1, 0x90, 0xd, 0xb, 0x80, 0x72,
    0xf2, 0x0, 0x53, 0xe2, 0xe0, 0x1c, 0x94, 0xa0,
    0x1e, 0xaf, 0xfd, 0xba, 0xfb, 0x7, 0xff, 0xd5,
    0xff, 0x8, 0x5, 0xce, 0xff, 0x30, 0x1b, 0xbf,
    0xe1, 0x0, 0x96, 0x23, 0xea, 0x4, 0x88, 0xfc,
    0x1, 0xcd, 0xff, 0xec, 0x7, 0xff, 0xf7, 0x0,
    0x78, 0x41, 0x15, 0x72, 0x1, 0x2a, 0xf0, 0x88,
    0x3, 0xf4, 0x55, 0x68, 0x5, 0xaa, 0xe5, 0x0,
    0xff, 0xe0, 0x8f, 0x3, 0xa0, 0x4, 0x2c, 0x20,
    0x1f, 0xf0, 0xe1, 0x0, 0x2d, 0x3, 0x38, 0x9c,
    0x3, 0xc9, 0x4, 0xb, 0xe7, 0x0, 0xc7, 0x71,
    0x51, 0x92, 0x1, 0xe3, 0x73, 0xaa, 0x1e, 0x20,
    0xe, 0x23, 0xd9, 0x98, 0x3, 0xe4, 0xbd, 0x57,
    0xd2, 0x0, 0xd7, 0x27, 0x7a, 0xc2, 0x1, 0x4f,
    0x5a, 0x2e, 0xc0, 0x7, 0xcd, 0xd0, 0x73, 0xd6,
    0x60, 0x27, 0x1d, 0x44, 0x1, 0xfe, 0x7e, 0xa4,
    0x52, 0x8, 0xd7, 0x10, 0xf, 0xfe, 0x12, 0xdf,
    0x8,

    /* U+7B7E "签" */
    0x0, 0xe7, 0xa3, 0x0, 0xf3, 0xe1, 0x0, 0x7f,
    0x86, 0x10, 0xc0, 0x3d, 0x24, 0x40, 0xf, 0xf4,
    0x1, 0xd5, 0x72, 0xb0, 0x9d, 0x57, 0x84, 0x2,
    0x36, 0x2, 0x55, 0xe2, 0xb0, 0x25, 0x5f, 0x18,
    0x5, 0xc1, 0x8e, 0x17, 0xff, 0x1, 0x47, 0xa8,
    0x5f, 0xfc, 0x40, 0x9, 0x27, 0x38, 0x2a, 0x11,
    0x2f, 0x33, 0x85, 0xd, 0x8, 0x6, 0x26, 0x48,
    0x0, 0x48, 0x3f, 0xd3, 0x28, 0x80, 0x28, 0x64,
    0x3, 0x16, 0xd0, 0x4, 0x8d, 0x23, 0x4e, 0x7e,
    0xa0, 0x97, 0x0, 0x1c, 0x42, 0x0, 0x4d, 0x72,
    0xd5, 0x8b, 0x3a, 0xb3, 0x40, 0xf, 0xcb, 0x96,
    0x51, 0xa4, 0x0, 0x4d, 0x85, 0xcb, 0x40, 0xc,
    0x71, 0xd4, 0x6f, 0xce, 0x1, 0xe7, 0xe8, 0x5b,
    0xd7, 0x12, 0xc7, 0x38, 0x17, 0xef, 0xff, 0xe8,
    0x79, 0x8, 0xb2, 0x9b, 0xd7, 0x97, 0x7c, 0xcc,
    0x77, 0xf6, 0xb6, 0xdc, 0x3, 0x20, 0x3e, 0x44,
    0x56, 0xc1, 0x11, 0xdd, 0xe4, 0x8, 0x40, 0x1b,
    0x91, 0x80, 0x6, 0x4c, 0x40, 0x1a, 0x10, 0x3,
    0xf4, 0x4, 0x0, 0x52, 0x10, 0x1, 0x38, 0xa9,
    0x0, 0x7c, 0x2c, 0x2e, 0x0, 0x42, 0x52, 0x1,
    0x80, 0xb0, 0xf, 0xe8, 0xa, 0x0, 0xac, 0x44,
    0x14, 0x10, 0x20, 0x1f, 0xc3, 0x1e, 0x1, 0x37,
    0x1a, 0xa1, 0xb8, 0x7, 0x8a, 0x23, 0x7d, 0x44,
    0x7a, 0x81, 0xe2, 0x38, 0x0, 0xef, 0xff, 0xc1,
    0x0, 0x23, 0xbe, 0x60,

    /* U+7B80 "简" */
    0x0, 0xd5, 0x40, 0xf, 0xaa, 0x40, 0x3f, 0xc8,
    0xa6, 0x1, 0xe5, 0x50, 0x80, 0x7f, 0xa4, 0x1,
    0x11, 0xc1, 0x20, 0x31, 0x1e, 0x20, 0x3, 0x90,
    0x33, 0xbf, 0x21, 0x83, 0x3b, 0xf9, 0x80, 0xe0,
    0xfe, 0x2, 0xff, 0xdd, 0x43, 0xde, 0xc1, 0xbf,
    0xf2, 0xf, 0x7, 0x3, 0x8f, 0x80, 0x20, 0x60,
    0x42, 0x2, 0xc0, 0x34, 0x94, 0xaa, 0x3, 0x8,
    0x3, 0xd1, 0x80, 0x2, 0xdc, 0x1, 0xa2, 0x9e,
    0x6d, 0x23, 0xa6, 0x5e, 0x53, 0x38, 0x3a, 0x5c,
    0x2, 0x51, 0xc1, 0xb3, 0x33, 0x37, 0xfd, 0x60,
    0x19, 0x47, 0x4, 0x1f, 0xff, 0xfc, 0x1, 0xc3,
    0x52, 0x5c, 0x60, 0x1f, 0xfc, 0x97, 0xff, 0xfc,
    0x20, 0x1f, 0xfc, 0x28, 0x8e, 0x40, 0xf, 0xfe,
    0x23, 0x3b, 0xe3, 0x0, 0xff, 0xe2, 0x4c, 0x46,
    0x40, 0xf, 0xfe, 0x23, 0xbf, 0x18, 0x7, 0xff,
    0x13, 0xbf, 0xf3, 0x80, 0x7f, 0xf6, 0xbb, 0xff,
    0x38, 0x7, 0xff, 0x9, 0x1d, 0xff, 0x8, 0x8,
    0x38, 0x7, 0xe3, 0x88, 0xfa, 0x62, 0xb0, 0x8,
    0x3, 0xff, 0x88, 0x2c, 0xa6, 0xb0, 0x1, 0xf,
    0xd0, 0x7, 0xfd, 0xdf, 0xd4, 0x20, 0x0,

    /* U+7B97 "算" */
    0x0, 0xc8, 0xc0, 0x1f, 0x32, 0x0, 0x7f, 0xd5,
    0x60, 0x1e, 0x39, 0xd0, 0xf, 0xf4, 0x8b, 0x3b,
    0xf0, 0x78, 0xb, 0xbf, 0x80, 0x24, 0x60, 0x48,
    0x8e, 0x63, 0x7, 0x88, 0xf0, 0x81, 0x50, 0xf6,
    0x4, 0xff, 0xb6, 0x4f, 0xfd, 0x1, 0xbf, 0xf0,
    0x8b, 0xc7, 0x44, 0xd2, 0x80, 0x12, 0x1e, 0x0,
    0x71, 0xb0, 0xc, 0xa7, 0x4c, 0xd1, 0xd3, 0x33,
    0x59, 0x59, 0xa7, 0xf2, 0x0, 0x93, 0x96, 0xe6,
    0x4f, 0x33, 0x9a, 0x67, 0x34, 0xa8, 0x7, 0xc7,
    0xff, 0xff, 0x60, 0x7, 0xf1, 0xff, 0xff, 0xd8,
    0x1, 0xfc, 0x57, 0x7f, 0xf4, 0x80, 0x7f, 0x9d,
    0xff, 0xe0, 0xf, 0xf1, 0x66, 0x7f, 0xd2, 0x1,
    0xfc, 0x7f, 0xff, 0xf6, 0x0, 0x7f, 0x1f, 0xff,
    0xfd, 0x80, 0x1f, 0xa2, 0x20, 0x28, 0x8f, 0x8,
    0xa2, 0x8, 0x1, 0xe6, 0x77, 0x3, 0xbf, 0xc6,
    0x67, 0x71, 0x80, 0x4e, 0xfe, 0x6, 0x77, 0xf1,
    0x99, 0xdf, 0x8e, 0x23, 0xc0, 0x71, 0x1e, 0x11,
    0x44, 0x72, 0x7f, 0xed, 0x20, 0xef, 0xff, 0x11,
    0x3f, 0xf9, 0xc0, 0x5, 0x3a, 0x78, 0x20, 0x1f,
    0xfc, 0x4f, 0x67, 0xf3, 0x0, 0xff, 0xe2, 0xe7,
    0xc0, 0x80, 0x7e, 0xdd, 0x0, 0x78,

    /* U+7BA1 "管" */
    0x0, 0xc4, 0x1, 0xf8, 0x80, 0x3f, 0xc7, 0xb8,
    0x1, 0xe3, 0xda, 0x0, 0xfe, 0xf0, 0x80, 0xf,
    0x48, 0x70, 0x7, 0xe6, 0x30, 0xbf, 0xfe, 0x35,
    0xb, 0xff, 0xee, 0x3, 0x91, 0x83, 0x6, 0x88,
    0xbc, 0x1e, 0x10, 0x1a, 0x22, 0x1d, 0xa, 0x7e,
    0x0, 0x3b, 0x1, 0x34, 0x3d, 0x1, 0xbb, 0x99,
    0x6, 0x10, 0x9, 0x14, 0x1e, 0x36, 0x40, 0x2,
    0xec, 0x1, 0x2b, 0xfc, 0x44, 0x69, 0x1e, 0x11,
    0x1c, 0x9, 0x10, 0x0, 0x23, 0xbf, 0xcc, 0x8,
    0xef, 0xf8, 0x3, 0x77, 0xff, 0xff, 0x8, 0x80,
    0x27, 0x4, 0x77, 0xff, 0xe0, 0xa0, 0x80, 0x57,
    0xfe, 0x88, 0xff, 0xe0, 0xfe, 0x78, 0x7, 0xb3,
    0xff, 0xfb, 0x80, 0x3f, 0xd6, 0xcd, 0xfe, 0x0,
    0xff, 0x3c, 0xcf, 0xf4, 0x0, 0x7f, 0xb3, 0xff,
    0xfe, 0xb0, 0xf, 0xca, 0x67, 0xff, 0xc0, 0x0,
    0xfd, 0x39, 0x9f, 0xfc, 0x3, 0x0, 0xfa, 0xb7,
    0x7f, 0xca, 0x1, 0xfc, 0xc4, 0x5f, 0xe3, 0x0,
    0xfe, 0xb6, 0x6f, 0xf1, 0x0, 0x7f, 0x3c, 0xcf,
    0xf9, 0x0, 0x3e, 0xae, 0xff, 0xff, 0xe0, 0x98,
    0x0,

    /* U+7BB1 "箱" */
    0x0, 0xe1, 0x0, 0xfc, 0x20, 0x1f, 0xfc, 0x1,
    0xef, 0x10, 0xe, 0x2e, 0xd0, 0xf, 0xfa, 0xc1,
    0x84, 0x3, 0xa0, 0x28, 0x3, 0xfc, 0xaa, 0x6,
    0xff, 0xe4, 0x50, 0x8f, 0xff, 0x38, 0x0, 0xe8,
    0x18, 0xc1, 0x19, 0xa9, 0x5, 0x61, 0x6, 0x6c,
    0x60, 0x5a, 0x11, 0x3a, 0xf, 0x32, 0xe2, 0x4a,
    0x9b, 0x1, 0x99, 0x90, 0x1c, 0x5d, 0xd9, 0x6e,
    0x24, 0x8, 0x74, 0x0, 0x53, 0x50, 0xe, 0x5d,
    0x80, 0x26, 0x8d, 0x23, 0x4b, 0x67, 0x79, 0x69,
    0xd4, 0x3, 0x10, 0x7, 0xc9, 0x11, 0xe6, 0x88,
    0x78, 0x4, 0x37, 0x70, 0x95, 0xd9, 0xc0, 0x17,
    0xff, 0xdc, 0x1, 0xc6, 0x89, 0x0, 0xa2, 0x34,
    0x3, 0xff, 0x84, 0x5f, 0xea, 0x3, 0xff, 0x50,
    0x0, 0xd1, 0x3c, 0x1, 0xfa, 0x0, 0x8, 0x1,
    0xa2, 0xef, 0xa8, 0x3, 0xe7, 0x20, 0x3b, 0x90,
    0xa, 0xb7, 0x7b, 0x0, 0x3c, 0x50, 0x42, 0x6c,
    0xc7, 0x0, 0x9, 0x17, 0x80, 0x3d, 0xc1, 0xc0,
    0x9, 0x38, 0xe0, 0xd6, 0x6f, 0x0, 0x74, 0x9c,
    0x18, 0x5, 0xcd, 0xc0, 0xd3, 0x3d, 0x0, 0x1c,
    0x8a, 0xe0, 0x18, 0xa4, 0x1, 0x7f, 0xfd, 0xc0,
    0x1d, 0x94, 0x1, 0xff, 0xc9, 0x10, 0xf, 0xf7,
    0x44, 0x74, 0x80, 0x7f, 0xf1, 0x15, 0xdf, 0xc0,
    0x1f, 0xfc, 0x31, 0xcf, 0xff, 0x11, 0x80, 0x0,

    /* U+7C7B "类" */
    0x0, 0xff, 0xe7, 0xa0, 0x80, 0x63, 0xf8, 0x0,
    0xe7, 0x0, 0xf8, 0x6f, 0xcc, 0x3, 0xfd, 0x31,
    0x0, 0xf, 0xd, 0x8e, 0x20, 0x7, 0xea, 0x64,
    0x80, 0xf, 0x93, 0x6, 0xd0, 0x3, 0xd6, 0xaa,
    0xb0, 0xf, 0xe3, 0xd1, 0x60, 0xf, 0xb, 0xd0,
    0x7, 0xd9, 0xbb, 0x70, 0x7e, 0xe8, 0x1b, 0x74,
    0xeb, 0xbb, 0x90, 0x2, 0x57, 0x7c, 0x8e, 0xc2,
    0x6, 0xef, 0xfc, 0x1, 0x4d, 0x57, 0x72, 0x80,
    0x17, 0x7e, 0xab, 0xc6, 0x1, 0xf1, 0x5d, 0x81,
    0xc0, 0x66, 0xbe, 0x8c, 0x3, 0xf9, 0x2f, 0x51,
    0x7e, 0xc0, 0x7a, 0xd5, 0x59, 0xac, 0x1, 0x8e,
    0x7a, 0xd1, 0x19, 0x42, 0x22, 0xf0, 0x4a, 0xe8,
    0x39, 0xe5, 0x0, 0x33, 0x1, 0xb6, 0xcc, 0x2,
    0x52, 0x0, 0x85, 0xfa, 0x8c, 0x2, 0x5b, 0xe9,
    0x20, 0xc, 0x2f, 0x80, 0x1e, 0x5d, 0x50, 0xa,
    0x7f, 0xfe, 0xc0, 0x6f, 0xff, 0xc8, 0x1, 0x2b,
    0x37, 0xc2, 0x0, 0x66, 0xfe, 0x0, 0xa2, 0x67,
    0xd6, 0x20, 0xe, 0x99, 0xf8, 0x80, 0x3f, 0x8f,
    0x1, 0x8a, 0x24, 0x3, 0xff, 0x84, 0x53, 0x82,
    0xb3, 0x84, 0xda, 0x80, 0x1f, 0xc2, 0xb7, 0xac,
    0x33, 0x40, 0x3a, 0xc5, 0x7a, 0xe2, 0x1, 0xa7,
    0x3a, 0x90, 0xa3, 0xd8, 0x3, 0x4e, 0xa9, 0x47,
    0x6c, 0x90, 0x11, 0x93, 0xe6, 0xb8, 0x80, 0x78,
    0xab, 0xa0, 0xc9, 0x8c, 0x27, 0x75, 0x6, 0x1,
    0xff, 0xb, 0xe7, 0x58, 0x80,

    /* U+7C92 "粒" */
    0x0, 0xc2, 0xe6, 0x1, 0xf2, 0x28, 0x7, 0xfc,
    0x70, 0x80, 0x1f, 0x45, 0x0, 0x7e, 0x46, 0x0,
    0xe4, 0x81, 0x0, 0xac, 0x14, 0x3, 0xec, 0x80,
    0xe, 0xe6, 0x10, 0x9, 0x43, 0x80, 0x3e, 0xb1,
    0x50, 0xc, 0x8f, 0x33, 0xac, 0x12, 0x67, 0x38,
    0x0, 0xcb, 0xc0, 0x24, 0x1a, 0x66, 0xe0, 0x3,
    0x36, 0xc0, 0x9, 0x10, 0x1, 0x79, 0x1f, 0x77,
    0xfd, 0x60, 0x16, 0xb8, 0x4, 0x70, 0x2, 0x44,
    0x11, 0xe7, 0x90, 0xe, 0x49, 0x0, 0xa1, 0x40,
    0x1b, 0xe0, 0x1d, 0x4e, 0x1, 0xb7, 0xfd, 0xa1,
    0x1f, 0xf0, 0xa1, 0x88, 0x6, 0x31, 0x10, 0x4,
    0x89, 0x8, 0x12, 0x24, 0x38, 0x8, 0x1, 0x10,
    0x20, 0x6, 0x9b, 0xb1, 0x85, 0x5d, 0xc0, 0x81,
    0x80, 0x13, 0x86, 0x80, 0x79, 0x48, 0x0, 0x60,
    0x11, 0xa, 0x0, 0x58, 0x8, 0x1, 0xeb, 0x10,
    0x9c, 0x40, 0x9, 0x48, 0x40, 0xa, 0x6, 0x1,
    0xd0, 0x30, 0xc, 0x56, 0x40, 0xc, 0x5, 0x0,
    0x19, 0x80, 0x38, 0xdd, 0x50, 0x3f, 0xc1, 0x82,
    0x6, 0x6, 0x8, 0x8, 0x1, 0x87, 0x46, 0xc0,
    0x22, 0x92, 0x10, 0x60, 0xe0, 0xc0, 0xc0, 0xc,
    0xe3, 0x42, 0x1, 0x9b, 0x0, 0x4, 0x98, 0x8,
    0x8, 0x1, 0x9b, 0x10, 0x3, 0xfd, 0x6a, 0x6,
    0x60, 0xf, 0x18, 0x7, 0x8e, 0x67, 0xd6, 0x3,
    0x33, 0x8c, 0x3, 0xf3, 0x37, 0xc8, 0x4, 0xcd,
    0xc0, 0x1f, 0x97, 0xff, 0xff, 0x82, 0xa0,

    /* U+7C97 "粗" */
    0x0, 0xe7, 0x40, 0xf, 0xfe, 0x4c, 0x68, 0x7,
    0xff, 0x18, 0x40, 0x38, 0x48, 0x3b, 0xff, 0xf0,
    0x80, 0x55, 0xa0, 0x1d, 0x1a, 0x0, 0x14, 0x4e,
    0x20, 0xe, 0xf3, 0x20, 0xc, 0xea, 0x0, 0x5b,
    0xbe, 0x40, 0xe, 0x50, 0xa0, 0x8, 0xc7, 0x0,
    0x3f, 0xf8, 0x68, 0xa0, 0x15, 0x83, 0x80, 0x7f,
    0xf0, 0xf4, 0xc4, 0x0, 0xa8, 0x20, 0x7, 0x22,
    0xe3, 0x0, 0xf3, 0xf0, 0x80, 0x36, 0x80, 0x23,
    0xdd, 0xe5, 0x0, 0xe7, 0xdc, 0xc0, 0x3e, 0x6e,
    0x0, 0x5, 0xdf, 0x8c, 0x3, 0xb8, 0xce, 0x1,
    0x33, 0x84, 0x16, 0x23, 0x94, 0x3, 0xa7, 0xfc,
    0xc0, 0xdf, 0xf0, 0x80, 0x7f, 0xf0, 0xc5, 0x80,
    0xa0, 0x3, 0xff, 0x8d, 0x62, 0xa, 0xf2, 0x1,
    0x2c, 0xcf, 0x20, 0x7, 0x91, 0x60, 0x1d, 0x98,
    0xe0, 0x1, 0x66, 0xe2, 0x0, 0xe1, 0xa3, 0x60,
    0x4, 0x9c, 0x10, 0x1e, 0xef, 0x28, 0x7, 0x68,
    0xf8, 0x6, 0xd7, 0x20, 0x72, 0x2e, 0x30, 0xc,
    0xe6, 0xe6, 0x1, 0x86, 0x0, 0x3f, 0xf8, 0x2e,
    0xd0, 0x1, 0xff, 0xc9, 0x90, 0xf, 0xfe, 0x89,
    0xd5, 0x5, 0x6a, 0xb9, 0x2, 0xa8, 0x40, 0x1f,
    0x9d, 0x54, 0x2, 0xab, 0xc4, 0x8, 0xac,

    /* U+7CBE "精" */
    0x0, 0xc6, 0xc0, 0x1f, 0x8e, 0x4, 0x3, 0xfd,
    0x72, 0x20, 0x1f, 0x23, 0x98, 0x7, 0xe1, 0x0,
    0xe4, 0x0, 0xff, 0xe1, 0xed, 0x80, 0x62, 0xb7,
    0xff, 0xd0, 0x1b, 0xff, 0x9c, 0x1, 0x4a, 0x1,
    0x90, 0x16, 0x67, 0x28, 0x44, 0xce, 0x40, 0x2,
    0x82, 0x80, 0x54, 0x84, 0xce, 0xf6, 0x82, 0x3b,
    0xcc, 0x60, 0x2, 0x27, 0x80, 0x8, 0xf4, 0x33,
    0xba, 0x80, 0xce, 0xeb, 0xc0, 0x32, 0x10, 0x1,
    0xd1, 0x83, 0xee, 0xe6, 0xa, 0xbb, 0xb0, 0x3,
    0x4c, 0x0, 0x16, 0xc0, 0xdc, 0x3, 0xf9, 0xd0,
    0x43, 0xbf, 0xce, 0x1d, 0xf3, 0xf7, 0x79, 0x82,
    0xae, 0xf9, 0x1, 0x9a, 0x0, 0x33, 0x33, 0x1d,
    0xdf, 0xfc, 0x5, 0x8, 0x9a, 0x0, 0x44, 0xa8,
    0x12, 0x27, 0xf1, 0x88, 0x6, 0x80, 0x5, 0x90,
    0x2, 0x2a, 0xbf, 0x90, 0x3, 0x1a, 0x0, 0x17,
    0xc0, 0x21, 0xee, 0xf5, 0x80, 0x7b, 0xc1, 0x82,
    0xa, 0x80, 0x2, 0x89, 0xe3, 0x0, 0xe6, 0x38,
    0x10, 0x64, 0x54, 0x0, 0x55, 0x7a, 0x0, 0x31,
    0x49, 0x38, 0x5, 0x46, 0xa0, 0x3f, 0xfe, 0xc0,
    0xd, 0x1, 0x20, 0x18, 0x70, 0x40, 0x59, 0xbd,
    0x60, 0x1a, 0xe5, 0x0, 0x3f, 0xa6, 0x7c, 0xe0,
    0x18, 0x58, 0x3, 0xf8, 0x7f, 0xfd, 0x80, 0x1f,
    0xfc, 0x83, 0x49, 0x2, 0x0, 0xff, 0xe3, 0x7d,
    0xa3, 0x20, 0x7, 0xa3, 0xc4, 0x2, 0xbe, 0x0,
    0xd9, 0xfd, 0x20, 0x10,

    /* U+7D20 "素" */
    0x0, 0xff, 0x88, 0x40, 0x3f, 0xf9, 0x9, 0xb2,
    0x1, 0xff, 0xc0, 0x68, 0x8f, 0xb8, 0x12, 0x23,
    0xf0, 0x6, 0xa7, 0x7f, 0x94, 0xd, 0xdf, 0xf0,
    0x6, 0xcf, 0xff, 0xac, 0x1f, 0xff, 0xf0, 0x7,
    0x34, 0x47, 0xb8, 0x12, 0x23, 0xe0, 0xf, 0x6b,
    0xbf, 0x94, 0xd, 0xdf, 0xcc, 0x1, 0xeb, 0xff,
    0xf5, 0x83, 0xff, 0xfb, 0x80, 0x33, 0xcc, 0xfe,
    0xe0, 0x49, 0x9f, 0xe0, 0x5, 0x33, 0x7e, 0x50,
    0x36, 0x6f, 0xe1, 0xd, 0xff, 0xea, 0x20, 0x9f,
    0xfd, 0x29, 0xff, 0xc2, 0x1, 0x85, 0xb6, 0x9a,
    0xd0, 0xcc, 0xbb, 0x2e, 0x20, 0x1f, 0x9f, 0xa4,
    0x81, 0x2f, 0x73, 0x14, 0x15, 0xa2, 0x1, 0xf9,
    0xaf, 0x37, 0x68, 0x10, 0x2a, 0xd3, 0xe6, 0x0,
    0xfc, 0x28, 0x6d, 0x7b, 0xb, 0x7a, 0xa0, 0xe9,
    0x34, 0x1, 0xe3, 0x7a, 0xeb, 0x60, 0x31, 0xfb,
    0xcd, 0xc5, 0x5, 0xc1, 0x0, 0xc9, 0xa, 0x4,
    0x66, 0x71, 0x45, 0x52, 0x21, 0x9d, 0x8f, 0x0,
    0x33, 0xf7, 0xf4, 0xcb, 0x2e, 0x80, 0xa6, 0x41,
    0x91, 0x34, 0xa0, 0x1c, 0x27, 0x76, 0x80, 0xf,
    0x1b, 0x5e, 0xba, 0xc0, 0x6, 0x4c, 0xc2, 0x36,
    0x0, 0x8, 0x2, 0x3f, 0x90, 0x8e, 0x70, 0xb,
    0xac, 0xdf, 0xa4, 0x66, 0xf4, 0x18, 0x2, 0x6d,
    0xa3, 0x8e, 0x10, 0x69, 0xf8, 0x10, 0x2, 0x20,
    0x12, 0xc0, 0x39, 0x76, 0x94, 0x42, 0x18, 0x3,
    0xb3, 0xfa, 0xc4, 0x3, 0xe5, 0xb0,

    /* U+7D27 "紧" */
    0x0, 0x9, 0x0, 0x5a, 0xe0, 0x1f, 0xfc, 0x49,
    0xd1, 0x0, 0x17, 0x8f, 0xff, 0xf9, 0xc0, 0x3f,
    0xe1, 0x40, 0x17, 0x7e, 0x20, 0x10, 0xf, 0xfe,
    0x5, 0xa8, 0xfc, 0x45, 0xc4, 0xac, 0x1, 0xff,
    0xc1, 0xa4, 0x89, 0x19, 0x92, 0x50, 0x7, 0xff,
    0xe, 0xd5, 0xb9, 0x9e, 0xc0, 0x3f, 0xf8, 0x65,
    0x8, 0x1, 0x1a, 0x0, 0x7f, 0xf0, 0x47, 0xb5,
    0xd6, 0xfe, 0x5a, 0xfe, 0x98, 0x40, 0x1c, 0x62,
    0x0, 0x9d, 0xb5, 0x8e, 0xb4, 0x3, 0xdb, 0x64,
    0x93, 0x0, 0x36, 0x0, 0x43, 0x4f, 0xee, 0x20,
    0x57, 0x50, 0x93, 0xda, 0x40, 0x10, 0x9c, 0x74,
    0x37, 0x3a, 0x22, 0xb5, 0x26, 0x0, 0x22, 0x0,
    0xd5, 0x8e, 0x20, 0xd9, 0x8b, 0xb2, 0xb7, 0x10,
    0x7, 0xf5, 0x77, 0xfe, 0x81, 0x6, 0xe9, 0x3b,
    0xd2, 0x0, 0xf8, 0x44, 0x7, 0x3f, 0x32, 0xe9,
    0x10, 0x2c, 0x3d, 0x40, 0xe, 0x49, 0xae, 0xc6,
    0x5, 0xbd, 0xcd, 0xee, 0x60, 0x85, 0xb0, 0x6,
    0x26, 0x43, 0x32, 0x28, 0xa9, 0x92, 0xb4, 0xc4,
    0x24, 0xe4, 0x40, 0x26, 0xfe, 0xdf, 0xda, 0xa4,
    0x81, 0x44, 0x38, 0x19, 0x99, 0x22, 0x1, 0xc5,
    0x59, 0x0, 0x1e, 0x27, 0x8e, 0xa3, 0x60, 0xc,
    0x97, 0xaa, 0xaf, 0x0, 0x10, 0x4, 0x5d, 0x68,
    0xb9, 0x66, 0x0, 0xdb, 0x46, 0xda, 0x1b, 0xcd,
    0x6, 0x0, 0x92, 0xf5, 0x93, 0xc, 0x15, 0xfa,
    0x48, 0x0, 0xe6, 0x7, 0x0, 0x1c, 0x53, 0xae,
    0x61, 0x10, 0x10, 0xd, 0x9f, 0xec, 0x20, 0xf,
    0x8a, 0x0,

    /* U+7EA0 "纠" */
    0x0, 0xe5, 0x20, 0xf, 0xf9, 0xc, 0x3, 0xd,
    0x78, 0x7, 0xf8, 0x6e, 0x40, 0x34, 0x4, 0x0,
    0x63, 0x20, 0xf, 0xf1, 0x31, 0xa8, 0x6, 0xcf,
    0x0, 0xff, 0x48, 0x78, 0x0, 0xc0, 0x3f, 0xf8,
    0x2c, 0x8c, 0x60, 0x3b, 0x80, 0x1f, 0xf1, 0x49,
    0x48, 0x2, 0x6, 0x80, 0x3f, 0xc7, 0x80, 0xee,
    0x89, 0x63, 0x60, 0xf, 0xf2, 0x88, 0x2c, 0x3b,
    0x7, 0x0, 0x7f, 0xcf, 0x7b, 0xde, 0xc1, 0x24,
    0x1, 0xff, 0xa, 0x10, 0xab, 0x2b, 0x0, 0x7f,
    0xf0, 0xce, 0x8a, 0xc0, 0x3f, 0xf8, 0x63, 0xa1,
    0xe2, 0x4, 0x20, 0x1f, 0x28, 0x4, 0x98, 0x25,
    0xdc, 0xfd, 0x50, 0xc, 0x51, 0xb6, 0x1, 0x41,
    0x1, 0x14, 0xae, 0xc0, 0x3, 0xdd, 0x39, 0x18,
    0x5, 0x35, 0x9d, 0xcc, 0xa8, 0x27, 0x1, 0x23,
    0x9e, 0xd0, 0x9, 0x54, 0x62, 0x1, 0xca, 0x2f,
    0xd8, 0xc2, 0x1, 0xfc, 0x28, 0xf4, 0x7d, 0x2,
    0x1, 0xe2, 0x47, 0x9c, 0xee, 0x5c, 0x29, 0x0,
    0x7f, 0x4d, 0xc3, 0x19, 0x91, 0xef, 0x8c, 0x3,
    0xfb, 0x9a, 0x73, 0xf6, 0xe1, 0x4, 0x3, 0xfc,
    0xb2, 0xc6, 0x1, 0xff, 0xc4,

    /* U+7EA2 "红" */
    0x0, 0xf0, 0x80, 0x7f, 0xf2, 0x57, 0x94, 0x3,
    0xff, 0x91, 0x0, 0xe0, 0x1f, 0xfc, 0x76, 0x26,
    0x20, 0x6, 0xff, 0xff, 0x94, 0x3, 0xc, 0xc,
    0x0, 0x42, 0x3c, 0x0, 0x11, 0xc0, 0x1d, 0x63,
    0x62, 0xf, 0x19, 0xdd, 0x58, 0x37, 0x76, 0x50,
    0x9, 0x95, 0x60, 0x28, 0x60, 0xf, 0xfe, 0x13,
    0x48, 0x14, 0x43, 0xc2, 0xc0, 0x3f, 0xf8, 0x54,
    0x0, 0x77, 0x89, 0x14, 0x3, 0xff, 0x85, 0xf7,
    0x9b, 0x80, 0xa, 0x0, 0xff, 0xe1, 0x9a, 0x19,
    0x78, 0x50, 0x80, 0x7f, 0xf1, 0x9c, 0xd5, 0x40,
    0x1f, 0xfc, 0x63, 0x82, 0xa0, 0xf, 0xfe, 0x31,
    0xe8, 0x24, 0x5e, 0xd8, 0x7, 0xff, 0x8, 0xf0,
    0x41, 0x9d, 0x8, 0x40, 0x3f, 0xf8, 0x44, 0x28,
    0xd3, 0x7b, 0xf4, 0x1, 0xff, 0xc2, 0x1e, 0xb9,
    0x64, 0x20, 0xf, 0xfe, 0x50, 0xa3, 0x0, 0x7f,
    0xf1, 0x9, 0xa7, 0x7a, 0xe8, 0x3, 0xff, 0x82,
    0x39, 0xfb, 0x2c, 0x42, 0xb2, 0x1, 0xff, 0xc1,
    0x13, 0x14, 0x7a, 0xee, 0x56, 0x5d, 0xe9, 0x7,
    0xbb, 0xe3, 0xe, 0xe5, 0xc2, 0x88, 0x1, 0x13,
    0x8c, 0x5, 0x13, 0x9c,

    /* U+7EA6 "约" */
    0x0, 0xe4, 0x0, 0xf2, 0x38, 0x80, 0x7f, 0x25,
    0xc0, 0x7, 0x7c, 0x0, 0x7f, 0xa0, 0x28, 0x3,
    0x90, 0x84, 0x3, 0xf3, 0x1b, 0x90, 0x6, 0x60,
    0xa0, 0xf, 0xc3, 0x3, 0x0, 0x3, 0x0, 0x50,
    0x56, 0x67, 0x80, 0x16, 0x36, 0x0, 0x7c, 0x53,
    0x30, 0x11, 0x9f, 0x81, 0x57, 0x0, 0xc0, 0xac,
    0x5, 0xff, 0xf0, 0x82, 0xd0, 0x2, 0x6b, 0x2,
    0x8d, 0xd, 0x0, 0x3c, 0x3a, 0x0, 0x56, 0x52,
    0x54, 0xf0, 0x80, 0xf, 0x8, 0x4e, 0x77, 0x42,
    0x2b, 0xe, 0x84, 0x20, 0xf, 0x18, 0x98, 0x8a,
    0x86, 0x84, 0x9, 0xeb, 0x8, 0x3, 0xf9, 0xd1,
    0x90, 0x3, 0x48, 0xf8, 0x7, 0x8, 0x0, 0xe0,
    0xe4, 0x4, 0xc0, 0x7, 0x5, 0x40, 0x1e, 0x6c,
    0x0, 0x67, 0x73, 0x40, 0x27, 0x35, 0x50, 0x8,
    0x38, 0x48, 0x0, 0xc8, 0x8b, 0x20, 0x1b, 0x82,
    0x40, 0x3a, 0x6b, 0x7f, 0xb2, 0x9c, 0x3, 0x14,
    0xe8, 0x18, 0x8, 0x32, 0x90, 0x7, 0xf9, 0x84,
    0x4, 0x3, 0xfc, 0x28, 0x1, 0xfc, 0x60, 0x11,
    0xac, 0x5f, 0x72, 0x80, 0x3e, 0x50, 0x19, 0xdf,
    0xca, 0x75, 0x53, 0x58, 0x4, 0x28, 0xaf, 0x1,
    0xc0, 0x2d, 0x37, 0xdc, 0xb9, 0x50, 0x8, 0xee,
    0xa0, 0x49, 0xe7, 0x25, 0x90, 0x40, 0x3e, 0x28,
    0x84, 0xe6, 0x88,

    /* U+7EA7 "级" */
    0x0, 0xe2, 0x0, 0xff, 0xe5, 0x76, 0x80, 0x7f,
    0xf2, 0x10, 0xe8, 0x1, 0x3f, 0xff, 0xdc, 0x1,
    0xf4, 0xb, 0x80, 0x3d, 0x4, 0x11, 0x38, 0x3,
    0xf3, 0x1d, 0x80, 0x9, 0xad, 0x6, 0xef, 0x50,
    0x38, 0x7, 0xc, 0x1a, 0x84, 0x68, 0x80, 0x7c,
    0xc1, 0x40, 0x1d, 0x63, 0xc0, 0x4e, 0xa2, 0x2,
    0x1, 0xd4, 0x66, 0x0, 0xd2, 0xa3, 0x39, 0x80,
    0xb0, 0x8, 0x48, 0x0, 0x85, 0x40, 0x1c, 0x60,
    0x6, 0x21, 0x81, 0x0, 0x38, 0x20, 0x3, 0x2,
    0x7f, 0xc8, 0x0, 0xbf, 0xec, 0x3, 0x70, 0x8,
    0x43, 0x40, 0x1c, 0xaa, 0x20, 0xc, 0x20, 0xb,
    0x1e, 0x0, 0xc6, 0x8, 0x20, 0xd5, 0x46, 0x4,
    0x0, 0xca, 0xa8, 0x20, 0x8, 0x44, 0xa0, 0xc0,
    0x10, 0xa2, 0x80, 0x62, 0xa4, 0x72, 0x56, 0x2,
    0xf, 0x49, 0x0, 0xa0, 0x38, 0x2, 0x4d, 0x4,
    0xfd, 0xa8, 0x5, 0x6, 0xf1, 0x70, 0x16, 0x34,
    0x0, 0x9c, 0x5, 0x1a, 0x2f, 0x3, 0x0, 0xd0,
    0xe0, 0xa8, 0x20, 0x3, 0x1f, 0x72, 0xe5, 0xd0,
    0x81, 0x50, 0x1, 0xc1, 0x88, 0xa8, 0x1, 0xc2,
    0x1, 0xe6, 0xd, 0x0, 0x13, 0x8, 0x58, 0x7,
    0xf2, 0x46, 0xac, 0x3, 0x0, 0x15, 0x80, 0x16,
    0x1, 0xcd, 0x3b, 0xf6, 0xe1, 0x23, 0x0, 0x7,
    0xa1, 0xc4, 0x5c, 0x10, 0xa, 0x18, 0x1a, 0x77,
    0xcc, 0x5c, 0xb2, 0xb, 0xe, 0xd4, 0xfd, 0x40,
    0x1b, 0xfb, 0x2c, 0x5e, 0x17, 0x1a, 0x6b, 0xa4,
    0x0, 0xa8, 0x1a, 0xa0, 0x18, 0x7, 0x53, 0xa9,
    0x8d, 0x50, 0x3, 0x9f, 0xb, 0xc0, 0x3e, 0x78,
    0xb, 0xf5, 0x0, 0xf8, 0xf5, 0x40,

    /* U+7EAF "纯" */
    0x0, 0xff, 0xe7, 0x55, 0x80, 0x7d, 0x3e, 0x20,
    0x1f, 0xc4, 0xa4, 0x1, 0xff, 0xc7, 0xb0, 0x80,
    0xf, 0x8c, 0xc, 0x3, 0xf1, 0x33, 0x4, 0x0,
    0xdf, 0xf9, 0x43, 0x7f, 0xf7, 0x0, 0x50, 0x10,
    0x9, 0xa2, 0x89, 0x84, 0x11, 0x3c, 0x0, 0x45,
    0x91, 0x8, 0x37, 0xbb, 0xce, 0x15, 0x77, 0xa8,
    0xe, 0x83, 0xa6, 0xce, 0x2, 0x28, 0x3, 0xc3,
    0x6c, 0x0, 0x51, 0x7, 0x64, 0x26, 0x3, 0x50,
    0xf, 0x93, 0xc0, 0xf, 0xbd, 0xec, 0x12, 0x1,
    0xff, 0xc3, 0x12, 0x13, 0x65, 0x40, 0xf, 0xfe,
    0x37, 0x5, 0x80, 0x7f, 0xf1, 0xa4, 0xa4, 0x40,
    0x40, 0x3f, 0xf8, 0x6c, 0xc0, 0xdd, 0x7f, 0x80,
    0x2c, 0xc3, 0x86, 0xe6, 0x80, 0x75, 0x80, 0x10,
    0x16, 0x40, 0x40, 0xcc, 0x20, 0x67, 0x0, 0x80,
    0x51, 0x5b, 0xfb, 0x4e, 0x15, 0xff, 0x30, 0x77,
    0xfd, 0x0, 0x12, 0xa8, 0x80, 0x3f, 0xf9, 0x82,
    0x8e, 0x20, 0x1f, 0xc3, 0xa8, 0x28, 0xd3, 0x7d,
    0xcb, 0x83, 0x0, 0xfe, 0x32, 0x3a, 0xb9, 0x64,
    0x4, 0x69, 0x20, 0xe, 0x20, 0x9, 0x0, 0xb9,
    0xeb, 0x3f, 0xae, 0x58, 0x3, 0x70, 0x66, 0x5b,
    0x20, 0xeb, 0xa, 0x60, 0x1f, 0xce, 0xa0, 0x66,
    0x21, 0x82, 0x0, 0xff, 0xe1, 0x57, 0xfe, 0xe7,
    0x0,

    /* U+7EB5 "纵" */
    0x0, 0xe3, 0x10, 0xc, 0x42, 0x1, 0x9, 0x0,
    0x7f, 0xbb, 0x82, 0x1, 0x7e, 0x80, 0x51, 0xa2,
    0x1, 0xf9, 0x9, 0x44, 0x2, 0x37, 0x0, 0xff,
    0xe1, 0x40, 0x40, 0x7, 0xfc, 0x20, 0x1f, 0x29,
    0xa9, 0x5, 0xa8, 0x7, 0xff, 0x12, 0x2, 0x1,
    0x93, 0x0, 0x44, 0x1, 0xc2, 0x1, 0xe8, 0x27,
    0x20, 0x80, 0x80, 0xf, 0x18, 0x18, 0x7, 0x33,
    0x82, 0xef, 0xb, 0x88, 0x0, 0xc0, 0x38, 0x40,
    0x3f, 0x11, 0x4, 0x50, 0x2, 0xe, 0x20, 0x1,
    0x6, 0x0, 0xe7, 0xde, 0xf3, 0x8, 0x0, 0x18,
    0xd, 0x80, 0x18, 0x8, 0x3, 0x84, 0x85, 0xcc,
    0xcc, 0x0, 0x10, 0x2, 0xa8, 0x8, 0x38, 0x3,
    0xe2, 0x80, 0xe0, 0x9, 0x82, 0x6, 0xc8, 0x0,
    0xa0, 0x1f, 0x78, 0x40, 0x2b, 0x1, 0x1, 0xc0,
    0xd8, 0x0, 0xc0, 0x3d, 0xa4, 0x11, 0xb5, 0x1,
    0xa0, 0xad, 0x22, 0xe, 0x8, 0x1, 0xc6, 0x2,
    0x8d, 0x14, 0xe, 0x22, 0x6, 0x51, 0xa0, 0xd0,
    0xe, 0xde, 0xe5, 0xcb, 0xa1, 0x11, 0x0, 0x4,
    0x47, 0x21, 0x70, 0xe, 0x31, 0x0, 0xea, 0xf,
    0x0, 0x50, 0x68, 0x30, 0xb0, 0x7, 0x12, 0xc5,
    0xfc, 0x30, 0xa8, 0xb, 0x8a, 0x5, 0x5, 0x80,
    0x7, 0x7f, 0x69, 0xd0, 0xd4, 0x58, 0x1, 0x21,
    0x20, 0x2, 0x42, 0x50, 0x13, 0x47, 0x9c, 0xfe,
    0x21, 0x80, 0x27, 0x17, 0x0, 0xa0, 0x2c, 0x1,
    0xd7, 0xc, 0x61, 0xe1, 0x0, 0xe, 0x8, 0x0,
    0xc6, 0xa3, 0x0, 0x1f, 0x59, 0xb0, 0x8, 0x1b,
    0x0, 0x75, 0xa4, 0x80, 0x7c, 0xd8, 0x0, 0x1c,
    0xe0, 0xf, 0xd, 0x88,

    /* U+7EBF "线" */
    0x0, 0xe2, 0x0, 0xf2, 0x10, 0x7, 0xff, 0xa,
    0x78, 0x3, 0xd, 0xd8, 0x1b, 0x8c, 0x3, 0xf8,
    0x91, 0xc0, 0x3c, 0x60, 0xe5, 0x88, 0x1, 0xfa,
    0xc2, 0xc0, 0x30, 0x80, 0x80, 0xe1, 0xd9, 0x0,
    0x78, 0x59, 0x48, 0xc, 0x3, 0x38, 0x5, 0xae,
    0x40, 0x1e, 0x80, 0x80, 0x1c, 0xa0, 0x0, 0x92,
    0xbc, 0xd2, 0xf5, 0x80, 0x62, 0x65, 0x20, 0x90,
    0x2e, 0xf1, 0x15, 0x43, 0x28, 0xa6, 0x0, 0x6e,
    0xf, 0x57, 0x71, 0x4a, 0x31, 0x5, 0xef, 0xf6,
    0x53, 0x80, 0x52, 0x61, 0x54, 0x80, 0x91, 0xa9,
    0x40, 0x52, 0x0, 0xfd, 0xaf, 0x17, 0x20, 0xa8,
    0x1, 0x70, 0x29, 0xab, 0xcd, 0xe8, 0x80, 0x12,
    0x1d, 0x2c, 0x6c, 0x16, 0x2a, 0x81, 0x79, 0x50,
    0xca, 0x20, 0x1e, 0x82, 0xb1, 0x8, 0x75, 0x30,
    0x28, 0xac, 0xed, 0xd0, 0x80, 0x65, 0x75, 0x50,
    0x3, 0xb7, 0xf8, 0x19, 0xd4, 0xcd, 0xb8, 0x1,
    0x96, 0x80, 0xef, 0xb0, 0xc8, 0x0, 0x4a, 0x0,
    0x2c, 0x1e, 0x0, 0x92, 0x80, 0xc, 0xc4, 0xa0,
    0xc, 0x82, 0x47, 0x83, 0x86, 0x1, 0x2b, 0x4d,
    0xf6, 0xd3, 0x0, 0x6c, 0x8, 0xc0, 0xc3, 0x0,
    0xc3, 0x2c, 0x82, 0x1, 0xf3, 0x82, 0x96, 0x18,
    0x22, 0x80, 0x7c, 0x91, 0x80, 0x12, 0xe0, 0x3,
    0x88, 0x1, 0xb4, 0x20, 0x3, 0x7b, 0xfb, 0x71,
    0x4, 0xca, 0x6, 0x8, 0x0, 0x90, 0x84, 0x3b,
    0x21, 0x55, 0x3b, 0xfb, 0x66, 0xfd, 0x26, 0x8e,
    0x8, 0x4a, 0x0, 0x99, 0x6f, 0x53, 0x11, 0x1d,
    0xdd, 0x0, 0xd, 0x18, 0xeb, 0x9, 0x0, 0x3b,
    0x10, 0x7, 0x54, 0x8, 0x4, 0x38, 0x82, 0x56,
    0x20,

    /* U+7EC4 "组" */
    0x0, 0xe9, 0x60, 0xf, 0xfe, 0x41, 0x36, 0x80,
    0x51, 0xff, 0xfc, 0x20, 0x1e, 0x80, 0x80, 0xe,
    0x45, 0x5e, 0x10, 0xf, 0x8d, 0x50, 0xc0, 0x3a,
    0x2a, 0xb9, 0x40, 0x3e, 0xf0, 0x90, 0x5, 0x18,
    0x7, 0xff, 0xd, 0x4d, 0x88, 0x19, 0x58, 0x3,
    0xff, 0x84, 0x54, 0x50, 0x5, 0x8, 0xa0, 0x1f,
    0xfc, 0x2d, 0x2, 0xef, 0xd1, 0x90, 0xb, 0x3f,
    0xf9, 0x0, 0x39, 0x95, 0x9d, 0x2, 0x8, 0x2,
    0x34, 0x4e, 0x10, 0xe, 0x9a, 0x99, 0x29, 0xb8,
    0x6, 0xfb, 0xbe, 0x50, 0xf, 0xd4, 0x1a, 0x1,
    0xff, 0xc7, 0x84, 0xa1, 0x1, 0x0, 0xff, 0xe2,
    0x3b, 0x87, 0xb3, 0xf4, 0x2, 0x89, 0x9e, 0x50,
    0xe, 0x58, 0x1, 0x51, 0x4a, 0x0, 0x91, 0x9b,
    0x84, 0x3, 0x91, 0xeb, 0x3f, 0x6d, 0x80, 0x2b,
    0xff, 0xe4, 0x0, 0xe1, 0x85, 0x30, 0xf, 0x9c,
    0x3, 0xff, 0x8c, 0x20, 0x1f, 0xfc, 0x53, 0x69,
    0xcf, 0xa0, 0xf, 0xfe, 0x12, 0x77, 0xe4, 0xb1,
    0x89, 0x0, 0x7f, 0xf0, 0x94, 0xd, 0xa2, 0xfb,
    0x83, 0x4a, 0x11, 0x55, 0xca, 0x17, 0x46, 0x3d,
    0x92, 0xe8, 0x20, 0xaa, 0x20, 0x45, 0x5e, 0x10,
    0x55, 0x30,

    /* U+7EC6 "细" */
    0x0, 0xe2, 0x0, 0xff, 0xe4, 0xec, 0x80, 0x7f,
    0xf1, 0xd8, 0x34, 0x0, 0xd7, 0x7f, 0xf0, 0x7,
    0x59, 0x20, 0x3, 0x91, 0x3f, 0xe1, 0x0, 0x94,
    0xac, 0x3, 0xb3, 0x74, 0xa1, 0xbb, 0x28, 0x7,
    0x41, 0x30, 0x44, 0x80, 0x8, 0xa3, 0x2, 0x28,
    0xc0, 0x33, 0x14, 0x0, 0x1c, 0x80, 0x3f, 0xf8,
    0x45, 0x26, 0xa0, 0xe1, 0x0, 0x1f, 0xfc, 0x2e,
    0x3, 0xff, 0x42, 0x98, 0x7, 0xff, 0xa, 0xd1,
    0x58, 0x42, 0x0, 0x3f, 0xf8, 0x6f, 0x75, 0x41,
    0x72, 0x0, 0x88, 0xa3, 0x2, 0x28, 0xc0, 0x3d,
    0xe3, 0x0, 0x1b, 0x37, 0x4a, 0x1b, 0xb2, 0x80,
    0x73, 0x9d, 0x80, 0x72, 0xac, 0x40, 0xab, 0x10,
    0x6, 0x38, 0x47, 0x47, 0x20, 0x5, 0xd5, 0x10,
    0x2a, 0xa4, 0x0, 0x8b, 0x1, 0x36, 0xe1, 0x80,
    0x3f, 0xf8, 0x44, 0x6, 0xaf, 0x58, 0x80, 0x1f,
    0xfc, 0x3f, 0xca, 0x85, 0x30, 0xf, 0xfe, 0xe1,
    0xb4, 0xe5, 0x0, 0x8, 0xa3, 0x2, 0x28, 0xc0,
    0x2b, 0xdf, 0xc9, 0x63, 0x30, 0x3, 0x37, 0x4a,
    0x1b, 0xb2, 0x80, 0x4a, 0x2a, 0xf5, 0x9f, 0x20,
    0x5, 0x5f, 0xc4, 0x1, 0x76, 0x54, 0x29, 0x80,
    0x6b, 0xaa, 0xf9, 0x0, 0x0,

    /* U+7ECF "经" */
    0x0, 0xff, 0xe8, 0x4d, 0x0, 0x7f, 0xf2, 0x5,
    0x98, 0x1, 0x3d, 0x57, 0xf1, 0x0, 0x7a, 0x2,
    0x0, 0x2d, 0x55, 0xfe, 0x10, 0xe, 0x26, 0x34,
    0x0, 0xab, 0xff, 0xd0, 0x6, 0x60, 0xe, 0x90,
    0xf0, 0x5, 0xa8, 0x7, 0x96, 0x7, 0x40, 0x39,
    0x10, 0xa6, 0xc, 0x84, 0x1, 0xcd, 0x43, 0x82,
    0x1, 0x86, 0x86, 0xc0, 0xa0, 0x9c, 0x3, 0x4c,
    0x82, 0x8, 0x3, 0xb0, 0x45, 0xdf, 0xa3, 0x20,
    0x12, 0x6b, 0x10, 0x4d, 0x98, 0x6, 0x44, 0x2b,
    0x18, 0x32, 0x1, 0xdd, 0x8a, 0x37, 0x99, 0x32,
    0xc8, 0x1, 0x37, 0x52, 0x43, 0x27, 0x98, 0x44,
    0x6b, 0x80, 0xcf, 0x2a, 0x6b, 0x80, 0x6a, 0x1a,
    0x2, 0x22, 0x65, 0x90, 0x6, 0x1a, 0xc3, 0x20,
    0x9, 0x95, 0xd0, 0x7, 0xec, 0xc0, 0x3f, 0x1e,
    0x28, 0x1, 0x64, 0x7e, 0x6f, 0x42, 0x7f, 0xff,
    0xb0, 0x2, 0x4a, 0x1, 0x86, 0x43, 0x1e, 0x44,
    0x88, 0x9, 0x12, 0x50, 0x9, 0x51, 0xe6, 0xf7,
    0xf8, 0x1e, 0xee, 0xa0, 0x8b, 0xba, 0x40, 0x21,
    0xb8, 0x64, 0x20, 0xf, 0xfe, 0x51, 0x29, 0x80,
    0x7f, 0xf0, 0xc9, 0x62, 0xfb, 0x69, 0x0, 0x3f,
    0xf8, 0x43, 0xb4, 0xe8, 0x4f, 0x6d, 0x33, 0xd6,
    0x1d, 0x33, 0xc0, 0x2d, 0x3b, 0xf9, 0x8, 0x2c,
    0xdc, 0x60, 0x8c, 0xdc, 0x21, 0x2c, 0x40, 0x1d,
    0xff, 0xff, 0xc1, 0x10,

    /* U+7ED3 "结" */
    0x0, 0xe2, 0x0, 0xfc, 0x68, 0x1, 0xff, 0xc0,
    0xfc, 0x0, 0xfa, 0x6c, 0x80, 0x3f, 0xca, 0x56,
    0x1, 0xff, 0xc8, 0x81, 0x70, 0xf, 0xfe, 0x3a,
    0x94, 0x80, 0x59, 0xff, 0x94, 0x37, 0xff, 0x84,
    0x2, 0xb2, 0x70, 0x10, 0x53, 0x3c, 0x20, 0x67,
    0xe0, 0xa, 0x6, 0x0, 0x1b, 0x93, 0x99, 0x90,
    0x3b, 0x33, 0x84, 0x15, 0xc8, 0x52, 0xe, 0x80,
    0x3f, 0xf8, 0x72, 0x5, 0x76, 0x72, 0x60, 0xf,
    0xfe, 0x1c, 0xca, 0xad, 0x2, 0x1, 0x7f, 0xf2,
    0x86, 0xff, 0xe2, 0x0, 0x2b, 0x2b, 0xa2, 0x14,
    0x5, 0x13, 0xfe, 0x30, 0xe, 0xf0, 0x90, 0x2,
    0x5d, 0xff, 0xc2, 0x1, 0xa4, 0xe0, 0x80, 0x3f,
    0xf8, 0xcc, 0xc1, 0x14, 0xdd, 0x82, 0x26, 0x7f,
    0x90, 0x2, 0x39, 0x1, 0x96, 0x40, 0x3, 0x37,
    0xf8, 0xc0, 0x23, 0x33, 0x4d, 0xf7, 0xd8, 0x0,
    0x7f, 0xfd, 0x40, 0x1e, 0xc9, 0x64, 0x10, 0xf,
    0xfe, 0xf9, 0x2c, 0x5f, 0x38, 0x7, 0xff, 0x4,
    0xab, 0x3f, 0x69, 0xd0, 0xc8, 0x6, 0xab, 0xd2,
    0x1, 0xca, 0x28, 0xf3, 0x9f, 0xaa, 0x0, 0x55,
    0xf1, 0x80, 0x62, 0xfd, 0xb8, 0x63, 0x0, 0xc3,
    0xff, 0xea, 0x0, 0xc0,

    /* U+7ED8 "绘" */
    0x0, 0xff, 0xe8, 0x74, 0x0, 0x7d, 0x38, 0x80,
    0x1f, 0xe6, 0x1d, 0x0, 0xf2, 0x31, 0xc8, 0x7,
    0xfa, 0xc9, 0x40, 0x3d, 0x21, 0x4, 0xe0, 0x1f,
    0x90, 0xac, 0x3, 0xd2, 0x50, 0xe7, 0x8, 0x1,
    0xf4, 0xb, 0x4, 0x70, 0x82, 0xb2, 0x38, 0x70,
    0xd1, 0x0, 0x73, 0x1d, 0x80, 0xba, 0x8a, 0x50,
    0xd0, 0x0, 0xb4, 0x70, 0xc0, 0x23, 0x81, 0x6,
    0xb0, 0x84, 0xb1, 0xc1, 0x0, 0x8e, 0xc7, 0x14,
    0x1, 0x42, 0x2a, 0x95, 0x5a, 0xc7, 0x48, 0x3,
    0x93, 0x6, 0x9c, 0x36, 0x26, 0xcc, 0x21, 0x4f,
    0xf3, 0xff, 0xe4, 0xc4, 0x60, 0x47, 0x67, 0x37,
    0x23, 0xc1, 0x87, 0x7f, 0x90, 0xac, 0x40, 0x37,
    0x14, 0x0, 0x67, 0x88, 0xf8, 0xc0, 0x3d, 0x25,
    0x20, 0x1f, 0xfc, 0x79, 0x62, 0xec, 0xf7, 0xef,
    0xff, 0xfb, 0x40, 0x26, 0x2, 0x51, 0x43, 0x75,
    0x52, 0x1, 0xaa, 0xfc, 0x1, 0x4d, 0xef, 0xed,
    0xa4, 0xd5, 0x1c, 0x36, 0xa9, 0xb1, 0x54, 0x80,
    0x9, 0x90, 0x80, 0x3c, 0xc7, 0x2, 0x3, 0x3c,
    0x1, 0xff, 0x23, 0x80, 0xc9, 0xb8, 0x0, 0x6c,
    0xdc, 0x3, 0x9, 0xb4, 0xef, 0xdc, 0x6, 0x87,
    0x0, 0x65, 0x38, 0x20, 0xb, 0xb2, 0x58, 0xd1,
    0xee, 0xc6, 0x3f, 0xbd, 0xff, 0x18, 0x48, 0x4,
    0xd1, 0x7b, 0xd7, 0x8, 0x24, 0x46, 0x77, 0x33,
    0xc4, 0xaa, 0x20, 0x1, 0x2e, 0x84, 0x1, 0xab,
    0x72, 0xea, 0x65, 0xe, 0xd6, 0x6a, 0x1, 0xff,
    0xc8, 0x1c, 0x10,

    /* U+7ED9 "给" */
    0x0, 0xe3, 0x0, 0xfc, 0x22, 0x0, 0xff, 0x87,
    0x28, 0x3, 0xc3, 0xdc, 0x30, 0xf, 0xf3, 0x7,
    0x0, 0x7a, 0x0, 0x1e, 0x1, 0xfe, 0x93, 0x40,
    0xe, 0x26, 0x58, 0x36, 0x0, 0xfc, 0xe3, 0x0,
    0x90, 0x20, 0xe, 0xb, 0x72, 0x93, 0x0, 0xfa,
    0x4d, 0x2, 0x1c, 0x1, 0x7, 0x22, 0x1c, 0x1c,
    0x20, 0x1d, 0x3, 0xe0, 0x86, 0xc2, 0xee, 0x46,
    0x0, 0x1c, 0x96, 0x8, 0x4, 0xce, 0x6a, 0xf2,
    0x10, 0xd0, 0x54, 0x1, 0x9a, 0xb, 0x8, 0x1,
    0xa0, 0x73, 0x4, 0xd1, 0x22, 0xf1, 0x33, 0xdd,
    0x5, 0xaa, 0x11, 0x7b, 0xa1, 0x8, 0x53, 0xf4,
    0x66, 0xf9, 0xe8, 0x8, 0xd, 0x9, 0x6, 0x7,
    0x70, 0x7b, 0xff, 0xe0, 0x5d, 0x70, 0x8, 0x60,
    0x9c, 0x4, 0x3, 0xff, 0x80, 0x40, 0x1a, 0xc6,
    0x40, 0x3f, 0xf8, 0xee, 0xa6, 0x2f, 0x4e, 0x1f,
    0xff, 0xe1, 0x0, 0x9a, 0x0, 0xea, 0x17, 0x40,
    0x4, 0xcd, 0xe2, 0x0, 0xe4, 0x15, 0x79, 0xce,
    0xa0, 0x2, 0x4c, 0xf9, 0x40, 0x38, 0xba, 0xa1,
    0x8c, 0x40, 0x3f, 0xf9, 0x44, 0xc0, 0x1f, 0xfc,
    0x31, 0x36, 0x9c, 0xfd, 0x92, 0x0, 0xff, 0xe0,
    0xa7, 0x64, 0xb1, 0x99, 0xa4, 0x81, 0x26, 0x7c,
    0x80, 0x19, 0x15, 0xeb, 0x7f, 0x25, 0x80, 0x4,
    0xcd, 0xe3, 0x0, 0xea, 0x85, 0x20, 0xf, 0x37,
    0xff, 0x9c, 0x3, 0xff, 0x85, 0xf2, 0x1, 0xe8,
    0xf1, 0x0, 0x0,

    /* U+7EDC "络" */
    0x0, 0xff, 0xe8, 0x6b, 0x80, 0x73, 0x7b, 0x80,
    0x7f, 0xf0, 0x18, 0x84, 0x3, 0xa0, 0x14, 0x3,
    0xff, 0x81, 0x4, 0xc0, 0x19, 0xc4, 0x37, 0xff,
    0x98, 0x3, 0x9c, 0x64, 0x7, 0xc, 0xa0, 0x59,
    0xb8, 0x80, 0xc0, 0x30, 0xc2, 0x20, 0x20, 0xdb,
    0x80, 0xa6, 0x75, 0x91, 0xa8, 0x6, 0xa0, 0xa0,
    0x36, 0x3c, 0x34, 0x38, 0x0, 0xb8, 0x3c, 0x3,
    0x52, 0x15, 0xd6, 0x85, 0x32, 0xdb, 0x3b, 0x5,
    0x9c, 0x18, 0x6, 0x60, 0x25, 0x50, 0xbb, 0x4d,
    0x4, 0xac, 0xea, 0x43, 0x80, 0x77, 0x73, 0xf8,
    0x45, 0x0, 0xc0, 0x16, 0x81, 0xa, 0x0, 0x78,
    0x84, 0x2c, 0x6c, 0x3, 0x37, 0x41, 0x40, 0x65,
    0xa0, 0x7, 0x95, 0x70, 0x1c, 0xf4, 0x84, 0x6b,
    0xfb, 0xa5, 0xf4, 0x98, 0x0, 0xac, 0x6c, 0x97,
    0xd8, 0xe7, 0x9c, 0x0, 0x31, 0xd0, 0x6c, 0xc0,
    0x4c, 0x11, 0x76, 0xd5, 0x32, 0x7a, 0x23, 0xd2,
    0x1b, 0xa5, 0x0, 0x8, 0x1a, 0xc5, 0x39, 0xeb,
    0xbf, 0xe9, 0x2, 0x0, 0x26, 0x7e, 0x53, 0xa8,
    0x80, 0x5d, 0xff, 0xc6, 0x1, 0xe3, 0x0, 0xff,
    0xe7, 0x23, 0xd0, 0x80, 0x7f, 0xf0, 0x45, 0x1e,
    0xb7, 0xee, 0x14, 0x80, 0x3f, 0xf8, 0x29, 0x70,
    0xa4, 0x6d, 0x38, 0x60, 0x8, 0x99, 0xe2, 0x0,
    0xc9, 0x17, 0xdf, 0x92, 0xc6, 0x1, 0x33, 0x78,
    0x40, 0x30, 0xba, 0x8, 0x7, 0xee, 0xff, 0xe3,
    0x0, 0xc0,

    /* U+7EDF "统" */
    0x0, 0xe5, 0x10, 0xf, 0x1d, 0x28, 0x7, 0xfc,
    0x35, 0xa0, 0x1e, 0x25, 0x90, 0xf, 0xf9, 0x82,
    0x40, 0x3c, 0x28, 0x62, 0x1, 0xfe, 0x92, 0x50,
    0x4, 0xcf, 0x38, 0x54, 0xce, 0x80, 0xc, 0xe3,
    0x0, 0x1, 0x66, 0xe3, 0x4, 0x66, 0xe0, 0xd,
    0x24, 0xa1, 0x17, 0xdf, 0xed, 0x3, 0xff, 0xf7,
    0x0, 0x52, 0x32, 0x2, 0xee, 0x10, 0x4, 0x87,
    0x80, 0x18, 0x40, 0x39, 0x98, 0x3b, 0x3a, 0x10,
    0x0, 0x64, 0x63, 0x2, 0x9d, 0x0, 0xef, 0x1,
    0x66, 0x19, 0x28, 0x14, 0x94, 0x80, 0xa, 0xe,
    0x0, 0x35, 0xe7, 0x79, 0x84, 0x0, 0x38, 0x38,
    0x3, 0x39, 0x39, 0x80, 0x44, 0x62, 0xa6, 0x65,
    0x2b, 0x32, 0xb9, 0x95, 0x5e, 0x18, 0x70, 0x7,
    0xac, 0x38, 0x5, 0x0, 0x9d, 0x98, 0x88, 0x22,
    0xce, 0x1, 0xa0, 0x58, 0x80, 0xef, 0x24, 0x23,
    0xfc, 0xf, 0x98, 0x10, 0xc, 0x8e, 0x1d, 0x15,
    0x28, 0x66, 0x1, 0x0, 0xe1, 0xc7, 0x0, 0x15,
    0x80, 0x21, 0xd4, 0x80, 0x6, 0x6, 0x1, 0xe2,
    0x0, 0x88, 0x88, 0xf5, 0x9d, 0x60, 0x1, 0x1,
    0x0, 0xff, 0xb6, 0xe1, 0x4c, 0x40, 0x2d, 0x5,
    0x0, 0xff, 0xe2, 0x1b, 0x80, 0x10, 0x84, 0x3,
    0xed, 0x40, 0x1, 0xb4, 0xe7, 0xe4, 0x14, 0xd,
    0x80, 0x7c, 0x24, 0x41, 0xfc, 0x96, 0x33, 0x35,
    0x23, 0x9b, 0x0, 0x4, 0xc, 0x0, 0xa0, 0x42,
    0x8f, 0x5b, 0xf9, 0x3b, 0x23, 0xc0, 0x1c, 0xb5,
    0x34, 0xa, 0x17, 0xa, 0x40, 0xc, 0x72, 0xc2,
    0x0, 0xd2, 0x2a, 0xc1, 0x2, 0x1, 0xf4, 0x36,
    0x90, 0x7, 0x37, 0x7f, 0xb9, 0xc0,

    /* U+7EE7 "继" */
    0x0, 0xff, 0xe7, 0x8e, 0xa0, 0x7, 0xe9, 0xf1,
    0x0, 0xfe, 0x62, 0x20, 0x2, 0x60, 0x3, 0xff,
    0x89, 0x22, 0xc0, 0x7, 0x46, 0x90, 0xf, 0xa9,
    0x0, 0x33, 0xc, 0x80, 0x71, 0xb2, 0x0, 0x73,
    0x28, 0x7, 0x58, 0xb8, 0x20, 0x80, 0x14, 0xe4,
    0x3, 0xa1, 0x10, 0x1, 0x31, 0x48, 0xd, 0xd8,
    0x2, 0xf2, 0x50, 0xa, 0x46, 0x40, 0x21, 0x82,
    0x70, 0x90, 0x80, 0x8, 0xcc, 0x40, 0x3, 0x58,
    0x20, 0xa, 0xc4, 0xf3, 0x5d, 0x48, 0x3, 0x63,
    0x80, 0xf, 0x1c, 0x3, 0x11, 0x15, 0x88, 0x2c,
    0x2, 0x7c, 0xc9, 0xc3, 0x73, 0x28, 0x0, 0x46,
    0xdf, 0x3, 0x88, 0x5, 0xe2, 0x38, 0x4, 0x78,
    0x3, 0xa4, 0x60, 0x3, 0x46, 0xeb, 0xc0, 0x19,
    0xbb, 0x48, 0x6, 0x82, 0xb0, 0xf, 0xdc, 0x0,
    0x93, 0x0, 0xf1, 0xba, 0x3a, 0xb8, 0x7, 0x41,
    0x98, 0x1f, 0x14, 0x3, 0x16, 0x2, 0x6d, 0x40,
    0x6, 0x57, 0x72, 0x86, 0xd, 0x30, 0x4, 0x62,
    0x8d, 0x37, 0xc0, 0x13, 0x51, 0xc0, 0x0, 0xbc,
    0xa5, 0x80, 0x3, 0xd7, 0x2c, 0x82, 0x1, 0x51,
    0xe0, 0x6, 0x1c, 0x1d, 0x0, 0xff, 0xe0, 0x7e,
    0x80, 0x78, 0x72, 0xc0, 0x31, 0xac, 0x67, 0xb0,
    0x0, 0xc4, 0x3, 0xe2, 0x0, 0xe, 0xfe, 0x53,
    0x98, 0x8, 0x7, 0xa7, 0xc4, 0x3, 0xc4, 0x0,
    0x36, 0x9c, 0x70, 0x2b, 0xbf, 0xf9, 0x6, 0xb7,
    0xf2, 0x58, 0xc0, 0x2, 0x89, 0xff, 0x10,

    /* U+7EED "续" */
    0x0, 0xff, 0xe1, 0x29, 0x80, 0x7f, 0xc9, 0xc6,
    0x1, 0xf5, 0xc0, 0x7, 0xfd, 0xc0, 0x60, 0x10,
    0x8e, 0x0, 0x8, 0xe0, 0xf, 0x12, 0xb0, 0x5,
    0x7d, 0xd8, 0x53, 0xbb, 0x78, 0x7, 0x58, 0x48,
    0x5, 0xf3, 0x38, 0xa, 0x67, 0x80, 0x30, 0xb3,
    0x4, 0x31, 0x51, 0x9b, 0xb, 0x37, 0x80, 0x35,
    0x84, 0x2, 0x98, 0x22, 0x70, 0x3a, 0x27, 0x8,
    0x1, 0x15, 0x80, 0xa0, 0xc2, 0xef, 0x84, 0xee,
    0xf9, 0x0, 0x16, 0xd, 0xda, 0x50, 0x95, 0x5f,
    0xe6, 0x6, 0x0, 0x32, 0xb3, 0x82, 0x20, 0x56,
    0x3d, 0xd5, 0x5d, 0xa, 0xb1, 0x98, 0x1, 0x35,
    0x20, 0x8, 0x0, 0xa5, 0xb6, 0x44, 0x2, 0x33,
    0x48, 0x7, 0x13, 0xb1, 0x80, 0x11, 0x72, 0x9c,
    0xc0, 0x40, 0x5d, 0x40, 0x3b, 0x86, 0x0, 0x2a,
    0xe7, 0x5e, 0x27, 0x0, 0x14, 0x0, 0x74, 0x1b,
    0xba, 0x6c, 0x3a, 0x21, 0xc6, 0x0, 0x70, 0xf,
    0x9d, 0xc0, 0xd2, 0xca, 0x0, 0x7e, 0x41, 0x2,
    0x10, 0xf, 0x8d, 0x1e, 0x73, 0xb8, 0xf3, 0x28,
    0x3b, 0x91, 0x69, 0x9e, 0x10, 0x4b, 0x86, 0x31,
    0xb, 0x66, 0xf0, 0x1b, 0x37, 0x10, 0x7, 0xc5,
    0xff, 0xdc, 0x21, 0xbf, 0xfc, 0x60, 0x2, 0x58,
    0xbf, 0xda, 0x0, 0x87, 0x44, 0x36, 0x44, 0x3,
    0x17, 0xed, 0x3a, 0x1b, 0x50, 0x1, 0xbc, 0xe7,
    0x95, 0xb9, 0xc0, 0x22, 0x47, 0xac, 0xfc, 0x97,
    0x9e, 0x93, 0xb6, 0x1a, 0xb2, 0x8d, 0x30, 0x5,
    0xc2, 0x98, 0x2, 0x2d, 0x8a, 0x75, 0x0, 0x24,
    0xd7, 0x2b, 0x0, 0xfd, 0x51, 0xb8, 0xc0, 0x1f,
    0x46, 0x48, 0x0,

    /* U+7EFF "绿" */
    0x0, 0xff, 0xe7, 0x9f, 0x20, 0x7, 0xff, 0x22,
    0x45, 0x40, 0x11, 0xff, 0xfd, 0x80, 0x1e, 0x25,
    0x61, 0x0, 0x63, 0xbf, 0xe1, 0x0, 0xfa, 0x2,
    0x1, 0xd, 0x22, 0x3f, 0x10, 0x7, 0x8d, 0x5c,
    0x42, 0xb4, 0x5d, 0xff, 0x10, 0x7, 0xbc, 0x60,
    0x1c, 0x60, 0x22, 0x3f, 0x8, 0x7, 0x51, 0xac,
    0x4c, 0x89, 0x87, 0xff, 0xf1, 0x80, 0x73, 0x2,
    0x33, 0x6, 0x40, 0x3f, 0xf8, 0x9b, 0xdf, 0xa0,
    0xa9, 0xdf, 0xff, 0xc6, 0x6f, 0xf1, 0x80, 0x88,
    0x3c, 0x2c, 0x19, 0xbc, 0x40, 0xcd, 0xe1, 0x0,
    0x98, 0xe4, 0x42, 0x32, 0xe6, 0x66, 0x9, 0x9d,
    0x92, 0x40, 0x1, 0x84, 0x62, 0x41, 0xbc, 0x40,
    0xc, 0xc0, 0xa, 0xa1, 0x0, 0xf, 0x5, 0x7f,
    0x6c, 0x7c, 0xed, 0x40, 0x2b, 0x1b, 0x58, 0x20,
    0x3, 0x90, 0x1a, 0xbd, 0x0, 0xe9, 0xb4, 0x20,
    0x17, 0xa4, 0xb8, 0x4, 0x99, 0xfb, 0x50, 0xa0,
    0x16, 0x4b, 0x80, 0xb8, 0xc3, 0x0, 0x71, 0x80,
    0x7c, 0x38, 0xae, 0x81, 0x5, 0x6, 0x1, 0xf1,
    0x3e, 0x48, 0x27, 0x9c, 0xc0, 0x5, 0x83, 0x88,
    0x0, 0x16, 0x9e, 0xd8, 0x30, 0x9b, 0xb, 0x60,
    0xc, 0x38, 0x37, 0x0, 0x52, 0xc4, 0xf7, 0xfe,
    0x63, 0xf4, 0x0, 0x38, 0x4, 0x5e, 0x6e, 0xe3,
    0xbf, 0xc8, 0x40, 0x6a, 0xc1, 0x59, 0xc3, 0x20,
    0x8, 0x71, 0xdc, 0x8, 0x1, 0xe5, 0x0, 0x1b,
    0x19, 0xb8, 0x3, 0xa0, 0x3, 0xff, 0x80, 0xdd,
    0xf8, 0x40, 0x1f, 0x0,

    /* U+7F13 "缓" */
    0x0, 0xff, 0xe7, 0x97, 0xa8, 0x7, 0xe1, 0x24,
    0x68, 0xa5, 0x0, 0xeb, 0x4, 0x6, 0xab, 0xcd,
    0xef, 0xed, 0xb9, 0x74, 0x20, 0xc, 0x2c, 0xc1,
    0x0, 0x3a, 0x83, 0x21, 0x3c, 0xde, 0xc6, 0xb8,
    0x6, 0x90, 0xb0, 0x16, 0x91, 0xeb, 0xb1, 0x7b,
    0x20, 0xc2, 0x80, 0x61, 0x76, 0x20, 0xf9, 0x42,
    0x80, 0x16, 0x90, 0x4, 0x8b, 0x0, 0x6a, 0x18,
    0x7, 0x1d, 0xa, 0x70, 0x6, 0x81, 0x1a, 0xc0,
    0x6, 0x74, 0x29, 0x99, 0x7, 0xe0, 0xbf, 0xd6,
    0x3b, 0x81, 0x3f, 0x40, 0xd, 0x3, 0x76, 0x18,
    0x79, 0x93, 0x3, 0x4c, 0xfd, 0xc0, 0x8, 0xcd,
    0xb0, 0x53, 0x26, 0x67, 0x85, 0xb3, 0x7c, 0x80,
    0x2, 0x32, 0x80, 0xb0, 0x77, 0xb4, 0x29, 0xdf,
    0xf0, 0x80, 0x4c, 0x72, 0x22, 0x88, 0x90, 0x1e,
    0x23, 0xf1, 0x0, 0xa, 0x4d, 0x80, 0xff, 0xe0,
    0x7f, 0xff, 0xe3, 0x3, 0xf0, 0x1d, 0xfd, 0x10,
    0x50, 0x16, 0x6f, 0x84, 0x3, 0x10, 0x10, 0xa3,
    0x0, 0x38, 0x1a, 0x67, 0xe5, 0x0, 0x8e, 0xfb,
    0xf2, 0xe4, 0x49, 0x14, 0x1f, 0xfe, 0xe2, 0x15,
    0x0, 0xc8, 0x20, 0x11, 0x84, 0x5, 0xc3, 0xa0,
    0x2, 0xca, 0x84, 0x3, 0x89, 0xab, 0xb1, 0xd5,
    0xc5, 0xd2, 0xd6, 0xd6, 0x50, 0x2, 0x1c, 0xfd,
    0x95, 0x4, 0x81, 0x80, 0x5, 0x95, 0x24, 0xb0,
    0x6, 0x12, 0x23, 0x4e, 0xf3, 0x85, 0x0, 0x12,
    0xc8, 0x42, 0x20, 0x40, 0x1b, 0xb6, 0x58, 0xa8,
    0xd8, 0x67, 0xad, 0x63, 0xb5, 0x5f, 0x75, 0x28,
    0x1, 0xec, 0x48, 0xa6, 0x39, 0xe7, 0x2, 0xbd,
    0x70, 0x63, 0x0, 0xf3, 0x58, 0xde, 0xe9, 0x80,
    0x38, 0xa3, 0x74, 0xc0,

    /* U+7F16 "编" */
    0x0, 0xff, 0xe0, 0x8b, 0x10, 0x7, 0xf8, 0xb5,
    0x0, 0x3c, 0x73, 0x40, 0x1f, 0xeb, 0x27, 0x0,
    0xf1, 0x11, 0x40, 0x3f, 0x85, 0x90, 0xc0, 0x7f,
    0xf8, 0x89, 0xff, 0xb8, 0x3, 0x48, 0x78, 0x6,
    0x37, 0x7f, 0xc4, 0x20, 0x10, 0xba, 0x20, 0x31,
    0x41, 0x22, 0x3f, 0x38, 0x6, 0x80, 0x80, 0x73,
    0x0, 0xff, 0xe1, 0xab, 0x1b, 0x32, 0x4d, 0x41,
    0xff, 0xff, 0x28, 0x5, 0x80, 0x75, 0x23, 0xe0,
    0x3, 0x88, 0xff, 0x0, 0x2e, 0xd9, 0x80, 0x43,
    0x0, 0x23, 0xbf, 0xf8, 0x0, 0x48, 0x74, 0x12,
    0x6, 0x4, 0xab, 0xfe, 0x10, 0x8, 0xd9, 0x84,
    0x1, 0x2d, 0x57, 0xf9, 0x0, 0x2f, 0x18, 0x14,
    0x10, 0x0, 0xec, 0xe, 0xd0, 0x66, 0x0, 0x35,
    0x98, 0x7f, 0x5b, 0x1, 0x19, 0x8, 0x10, 0x81,
    0x10, 0x3, 0x28, 0x0, 0x9a, 0x8, 0x18, 0x3,
    0xff, 0x83, 0xbd, 0xcc, 0x97, 0xd1, 0x11, 0xbe,
    0x8b, 0xf0, 0x4c, 0x80, 0x31, 0x88, 0x6, 0x74,
    0x1, 0x84, 0x8, 0x50, 0x77, 0x0, 0x71, 0xb5,
    0x74, 0x96, 0x1, 0x7c, 0x8f, 0xd8, 0x77, 0x0,
    0x2d, 0xfc, 0x95, 0x34, 0x7, 0x0, 0xff, 0xe0,
    0xba, 0x3d, 0xf6, 0x1a, 0x8, 0x7, 0xff, 0x6,
    0xae, 0x10, 0x60, 0x60, 0x3, 0xf9, 0x60, 0x4,
    0x3, 0xd7, 0x6, 0x1, 0x9b, 0xc1, 0x34, 0x19,
    0x50, 0x3, 0xc4, 0xe0, 0xa, 0xd0, 0x0, 0x80,
    0x9, 0x3e, 0x80,

    /* U+7F18 "缘" */
    0x0, 0xff, 0xe7, 0xaf, 0x18, 0x6, 0xe9, 0x0,
    0xff, 0xe1, 0x70, 0x18, 0x4, 0x22, 0x36, 0x6f,
    0x28, 0x7, 0x89, 0x24, 0x3, 0x20, 0x24, 0x47,
    0x4f, 0x0, 0x7a, 0xc1, 0x81, 0x48, 0x30, 0x3b,
    0xbc, 0x6, 0x1, 0xc2, 0xcc, 0x10, 0xa9, 0x5,
    0x26, 0x6e, 0x70, 0xe0, 0xe, 0xb0, 0x80, 0x80,
    0x80, 0x22, 0x4c, 0xf4, 0x2, 0x80, 0x66, 0x54,
    0x43, 0x3a, 0x98, 0x77, 0xff, 0x9c, 0x8, 0x3,
    0x58, 0x25, 0x48, 0x42, 0x3b, 0xfe, 0x50, 0x67,
    0x70, 0x2, 0xe2, 0xa0, 0x18, 0xba, 0x23, 0xf1,
    0x4, 0x44, 0x20, 0xce, 0xb8, 0x30, 0x15, 0xff,
    0x40, 0x2, 0x7f, 0xf7, 0x78, 0x80, 0x4a, 0x90,
    0x20, 0x13, 0x74, 0x8, 0x98, 0x0, 0x39, 0x80,
    0xe, 0xb2, 0x60, 0x4, 0x74, 0xae, 0x68, 0xb8,
    0x37, 0x94, 0x0, 0x43, 0x42, 0x91, 0x6c, 0x8b,
    0x96, 0xfa, 0x13, 0x92, 0x5e, 0xa0, 0x13, 0xa8,
    0x33, 0xa0, 0xe5, 0x8d, 0x5a, 0xc8, 0x98, 0x28,
    0x80, 0x64, 0x59, 0xce, 0xf7, 0x29, 0xd5, 0x9b,
    0xe0, 0x77, 0x30, 0x80, 0x62, 0xa6, 0x31, 0x3,
    0xd6, 0x7e, 0x6b, 0x70, 0x29, 0x8, 0x0, 0xfe,
    0x27, 0x8e, 0x82, 0xd4, 0x93, 0x11, 0x43, 0x28,
    0x4, 0x4b, 0x17, 0xdb, 0x2e, 0x13, 0x87, 0x6c,
    0xe, 0xe, 0x94, 0x60, 0x9b, 0x4e, 0xaa, 0x89,
    0x7f, 0x65, 0xf4, 0x1, 0x0, 0xa8, 0xb0, 0xd6,
    0x2f, 0xb9, 0x6f, 0x30, 0x59, 0x46, 0xb2, 0x4a,
    0x0, 0x1c, 0x31, 0x13, 0xa0, 0x80, 0x57, 0x6c,
    0x30, 0x4a, 0x63, 0xb0, 0x8, 0x70, 0x80, 0x3e,
    0x64, 0x0, 0x9b, 0x3b, 0x8, 0x3, 0xc0,

    /* U+7F29 "缩" */
    0x0, 0xff, 0xe1, 0x10, 0x7, 0xf8, 0xb5, 0x0,
    0x3e, 0x8d, 0x40, 0xf, 0xeb, 0x26, 0x0, 0xfa,
    0x83, 0x40, 0x3f, 0xb, 0x21, 0x0, 0x26, 0x7a,
    0xc1, 0xe6, 0x78, 0x40, 0xc, 0x1e, 0x0, 0x16,
    0x6f, 0x0, 0xb3, 0x71, 0x80, 0x24, 0xd0, 0x1c,
    0xc1, 0xff, 0xff, 0xa0, 0x2, 0x81, 0x80, 0x68,
    0x70, 0x5, 0xb8, 0x7, 0xc6, 0xa6, 0x67, 0x45,
    0x1b, 0x35, 0xeb, 0x40, 0x99, 0xfb, 0x4d, 0x60,
    0x13, 0xb8, 0x50, 0x3, 0x40, 0x8c, 0xdf, 0xd9,
    0xcc, 0xee, 0x4, 0x40, 0x1, 0x8c, 0xdf, 0xf3,
    0x87, 0x7f, 0xd0, 0xb3, 0x1e, 0x12, 0x0, 0x70,
    0x40, 0xc, 0x84, 0x20, 0x1e, 0x18, 0x62, 0x0,
    0x48, 0x4, 0x9f, 0xe3, 0x2f, 0xf9, 0x0, 0x2a,
    0x18, 0x0, 0x48, 0x80, 0x72, 0xb3, 0x4a, 0x1,
    0xa1, 0x16, 0x2e, 0xcc, 0x40, 0x1d, 0x33, 0xb8,
    0x2, 0x37, 0x4, 0x64, 0x71, 0x80, 0xf, 0xfe,
    0x9, 0xac, 0x56, 0x7e, 0x7a, 0x0, 0x74, 0xc4,
    0x5c, 0x1, 0xa9, 0xd4, 0xc0, 0x2, 0x1, 0xe5,
    0x77, 0x94, 0x3, 0xff, 0x8b, 0x9f, 0xf5, 0x80,
    0x42, 0x6a, 0xf5, 0xbe, 0xa0, 0x1f, 0xfc, 0x2f,
    0xca, 0x84, 0x16, 0x70, 0xf, 0x53, 0xbd, 0xa0,
    0x14, 0x56, 0x77, 0x32, 0x48, 0x3, 0xcd, 0x11,
    0x30, 0x4, 0xca, 0x62, 0x1, 0xf9, 0xcb, 0x7f,
    0xec, 0x27, 0x0,

    /* U+7F3A "缺" */
    0x0, 0xce, 0x60, 0x1f, 0x99, 0x0, 0x3f, 0xc9,
    0xa, 0x1, 0xfa, 0x7c, 0x3, 0xfd, 0xa0, 0xe0,
    0x1f, 0xfc, 0x86, 0x16, 0x77, 0xc6, 0x1, 0xff,
    0xc2, 0x60, 0x18, 0x8e, 0x56, 0x99, 0x3, 0x4c,
    0xe5, 0x0, 0xd6, 0x38, 0x81, 0x99, 0x3e, 0x33,
    0x0, 0x99, 0xb6, 0x0, 0x4c, 0x52, 0x62, 0x23,
    0x38, 0x6b, 0xf8, 0x17, 0xfd, 0xc0, 0x1d, 0x82,
    0xe0, 0x1f, 0xc2, 0x1, 0xfe, 0xac, 0x0, 0xff,
    0xe4, 0xba, 0xbb, 0xc2, 0xef, 0x30, 0x7, 0xff,
    0x6, 0x23, 0x10, 0x44, 0x52, 0x1, 0xff, 0xc1,
    0xbb, 0xc6, 0x17, 0x78, 0x44, 0x40, 0x1, 0x11,
    0x80, 0x4, 0x0, 0x8e, 0xc8, 0xc2, 0x8c, 0xe1,
    0xdc, 0xd0, 0x5e, 0xe6, 0x83, 0x73, 0x80, 0x3f,
    0x80, 0x34, 0x63, 0x34, 0x80, 0x3, 0x66, 0xe3,
    0x0, 0xff, 0x14, 0xcb, 0x40, 0xf, 0x33, 0xc8,
    0x1, 0xff, 0xc1, 0xc0, 0x24, 0x20, 0xf, 0xfe,
    0x28, 0xa8, 0xf8, 0x70, 0x7, 0xff, 0x15, 0x81,
    0x89, 0x8e, 0x0, 0x3f, 0x84, 0xc, 0x40, 0x5,
    0x3, 0x1, 0x26, 0xf0, 0x1, 0xe3, 0xf4, 0x1c,
    0x40, 0x2c, 0xb, 0x0, 0xb4, 0x9e, 0xc4, 0x2,
    0x55, 0x99, 0x8f, 0xb, 0x83, 0xa, 0x1, 0xe,
    0x1a, 0x73, 0x80, 0x26, 0xa9, 0x32, 0x87, 0x61,
    0x87, 0x0, 0xe1, 0xc7, 0x1, 0x0, 0xfe, 0xdb,
    0x70, 0xf, 0xd1, 0xac,

    /* U+7F51 "网" */
    0x0, 0xff, 0xe3, 0xcf, 0xff, 0xff, 0x16, 0x80,
    0xa, 0xbf, 0xfc, 0x30, 0xd, 0x75, 0x5f, 0xfc,
    0x1b, 0x0, 0xf1, 0x0, 0x59, 0x20, 0x19, 0x60,
    0xc0, 0x3a, 0x70, 0x0, 0x46, 0x6, 0x1, 0x4b,
    0x98, 0x7, 0x58, 0xc8, 0x50, 0x66, 0x24, 0x8,
    0xd4, 0x3, 0xc4, 0xcc, 0x26, 0x25, 0x66, 0x1a,
    0x87, 0x0, 0x7d, 0x1, 0xe3, 0x41, 0x3, 0xf4,
    0x28, 0x1, 0xf0, 0xb9, 0x3, 0x0, 0xc9, 0x94,
    0x80, 0x7f, 0x58, 0x18, 0x80, 0x1c, 0x41, 0x80,
    0x3f, 0xa8, 0xc, 0x80, 0x6, 0x20, 0xe0, 0x1f,
    0x85, 0x8c, 0x20, 0x1, 0x0, 0x36, 0x1, 0xfa,
    0x3, 0xd1, 0x45, 0x10, 0xd0, 0x4c, 0x1, 0xe2,
    0x64, 0x3f, 0x6, 0x80, 0x86, 0x1b, 0x0, 0xf4,
    0x84, 0x82, 0x2f, 0x9b, 0x88, 0x49, 0x20, 0x6,
    0x74, 0x62, 0x0, 0x5b, 0x94, 0x0, 0x18, 0x30,
    0x3, 0x19, 0x40, 0x4, 0xe1, 0xc0, 0x10, 0xdc,
    0x1, 0x80, 0x13, 0x44, 0x2, 0x6d, 0x30, 0xc,
    0x88, 0x0, 0xff, 0x88, 0x2, 0xac, 0xda, 0xf,
    0x0, 0xff, 0xe0, 0x99, 0x88, 0x8e, 0xd3, 0xe2,
    0x1, 0xfe, 0x9f, 0xf6, 0xc0, 0x0,

    /* U+7F69 "罩" */
    0x0, 0x22, 0x7f, 0xf1, 0x48, 0x2, 0x1b, 0xbf,
    0xfe, 0x2d, 0x0, 0x72, 0xff, 0xca, 0x1f, 0xf3,
    0x86, 0xff, 0xb0, 0x3, 0xe1, 0x22, 0x84, 0x8,
    0xa1, 0x6, 0x22, 0x30, 0x7, 0xc9, 0xbb, 0x20,
    0x6e, 0xcc, 0x17, 0xba, 0xa0, 0xe, 0x1d, 0xdf,
    0x9c, 0x2b, 0x77, 0xe9, 0x0, 0xc4, 0x5f, 0x78,
    0x6b, 0xbf, 0xc8, 0x40, 0x1f, 0xfc, 0x7, 0xaa,
    0xfc, 0xa0, 0x1f, 0xfc, 0xb, 0xff, 0xfc, 0xe0,
    0x11, 0xff, 0xfa, 0x2, 0xff, 0xfd, 0x40, 0x1c,
    0xe0, 0xb7, 0x7f, 0xf5, 0x0, 0x7f, 0x12, 0xaf,
    0xfc, 0xe0, 0x1f, 0xcf, 0xdd, 0xff, 0x68, 0x7,
    0xf3, 0x6e, 0xff, 0xd8, 0x1, 0xfc, 0x6c, 0xdf,
    0xfc, 0x0, 0xf, 0x9c, 0x16, 0xef, 0xfe, 0xa0,
    0xf, 0x8f, 0xff, 0xda, 0xb, 0xff, 0xea, 0x0,
    0x95, 0x9b, 0xf2, 0x83, 0x37, 0xf8, 0x6e, 0x67,
    0xf4, 0x1, 0xcc, 0xff, 0x17, 0x7f, 0xfe, 0xd0,
    0x5f, 0xff, 0xe3, 0x0, 0xff, 0xe5, 0x0,

    /* U+7F6E "置" */
    0x0, 0x7f, 0xff, 0xf1, 0x58, 0x3, 0x8e, 0xee,
    0x40, 0xbb, 0x98, 0x2a, 0xed, 0x20, 0x20, 0x1c,
    0xe8, 0x91, 0x2, 0x25, 0xc0, 0x89, 0x28, 0x7,
    0xc9, 0xff, 0x30, 0x7f, 0xd0, 0x1d, 0xfe, 0xc0,
    0xf, 0x5d, 0xfe, 0xab, 0xbf, 0xcc, 0x1, 0x91,
    0x3e, 0x5a, 0xd4, 0x4f, 0x84, 0x2, 0xdf, 0xff,
    0xb8, 0x1b, 0xff, 0xf2, 0x80, 0x26, 0xab, 0xe9,
    0x4, 0xaa, 0xfc, 0x80, 0x4, 0x57, 0x33, 0xe1,
    0x0, 0x19, 0xf0, 0x2a, 0x84, 0x3, 0x2c, 0xcf,
    0x40, 0x24, 0xcf, 0x50, 0x7, 0xf5, 0xff, 0xff,
    0x8c, 0x3, 0xfd, 0x7f, 0xff, 0xe3, 0x0, 0xff,
    0x4e, 0x67, 0xf8, 0x80, 0x3f, 0xfa, 0x93, 0x99,
    0xfe, 0x20, 0xf, 0xf5, 0xff, 0xff, 0x8c, 0x3,
    0xfd, 0x7f, 0xff, 0xe3, 0x0, 0xff, 0x56, 0xef,
    0xf8, 0x80, 0x39, 0x59, 0x98, 0x18, 0x89, 0xfe,
    0x30, 0x66, 0x8a, 0xe6, 0x48, 0xd, 0x33, 0xfe,
    0x10, 0x99, 0x90,

    /* U+7FFB "翻" */
    0x0, 0xf8, 0x4d, 0xa5, 0x0, 0x3f, 0xe1, 0xab,
    0xce, 0xfe, 0xc9, 0x62, 0xff, 0xcf, 0x7f, 0xf4,
    0x80, 0x11, 0x9d, 0xc2, 0x77, 0x6a, 0x66, 0x2a,
    0x80, 0x18, 0xaa, 0x0, 0x87, 0xcf, 0xa4, 0xd9,
    0x3e, 0x2, 0x6a, 0x80, 0x7, 0xaa, 0x8, 0x4,
    0x2f, 0x60, 0x12, 0x22, 0x1, 0x48, 0x1, 0xee,
    0x40, 0x1c, 0x34, 0x84, 0x0, 0x15, 0x41, 0x9b,
    0x0, 0x7c, 0xd0, 0x6, 0x6e, 0xc5, 0xd2, 0x5a,
    0x5e, 0xfb, 0x70, 0x9, 0x98, 0x1, 0x9e, 0xec,
    0xa0, 0x4, 0x8a, 0xba, 0x61, 0x40, 0x5, 0x89,
    0x80, 0x42, 0x82, 0xae, 0x43, 0x96, 0xe8, 0x27,
    0x80, 0x3, 0x2b, 0x0, 0xcb, 0x4b, 0x0, 0xb,
    0x4c, 0x60, 0x40, 0xc, 0x80, 0x1a, 0x69, 0xa8,
    0x23, 0x82, 0x9e, 0x5a, 0x20, 0x1, 0x4c, 0x0,
    0x9, 0x8d, 0xbf, 0xd5, 0x7f, 0xe7, 0x78, 0x70,
    0x3, 0x58, 0x81, 0x6d, 0x4, 0x49, 0x1c, 0xb0,
    0x51, 0x79, 0x80, 0x7, 0x10, 0x2, 0x20, 0x3,
    0xb3, 0x6d, 0xa, 0xc0, 0xc0, 0xef, 0x3a, 0x10,
    0xf, 0xfe, 0x6, 0x1e, 0x18, 0x72, 0x62, 0x80,
    0x7b, 0xfc, 0x8b, 0xf6, 0xd, 0x84, 0x1, 0x51,
    0x80, 0x7d, 0x12, 0x47, 0x2c, 0x1, 0xff, 0xc4,
    0x76, 0x6d, 0xa0, 0x1f, 0xfc, 0xe1, 0x0, 0xe1,
    0x0, 0xe7, 0x73, 0x31, 0xf4, 0x0, 0x4b, 0x60,
    0x24, 0xd4, 0x2, 0x1, 0xa2, 0x4, 0x70, 0xc0,
    0x7, 0xa5, 0x14, 0x69, 0x51, 0xa0, 0x3, 0x7f,
    0xfe, 0x25, 0xbd, 0xe2, 0x4b, 0xde, 0x20,

    /* U+8003 "考" */
    0x0, 0xfc, 0x9f, 0x40, 0x1f, 0x18, 0x7, 0xff,
    0x24, 0xf2, 0x40, 0x3c, 0xb3, 0x3b, 0x81, 0xe6,
    0x72, 0xf, 0x5, 0x80, 0x7b, 0x59, 0xb2, 0x81,
    0x33, 0x6c, 0xd2, 0x92, 0x0, 0xf4, 0x7f, 0xeb,
    0x5, 0xff, 0xc4, 0x6c, 0xc0, 0xf, 0xfe, 0x35,
    0x2a, 0xa4, 0x3, 0xff, 0x8a, 0x36, 0xa7, 0x60,
    0x1f, 0x6f, 0xff, 0xac, 0x17, 0xf9, 0x0, 0xfb,
    0xff, 0x84, 0x29, 0xdf, 0xf0, 0x80, 0x19, 0xdf,
    0xf0, 0x83, 0xc4, 0x7a, 0x90, 0x4b, 0x26, 0x23,
    0xf0, 0x7, 0xc3, 0x3a, 0x62, 0xb7, 0x11, 0xf1,
    0x80, 0x78, 0x63, 0x98, 0x0, 0x2e, 0xff, 0xca,
    0x1, 0x8e, 0xb9, 0xc4, 0xf, 0xff, 0xfe, 0x60,
    0x2, 0x6e, 0x29, 0x55, 0x1, 0x40, 0x3f, 0xf8,
    0x4e, 0x47, 0x5a, 0xa6, 0xd, 0xff, 0xfc, 0x80,
    0x18, 0xf7, 0x14, 0x0, 0x4c, 0xdf, 0xc2, 0xc,
    0x1, 0xc4, 0x1, 0x96, 0x67, 0xf8, 0xc0, 0x80,
    0x3f, 0xf9, 0x4, 0x40, 0xf, 0xfe, 0x42, 0x83,
    0x80, 0x7f, 0xf0, 0xca, 0x6a, 0xf2, 0x83, 0xc0,
    0x3f, 0xf8, 0x64, 0xca, 0x84, 0x92, 0xa0, 0x1f,
    0xfc, 0x4e, 0xff, 0x75, 0xb0, 0x7, 0x80,

    /* U+8005 "者" */
    0x0, 0xff, 0x18, 0x80, 0x7f, 0xf2, 0xf, 0x20,
    0x3, 0xff, 0xa2, 0x3c, 0xe0, 0x1e, 0x89, 0x9e,
    0x4, 0x99, 0xd0, 0x1a, 0x22, 0x0, 0xf3, 0x37,
    0x28, 0x13, 0x36, 0x5a, 0x36, 0x60, 0x7, 0xbb,
    0xff, 0x60, 0x37, 0xfe, 0x45, 0x39, 0x0, 0xff,
    0xe3, 0x53, 0x26, 0x0, 0x7f, 0xf0, 0x5c, 0x2,
    0x1c, 0x53, 0xa0, 0xf, 0x17, 0xff, 0xd6, 0xd,
    0xfc, 0x60, 0x7d, 0xff, 0xa4, 0xd, 0xdf, 0xf2,
    0x80, 0x5, 0x9d, 0xfe, 0xc0, 0x18, 0x8f, 0x48,
    0x28, 0x2f, 0xcc, 0x47, 0xca, 0x1, 0xe1, 0x8e,
    0x73, 0xca, 0x10, 0xf, 0xfe, 0x9, 0xd7, 0x38,
    0x0, 0xf3, 0xff, 0xe1, 0x0, 0xc2, 0xfb, 0x8a,
    0x6, 0xcd, 0xfc, 0x40, 0x60, 0x1b, 0x20, 0x96,
    0x1, 0x26, 0x7f, 0x9c, 0x3, 0xd4, 0xfd, 0x46,
    0x1, 0xff, 0xc6, 0x78, 0x10, 0x9, 0xff, 0xff,
    0x94, 0x3, 0xff, 0x80, 0x91, 0x1f, 0xc6, 0x1,
    0xff, 0xc0, 0x37, 0x7f, 0xe6, 0x0, 0xff, 0xe0,
    0x1b, 0x37, 0xf8, 0x3, 0xff, 0x80, 0x93, 0x3f,
    0xc6, 0x1, 0xff, 0xc0, 0x6e, 0xef, 0xe5, 0x0,
    0xe0,

    /* U+800C "而" */
    0x4f, 0xff, 0xfe, 0x3f, 0x39, 0x9f, 0xf0, 0x0,
    0xcf, 0xf2, 0x9e, 0x67, 0xef, 0x3, 0xcc, 0xfd,
    0x60, 0x1f, 0xd6, 0x16, 0x1, 0xff, 0xc6, 0x50,
    0x50, 0xf, 0xfa, 0x2a, 0xbc, 0x41, 0x15, 0x5f,
    0x28, 0x4, 0xab, 0xf0, 0x1, 0x57, 0xf6, 0x80,
    0x61, 0xff, 0x94, 0x3b, 0xfd, 0x21, 0x7f, 0xeb,
    0x0, 0xff, 0x18, 0x8, 0x7, 0xce, 0x1, 0xff,
    0xff, 0x0, 0xff, 0xff, 0x80, 0x7f, 0xf6, 0x94,
    0x3c, 0x3, 0xf7, 0x18, 0x4, 0x66, 0x7a, 0xe9,
    0x2, 0x0, 0xfc, 0xf8, 0x1, 0x2e, 0x19, 0x8,
    0x99, 0x40, 0x2d, 0xe0, 0xf, 0xfa, 0x3f, 0xa4,
    0x0,

    /* U+8017 "耗" */
    0x0, 0xe8, 0x50, 0xf, 0xfe, 0x4b, 0xf8, 0x7,
    0xfc, 0x93, 0xa0, 0x1f, 0xfc, 0x32, 0x58, 0xcf,
    0xb6, 0x20, 0x9, 0x22, 0x20, 0x78, 0x83, 0xb6,
    0xfe, 0xd3, 0x99, 0x2d, 0x70, 0x5, 0xae, 0xf0,
    0x13, 0xba, 0x4c, 0xd, 0x41, 0x3b, 0x69, 0x44,
    0x2, 0x9f, 0xf7, 0x2, 0xff, 0xb9, 0x77, 0x20,
    0x8, 0x40, 0x3f, 0xc2, 0x1, 0xff, 0xc7, 0x18,
    0x88, 0x1e, 0x20, 0xa0, 0x1f, 0x88, 0xd0, 0x2,
    0x27, 0x78, 0x9, 0xdd, 0xe7, 0x13, 0x20, 0x6f,
    0xf6, 0xe5, 0x80, 0x47, 0xff, 0x2, 0xff, 0xa9,
    0x1d, 0x94, 0x5, 0x5a, 0x26, 0xc0, 0x3f, 0xf8,
    0xf, 0xdf, 0x80, 0xf5, 0x2e, 0xc8, 0x1, 0x67,
    0xfc, 0xb, 0xff, 0x8, 0x80, 0x3f, 0xf8, 0xa,
    0x88, 0x30, 0x14, 0x48, 0x40, 0x3f, 0x9, 0x20,
    0x84, 0xdd, 0x98, 0x12, 0xee, 0x34, 0x6a, 0x7,
    0xce, 0xfe, 0xdb, 0x40, 0x8, 0xd4, 0x1a, 0xc4,
    0xf2, 0xe5, 0xc0, 0x4c, 0x9, 0x19, 0xdc, 0x1,
    0x71, 0x0, 0xa6, 0x3, 0x3c, 0xc8, 0x17, 0xfb,
    0x6e, 0x60, 0x80, 0x14, 0x52, 0xf, 0x45, 0xf3,
    0xc, 0x80, 0x60, 0x1f, 0x9d, 0x5d, 0x0, 0xa,
    0xc6, 0xe0, 0x1f, 0xd9, 0x0, 0xd0, 0x90, 0x1,
    0xa5, 0x18, 0x3, 0xf8, 0x90, 0xc, 0xd6, 0x1,
    0xeb, 0x10, 0x1, 0x82, 0x80, 0x42, 0x26, 0x5,
    0xc0, 0xf, 0xf8, 0x44, 0x7b, 0x76, 0xf0, 0xd0,
    0xf, 0xfe, 0x1d, 0x19, 0x22, 0x1, 0x5c, 0x3,
    0xdf, 0x40, 0x1f, 0x26, 0x7f, 0xdd, 0x40, 0x0,

    /* U+8026 "耦" */
    0x0, 0xc9, 0x20, 0x1f, 0xfc, 0x83, 0x60, 0xf,
    0xfe, 0x77, 0xff, 0xfa, 0x40, 0x7, 0x32, 0xb0,
    0x99, 0x80, 0x7, 0x10, 0x30, 0x88, 0x80, 0x32,
    0xb3, 0xc, 0x19, 0xa0, 0x2, 0x3b, 0x90, 0x1d,
    0xe1, 0x0, 0x9b, 0xfd, 0x1, 0xff, 0x0, 0x11,
    0xdc, 0x80, 0xef, 0x8, 0x7, 0xff, 0x4, 0xe2,
    0x6, 0x11, 0x10, 0x6, 0x1c, 0xc5, 0x6, 0x62,
    0x0, 0xd, 0xfe, 0x60, 0xff, 0x84, 0x3, 0x11,
    0x40, 0x44, 0x10, 0x0, 0x80, 0x4, 0x3, 0xf0,
    0xf7, 0x20, 0x3b, 0x92, 0x0, 0x48, 0x82, 0x4,
    0x44, 0x20, 0x1f, 0xfc, 0x1, 0x37, 0x71, 0x83,
    0xbc, 0x2, 0x0, 0xae, 0xe4, 0x87, 0x74, 0x3d,
    0xff, 0x38, 0x7f, 0xe8, 0x0, 0x7c, 0x40, 0x82,
    0x62, 0x9, 0x11, 0x90, 0x22, 0x38, 0x81, 0x59,
    0xc8, 0x15, 0x99, 0xee, 0xf8, 0xc1, 0xdf, 0xc0,
    0x14, 0x8, 0x6a, 0x80, 0x7, 0xfe, 0x60, 0xfd,
    0xfc, 0x0, 0xc8, 0xc0, 0x2, 0xa3, 0x0, 0xe1,
    0x1, 0xd3, 0x0, 0xc5, 0x62, 0xe1, 0xe3, 0xa0,
    0x1f, 0x8, 0xac, 0x2, 0x1f, 0xd, 0xf0, 0x2a,
    0x80, 0x2, 0x56, 0x30, 0x78, 0xa0, 0x4, 0xe5,
    0x46, 0x1, 0x23, 0x0, 0x5, 0x9d, 0xe9, 0x73,
    0x0, 0x9a, 0xd4, 0x3, 0xf2, 0xe5, 0xcc, 0x34,
    0xbb, 0x0, 0x82, 0x0, 0x7f, 0xf0, 0xcc, 0xd4,
    0xc, 0x1, 0xff, 0xc5, 0x35, 0x55, 0x90,

    /* U+8046 "聆" */
    0x0, 0xff, 0xe1, 0x90, 0x7, 0xff, 0x26, 0x36,
    0x80, 0x3e, 0xcf, 0xff, 0xc8, 0x0, 0x17, 0x5,
    0x30, 0xf, 0x59, 0x2, 0xac, 0x2, 0xac, 0x0,
    0x80, 0xc1, 0xf0, 0xf, 0x3a, 0x85, 0x54, 0x44,
    0xa2, 0x4, 0x66, 0x1c, 0x1b, 0x80, 0x7f, 0xf0,
    0xc6, 0x86, 0x1, 0x8e, 0x10, 0x3, 0xff, 0x85,
    0xa3, 0x42, 0x0, 0xe1, 0xb3, 0x0, 0xf7, 0xfc,
    0x40, 0xc, 0x38, 0x5c, 0x40, 0x2d, 0xc, 0x50,
    0xe, 0x66, 0x84, 0x30, 0xd5, 0xc4, 0x54, 0x20,
    0x76, 0x14, 0xe0, 0x1a, 0x66, 0x30, 0x65, 0xa0,
    0x7, 0x8d, 0x0, 0x13, 0x5, 0x0, 0x3f, 0xaa,
    0x80, 0x11, 0x3b, 0x8, 0x0, 0xf8, 0xc0, 0x3f,
    0xf8, 0x71, 0x82, 0x1, 0xfd, 0xff, 0x10, 0x3,
    0x7f, 0xfb, 0xbf, 0xe7, 0x0, 0xf3, 0x34, 0x20,
    0x5, 0x66, 0xf8, 0x80, 0x40, 0x3d, 0x33, 0x18,
    0x2, 0x26, 0x7d, 0x64, 0x46, 0x0, 0xff, 0xe0,
    0x90, 0x80, 0x6f, 0xf, 0x0, 0xfc, 0x6a, 0x66,
    0xd3, 0xee, 0x38, 0x2, 0x8a, 0x48, 0x2, 0x4a,
    0x60, 0xfc, 0xa1, 0x6, 0xf, 0x38, 0xc8, 0x56,
    0x60, 0x6, 0x14, 0x25, 0x7a, 0xc2, 0x3b, 0x33,
    0x64, 0x1b, 0x94, 0x80, 0x72, 0xf6, 0x54, 0x29,
    0x80, 0x79, 0xf0, 0x4a, 0x0, 0x3f, 0xf8, 0xe7,
    0xe6, 0xf4, 0x1, 0xff, 0xc7, 0x1c, 0x53, 0x0,
    0xff, 0xb7, 0x0, 0x3f, 0x54, 0x80, 0x60,

    /* U+8054 "联" */
    0x0, 0xff, 0xe3, 0x10, 0x7, 0xff, 0xd, 0x7c,
    0x40, 0x36, 0xe0, 0x6, 0xef, 0xff, 0xc2, 0x81,
    0x0, 0x13, 0x85, 0x0, 0x64, 0x20, 0x44, 0x80,
    0x50, 0x5, 0x58, 0x40, 0x12, 0x4c, 0x1, 0xa9,
    0x42, 0xee, 0x15, 0xb1, 0x9, 0x22, 0x4, 0xc,
    0x0, 0x7f, 0xf0, 0xa6, 0xe1, 0xa2, 0xdc, 0x3a,
    0xec, 0x1, 0xff, 0xc0, 0x44, 0xf0, 0x1, 0x12,
    0x10, 0xe, 0xff, 0x84, 0x1, 0xbf, 0xf3, 0x7,
    0x7f, 0xe1, 0x0, 0xe6, 0x68, 0x3, 0xff, 0x91,
    0x33, 0x8, 0x7, 0xff, 0x8d, 0x2e, 0xf3, 0x86,
    0xdd, 0xe9, 0x0, 0xef, 0xf8, 0x40, 0x91, 0x30,
    0x81, 0xa2, 0x65, 0x0, 0xe7, 0x78, 0x0, 0xdf,
    0xf9, 0x3, 0x7f, 0xf6, 0x0, 0x74, 0x44, 0x20,
    0x1e, 0x50, 0x50, 0xf, 0xfe, 0x39, 0x88, 0x48,
    0x7, 0xff, 0x0, 0x41, 0xa1, 0x80, 0x10, 0x12,
    0x32, 0x1, 0xc5, 0x2a, 0x1d, 0xfc, 0x24, 0xf8,
    0xc, 0x8e, 0xc8, 0xcc, 0x0, 0xcc, 0xc2, 0x12,
    0x57, 0x3, 0xda, 0x49, 0x28, 0xa, 0x19, 0x60,
    0x9, 0x3b, 0xfb, 0x2a, 0x5, 0xc9, 0xec, 0xbc,
    0x0, 0x3a, 0x33, 0x21, 0x0, 0x8, 0x7, 0xd9,
    0x7, 0x84, 0x1, 0x1e, 0x13, 0x78, 0x80, 0x7f,
    0x53, 0xe0, 0x80, 0x71, 0x6c, 0x30, 0x80,

    /* U+80FD "能" */
    0x0, 0xe4, 0x0, 0xf0, 0x90, 0x7, 0xff, 0x0,
    0xee, 0xc0, 0x1d, 0x1a, 0x20, 0x1f, 0xf7, 0x7,
    0x89, 0x80, 0x7f, 0x25, 0x80, 0x75, 0x13, 0xa5,
    0xe9, 0x0, 0x79, 0x32, 0xd0, 0xc0, 0x27, 0x54,
    0x80, 0xb3, 0xe0, 0xc, 0xdb, 0x66, 0xba, 0x60,
    0x8, 0x80, 0xfa, 0x2b, 0xb8, 0xe0, 0x2, 0x82,
    0x6d, 0xa2, 0x0, 0xb, 0x80, 0xdd, 0xaa, 0x54,
    0x1c, 0xc0, 0x13, 0xf2, 0x40, 0xaa, 0x1, 0x9a,
    0xbc, 0xde, 0xe7, 0xf8, 0x90, 0x0, 0xe0, 0x1b,
    0x28, 0x41, 0x9d, 0x84, 0xc, 0xc4, 0x4e, 0x71,
    0x5, 0x0, 0x85, 0xc4, 0x40, 0x3b, 0xbf, 0xac,
    0x38, 0x2f, 0xb7, 0xb8, 0x2e, 0x1, 0x89, 0x9b,
    0x28, 0x4, 0xd0, 0x84, 0x2a, 0xa8, 0x90, 0xc,
    0xb3, 0x3a, 0xc0, 0x23, 0x2b, 0xcc, 0x5d, 0x38,
    0x7, 0x24, 0x46, 0x90, 0xa, 0xa8, 0x1, 0xce,
    0x1, 0xc6, 0xef, 0xc0, 0x1f, 0x97, 0x61, 0xc0,
    0x33, 0xff, 0xed, 0x0, 0xf2, 0x65, 0x13, 0x30,
    0x3, 0xff, 0x87, 0xb6, 0x6b, 0xb2, 0x20, 0x19,
    0xff, 0xf6, 0x80, 0x71, 0x36, 0xd1, 0x0, 0x78,
    0xdd, 0xf8, 0x3, 0xba, 0x48, 0x0, 0xd4, 0x20,
    0x12, 0x44, 0x69, 0x0, 0xe1, 0x0, 0xde, 0xa6,
    0x1, 0xff, 0xc2, 0x20, 0xc, 0x82, 0x40, 0x1e,
    0x26, 0xb0, 0xe0, 0xf0, 0xca, 0x9a, 0xd2, 0x40,
    0xf, 0x86, 0x5d, 0x98, 0xc, 0xc0, 0x56, 0x53,
    0x5b, 0x0, 0xf, 0xc0, 0x0, 0xff, 0x64, 0x2,
    0x9e, 0xff, 0xba, 0x84, 0x0,

    /* U+811A "脚" */
    0x0, 0xff, 0x88, 0x40, 0x3f, 0xf8, 0x2, 0x3c,
    0x1, 0x6d, 0x80, 0x7f, 0xcf, 0xdd, 0xac, 0x3,
    0xf4, 0x47, 0x20, 0x6, 0x56, 0x0, 0xfe, 0x17,
    0x7e, 0xc0, 0xd, 0x52, 0x20, 0x95, 0x40, 0x7a,
    0x90, 0x3, 0x6e, 0x0, 0x7f, 0x8d, 0x54, 0x4,
    0xac, 0x0, 0x12, 0x20, 0x7, 0xf9, 0xff, 0xc0,
    0xbf, 0xe0, 0xf, 0xf9, 0x98, 0x20, 0x1f, 0xfc,
    0x79, 0x90, 0x7, 0xff, 0x22, 0xec, 0x1, 0xff,
    0xc8, 0x44, 0x8, 0x6f, 0xf8, 0x17, 0xfc, 0xc0,
    0x1f, 0xfc, 0x24, 0x52, 0x5, 0x58, 0x80, 0x3f,
    0xf8, 0x53, 0x4c, 0x35, 0x52, 0x0, 0x7e, 0xf0,
    0xff, 0x8, 0x4, 0x8e, 0xae, 0x1, 0xfe, 0x10,
    0x55, 0x0, 0x48, 0x1a, 0x50, 0x20, 0x1f, 0xc4,
    0x35, 0x41, 0x0, 0x68, 0xa3, 0x3, 0x0, 0x7f,
    0x31, 0x0, 0x73, 0x38, 0xa, 0x50, 0x7, 0xf1,
    0x28, 0x6, 0x60, 0xc3, 0x51, 0x22, 0x0, 0x12,
    0x3, 0xc1, 0x43, 0x0, 0x35, 0x85, 0x65, 0x28,
    0x50, 0x3, 0x98, 0x54, 0x3c, 0x14, 0x50, 0x4e,
    0x21, 0x59, 0xde, 0x6a, 0x0, 0x8c, 0xe2, 0x15,
    0x60, 0x8b, 0xc, 0x57, 0x53, 0x10, 0xfe, 0x0,
    0x11, 0x80, 0xd, 0x6c, 0x2a, 0x71, 0x40, 0x3c,
    0x66, 0x0, 0xf0,

    /* U+81C2 "臂" */
    0x0, 0xff, 0xe1, 0x89, 0x0, 0x7f, 0xf2, 0x37,
    0xc0, 0x3f, 0x7f, 0xfd, 0x4, 0xab, 0x31, 0x32,
    0xac, 0x1, 0xc9, 0xdd, 0x80, 0x9, 0x75, 0x44,
    0x18, 0xab, 0xb1, 0x0, 0x71, 0x9e, 0x0, 0x37,
    0x38, 0xf7, 0x20, 0x3f, 0x88, 0x3, 0x26, 0xee,
    0xf, 0x0, 0x68, 0x88, 0x30, 0x84, 0x3, 0x18,
    0x47, 0xff, 0x3d, 0xe4, 0x86, 0xe2, 0x9e, 0x62,
    0x80, 0x12, 0x11, 0xff, 0xd3, 0x2f, 0xf6, 0x31,
    0xe6, 0xff, 0xa0, 0x11, 0x50, 0x27, 0xba, 0x23,
    0x22, 0xc0, 0x1, 0x22, 0xc7, 0x63, 0x0, 0x62,
    0x38, 0x23, 0xba, 0x50, 0xde, 0xe8, 0x44, 0x54,
    0x41, 0x5f, 0xf1, 0x84, 0xee, 0xca, 0x1b, 0xb8,
    0x4b, 0x50, 0x77, 0x7d, 0x62, 0x45, 0x18, 0x19,
    0x14, 0x1, 0xc2, 0xef, 0xc8, 0xab, 0xbe, 0x51,
    0x44, 0x3, 0xd3, 0x55, 0xfe, 0x99, 0x55, 0x14,
    0x3, 0xf6, 0x7f, 0xff, 0x9c, 0x3, 0xfd, 0x9f,
    0xff, 0xe7, 0x0, 0xff, 0x4d, 0xdf, 0xf9, 0x40,
    0x3f, 0xc4, 0xab, 0xfe, 0x30, 0xf, 0xf5, 0xf7,
    0x7f, 0x98, 0x3, 0xfd, 0x7d, 0xdf, 0xe6, 0x0,
    0xff, 0x38, 0x8f, 0x8d, 0x10, 0xce, 0xc, 0x1,
    0xff, 0xc3, 0x6a, 0xa4, 0x14, 0x10, 0x7, 0xab,
    0xcc, 0x3, 0xc9, 0xdf, 0xec, 0x70, 0x8,

    /* U+81EA "自" */
    0x0, 0xf9, 0x6d, 0x80, 0x3f, 0xf8, 0x5c, 0x80,
    0x1f, 0xfc, 0x21, 0x40, 0x60, 0xf, 0xd5, 0x5d,
    0xa0, 0x35, 0x5f, 0x85, 0x57, 0x8c, 0x5, 0x57,
    0xf0, 0x0, 0xbb, 0xbf, 0xf8, 0x2, 0x1, 0x8,
    0xff, 0xf0, 0x40, 0x3f, 0xfb, 0x47, 0xff, 0xff,
    0xc0, 0x10, 0x8, 0x55, 0x7f, 0xf8, 0x0, 0x18,
    0xaa, 0xbf, 0xf8, 0x2, 0x1, 0xff, 0xd9, 0x3f,
    0xff, 0xfe, 0x0, 0x80, 0x64, 0x4f, 0xfe, 0x0,
    0x6, 0x3b, 0xbf, 0xfe, 0x0, 0x80, 0x7f, 0xf6,
    0x4f, 0xff, 0xff, 0x80, 0x20, 0x18, 0xcf, 0xff,
    0x80, 0x1, 0x8f, 0x33, 0xff, 0x80, 0x20, 0x3d,
    0x80, 0x1f, 0xfc, 0xe, 0xf0,

    /* U+81F3 "至" */
    0x9, 0xaa, 0xff, 0xe3, 0x18, 0x1, 0xd5, 0x7f,
    0xf8, 0xcc, 0x0, 0xef, 0xfe, 0xc1, 0xa, 0xff,
    0xbb, 0xff, 0x94, 0x3, 0xe2, 0xd1, 0x95, 0x0,
    0x1f, 0x98, 0x7, 0xfc, 0x3e, 0x30, 0xc0, 0x12,
    0x8e, 0x18, 0x7, 0xf1, 0x79, 0x43, 0x80, 0x66,
    0x80, 0xd1, 0x0, 0xf9, 0x30, 0x65, 0xc0, 0x21,
    0x23, 0x31, 0xe, 0x0, 0x7a, 0xec, 0x21, 0x7d,
    0xff, 0x76, 0xe5, 0x90, 0x15, 0x0, 0x72, 0x80,
    0x4, 0x9, 0x15, 0x4c, 0xf1, 0x32, 0xa1, 0x56,
    0x0, 0xdb, 0xdf, 0xdb, 0x97, 0x51, 0x13, 0xb3,
    0x16, 0xc5, 0xc0, 0x31, 0x88, 0x7, 0x16, 0xd0,
    0x7, 0x2e, 0x8, 0x7, 0xff, 0x20, 0x80, 0x39,
    0xee, 0xfd, 0x20, 0xb7, 0x7f, 0x8, 0x6, 0xe4,
    0x4f, 0x80, 0x51, 0x3e, 0x0, 0xe9, 0xff, 0xf6,
    0x82, 0x7f, 0xfc, 0x20, 0x1f, 0xff, 0x89, 0xaa,
    0xfd, 0x0, 0xb5, 0x5f, 0xc6, 0xea, 0xbf, 0xc0,
    0x2a, 0xbf, 0xe0,

    /* U+81F4 "致" */
    0x0, 0xff, 0xec, 0xf, 0xc0, 0x7, 0xe5, 0x66,
    0xfe, 0x20, 0x40, 0xd0, 0xf, 0xd7, 0x33, 0xfc,
    0x81, 0x80, 0x80, 0x1f, 0xaa, 0xec, 0xc0, 0xf7,
    0x79, 0xc1, 0xc8, 0xc8, 0xb8, 0x40, 0x8, 0x93,
    0x94, 0x22, 0xa2, 0x5, 0x44, 0xb7, 0x7e, 0x0,
    0xd0, 0x32, 0x11, 0xe2, 0x0, 0x90, 0x66, 0xc2,
    0x26, 0xb0, 0x8, 0xdd, 0x50, 0x28, 0x68, 0x10,
    0xd6, 0x67, 0x2, 0xcb, 0x80, 0x5c, 0x32, 0x68,
    0xe8, 0x85, 0x90, 0x10, 0x8, 0x44, 0x60, 0x1a,
    0x88, 0x73, 0x17, 0x48, 0x16, 0xc0, 0xa0, 0x11,
    0x7, 0x0, 0x6f, 0x68, 0x93, 0xa, 0xc8, 0x8,
    0x91, 0x10, 0x1, 0x1, 0x0, 0x32, 0xcb, 0xb2,
    0x83, 0x9b, 0xf9, 0xb8, 0x38, 0x3, 0x44, 0x80,
    0x3f, 0xf8, 0x22, 0x2, 0x74, 0x0, 0x57, 0x0,
    0xe5, 0x99, 0x90, 0x2e, 0x66, 0x0, 0x49, 0x99,
    0x42, 0x80, 0x3b, 0x19, 0xa2, 0x6, 0x6c, 0x20,
    0xa5, 0x12, 0x66, 0x0, 0xe9, 0xff, 0x94, 0x37,
    0xfe, 0x10, 0x4, 0x21, 0xc0, 0x7, 0xf8, 0xc0,
    0x3f, 0xe3, 0x0, 0xff, 0xe3, 0x25, 0x8, 0xa1,
    0x40, 0x3e, 0x24, 0x20, 0x8b, 0xdd, 0x2, 0x58,
    0x6e, 0x82, 0x98, 0x2, 0x8f, 0xf6, 0xda, 0x2,
    0xa8, 0x55, 0xac, 0x2c, 0xcd, 0x81, 0x32, 0x0,
    0x72, 0xbc, 0x56, 0x6f, 0xf6, 0x94, 0x8e, 0x20,
    0x0, 0xf0, 0x5b, 0x5, 0xaa, 0x1d, 0x4c, 0x80,
    0x24, 0x3c, 0x30, 0xc, 0x7e, 0x6e, 0x20, 0x1f,
    0xc3, 0x98, 0x20, 0xf, 0xe, 0x50, 0x0,

    /* U+822A "航" */
    0x0, 0xf2, 0x8, 0x7, 0xc4, 0x1, 0xff, 0xc0,
    0x5b, 0x70, 0xf, 0x3e, 0xb0, 0x7, 0xfd, 0xe0,
    0x80, 0x1e, 0x50, 0xd0, 0xf, 0xec, 0xd5, 0xf,
    0xdd, 0x0, 0x62, 0x22, 0x0, 0x7f, 0x11, 0x60,
    0x32, 0x26, 0x66, 0x30, 0xcc, 0xe1, 0x0, 0xc9,
    0xbb, 0x30, 0x9, 0x9e, 0x10, 0x33, 0xe0, 0xf,
    0x46, 0x0, 0x47, 0xff, 0xff, 0x8, 0x7, 0x69,
    0xa0, 0x7, 0xff, 0x21, 0x4b, 0xc0, 0x3f, 0xf9,
    0x34, 0x20, 0x19, 0xff, 0xfc, 0x20, 0x1f, 0xcd,
    0x42, 0x1, 0xc8, 0x91, 0x0, 0x7b, 0xfc, 0x29,
    0xfd, 0xec, 0x1, 0xd5, 0x76, 0x40, 0xf, 0x2a,
    0x80, 0x55, 0x62, 0x0, 0xff, 0xe1, 0xd5, 0x5,
    0x2e, 0x69, 0x40, 0x3f, 0xf8, 0xa2, 0x17, 0xa0,
    0x1d, 0xe0, 0x20, 0x1f, 0xfc, 0x3, 0x81, 0x60,
    0xc, 0x20, 0x1f, 0xfc, 0x1, 0x1, 0x24, 0xb0,
    0xc, 0x60, 0x1f, 0x94, 0x40, 0xa, 0x1c, 0x1f,
    0x0, 0x19, 0xcc, 0x3, 0xeb, 0xb0, 0x0, 0xc1,
    0x41, 0x14, 0x2, 0x22, 0x28, 0x7, 0xc2, 0x60,
    0xa, 0x3, 0x0, 0x88, 0x1, 0x61, 0xa0, 0x1c,
    0x66, 0xf, 0x4, 0x26, 0x3, 0xac, 0x51, 0x46,
    0x34, 0x0, 0xb8, 0x37, 0x1, 0x43, 0x2, 0xc0,
    0x94, 0xcd, 0x5c, 0x1e, 0x1, 0x9d, 0x8c, 0xce,
    0x61, 0x18, 0x40, 0x3f, 0xec, 0x4a, 0xb3, 0x0,
    0xe9, 0xcc, 0x40, 0x0,

    /* U+8272 "色" */
    0x0, 0xfa, 0xc, 0x3, 0xff, 0x8c, 0xcf, 0xe0,
    0x1f, 0xfc, 0x52, 0x90, 0x79, 0x9f, 0x8c, 0x3,
    0xfb, 0xc0, 0x8, 0xcd, 0xf2, 0x80, 0x7e, 0xa2,
    0x4f, 0xff, 0x50, 0x13, 0x80, 0x7d, 0x2a, 0x56,
    0x1, 0xc5, 0x61, 0xc2, 0x1, 0xe9, 0x61, 0xf0,
    0xf, 0x78, 0xc9, 0x80, 0x7a, 0x98, 0x16, 0xe6,
    0x7b, 0x8, 0x3e, 0x66, 0x80, 0x5, 0x28, 0x82,
    0x33, 0x78, 0xc0, 0xc, 0xdc, 0x0, 0xb5, 0xc0,
    0x4f, 0xfe, 0x3, 0xff, 0xe2, 0x0, 0x86, 0x8c,
    0x3, 0xff, 0xe8, 0x9f, 0xfc, 0x7, 0xff, 0xc4,
    0x1, 0xf0, 0xaa, 0xff, 0xf0, 0x5c, 0x3, 0xcb,
    0x55, 0xff, 0xc1, 0x90, 0xf, 0xfe, 0x4a, 0x0,
    0x7f, 0xf1, 0xc6, 0xe8, 0x3, 0xff, 0x8c, 0x40,
    0x60, 0x1, 0x5, 0x10, 0xf, 0xfe, 0x5, 0x87,
    0x80, 0x48, 0x3f, 0x75, 0x32, 0x88, 0xa6, 0x55,
    0x4c, 0x70, 0x40, 0xa, 0x98, 0x11, 0x59, 0x8e,
    0xf3, 0x31, 0x54, 0x47, 0x44, 0x1, 0xc, 0xf7,
    0xff, 0xfd, 0xd8, 0xa0,

    /* U+8282 "节" */
    0x0, 0xe1, 0x20, 0xf, 0x10, 0x7, 0xff, 0x6,
    0x34, 0xc0, 0x32, 0x6c, 0x0, 0x7f, 0xf4, 0x51,
    0x57, 0x10, 0x5a, 0xae, 0xc0, 0x25, 0x5f, 0x4,
    0x55, 0x64, 0x7, 0xaa, 0xce, 0xb, 0x55, 0xe1,
    0x99, 0xe4, 0x7, 0x99, 0xcc, 0x9, 0x33, 0xe1,
    0x56, 0x6c, 0x41, 0x6c, 0xdb, 0x40, 0xd9, 0xbc,
    0x1, 0xff, 0xd0, 0x9f, 0x30, 0xc, 0x9f, 0x0,
    0x1f, 0xab, 0x33, 0xff, 0x89, 0x60, 0x19, 0x8c,
    0xff, 0xf8, 0x8a, 0x1, 0xb3, 0xff, 0xa0, 0x23,
    0xff, 0xdc, 0x6, 0x1, 0xff, 0xdd, 0x30, 0x10,
    0xf, 0xfe, 0x4b, 0x80, 0x7f, 0xf1, 0xc4, 0x3,
    0xff, 0x92, 0xa0, 0x20, 0x1f, 0xfc, 0x31, 0x11,
    0x2c, 0x6, 0x80, 0x7f, 0xf0, 0x8f, 0xb9, 0xb4,
    0x22, 0x60, 0xf, 0xfe, 0x11, 0xa1, 0xa2, 0xcf,
    0x88, 0x7, 0xff, 0xe, 0xf2, 0xe9, 0x84, 0x3,
    0xff, 0x9c,

    /* U+82E5 "若" */
    0x0, 0xf8, 0xc8, 0x3, 0xc6, 0x20, 0x1f, 0xf1,
    0x64, 0x0, 0x71, 0xe4, 0x0, 0x7f, 0xf4, 0x6a,
    0xb4, 0x82, 0x55, 0x74, 0x2, 0x55, 0x66, 0x1,
    0x55, 0xc8, 0x2, 0xab, 0xc8, 0x4, 0xab, 0xbc,
    0x7, 0xff, 0x68, 0x2f, 0xff, 0x60, 0x37, 0xfe,
    0x90, 0xf, 0x18, 0x98, 0xe4, 0x0, 0x4, 0x84,
    0x3, 0xfe, 0x1e, 0x99, 0x18, 0x4, 0x5b, 0x0,
    0x1e, 0x4a, 0xaf, 0x9c, 0xe, 0xab, 0xfa, 0x40,
    0x95, 0x7e, 0x0, 0x22, 0xaf, 0xf3, 0x83, 0x77,
    0x75, 0x1, 0x77, 0x7f, 0xf0, 0x0, 0x2, 0x38,
    0x2c, 0x38, 0x47, 0xfe, 0x0, 0xf0, 0xe0, 0xc1,
    0x80, 0x7f, 0xf1, 0x7, 0x48, 0x36, 0xab, 0xfc,
    0x40, 0x1c, 0x7e, 0x60, 0x5, 0x5f, 0xf8, 0x40,
    0x33, 0xe0, 0xa8, 0x37, 0xff, 0xf3, 0x0, 0x76,
    0x40, 0xdc, 0x80, 0x80, 0x7f, 0x8, 0x7, 0x3a,
    0x7a, 0x0, 0x7f, 0xf1, 0xae, 0xc2, 0x1, 0xff,
    0xcd, 0x7f, 0xff, 0xe7, 0x0, 0xff, 0x89, 0x57,
    0xf8, 0x80, 0x3f, 0xe5, 0xaa, 0xfe, 0x50, 0xc,

    /* U+82F1 "英" */
    0x0, 0xe3, 0xe7, 0x0, 0xe4, 0xe6, 0x0, 0xff,
    0xe0, 0xf, 0x80, 0x70, 0x8c, 0x1, 0xe7, 0xbb,
    0xde, 0xb, 0x77, 0xd2, 0x15, 0x77, 0xa4, 0x35,
    0x13, 0x18, 0x12, 0x27, 0x18, 0x12, 0x26, 0x50,
    0xaf, 0xfd, 0x80, 0xff, 0xfd, 0x41, 0x1f, 0xfb,
    0x0, 0x3c, 0x25, 0xe0, 0x9c, 0xc0, 0x24, 0x40,
    0xf, 0xf8, 0xb5, 0xc0, 0x2, 0x20, 0x4d, 0x50,
    0xf, 0xea, 0xaf, 0x40, 0x55, 0x7c, 0x40, 0x1e,
    0x55, 0xf1, 0x81, 0x2a, 0xf9, 0x80, 0x3e, 0x3f,
    0xfd, 0x61, 0x1f, 0xf9, 0x80, 0x3f, 0xfd, 0xc2,
    0x1, 0xff, 0xc0, 0xef, 0xf0, 0x1f, 0xfe, 0xa0,
    0x8f, 0xfc, 0xc1, 0x7f, 0xe2, 0x66, 0xfe, 0x10,
    0x3, 0x37, 0xf1, 0xc4, 0xcf, 0xd6, 0x20, 0xc,
    0x99, 0xfc, 0x20, 0x1f, 0x16, 0x4, 0x8d, 0x28,
    0x7, 0xff, 0x9, 0xf4, 0x65, 0xb4, 0x6a, 0x82,
    0x1, 0xfc, 0x2f, 0xd0, 0x36, 0xc0, 0x78, 0x6b,
    0xd4, 0x80, 0x19, 0x23, 0x3a, 0x5, 0xf9, 0x0,
    0x22, 0xc9, 0x15, 0xbf, 0xb7, 0x1f, 0x73, 0x34,
    0x7c, 0x0, 0x7c, 0xdd, 0x48, 0x9, 0x23, 0x10,
    0xdc, 0x70, 0xf, 0xf9, 0x6f, 0xee, 0x80,

    /* U+83DC "菜" */
    0x0, 0xf1, 0xb0, 0x80, 0x63, 0x61, 0x0, 0xff,
    0xe0, 0x5c, 0xa8, 0x6, 0xb9, 0x50, 0xf, 0xb,
    0xbf, 0x20, 0x6b, 0xbe, 0x40, 0xd7, 0x7c, 0xc0,
    0x71, 0x1c, 0x60, 0xd1, 0x18, 0xc1, 0xa2, 0x38,
    0xb, 0xff, 0x9c, 0x2f, 0xff, 0x30, 0x57, 0xfe,
    0xe0, 0xf, 0xb9, 0x1c, 0x3, 0x6c, 0x38, 0x0,
    0x84, 0x3, 0x11, 0x46, 0x5e, 0xcc, 0x78, 0x9e,
    0xcf, 0xef, 0xd4, 0x0, 0x8b, 0x76, 0xcb, 0xb5,
    0x4c, 0x3b, 0x2b, 0xa, 0xb4, 0x38, 0x4, 0x4e,
    0xc5, 0x32, 0xab, 0x60, 0xcf, 0xf6, 0xe4, 0xa1,
    0x90, 0x6, 0x83, 0x2f, 0x65, 0x4d, 0xe, 0x0,
    0xd2, 0x40, 0x1f, 0x51, 0x33, 0x0, 0x8, 0xe5,
    0x20, 0x8, 0x46, 0x40, 0xf, 0xbc, 0x2c, 0x2,
    0xa3, 0xa0, 0x67, 0x29, 0x0, 0xfc, 0x53, 0xe0,
    0x1, 0xd7, 0x30, 0x53, 0xc0, 0xf, 0x3c, 0x45,
    0xd5, 0x11, 0x2, 0xc4, 0x2d, 0x26, 0x22, 0x50,
    0x5, 0x3b, 0xfc, 0xc0, 0x2e, 0xff, 0xb0, 0x1,
    0xbf, 0xfe, 0x80, 0x8, 0x6f, 0xff, 0xd2, 0x1,
    0xf1, 0x5c, 0x30, 0x1a, 0xdc, 0x0, 0x7f, 0xc3,
    0x3a, 0x95, 0x0, 0xf7, 0xf, 0xce, 0x1, 0xf2,
    0x57, 0x32, 0x72, 0x80, 0x67, 0xd2, 0x8f, 0x93,
    0x0, 0x47, 0xda, 0xa5, 0xd8, 0x40, 0x3c, 0x59,
    0x66, 0xd9, 0xcd, 0xa2, 0xdb, 0x68, 0x1, 0xfe,
    0x4c, 0xc3, 0x1, 0xaf, 0x49, 0x0, 0x7f, 0xf0,
    0x8e, 0x79, 0x40,

    /* U+843D "落" */
    0x0, 0xf0, 0xb9, 0x80, 0x72, 0x38, 0x80, 0x7f,
    0xf0, 0xa, 0x2c, 0x3, 0xb6, 0x8, 0x3, 0xe8,
    0x99, 0xe0, 0x49, 0x9e, 0x40, 0x99, 0xf0, 0x83,
    0x37, 0x28, 0x1b, 0x37, 0x10, 0x2b, 0x37, 0x18,
    0x77, 0xfe, 0xb0, 0x7f, 0xf5, 0xff, 0x98, 0x33,
    0xff, 0x88, 0x0, 0x64, 0x0, 0x72, 0xe0, 0x4b,
    0x80, 0xc7, 0x20, 0xf, 0xdf, 0xb0, 0x7, 0xac,
    0x34, 0x1a, 0x6d, 0x64, 0x66, 0x20, 0xe, 0xe4,
    0x7d, 0x30, 0x6, 0x88, 0x56, 0x67, 0xc0, 0x1c,
    0x57, 0x5, 0x21, 0x86, 0x17, 0x99, 0xc6, 0xc,
    0x1, 0x84, 0x0, 0xf7, 0xda, 0x6c, 0x34, 0x6,
    0x62, 0x83, 0x68, 0x0, 0xdb, 0xa3, 0x4, 0x32,
    0x99, 0x61, 0xe4, 0x3f, 0x24, 0xc8, 0x3, 0xa8,
    0xb2, 0x1, 0xf5, 0x80, 0xbc, 0x5e, 0x2, 0x58,
    0x3, 0xcd, 0xa6, 0xf4, 0x4, 0x91, 0xba, 0x13,
    0x61, 0x9e, 0xa7, 0x31, 0x0, 0x8b, 0x14, 0xb7,
    0xed, 0xc1, 0xf7, 0x27, 0xa9, 0x55, 0x19, 0xc6,
    0x1, 0xaa, 0x19, 0x67, 0x75, 0x4, 0x1, 0x2d,
    0xfe, 0x4b, 0x18, 0x6, 0xd7, 0xba, 0xcd, 0xff,
    0xfe, 0xb6, 0x90, 0xc, 0x44, 0xf0, 0xc, 0xef,
    0xf3, 0x0, 0x7e, 0xa0, 0xb0, 0xd, 0x11, 0xf5,
    0x80, 0x7e, 0x52, 0x30, 0xf, 0xfe, 0x39, 0x92,
    0x80, 0x72, 0xaf, 0xc8, 0x1, 0xf5, 0x5, 0x0,
    0x75, 0x57, 0xd2, 0x1, 0xf1, 0x29, 0x0, 0x77,
    0x77, 0xd8, 0x1, 0xc0,

    /* U+84DD "蓝" */
    0x0, 0xf2, 0x28, 0x7, 0x22, 0x80, 0x7f, 0xf0,
    0x7e, 0x88, 0x3, 0x7d, 0x10, 0x7, 0x86, 0x23,
    0x98, 0x2e, 0x23, 0x30, 0x5c, 0x46, 0x60, 0x27,
    0x7e, 0x20, 0x67, 0x7c, 0x40, 0xce, 0xfb, 0x40,
    0xfb, 0xb9, 0x3, 0x7b, 0xb2, 0x6, 0xf7, 0x6b,
    0x0, 0x8, 0xf6, 0xb1, 0x88, 0xed, 0x63, 0x11,
    0xc0, 0x18, 0x90, 0x0, 0x8a, 0xc0, 0x14, 0xdc,
    0x8, 0x7, 0xeb, 0xb1, 0x80, 0x9f, 0x0, 0x48,
    0x42, 0x1, 0xff, 0xc6, 0x32, 0xf, 0xff, 0x30,
    0x7, 0xff, 0x2, 0x1, 0x9b, 0xe5, 0x0, 0xff,
    0x8d, 0xe, 0x71, 0x2a, 0x66, 0x30, 0xf, 0xfb,
    0x83, 0xc0, 0x7, 0x8e, 0x1, 0xff, 0xc1, 0x52,
    0x63, 0x5, 0xc3, 0x8c, 0x0, 0xec, 0x62, 0x1,
    0x3e, 0x5b, 0x80, 0x8, 0xb1, 0x98, 0x1, 0xce,
    0x33, 0x14, 0x9f, 0x19, 0x31, 0x1c, 0x3a, 0x1,
    0xcc, 0xef, 0xff, 0xc3, 0xb0, 0xf, 0xa3, 0xfd,
    0x21, 0x7f, 0xe4, 0x1f, 0xf8, 0x40, 0x3f, 0xff,
    0x51, 0x3e, 0x17, 0x32, 0xa0, 0xf9, 0x92, 0x8c,
    0xcc, 0x25, 0x32, 0x56, 0x62, 0x1, 0xb3, 0xc,
    0x11, 0x98, 0x20, 0xcd, 0x0, 0xb3, 0x34,

    /* U+85CF "藏" */
    0x0, 0xfc, 0x82, 0x1, 0x90, 0xc0, 0x3f, 0xf8,
    0x45, 0x72, 0x1, 0xa7, 0x80, 0x3f, 0xc, 0x47,
    0x58, 0x24, 0x46, 0x33, 0x44, 0x73, 0x80, 0xd,
    0xdf, 0x98, 0xd, 0xdf, 0x8, 0x9d, 0xfa, 0x40,
    0x5, 0xff, 0xda, 0xf, 0xff, 0x88, 0x9f, 0xe8,
    0x3f, 0xe0, 0x8, 0x94, 0x2, 0x38, 0xb0, 0xd,
    0x76, 0xd9, 0x43, 0xb0, 0xc, 0x94, 0x21, 0x13,
    0xf7, 0x11, 0xbb, 0x84, 0x96, 0x6a, 0xc0, 0x1f,
    0x3b, 0xff, 0x80, 0x9c, 0xc6, 0x80, 0x3f, 0x47,
    0xff, 0xe1, 0x5f, 0xfb, 0x0, 0x39, 0x9c, 0x0,
    0x73, 0x3e, 0x63, 0x10, 0x1, 0x0, 0x7a, 0x20,
    0x0, 0x56, 0x55, 0x3b, 0x94, 0x41, 0xc0, 0x19,
    0x40, 0x13, 0x7f, 0xc0, 0x1b, 0x30, 0x88, 0xc7,
    0x11, 0x2, 0x8f, 0x0, 0x7f, 0xc2, 0x1, 0x8,
    0x31, 0x4, 0x9a, 0x0, 0x2f, 0xff, 0x0, 0x6e,
    0xf5, 0x57, 0x21, 0x83, 0x1c, 0x0, 0x5c, 0xe0,
    0x8e, 0x2, 0x0, 0xcc, 0xc0, 0xe, 0x9, 0x54,
    0x0, 0x96, 0x83, 0xa8, 0xc, 0x0, 0x67, 0x10,
    0x0, 0xc0, 0x6c, 0x3, 0x9c, 0x18, 0x40, 0x40,
    0x1f, 0xf7, 0x0, 0x38, 0x1c, 0x40, 0x3b, 0xc0,
    0xd4, 0x14, 0x1, 0x56, 0x69, 0x7e, 0xa0, 0x80,
    0x7, 0x40, 0x25, 0x60, 0xc2, 0x10, 0x2, 0xa3,
    0xa, 0x3b, 0xa0, 0x88, 0x17, 0xc1, 0x21, 0x62,
    0xaa, 0x0, 0x8c, 0xc2, 0x23, 0x88, 0x30, 0x58,
    0x9e, 0x81, 0xc1, 0x58, 0x48, 0x5, 0x98, 0x44,
    0x65, 0x88, 0x95, 0xbc, 0x14, 0x21, 0xd1, 0x5c,
    0x41, 0xbb, 0xbe, 0x10, 0xb4, 0x18, 0x20, 0x9,
    0x26, 0x0, 0x21, 0x1f, 0x80, 0x3, 0x7e, 0xe0,

    /* U+884C "行" */
    0x0, 0xf0, 0x80, 0x7f, 0xf2, 0xb6, 0xc0, 0x3f,
    0xf9, 0x14, 0x60, 0x1, 0xff, 0xff, 0x68, 0x7,
    0xa5, 0x4e, 0xc0, 0x4c, 0xff, 0xce, 0x1, 0xd0,
    0xc5, 0xa0, 0x16, 0x67, 0xfa, 0x80, 0x34, 0xb9,
    0x60, 0x80, 0x7f, 0xf1, 0x65, 0x8b, 0x4, 0x3,
    0xff, 0x8d, 0x49, 0xa2, 0x13, 0x40, 0x1f, 0xfc,
    0x43, 0xb0, 0x2, 0x33, 0x80, 0x7f, 0xf1, 0xca,
    0x83, 0x9f, 0xff, 0xff, 0x82, 0x20, 0x10, 0xf8,
    0xc9, 0x89, 0x9f, 0xc0, 0x3, 0x3c, 0x20, 0x1,
    0xd2, 0x7, 0x6, 0xcc, 0xf8, 0x43, 0x33, 0x0,
    0x7, 0x4c, 0x3, 0xff, 0x8e, 0x5e, 0x6c, 0x80,
    0x1f, 0xfc, 0x64, 0x17, 0x90, 0xf, 0xfe, 0x3b,
    0x5c, 0x0, 0x7f, 0xf2, 0x50, 0x3, 0xff, 0xfe,
    0x1, 0xf1, 0x88, 0x7, 0xff, 0x19, 0x3b, 0xf0,
    0x10, 0x3, 0xff, 0x8a, 0xa2, 0x48, 0xf4, 0x1,
    0xc0,

    /* U+8865 "补" */
    0x0, 0xc7, 0x46, 0x1, 0xf4, 0xb0, 0x7, 0xfc,
    0x2b, 0x60, 0x1e, 0x16, 0xa0, 0xf, 0xf8, 0x80,
    0xc0, 0x3f, 0xf9, 0x28, 0xa0, 0x1f, 0xfc, 0x6a,
    0xa9, 0x86, 0xe9, 0x80, 0x3f, 0xf8, 0x42, 0xab,
    0x10, 0x22, 0xf8, 0x7, 0xff, 0x8, 0x7f, 0xf8,
    0x82, 0x80, 0x3f, 0xf8, 0xf0, 0x50, 0x60, 0x1f,
    0xfc, 0x64, 0x73, 0x70, 0xf, 0x17, 0x40, 0x7,
    0xf0, 0xd0, 0x70, 0x27, 0x18, 0x4, 0x64, 0xfa,
    0x60, 0x1f, 0x68, 0x88, 0x8e, 0xcc, 0x80, 0x21,
    0xc7, 0x2c, 0x70, 0xe, 0xb3, 0x0, 0x26, 0x16,
    0x8, 0x7, 0x45, 0x8c, 0x58, 0x80, 0xda, 0x28,
    0x8a, 0xc7, 0xc4, 0x3, 0xe4, 0xc2, 0x49, 0x1c,
    0x45, 0xa0, 0x0, 0x8a, 0xc0, 0x3f, 0x8b, 0x12,
    0x44, 0x4d, 0x40, 0x1, 0xf4, 0x6d, 0x10, 0xf,
    0xc3, 0x62, 0x1b, 0x20, 0x18, 0x6d, 0xcc, 0x3,
    0xff, 0x82, 0x20, 0x1f, 0x46, 0x8, 0x7, 0xff,
    0x24, 0x80, 0x3f, 0xff, 0xe0, 0x1f, 0xfd, 0x10,

    /* U+8868 "表" */
    0x0, 0xff, 0x88, 0x40, 0x3f, 0xf9, 0x5, 0xb6,
    0x1, 0xff, 0xd7, 0x5f, 0xff, 0xb4, 0x17, 0xff,
    0xed, 0x0, 0xcc, 0xef, 0xf3, 0x1, 0x3b, 0xfd,
    0x40, 0x18, 0xe2, 0x3e, 0xb0, 0x78, 0x8f, 0x9c,
    0x3, 0xff, 0xa0, 0xdf, 0xfe, 0xd0, 0x5f, 0xff,
    0x80, 0x3c, 0xae, 0xfe, 0x60, 0x27, 0x7f, 0x40,
    0x7, 0x8e, 0x23, 0xd6, 0xf, 0x11, 0xe7, 0x0,
    0xc2, 0xab, 0xf9, 0x1, 0x95, 0x7f, 0x20, 0x1,
    0x2a, 0xbf, 0x48, 0x1d, 0x57, 0xf0, 0x1, 0x77,
    0x7e, 0x80, 0x1, 0xee, 0xfb, 0x37, 0x0, 0x22,
    0x2f, 0x2c, 0x9, 0x98, 0x48, 0xb3, 0x70, 0x10,
    0x7, 0xc3, 0x70, 0x59, 0xc1, 0xe0, 0x1, 0x9b,
    0x27, 0x0, 0xf9, 0xf9, 0x3, 0x48, 0x90, 0x73,
    0x1c, 0xc9, 0xaa, 0x1, 0xcf, 0xd0, 0x22, 0x0,
    0xce, 0x8c, 0xe5, 0x56, 0x40, 0x10, 0xcf, 0xc0,
    0xc7, 0x18, 0x7, 0x5a, 0x0, 0xb8, 0x7, 0xb,
    0x83, 0xf3, 0x80, 0x7c, 0x95, 0x7, 0xb4, 0x60,
    0x1b, 0x7e, 0x4, 0x3, 0x92, 0x7a, 0xc9, 0xf5,
    0x55, 0x9b, 0x4, 0x6, 0x1, 0x84, 0xc3, 0xad,
    0x96, 0x48, 0xa, 0xb5, 0x8d, 0xc4, 0x3, 0xd6,
    0x20, 0x95, 0xd6, 0xc2, 0x1, 0x14, 0xf6, 0x18,
    0x7, 0xba, 0x7e, 0x94, 0x40, 0x3f, 0x8c, 0x0,

    /* U+88AB "被" */
    0x0, 0xff, 0xe7, 0x27, 0x20, 0x7, 0xe1, 0xf9,
    0x0, 0xfe, 0x51, 0xd0, 0xf, 0xfe, 0x40, 0x92,
    0x0, 0x42, 0x89, 0xc0, 0x48, 0x98, 0x80, 0x9,
    0x54, 0x32, 0xa9, 0x6, 0xbb, 0xd4, 0x9, 0x77,
    0xa0, 0x0, 0x6a, 0xa1, 0x5, 0x40, 0xa, 0x67,
    0x1, 0xcc, 0xa0, 0xc, 0x0, 0xff, 0xf5, 0x82,
    0x0, 0x4e, 0xcc, 0x70, 0x56, 0x67, 0x85, 0x80,
    0x7a, 0x2, 0xc0, 0x3f, 0xe6, 0x32, 0x0, 0xe5,
    0x35, 0x20, 0xf, 0xfa, 0xa0, 0x3, 0xd6, 0x16,
    0x1, 0x8c, 0x0, 0x60, 0x60, 0x4, 0x40, 0x7,
    0x48, 0xa8, 0xe4, 0x0, 0x37, 0xfd, 0xa0, 0xbf,
    0xf3, 0x80, 0x66, 0x60, 0x2, 0xf, 0x3c, 0x8,
    0xd, 0x9b, 0x20, 0x8, 0x4, 0x72, 0x20, 0xaf,
    0x8, 0x0, 0xe0, 0x4, 0xce, 0x20, 0x70, 0x1,
    0x68, 0x68, 0x4, 0x20, 0x40, 0x68, 0x68, 0x0,
    0x16, 0x51, 0x0, 0x30, 0xd9, 0x82, 0x22, 0x5d,
    0x84, 0x24, 0x24, 0x1, 0x21, 0x20, 0x12, 0x72,
    0x0, 0x6, 0xcf, 0x4d, 0x40, 0x9c, 0xa8, 0x9d,
    0x4c, 0x3, 0x8, 0x7, 0x6f, 0x1, 0x80, 0x21,
    0x17, 0x6, 0xc0, 0x3f, 0xe1, 0xc0, 0xb0, 0xa,
    0x40, 0x54, 0x40, 0x3f, 0xe1, 0x73, 0x30, 0x1,
    0xb4, 0xd, 0x30, 0xc0, 0x3f, 0xd2, 0x12, 0xb,
    0xb2, 0x5b, 0x8e, 0x79, 0x44, 0x1, 0xf1, 0x39,
    0x1e, 0xd1, 0x46, 0x90, 0x46, 0x12, 0xeb, 0x80,
    0x7c, 0x92, 0x44, 0x7e, 0x70, 0xc, 0x7b, 0x24,
    0xa0, 0x1b, 0xe8, 0xad, 0x11, 0xf0, 0x20, 0x1f,
    0x36, 0x90,

    /* U+88C5 "装" */
    0x0, 0xf8, 0x44, 0x1, 0xe2, 0x0, 0xff, 0x8,
    0x5, 0x3c, 0x40, 0x19, 0x75, 0x40, 0x3f, 0x2f,
    0x20, 0x7, 0xff, 0x21, 0x4e, 0xd0, 0x3, 0x19,
    0xe2, 0x2, 0x33, 0xe0, 0xd, 0x85, 0x64, 0x0,
    0x7c, 0xcd, 0x1, 0x19, 0x9b, 0x40, 0x3b, 0xc,
    0xc0, 0x7, 0xcc, 0xd0, 0x11, 0x99, 0xb4, 0x3,
    0x87, 0xa1, 0xc0, 0x6, 0x78, 0x80, 0x8c, 0xf8,
    0x3, 0x14, 0xeb, 0x10, 0x7, 0xff, 0x10, 0x6f,
    0x59, 0x9c, 0xa0, 0x7, 0xbb, 0xa0, 0x22, 0xef,
    0x8, 0x0, 0x59, 0x76, 0x44, 0x3, 0xe6, 0x46,
    0x0, 0xfd, 0xb4, 0x40, 0xf, 0x13, 0x46, 0xeb,
    0xbf, 0xc2, 0x1, 0xf9, 0xf8, 0x48, 0x9e, 0x1,
    0xff, 0xc0, 0xff, 0xfd, 0xc0, 0xbf, 0xff, 0xa4,
    0x2, 0x66, 0xf8, 0xc0, 0x4, 0xcd, 0xfb, 0xc0,
    0x29, 0x9f, 0x79, 0x81, 0x12, 0xe6, 0x76, 0x6c,
    0xb0, 0x7, 0xc7, 0x92, 0x5b, 0xe1, 0xe2, 0x0,
    0xaa, 0x40, 0x7, 0xc5, 0x58, 0x61, 0xa4, 0x4a,
    0x2d, 0x6e, 0x56, 0xc0, 0xe, 0x4b, 0xd5, 0x51,
    0x0, 0x65, 0x83, 0x90, 0xc9, 0x0, 0xc5, 0xd6,
    0x8b, 0x94, 0x20, 0x1c, 0xb2, 0x3, 0x44, 0x1,
    0x88, 0x8f, 0xb4, 0x60, 0x19, 0x2b, 0xa5, 0xb0,
    0xdb, 0x6d, 0x84, 0x1, 0x90, 0x40, 0x11, 0x7,
    0xda, 0xab, 0x80, 0xf2, 0x8d, 0x27, 0x9c, 0x3,
    0xcc, 0x22, 0x6b, 0xfb, 0x50, 0x9, 0x73, 0xe,
    0x4c, 0x1, 0xe7, 0xbe, 0x94, 0x0, 0xfc, 0x71,
    0xa2,

    /* U+88F8 "裸" */
    0x0, 0xff, 0xe7, 0x37, 0x90, 0x7, 0xff, 0x20,
    0x81, 0x0, 0x28, 0xff, 0xff, 0x50, 0x7, 0x20,
    0x78, 0x7, 0x44, 0xc8, 0x45, 0x33, 0x0, 0x71,
    0xc4, 0x1, 0xe1, 0x0, 0x27, 0x66, 0x19, 0x99,
    0xa0, 0xe, 0x57, 0x70, 0xb, 0xe0, 0x4, 0x67,
    0x0, 0xc, 0xe0, 0xe, 0x7c, 0xc9, 0x83, 0x40,
    0x2c, 0xc8, 0x89, 0x99, 0x0, 0x70, 0x99, 0xce,
    0x4a, 0x1, 0x66, 0x44, 0x39, 0x90, 0x7, 0xe7,
    0x18, 0x0, 0xc6, 0x70, 0x19, 0xe0, 0xf, 0x8a,
    0xd, 0x4c, 0x40, 0xe, 0xcc, 0x33, 0x33, 0x40,
    0x1f, 0x70, 0x20, 0x76, 0x80, 0x22, 0x64, 0x22,
    0x99, 0x80, 0x3d, 0x26, 0x0, 0x82, 0xf8, 0xff,
    0xc4, 0x4f, 0xfd, 0x40, 0x13, 0x30, 0xc1, 0x5e,
    0xc, 0x3, 0xff, 0x84, 0x92, 0x5c, 0x4, 0xc,
    0xbf, 0xfc, 0x44, 0xff, 0xee, 0x7, 0x1f, 0x30,
    0x41, 0xf3, 0x55, 0xc2, 0x0, 0x15, 0x5c, 0xe0,
    0x7c, 0x40, 0x3, 0xc0, 0xaa, 0xd8, 0x20, 0x1,
    0xfa, 0xaa, 0x40, 0x3e, 0x2a, 0x80, 0x3, 0x4a,
    0x91, 0x1a, 0x98, 0x3, 0xfe, 0x44, 0x4, 0xc9,
    0x28, 0x1, 0x2b, 0x34, 0x20, 0x1f, 0xe3, 0xd6,
    0x65, 0x80, 0x6a, 0x65, 0xf5, 0x0, 0xfd, 0x38,
    0x53, 0x20, 0xf, 0x4d, 0x5, 0x48, 0x7, 0xc2,
    0x7a, 0xc0, 0x1f, 0x97, 0xda, 0x80, 0x3e, 0x8c,
    0x20, 0xf, 0xf0, 0xc9, 0x80, 0x43, 0xf0, 0x1,
    0xfb, 0x30, 0x1, 0xf0,

    /* U+8981 "要" */
    0x0, 0xff, 0xe5, 0xff, 0xff, 0xf1, 0xcc, 0x1,
    0xe, 0xfc, 0x40, 0xef, 0x10, 0x3b, 0xf8, 0x80,
    0xf, 0x11, 0xcc, 0x11, 0x13, 0x4, 0x47, 0x84,
    0x2, 0x11, 0xe0, 0x0, 0x8c, 0x0, 0x11, 0xe0,
    0xe, 0xfe, 0xec, 0x81, 0xdd, 0x20, 0x77, 0x71,
    0x0, 0x70, 0xd5, 0x46, 0x15, 0x51, 0x85, 0x54,
    0x80, 0x1f, 0x1a, 0xac, 0xe0, 0xab, 0x38, 0x2a,
    0xc4, 0x1, 0xf9, 0x12, 0x70, 0x44, 0x9c, 0x11,
    0x23, 0x0, 0xf8, 0xae, 0xe3, 0xb, 0xb8, 0xc2,
    0xee, 0x50, 0xf, 0x6e, 0x66, 0x64, 0xac, 0xcf,
    0xe2, 0x0, 0xc6, 0x7c, 0xe8, 0x83, 0x3f, 0xe0,
    0x9, 0x9d, 0xfa, 0x84, 0x99, 0xdf, 0xfe, 0x19,
    0x88, 0xe5, 0x2, 0x88, 0xff, 0xe0, 0x2f, 0xff,
    0x10, 0x57, 0xff, 0x70, 0x86, 0x7f, 0xe4, 0x0,
    0xd2, 0x44, 0x70, 0xe, 0xa1, 0x73, 0x0, 0xfe,
    0x12, 0x26, 0xea, 0x50, 0xad, 0x16, 0x0, 0x3f,
    0xd1, 0xbd, 0x2c, 0xcb, 0xd4, 0x2b, 0x0, 0xff,
    0xe0, 0x13, 0xfb, 0x0, 0xc, 0x4b, 0xb1, 0xc8,
    0x3, 0xc, 0xde, 0xfe, 0xcb, 0x3, 0xee, 0x76,
    0x31, 0x46, 0xe9, 0xc0, 0x2, 0xe8, 0x68, 0xf5,
    0xdb, 0x4, 0x0, 0x39, 0xeb, 0x62, 0xf0, 0xb,
    0xfd, 0xd7, 0xa, 0x20, 0x1f, 0x92, 0x7e, 0x40,
    0x0,

    /* U+8986 "覆" */
    0x0, 0x19, 0xff, 0xf1, 0xc4, 0x0, 0x39, 0x9f,
    0xfc, 0x78, 0x0, 0xf, 0xff, 0x94, 0x3f, 0xe9,
    0xd, 0xff, 0xe9, 0x0, 0xd9, 0xff, 0x94, 0x3f,
    0xe9, 0xd, 0xff, 0xca, 0x1, 0xc2, 0x7b, 0xb2,
    0x86, 0xed, 0x1, 0x7b, 0xab, 0x3, 0x0, 0xf0,
    0x8f, 0x0, 0x8d, 0xe0, 0x23, 0x80, 0x3e, 0x60,
    0xee, 0x98, 0xb7, 0xb8, 0xa5, 0x1d, 0xc8, 0x22,
    0x0, 0x75, 0xeb, 0x8e, 0xea, 0x86, 0x7f, 0xff,
    0x30, 0x80, 0x74, 0xad, 0x81, 0xc0, 0x5e, 0xef,
    0xf4, 0x80, 0x6b, 0x67, 0x71, 0xe9, 0xff, 0xff,
    0xd0, 0x0, 0x3d, 0x49, 0x80, 0xd3, 0x37, 0xff,
    0xf8, 0x3, 0x39, 0xdb, 0x4e, 0x6e, 0x2, 0x66,
    0x7c, 0xa0, 0x1c, 0x9e, 0x8c, 0xc4, 0x31, 0x4,
    0xcc, 0xf9, 0x40, 0x3c, 0x2b, 0x27, 0x0, 0x12,
    0xee, 0xfc, 0xa0, 0x1e, 0x5a, 0x6, 0x0, 0x85,
    0x77, 0x7e, 0x50, 0xe, 0x7a, 0x31, 0x0, 0xde,
    0x47, 0xbb, 0xf8, 0x3, 0x52, 0xe0, 0x6, 0x4f,
    0x23, 0xdd, 0xfc, 0x1, 0xb2, 0x80, 0x22, 0xbb,
    0x32, 0x8b, 0xf7, 0xfa, 0x88, 0x68, 0x3, 0x8,
    0x7, 0x16, 0xc5, 0x6a, 0x76, 0x7d, 0xdb, 0x94,
    0x3, 0xfd, 0x8b, 0x39, 0x83, 0x32, 0x30, 0x4e,
    0x4b, 0xa9, 0x0, 0x79, 0xa3, 0x46, 0x77, 0xf2,
    0x27, 0xb9, 0x23, 0x97, 0x40, 0x1b, 0xa9, 0x36,
    0xa1, 0x48, 0x3, 0x85, 0x62, 0xfa, 0x0,

    /* U+89C1 "见" */
    0x0, 0xff, 0xe6, 0x8f, 0xff, 0xff, 0x8, 0x40,
    0x3f, 0x91, 0x3f, 0xc0, 0x1f, 0xf1, 0xdd, 0xff,
    0x88, 0x3, 0xff, 0x87, 0x96, 0x1, 0xff, 0xc8,
    0x35, 0x0, 0xff, 0xef, 0x98, 0x7, 0xff, 0x1c,
    0x40, 0x3f, 0xf9, 0x26, 0x2, 0x1, 0xff, 0xc7,
    0x60, 0x60, 0xf, 0xfe, 0x39, 0x1, 0x0, 0x7f,
    0xf1, 0xf4, 0x1a, 0x40, 0x3f, 0xf8, 0xa2, 0x80,
    0x24, 0x1, 0xff, 0xc0, 0x1b, 0xf0, 0x4, 0x3,
    0x80, 0x77, 0x58, 0x80, 0x7c, 0x86, 0xa, 0xc7,
    0x40, 0x1c, 0x68, 0x6, 0x20, 0x1f, 0x35, 0xe,
    0x80, 0x7f, 0x57, 0x10, 0x6, 0x1a, 0x91, 0xc1,
    0x0, 0xfe, 0x20, 0xe, 0x6f, 0x53, 0xf2, 0x3,
    0x5, 0x0, 0xe1, 0x50, 0x20, 0x6e, 0x91, 0x7c,
    0x10, 0x0, 0x8d, 0xd7, 0x54, 0xce, 0x14, 0xa,
    0x91, 0x4d, 0x80, 0xe, 0xa2, 0x14, 0x55, 0x18,
    0x24, 0x84, 0xa5, 0xd8, 0x80, 0x3c, 0x9b, 0xfd,
    0xd7, 0xfa, 0xc8, 0x0,

    /* U+89C2 "观" */
    0x0, 0xff, 0xea, 0xff, 0xff, 0xa8, 0x2, 0x6f,
    0xff, 0x70, 0x0, 0x51, 0x3e, 0x0, 0xe3, 0x3f,
    0x0, 0x65, 0xbb, 0xf5, 0x0, 0x72, 0xe6, 0x70,
    0x10, 0x7, 0x56, 0x80, 0x7f, 0x31, 0x0, 0x8,
    0x14, 0x3, 0x98, 0x80, 0x3f, 0xc, 0xc8, 0x0,
    0xc1, 0xc0, 0x1f, 0xfc, 0x31, 0x84, 0x50, 0x30,
    0x30, 0xf, 0xfe, 0x23, 0x95, 0x85, 0x82, 0x80,
    0x7f, 0xf1, 0x60, 0x60, 0xcc, 0x20, 0x1c, 0x22,
    0x0, 0xff, 0x29, 0xb8, 0x58, 0x7, 0x88, 0xc0,
    0x3f, 0xe8, 0x0, 0x28, 0x7, 0xc2, 0x1, 0xff,
    0x28, 0x0, 0xc0, 0x38, 0xc0, 0x6, 0x1, 0xfe,
    0x90, 0x4, 0x0, 0x72, 0x1, 0xf8, 0x7, 0xf0,
    0xb9, 0x23, 0x8, 0x57, 0x85, 0x0, 0x61, 0xa9,
    0x0, 0xe8, 0xb, 0xf0, 0x80, 0x54, 0x52, 0x61,
    0x0, 0x94, 0xd4, 0x2, 0x36, 0x36, 0x42, 0x61,
    0x2, 0xa0, 0xb0, 0xe, 0x1a, 0x90, 0x7, 0x7,
    0x80, 0x2c, 0x14, 0x7c, 0x28, 0x80, 0x38, 0x83,
    0x82, 0x9, 0x8c, 0x0, 0xf8, 0xd8, 0x4c, 0xa0,
    0x62, 0x1, 0x28, 0x11, 0x1c, 0x64, 0x2, 0x15,
    0xd2, 0x79, 0x0, 0x9, 0x6d, 0xda, 0x41, 0xca,
    0xf4, 0x3, 0x2c, 0x84, 0xc0, 0x5, 0xe4, 0x44,
    0x40, 0xc1, 0x2, 0x18, 0x6, 0x56, 0xd6, 0x0,
    0xc7, 0xbf, 0xf7, 0x38, 0x0,

    /* U+89C4 "规" */
    0x0, 0xc2, 0x1, 0xff, 0xc9, 0xea, 0x0, 0xff,
    0xe6, 0xb7, 0xff, 0xf5, 0x80, 0x7f, 0xf0, 0x4d,
    0x57, 0xc0, 0x1c, 0x23, 0x0, 0x8c, 0x1, 0x55,
    0x7c, 0x1, 0xdd, 0xd0, 0x27, 0x72, 0x40, 0x3a,
    0x98, 0x3, 0xe5, 0x58, 0x5, 0x55, 0xe0, 0x18,
    0x57, 0x0, 0x3e, 0xaa, 0x81, 0x2a, 0x8c, 0x1,
    0xff, 0xd0, 0x30, 0xf, 0xfe, 0x82, 0xe6, 0x40,
    0x99, 0x8b, 0x0, 0xc4, 0x1, 0xf8, 0xcf, 0x0,
    0x99, 0x98, 0x3, 0x38, 0x70, 0x7, 0x9b, 0xfd,
    0x80, 0xff, 0xed, 0x0, 0xc2, 0x4, 0x1, 0xfc,
    0xe0, 0x40, 0x1f, 0x60, 0x60, 0x80, 0x7e, 0x30,
    0x56, 0x0, 0xf2, 0x83, 0x20, 0x7, 0xec, 0x3,
    0x92, 0x4, 0xa4, 0x33, 0x10, 0x5, 0x50, 0x1,
    0xc8, 0x8f, 0xe, 0x2, 0x52, 0x80, 0xb0, 0x9,
    0x4d, 0x40, 0x27, 0xd, 0x36, 0x37, 0x0, 0x32,
    0x31, 0x0, 0x75, 0x48, 0xc, 0x8b, 0x4, 0xe,
    0x82, 0x49, 0x48, 0x7, 0x8, 0x8, 0x58, 0xc0,
    0x0, 0x76, 0x9a, 0xc3, 0x80, 0x23, 0x0, 0x10,
    0x72, 0xa8, 0xd8, 0x2, 0x3a, 0x91, 0xc3, 0x6,
    0x9, 0xbb, 0x60, 0x2f, 0x87, 0x0, 0x6b, 0x52,
    0xc3, 0x0, 0x13, 0x82, 0x20, 0x5c, 0xeb, 0x8,
    0x3, 0x53, 0x69, 0x0, 0x68, 0xff, 0xba, 0x0,

    /* U+89C6 "视" */
    0x0, 0x84, 0xc0, 0x3f, 0xf9, 0x33, 0x86, 0x1,
    0xff, 0xc8, 0xc0, 0xb0, 0x8, 0x7f, 0xff, 0xc2,
    0x1, 0xc8, 0x8, 0x1, 0xc4, 0x89, 0xe2, 0x0,
    0xf0, 0x89, 0xc, 0x84, 0x2, 0x4b, 0xbf, 0x20,
    0x7, 0x4f, 0x71, 0x3, 0x78, 0x40, 0x3a, 0x9c,
    0x3, 0xf7, 0xaa, 0xe0, 0x0, 0x80, 0x72, 0xe0,
    0x7, 0xe6, 0xaa, 0xa4, 0x14, 0x3, 0xff, 0x91,
    0x1, 0x0, 0x1f, 0xfc, 0x76, 0x47, 0x20, 0xf,
    0xfe, 0x31, 0x48, 0x50, 0x7, 0x84, 0x4, 0x3,
    0xf8, 0x70, 0x1, 0xe4, 0x1, 0xc6, 0x6, 0x1,
    0xf8, 0x70, 0x40, 0x8f, 0x50, 0x3, 0x30, 0x8,
    0x7, 0xc3, 0x85, 0x24, 0x38, 0x36, 0x60, 0x11,
    0x80, 0x90, 0x7, 0x9c, 0xa1, 0x80, 0x5, 0xb0,
    0x60, 0x16, 0x3, 0x28, 0x7, 0x9b, 0x1c, 0x3,
    0x1b, 0x8c, 0xd1, 0x21, 0x0, 0x55, 0x41, 0x0,
    0x8c, 0x3, 0xf3, 0x1d, 0x85, 0x80, 0x46, 0xa6,
    0x40, 0x1f, 0xfc, 0x4, 0x65, 0x40, 0xe, 0xad,
    0x0, 0xff, 0x8a, 0x8e, 0x80, 0x3c, 0x60, 0x1f,
    0xf2, 0x61, 0x68, 0x18, 0x78, 0x4, 0xe4, 0x1,
    0xfd, 0x16, 0x98, 0x20, 0x20, 0xf5, 0x38, 0x4e,
    0x1, 0xfa, 0x9a, 0xa8, 0x1, 0xa4, 0x55, 0x8c,
    0xd0, 0x1, 0xdb, 0x81, 0x5e, 0xa0, 0x1c, 0xdd,
    0xd7, 0xe1, 0x0,

    /* U+89C8 "览" */
    0x0, 0xf8, 0xc4, 0x2, 0x12, 0x0, 0xff, 0x2a,
    0x0, 0xb, 0x2c, 0x2, 0x9d, 0x60, 0xf, 0xeb,
    0xb0, 0x7, 0xe5, 0x6, 0x0, 0xff, 0xe3, 0x21,
    0x7, 0xff, 0xc2, 0x1, 0xff, 0x78, 0x2a, 0xfe,
    0x0, 0xff, 0x8d, 0x16, 0x8f, 0x6a, 0xb8, 0x40,
    0x3f, 0xde, 0x10, 0xb, 0x18, 0x60, 0x1f, 0xfc,
    0x16, 0x37, 0x20, 0xc8, 0x3c, 0x70, 0xe, 0x31,
    0x0, 0xe6, 0x88, 0x0, 0x4f, 0x85, 0x6, 0x1,
    0xb7, 0x80, 0x5, 0x70, 0xe, 0x1, 0xc7, 0x90,
    0x60, 0x1c, 0xbf, 0xf5, 0xef, 0xff, 0xea, 0x70,
    0xf, 0x18, 0x12, 0x27, 0xf8, 0x1c, 0x3, 0xf9,
    0x6e, 0xea, 0xfa, 0xbb, 0xa8, 0x3, 0xff, 0x86,
    0xb6, 0xc0, 0x1f, 0xfc, 0x73, 0x2, 0x0, 0xff,
    0xe3, 0xe8, 0x43, 0x0, 0x7f, 0xf1, 0x45, 0x40,
    0xb8, 0x3, 0xc4, 0x1, 0xc9, 0x36, 0x0, 0xa0,
    0x70, 0xc, 0x33, 0x1, 0xdc, 0x0, 0xc4, 0xc6,
    0x36, 0x87, 0x40, 0x1c, 0xc8, 0x2, 0x20, 0xe,
    0x17, 0xf4, 0x3d, 0x0, 0x10, 0x7, 0x9, 0x18,
    0x0, 0x5a, 0xfa, 0x2, 0x30, 0x48, 0x17, 0x26,
    0x6a, 0xf0, 0x50, 0x8e, 0x94, 0x28, 0xf7, 0x0,
    0xa8, 0x8d, 0x9a, 0x50, 0x58, 0xb, 0x37, 0xcd,
    0x71, 0x0, 0xcb, 0xbf, 0xdd, 0x7f, 0x50, 0x80,

    /* U+89C9 "觉" */
    0x0, 0xfe, 0x12, 0x0, 0xe1, 0x0, 0xf9, 0x79,
    0x0, 0x3, 0xde, 0x1, 0xd5, 0xa4, 0x1, 0xcc,
    0x32, 0x0, 0x16, 0x26, 0x0, 0x95, 0x4, 0x80,
    0x38, 0xd0, 0x90, 0x1, 0x1, 0x60, 0x1, 0xb0,
    0xe0, 0xf, 0xbc, 0xc, 0x0, 0x2c, 0xc1, 0xb,
    0x19, 0x20, 0xd, 0x5f, 0xeb, 0x8, 0xff, 0x99,
    0x3b, 0xd4, 0x27, 0xfe, 0x10, 0x9, 0x13, 0xff,
    0x86, 0x20, 0x1d, 0x57, 0x7f, 0xfc, 0x25, 0x0,
    0xff, 0xe6, 0x6a, 0xe, 0xff, 0xff, 0xf0, 0xb,
    0x10, 0x41, 0xec, 0x2, 0x66, 0xfe, 0x20, 0x3,
    0xd8, 0x7, 0x86, 0x67, 0xf9, 0xc0, 0x3f, 0xf8,
    0x47, 0xf0, 0x1, 0xff, 0xc6, 0x70, 0xf, 0xfe,
    0x41, 0x7, 0x0, 0x7f, 0xf1, 0xb4, 0x38, 0x80,
    0x3f, 0xf8, 0x86, 0x80, 0xf4, 0x1, 0xe1, 0x0,
    0xef, 0xc0, 0x1e, 0x7, 0x0, 0xd7, 0x84, 0x19,
    0x60, 0x18, 0x88, 0x9e, 0x4d, 0x60, 0x18, 0x4c,
    0x0, 0x4c, 0x1, 0x92, 0xec, 0x2f, 0x22, 0x4,
    0x1, 0xc6, 0xe, 0x7, 0x1d, 0x68, 0x57, 0x0,
    0x60, 0xb5, 0x11, 0x56, 0x86, 0x56, 0x38, 0xa5,
    0x6a, 0x0, 0x6, 0x45, 0x5d, 0xe5, 0x6, 0x67,
    0x24, 0x75, 0xa8, 0x7, 0x37, 0x7f, 0x75, 0xfd,
    0x20,

    /* U+89D2 "角" */
    0x0, 0xf1, 0x52, 0x0, 0x7f, 0xf1, 0x65, 0x48,
    0x3, 0xff, 0x88, 0xe8, 0x1f, 0x33, 0xf1, 0x0,
    0x7c, 0x90, 0x0, 0x66, 0xfc, 0xe0, 0x1e, 0x3b,
    0xb, 0xff, 0xf5, 0x81, 0x28, 0x7, 0x16, 0x84,
    0xa0, 0x7, 0xd, 0x4, 0x80, 0x72, 0x60, 0xbb,
    0x0, 0x7a, 0x85, 0xd0, 0x3, 0x2d, 0x88, 0x3f,
    0xff, 0xc8, 0xf, 0xff, 0x85, 0x86, 0x40, 0x55,
    0x78, 0x41, 0x57, 0x84, 0x0, 0x7c, 0xe0, 0x95,
    0x5c, 0x41, 0x55, 0xc8, 0x1, 0xff, 0xce, 0x4c,
    0xce, 0x30, 0xcc, 0xe4, 0x0, 0xf0, 0x99, 0xf0,
    0x0, 0xcf, 0x84, 0x3, 0xcb, 0xff, 0xc6, 0x1f,
    0xfc, 0xa0, 0x1e, 0x30, 0xf, 0xfe, 0x29, 0x82,
    0x4c, 0xf1, 0x4, 0xcf, 0x38, 0x6, 0x70, 0x26,
    0x6e, 0x10, 0x66, 0xe2, 0x0, 0xda, 0x19, 0xff,
    0xc6, 0x1f, 0xfc, 0xa0, 0x19, 0x84, 0xc0, 0x3f,
    0xf8, 0x8c, 0x2c, 0x1, 0xff, 0xc1, 0x10, 0x0,
    0xc0, 0x48, 0x7, 0xf8, 0xe7, 0x10, 0x6, 0x86,
    0x44, 0x3, 0xfc, 0x2c, 0x61, 0x1, 0x4e, 0xc0,
    0x1f, 0x67, 0x80, 0xb, 0x37, 0xdc, 0x0,

    /* U+89E6 "触" */
    0x0, 0xe6, 0x20, 0xf, 0xe6, 0x20, 0xf, 0xe5,
    0x94, 0x0, 0xfc, 0x33, 0x40, 0x1f, 0xd0, 0x6,
    0x89, 0x0, 0x7f, 0xf1, 0x18, 0x82, 0xae, 0xe1,
    0x0, 0xff, 0xe1, 0xc, 0x1e, 0x64, 0x24, 0x20,
    0x48, 0x90, 0x12, 0x24, 0x1, 0xa8, 0x78, 0xcd,
    0x63, 0x20, 0xb, 0xba, 0x81, 0x6e, 0xe1, 0x0,
    0x4a, 0x1a, 0xbb, 0xc2, 0x6c, 0x1, 0x54, 0x82,
    0xd2, 0x80, 0x42, 0xe2, 0x71, 0x10, 0xc, 0x40,
    0x0, 0x2a, 0xe0, 0x4b, 0xa0, 0x10, 0xe4, 0x7,
    0x78, 0x4f, 0xb8, 0x7, 0xff, 0x8, 0x80, 0x3f,
    0xf9, 0xae, 0xa1, 0xea, 0x40, 0x1f, 0xfc, 0x59,
    0xa0, 0x6a, 0x50, 0xf, 0xfe, 0x2e, 0xe8, 0x23,
    0x58, 0x2, 0x1c, 0xd0, 0x6c, 0x90, 0xf, 0x88,
    0x80, 0x24, 0x20, 0x1, 0x11, 0x10, 0x4, 0x80,
    0x40, 0x3c, 0x44, 0xe, 0x21, 0x0, 0x47, 0x73,
    0xc1, 0xfb, 0x9e, 0x20, 0x10, 0x86, 0xe8, 0x1f,
    0x58, 0x3, 0xfb, 0x60, 0x3, 0x78, 0x5d, 0x81,
    0xad, 0x40, 0x3f, 0x95, 0x84, 0x2, 0x22, 0x22,
    0x3, 0xd0, 0x80, 0x3f, 0xa8, 0x1c, 0x2, 0x66,
    0x0, 0x7f, 0xf0, 0x44, 0xd8, 0x68, 0x0, 0x27,
    0x80, 0x1f, 0x2e, 0x6f, 0x70, 0x1b, 0x2c, 0x4c,
    0x81, 0x81, 0x40, 0x1a, 0x50, 0xc0, 0x1, 0x12,
    0x34, 0x4d, 0xe6, 0x2, 0x82, 0x8c, 0x80, 0x4,
    0xce, 0x70, 0xbb, 0x95, 0x2e, 0xc8, 0x67, 0x10,
    0x6f, 0x0, 0x62, 0xfd, 0x60, 0xf, 0xf7, 0x50,

    /* U+8A00 "言" */
    0x0, 0xff, 0x10, 0x7, 0xff, 0x22, 0x75, 0x40,
    0x3f, 0xf8, 0xf4, 0x1c, 0x1, 0xfe, 0x89, 0x9f,
    0xd4, 0x9, 0x33, 0xfc, 0x4c, 0xdf, 0xe0, 0x3,
    0x37, 0xfb, 0xbf, 0xff, 0xf9, 0x8, 0x1, 0xff,
    0xcd, 0xff, 0xff, 0xe1, 0xa8, 0x7, 0x95, 0x7f,
    0xf8, 0x6c, 0x1, 0xea, 0xaf, 0xfe, 0x19, 0x80,
    0x7a, 0x23, 0xff, 0x86, 0x40, 0x1e, 0x77, 0xff,
    0xe2, 0x0, 0x7b, 0xbb, 0xff, 0x86, 0xa0, 0x1e,
    0x11, 0xff, 0xe1, 0x80, 0x7d, 0x55, 0xff, 0xc3,
    0x40, 0xe, 0x15, 0x5f, 0xfe, 0x19, 0x0, 0x7c,
    0xbf, 0xff, 0xf5, 0x0, 0x7f, 0xfa, 0x52, 0xab,
    0xfe, 0x90, 0xf, 0xe1, 0x55, 0xff, 0x8c, 0x3,
    0xf9, 0x7f, 0xff, 0xea, 0x0, 0xe0,

    /* U+8B66 "警" */
    0x0, 0xe2, 0x0, 0x88, 0x3, 0x88, 0x3, 0xfe,
    0x4d, 0x20, 0x2d, 0x60, 0x8, 0x72, 0x40, 0x3e,
    0x7a, 0xa4, 0x4, 0xd4, 0x85, 0x54, 0x72, 0x34,
    0x23, 0xc0, 0x2, 0xdd, 0x28, 0x16, 0x98, 0x36,
    0xe9, 0xdc, 0x19, 0xdd, 0xc8, 0xa, 0xfc, 0x15,
    0x6b, 0x71, 0xca, 0xd0, 0x15, 0xba, 0xb0, 0x6d,
    0x40, 0x3, 0x35, 0x5b, 0xac, 0x8b, 0xd8, 0x22,
    0x71, 0x13, 0x2, 0xc8, 0x0, 0xf3, 0x9f, 0xfe,
    0xb0, 0xbd, 0xe4, 0x73, 0x76, 0x20, 0xa, 0xf3,
    0xbf, 0xb9, 0xf0, 0x2, 0x6, 0x74, 0xc6, 0x14,
    0x80, 0x6c, 0x30, 0xae, 0xe2, 0x0, 0xc, 0x4,
    0x4b, 0xa0, 0x27, 0x4, 0x1, 0xc3, 0x7d, 0xc5,
    0x7, 0xb2, 0x5e, 0xa0, 0xce, 0x86, 0xde, 0x20,
    0xb, 0x3b, 0xb4, 0x62, 0xb9, 0x46, 0xd9, 0x83,
    0x75, 0xc9, 0x1, 0x9f, 0xe8, 0xb6, 0x94, 0x13,
    0x3e, 0x74, 0x10, 0xcc, 0xff, 0x18, 0xe6, 0x7f,
    0x38, 0x7f, 0xdd, 0xbb, 0xff, 0xc2, 0xff, 0x98,
    0x3, 0x6e, 0xff, 0xf0, 0xcc, 0x3, 0xee, 0xdd,
    0xff, 0xe1, 0x18, 0x7, 0xdd, 0xbb, 0xff, 0xc2,
    0x30, 0xf, 0xbb, 0x77, 0xff, 0x84, 0x60, 0x1f,
    0x6e, 0xff, 0xf0, 0xd8, 0x3, 0xf3, 0x7f, 0xff,
    0xda, 0x1, 0xff, 0x8, 0xff, 0xf0, 0x0, 0x3f,
    0xcd, 0xdd, 0xff, 0x60, 0x7, 0x0,

    /* U+8BA1 "计" */
    0x0, 0xc4, 0x1, 0xfc, 0x86, 0x1, 0xfe, 0xbc,
    0x20, 0xf, 0xd7, 0xc0, 0x1f, 0xee, 0x1f, 0x0,
    0xff, 0xe4, 0x2b, 0x15, 0x0, 0x7f, 0xf2, 0x24,
    0xd5, 0x40, 0x1f, 0xfc, 0x8e, 0x0, 0xff, 0xe5,
    0x17, 0x28, 0x7, 0xff, 0x24, 0x40, 0x3f, 0xf8,
    0xb5, 0x5c, 0x20, 0x1f, 0xfc, 0x55, 0x5e, 0x20,
    0xef, 0xfe, 0x2, 0xff, 0xf1, 0x86, 0x64, 0x80,
    0x12, 0x99, 0xf0, 0x0, 0xcf, 0xc2, 0x6, 0x70,
    0x6, 0xbc, 0xce, 0x2, 0xcc, 0xf1, 0x0, 0x7f,
    0xff, 0xc0, 0x23, 0x50, 0xf, 0xfe, 0x44, 0x64,
    0x80, 0x7f, 0xf1, 0x9f, 0x1c, 0xbc, 0x3, 0xff,
    0x8d, 0x66, 0xda, 0x60, 0x1f, 0xfc, 0x45, 0x1,
    0xb9, 0x0, 0xff, 0xe2, 0x90, 0xa7, 0xa0, 0x7,
    0xff, 0x18, 0xb6, 0xc4, 0x3, 0xff, 0x88,

    /* U+8BA2 "订" */
    0x0, 0xff, 0xe6, 0x9f, 0x38, 0x7, 0xff, 0x20,
    0x45, 0x8, 0x1, 0x55, 0x7f, 0xf0, 0x44, 0x0,
    0x54, 0x14, 0x20, 0x5, 0x5f, 0xfe, 0x9, 0x80,
    0x4a, 0xa1, 0xb0, 0x6, 0xef, 0x98, 0x1f, 0x77,
    0x10, 0x6, 0xa1, 0x51, 0x2, 0x2f, 0x8, 0x79,
    0x16, 0x0, 0xf5, 0xe0, 0x80, 0x7f, 0xf2, 0x14,
    0xc0, 0x3f, 0xf8, 0xbb, 0xbc, 0x40, 0x1f, 0xfc,
    0x52, 0x2e, 0x0, 0xff, 0xe3, 0x77, 0x46, 0x1,
    0xff, 0xc7, 0x11, 0x9c, 0x3, 0xff, 0xfe, 0x1,
    0xff, 0xc9, 0x50, 0xf, 0xfe, 0x40, 0xed, 0x80,
    0x7f, 0xf1, 0xd3, 0xc9, 0x0, 0x3f, 0xf8, 0xf2,
    0x31, 0x40, 0x1f, 0xfc, 0x41, 0x50, 0x2c, 0x70,
    0xe, 0x14, 0x1, 0x0, 0xfc, 0x62, 0x98, 0x60,
    0x11, 0x77, 0xf1, 0x82, 0x0, 0x7e, 0x2b, 0xb0,
    0x80, 0x62, 0x30, 0x14, 0xb2, 0x0, 0xfe, 0x40,
    0xf, 0xb7, 0xfa, 0xd0, 0x3, 0xc0,

    /* U+8BA4 "认" */
    0x0, 0xff, 0xe0, 0x8b, 0x18, 0x7, 0xf0, 0xe3,
    0x0, 0x7e, 0x39, 0xa0, 0xf, 0xf1, 0x4a, 0x80,
    0x7f, 0xf1, 0xc7, 0x6, 0x90, 0x3, 0xff, 0x8e,
    0x54, 0x14, 0x20, 0x1f, 0xfc, 0x74, 0x81, 0x60,
    0xe, 0x10, 0x20, 0xf, 0xfe, 0x3, 0xcb, 0x80,
    0x73, 0x83, 0x80, 0x7f, 0xf0, 0x58, 0x3, 0xc2,
    0x6, 0x1, 0xfa, 0xef, 0x80, 0x3e, 0x20, 0x1,
    0x0, 0x78, 0x51, 0x38, 0x40, 0x3d, 0xa0, 0x7,
    0x0, 0xf0, 0xf7, 0x46, 0x1, 0xf9, 0xc0, 0x18,
    0x1, 0xf0, 0x8c, 0xe0, 0x1f, 0x11, 0x14, 0xdc,
    0x3, 0xff, 0x8c, 0xa1, 0x96, 0x28, 0x1, 0xff,
    0xc5, 0xa0, 0x75, 0xe, 0x0, 0xff, 0xe0, 0x88,
    0x1, 0x49, 0x44, 0x8d, 0x48, 0x3, 0xfe, 0x2f,
    0x10, 0x80, 0x80, 0x4, 0x4, 0x0, 0x7f, 0x8b,
    0x5, 0x5c, 0x94, 0x80, 0x8, 0x6a, 0xa0, 0xf,
    0xec, 0x19, 0x8, 0x1b, 0x0, 0xde, 0x16, 0x20,
    0x1e, 0x60, 0x5, 0xad, 0x85, 0x8, 0x6, 0x38,
    0x1d, 0x0, 0xe3, 0x20, 0xc7, 0xd0, 0x84, 0x0,
    0xf3, 0x99, 0xac, 0x3, 0x1b, 0xe3, 0xe0, 0xbb,
    0x80, 0x3f, 0x69, 0x25, 0x0, 0x68, 0x35, 0x37,
    0x80, 0xf, 0xe1, 0xc3, 0x80, 0xf, 0xe, 0x40,
    0x7, 0xfc, 0x38, 0x40,

    /* U+8BA9 "让" */
    0x0, 0xff, 0xe0, 0x1a, 0x0, 0x7f, 0x9e, 0x40,
    0x3f, 0x45, 0x90, 0x7, 0xf5, 0xb4, 0x0, 0x7f,
    0xf1, 0xf0, 0x9d, 0x80, 0x3f, 0xf8, 0xfe, 0x32,
    0x60, 0x1f, 0xfc, 0x62, 0xb0, 0x80, 0xf, 0xfe,
    0x3a, 0xc5, 0x0, 0x7f, 0xf2, 0x1c, 0x40, 0x3e,
    0x9b, 0xbe, 0x40, 0xaa, 0xe0, 0xf, 0xe4, 0x4f,
    0x8, 0x2a, 0xf0, 0x7, 0xf6, 0xff, 0xf2, 0x87,
    0x74, 0x60, 0x1f, 0xfc, 0x61, 0x19, 0xc0, 0x3f,
    0xff, 0xe0, 0x1f, 0xfc, 0x41, 0x0, 0xff, 0xe4,
    0x16, 0x30, 0x7, 0xff, 0x18, 0xf0, 0x80, 0x3f,
    0xf8, 0xf8, 0x16, 0xc0, 0x1f, 0xfc, 0x46, 0x2,
    0xae, 0xaa, 0xca, 0x13, 0x55, 0xe8, 0x0, 0x11,
    0xf, 0x1d, 0x57, 0x84, 0x11, 0x57, 0xc8, 0x0,
    0x2a, 0xc1, 0x3f, 0xff, 0xfe, 0x16, 0x0,

    /* U+8BAE "议" */
    0x0, 0xff, 0xe5, 0x8d, 0x90, 0x7, 0xd1, 0xe2,
    0x1, 0xfc, 0x88, 0xc1, 0x0, 0xf7, 0x5, 0x80,
    0x65, 0x10, 0x9, 0x5c, 0x74, 0x0, 0xb8, 0x20,
    0xc2, 0xa4, 0x0, 0x1a, 0xa0, 0x6, 0x84, 0x38,
    0x2, 0x34, 0x0, 0x40, 0x58, 0x1, 0x40, 0xc0,
    0x3a, 0x81, 0x41, 0x3, 0x0, 0xc, 0x2c, 0x20,
    0x61, 0x80, 0x1c, 0x33, 0x80, 0x62, 0xe0, 0x13,
    0x38, 0x86, 0x2, 0x80, 0x79, 0x84, 0x0, 0xe2,
    0x80, 0x8, 0x80, 0x1, 0xc, 0x40, 0x11, 0x99,
    0x48, 0x5, 0x41, 0xc0, 0x1c, 0x80, 0x80, 0x11,
    0x9e, 0x40, 0x8, 0xc9, 0x44, 0x3, 0x70, 0x58,
    0x5, 0x7f, 0xe0, 0xf, 0x50, 0x40, 0x4, 0x2a,
    0x46, 0x1, 0xff, 0xc0, 0x71, 0x62, 0x0, 0x48,
    0x58, 0x7, 0xff, 0xa, 0x2, 0x40, 0x5c, 0x58,
    0x3, 0xff, 0x84, 0xc4, 0x8d, 0x41, 0x20, 0x1f,
    0xfc, 0x4f, 0x9, 0x42, 0x70, 0xf, 0xfe, 0x2,
    0x80, 0x44, 0xc0, 0x9, 0x0, 0xff, 0xe0, 0x5d,
    0x0, 0x4a, 0xc0, 0x9, 0x20, 0xf, 0xf6, 0x22,
    0x0, 0x11, 0x41, 0x28, 0x58, 0x60, 0x1f, 0x88,
    0xda, 0xcb, 0x1c, 0x29, 0xad, 0x47, 0x18, 0x3,
    0x94, 0x1, 0x12, 0xda, 0x65, 0xaa, 0x0, 0xa7,
    0x9, 0xb1, 0x0, 0x9c, 0x69, 0xb2, 0x41, 0xb4,
    0x80, 0x34, 0x50, 0xa7, 0x30, 0x0, 0xb9, 0x44,
    0x45, 0x92, 0x1, 0xf2, 0xfa, 0x0, 0x7e, 0xfd,
    0x30, 0xf, 0xe1, 0xba, 0x60,

    /* U+8BB0 "记" */
    0x0, 0x2b, 0x80, 0x7f, 0xf1, 0xc6, 0xe1, 0x40,
    0x24, 0xcc, 0xff, 0x38, 0x4, 0x3a, 0x14, 0x60,
    0x2, 0x33, 0xff, 0x68, 0x6, 0x38, 0xe, 0x0,
    0x37, 0xff, 0xec, 0x0, 0xf9, 0xcc, 0x98, 0x3,
    0xff, 0x8f, 0xea, 0xc0, 0x1f, 0xfc, 0x73, 0xa0,
    0xf, 0xfe, 0x24, 0x47, 0x0, 0x7f, 0xf1, 0x5d,
    0xf8, 0x40, 0x21, 0x22, 0xf9, 0xc0, 0x35, 0x54,
    0x60, 0x1d, 0xdb, 0xbf, 0x58, 0x6, 0x55, 0x9c,
    0x3, 0xe5, 0x5f, 0xd8, 0x1, 0xff, 0xc0, 0x2a,
    0xaf, 0xcc, 0x1, 0xff, 0xff, 0x41, 0x0, 0xff,
    0x2b, 0x88, 0x7, 0x9e, 0xdc, 0x3, 0xfd, 0xb0,
    0x80, 0x1d, 0xb0, 0x2a, 0x26, 0x1, 0xf8, 0x81,
    0x80, 0x27, 0x3, 0x5f, 0x30, 0x13, 0x0, 0xf1,
    0x20, 0x10, 0x0, 0x8c, 0x26, 0x84, 0x10, 0x33,
    0xf7, 0x31, 0xbd, 0xa2, 0x62, 0x0, 0x27, 0xc6,
    0x0, 0xad, 0x8c, 0x48, 0xcc, 0x40, 0x6d, 0xc0,

    /* U+8BB8 "许" */
    0x0, 0xff, 0x13, 0x8, 0x7, 0xfd, 0x46, 0x1,
    0xea, 0x95, 0x0, 0xff, 0x1a, 0xe9, 0x0, 0x72,
    0x82, 0x0, 0x7f, 0x8e, 0x87, 0xc0, 0x31, 0x92,
    0x80, 0x7f, 0xf0, 0x15, 0x8a, 0x80, 0x29, 0x5,
    0xff, 0xfd, 0x80, 0x1a, 0x45, 0x4, 0x9, 0x44,
    0xcc, 0x40, 0x26, 0x79, 0x40, 0x3a, 0xb0, 0x42,
    0xc2, 0x33, 0x10, 0x13, 0x99, 0xa4, 0x3, 0x90,
    0x80, 0x98, 0x58, 0x3, 0xfe, 0x9c, 0xca, 0xc0,
    0x12, 0x16, 0x1, 0xff, 0xc0, 0x53, 0x39, 0x0,
    0x6, 0x65, 0x0, 0xff, 0xe0, 0x67, 0xf8, 0xc0,
    0x28, 0xc0, 0xf, 0xfe, 0x87, 0x80, 0x7f, 0xf0,
    0x7, 0xff, 0xd4, 0xf, 0xff, 0xd8, 0x1, 0xe1,
    0x55, 0xf1, 0x81, 0x2a, 0xf2, 0x0, 0x7d, 0x55,
    0xe9, 0xa, 0xaf, 0x40, 0x7, 0xc2, 0x1, 0xff,
    0xc8, 0x3f, 0x60, 0xf, 0xfe, 0x33, 0x60, 0x80,
    0x7f, 0xf1, 0x44, 0x24, 0xb1, 0x80, 0x3f, 0xf8,
    0x68, 0x40, 0xda, 0x60, 0x1f, 0xfc, 0x45, 0x2b,
    0x90, 0xf, 0xfe, 0x30, 0xea, 0x0, 0x7f, 0xf1,
    0x40,

    /* U+8BBE "设" */
    0x0, 0x96, 0x0, 0x3f, 0xf9, 0x30, 0xee, 0x0,
    0xcd, 0xff, 0xf6, 0x0, 0x7d, 0x83, 0xa, 0x1,
    0xc6, 0xcd, 0x80, 0x3f, 0x86, 0x82, 0x88, 0x3,
    0x24, 0xcd, 0x0, 0x1f, 0xe4, 0x70, 0x40, 0x0,
    0x87, 0x0, 0x7f, 0xf0, 0xe2, 0x58, 0x1, 0x60,
    0xa0, 0x1c, 0x40, 0x1f, 0xe6, 0x0, 0x41, 0x91,
    0x80, 0x42, 0x37, 0xfc, 0x41, 0x33, 0xc0, 0x9,
    0x70, 0xf0, 0xe, 0xd6, 0x44, 0x88, 0x19, 0xb8,
    0x42, 0xcf, 0x8, 0x3, 0x8e, 0x6e, 0xe0, 0x6,
    0xec, 0x60, 0x11, 0xb4, 0xd5, 0x7f, 0x8, 0x4,
    0x45, 0x0, 0x63, 0x55, 0xff, 0x80, 0x3f, 0xe2,
    0xf1, 0xe, 0xff, 0xdc, 0x4, 0x20, 0x1f, 0xfc,
    0x8, 0x8, 0x0, 0xd6, 0x10, 0x1, 0xff, 0xc1,
    0x63, 0x63, 0x0, 0x2a, 0x91, 0x40, 0x3f, 0xf8,
    0x5e, 0x1a, 0x27, 0x43, 0x40, 0x1f, 0xfc, 0x7,
    0x30, 0x39, 0x1c, 0xd0, 0xa1, 0x0, 0xff, 0xaa,
    0x24, 0x0, 0xc8, 0x43, 0x8, 0x1, 0xff, 0x62,
    0xa5, 0x80, 0xd2, 0x0, 0x22, 0x0, 0x1f, 0xc2,
    0x4, 0xf6, 0x11, 0xca, 0x9d, 0x62, 0xfc, 0xe0,
    0x1e, 0x42, 0xa, 0xdb, 0xe7, 0x1a, 0xb1, 0x4f,
    0x61, 0x8f, 0x92, 0x0, 0x92, 0x35, 0x79, 0xa,
    0x79, 0x40, 0x21, 0x9d, 0x50, 0x61, 0x0, 0xce,
    0x41, 0x37, 0xac, 0x1, 0xf1, 0x57, 0x51, 0x80,

    /* U+8BC1 "证" */
    0x0, 0xc, 0x0, 0x7f, 0xf2, 0x65, 0xec, 0x2,
    0x4c, 0xcf, 0xfe, 0x5, 0x0, 0x50, 0x88, 0x80,
    0x1, 0x19, 0xff, 0xf0, 0x1c, 0x3, 0x50, 0xba,
    0x3, 0x7f, 0xf4, 0x84, 0x7f, 0xed, 0x0, 0xc3,
    0xa0, 0x20, 0x1f, 0xfc, 0x83, 0xd5, 0x0, 0xff,
    0xe4, 0x90, 0x4, 0x4e, 0x80, 0x1f, 0xf1, 0x77,
    0x69, 0x0, 0x9a, 0x34, 0x3, 0xff, 0x86, 0x26,
    0x1, 0xff, 0xc5, 0x2e, 0xe7, 0x80, 0x7f, 0xf0,
    0x27, 0x77, 0x18, 0x7, 0xff, 0x14, 0x48, 0xb3,
    0x80, 0x7f, 0xf1, 0x63, 0xff, 0x20, 0x7, 0xff,
    0xa8, 0x40, 0x3f, 0xf9, 0x27, 0xe2, 0x1, 0xff,
    0xc7, 0x7c, 0x12, 0x0, 0xff, 0xe2, 0x98, 0x11,
    0x34, 0xc0, 0x3f, 0xf8, 0xb4, 0x7, 0x97, 0x50,
    0x9, 0x55, 0x5, 0x57, 0x90, 0x2, 0x95, 0xc1,
    0x75, 0x30, 0x25, 0x51, 0x81, 0x2a, 0xf1, 0x80,
    0x43, 0x40, 0xe, 0xff, 0xff, 0xe1, 0x38,

    /* U+8BC6 "识" */
    0x1, 0xb2, 0x0, 0xff, 0xe3, 0xaa, 0x78, 0x6,
    0x7a, 0xaf, 0xf3, 0x80, 0x49, 0x5, 0x40, 0x16,
    0x2a, 0xff, 0xb0, 0x3, 0x3a, 0x2b, 0x0, 0x6d,
    0xff, 0xf7, 0x0, 0x7d, 0x43, 0xe0, 0x18, 0xc0,
    0x3f, 0xf8, 0x43, 0x52, 0x1, 0xff, 0xc8, 0x40,
    0xf, 0xfe, 0x2d, 0xde, 0x70, 0xf, 0xfe, 0x2a,
    0x26, 0xd0, 0xf, 0xfe, 0x2f, 0xfb, 0x80, 0x3f,
    0xfa, 0x35, 0x5f, 0x58, 0x7, 0xff, 0x9, 0x15,
    0x7e, 0x0, 0xff, 0xe0, 0x5f, 0xff, 0xfa, 0xc0,
    0x3f, 0xf8, 0x4, 0xa0, 0x19, 0x84, 0x3, 0xfc,
    0x20, 0x17, 0x52, 0x80, 0x16, 0x74, 0x3, 0xf8,
    0x71, 0x1, 0x8c, 0x94, 0x0, 0xa8, 0x72, 0x1,
    0xf0, 0xe1, 0x9, 0x48, 0x48, 0x6, 0xa1, 0x65,
    0x0, 0xf2, 0x14, 0xa7, 0x83, 0xa0, 0x6, 0x1d,
    0xa, 0x20, 0x9, 0x80, 0x16, 0xd4, 0x47, 0x0,
    0x1e, 0x37, 0xe, 0x0, 0x84, 0x31, 0x29, 0x7,
    0x40, 0x3f, 0x41, 0x1b, 0x80, 0x1b, 0x4c, 0x4,
    0x34, 0x40, 0x3f, 0xb8, 0xc, 0x2, 0x20, 0x5,
    0xe1, 0x80, 0x7f, 0x8f, 0x90,

    /* U+8BD5 "试" */
    0x0, 0xff, 0xe1, 0xaa, 0x0, 0x7f, 0x41, 0x0,
    0x7f, 0xae, 0x42, 0xd4, 0x3, 0x91, 0xf0, 0x80,
    0x3f, 0xe1, 0x7a, 0x70, 0xc, 0x92, 0x3e, 0x1,
    0xfe, 0x31, 0xc4, 0x87, 0x0, 0xcc, 0xc2, 0xb0,
    0xf, 0xc6, 0x1, 0x5a, 0xb0, 0x7, 0x49, 0x29,
    0x5d, 0xfc, 0x43, 0x77, 0xd, 0x38, 0x7, 0x76,
    0x1a, 0x27, 0xc0, 0x4, 0x4e, 0xe0, 0xe, 0x32,
    0x1f, 0xff, 0x8c, 0x3b, 0xff, 0x48, 0x5d, 0xe7,
    0x0, 0xfe, 0x70, 0xf, 0x85, 0x13, 0x68, 0x7,
    0xf0, 0x81, 0x80, 0x70, 0xf7, 0x34, 0x3, 0x5d,
    0xfa, 0xc, 0x4, 0x3, 0xc2, 0x23, 0x0, 0xc8,
    0x9e, 0x31, 0x7, 0x0, 0xff, 0xe0, 0xff, 0xa4,
    0x33, 0xef, 0x80, 0x80, 0x3f, 0xf9, 0x4, 0x1c,
    0x1, 0xff, 0xc8, 0x60, 0x20, 0xf, 0xfe, 0x0,
    0x80, 0x7c, 0x40, 0xc0, 0x1f, 0xf1, 0x7a, 0x80,
    0x7c, 0x66, 0x0, 0x8c, 0x3, 0xc3, 0x82, 0x20,
    0x9, 0x96, 0x55, 0x40, 0x80, 0xf, 0xb0, 0xe,
    0x41, 0x91, 0x8a, 0xa, 0xa3, 0x16, 0x87, 0x0,
    0xc, 0x80, 0x24, 0x0, 0x51, 0x53, 0x99, 0x2c,
    0x63, 0xa0, 0xaa, 0x30, 0x68, 0x5, 0xa1, 0x4a,
    0xa9, 0xcf, 0xda, 0x73, 0x0, 0x58, 0x5c, 0x8a,
    0x0, 0x51, 0x6a, 0x2, 0xc6, 0x1, 0xf2, 0xc0,
    0x95, 0x0,

    /* U+8BDD "话" */
    0x0, 0x41, 0x0, 0x7f, 0xf0, 0xcc, 0x2, 0x57,
    0xc1, 0x0, 0x88, 0xd1, 0x5a, 0x26, 0xf7, 0xbf,
    0xc, 0x0, 0xac, 0x3a, 0x0, 0x6d, 0xcb, 0xa9,
    0x76, 0x43, 0x24, 0x71, 0x0, 0xa4, 0xcd, 0x20,
    0x8c, 0xf1, 0x34, 0x21, 0xfd, 0x97, 0x4, 0x1,
    0xb4, 0x1c, 0x4a, 0x61, 0xd9, 0x40, 0x3f, 0xf8,
    0x3, 0x58, 0x20, 0x1f, 0xfc, 0x75, 0x20, 0xf,
    0xfe, 0x21, 0x16, 0x10, 0x1d, 0xdf, 0x8, 0x6e,
    0xfa, 0x37, 0x75, 0x0, 0x8, 0xbc, 0x0, 0x22,
    0xf0, 0xb2, 0xa8, 0x2, 0x1f, 0xff, 0x8, 0x7f,
    0xfa, 0x65, 0x54, 0x0, 0xff, 0xf2, 0x9d, 0xde,
    0x10, 0xbb, 0xcc, 0x1, 0xfe, 0x64, 0x4c, 0x0,
    0x44, 0xde, 0x1, 0xff, 0xc0, 0x7f, 0xff, 0x58,
    0x7, 0xf8, 0xe0, 0x3, 0xff, 0x8e, 0xb8, 0xe0,
    0x1f, 0xfc, 0x64, 0xa1, 0xb0, 0xf, 0xfe, 0x21,
    0x0, 0xf, 0xd0, 0x0, 0xb7, 0x7e, 0x80, 0xf,
    0x28, 0x36, 0x8, 0x4, 0x48, 0x9e, 0x30, 0xf,
    0x3d, 0xc8, 0x7, 0x3f, 0xff, 0xac, 0x3, 0x0,

    /* U+8BE2 "询" */
    0x0, 0xff, 0x21, 0x0, 0x7f, 0x85, 0x40, 0x3c,
    0x37, 0xe0, 0x1f, 0xeb, 0xa7, 0x0, 0xe9, 0xa,
    0x0, 0xff, 0x51, 0x42, 0x80, 0x42, 0xe1, 0x77,
    0xfc, 0x1, 0x60, 0xd1, 0x0, 0x20, 0x0, 0x68,
    0x9f, 0x80, 0x21, 0xb0, 0xa0, 0x46, 0x1f, 0xff,
    0xc6, 0x1, 0xcb, 0x10, 0x1a, 0xa, 0x0, 0xff,
    0xe1, 0xb8, 0xe0, 0x99, 0x33, 0x71, 0x80, 0x73,
    0x4c, 0xc8, 0x60, 0x87, 0x33, 0xeb, 0x0, 0xec,
    0x66, 0xb0, 0xb6, 0x81, 0x73, 0x2b, 0x0, 0xfa,
    0xf7, 0x0, 0x3c, 0x46, 0x72, 0x80, 0x7c, 0x24,
    0x40, 0xf, 0xfe, 0x18, 0x80, 0x7f, 0xcb, 0x33,
    0x58, 0x7, 0xff, 0x10, 0x99, 0xa5, 0x0, 0xe1,
    0x0, 0xff, 0x3f, 0xfd, 0xc0, 0x1f, 0xfd, 0x63,
    0x0, 0x8, 0x7, 0xff, 0x11, 0x70, 0x81, 0xbf,
    0xee, 0x0, 0xc6, 0x1, 0xe5, 0xa2, 0x16, 0x6f,
    0xb4, 0x0, 0x20, 0x18, 0xc0, 0x8f, 0xa, 0x67,
    0xe5, 0x5, 0x2, 0x0, 0xac, 0x13, 0x4, 0x3,
    0xe5, 0xce, 0xa0, 0x40, 0xa, 0xda, 0xc0, 0x3f,
    0x9c, 0xc4, 0xe2, 0x0, 0x11, 0x48, 0x7, 0xf8,
    0xbf, 0xd8, 0xe0, 0x0,

    /* U+8BE5 "该" */
    0x0, 0xff, 0xe0, 0x90, 0x7, 0xf9, 0x0, 0x3f,
    0xf, 0xf8, 0x3, 0xf9, 0xee, 0x40, 0x3e, 0x13,
    0x24, 0x0, 0xfc, 0xc4, 0xca, 0x1, 0xf5, 0x7,
    0x0, 0x7e, 0x1f, 0xa, 0x2c, 0xff, 0xe9, 0x5,
    0xff, 0xf2, 0x0, 0xa, 0x0, 0x6d, 0x9b, 0x10,
    0x23, 0x37, 0xe0, 0x9, 0xf4, 0xde, 0x66, 0xa2,
    0x25, 0xcc, 0xa3, 0x66, 0x62, 0x0, 0xc4, 0x1,
    0x87, 0x43, 0x80, 0x2a, 0xb3, 0x0, 0xaf, 0x32,
    0x80, 0xd, 0xa3, 0x46, 0x0, 0x54, 0x53, 0x0,
    0x94, 0xcf, 0x0, 0x6, 0xcd, 0xd, 0xe6, 0xa8,
    0x36, 0x1, 0xbb, 0xfc, 0x1, 0xb5, 0x1, 0x26,
    0x19, 0x42, 0xc4, 0x80, 0x3f, 0xd2, 0xf3, 0x79,
    0xa6, 0x10, 0xa5, 0xb4, 0x1, 0xfc, 0xb0, 0xc8,
    0x5c, 0x6c, 0xe1, 0xc1, 0x20, 0x1f, 0xfc, 0x3,
    0xc3, 0x69, 0x8, 0x38, 0x30, 0xf, 0xf9, 0xf0,
    0xa2, 0x41, 0x9d, 0x1c, 0x3, 0xf8, 0x8f, 0x60,
    0x6d, 0xc1, 0xa4, 0xac, 0x3, 0xf9, 0x35, 0xc9,
    0xbd, 0x1, 0xe4, 0x70, 0x3, 0xf9, 0xac, 0x57,
    0xa4, 0x42, 0xa0, 0x6, 0x84, 0x3, 0xc2, 0x4,
    0x38, 0x22, 0x4, 0xe5, 0x56, 0x9a, 0x61, 0x0,
    0x73, 0x0, 0xe1, 0x1, 0x5d, 0x86, 0x28, 0xb1,
    0x8b, 0x50, 0x3, 0x29, 0x61, 0x1d, 0xea, 0x23,
    0x5c, 0x2, 0x98, 0xb, 0x50, 0x8, 0xb4, 0x81,
    0x10, 0x57, 0x62, 0x0, 0xe7, 0x90, 0x10, 0xf,
    0x9e, 0xf5, 0x0, 0x3f, 0x36, 0xa0, 0x0,

    /* U+8BED "语" */
    0x1, 0x80, 0xf, 0xfe, 0x44, 0xbd, 0x0, 0xf,
    0xff, 0xff, 0x82, 0xc0, 0x8, 0x45, 0x70, 0x26,
    0x6c, 0x4, 0xcd, 0xf2, 0x80, 0x54, 0x30, 0x63,
    0x33, 0x40, 0x24, 0xcf, 0xc6, 0x1, 0xd, 0x5,
    0x0, 0x65, 0xf, 0x0, 0xff, 0xe0, 0x24, 0x48,
    0x46, 0x62, 0x42, 0xf3, 0x3a, 0x0, 0x3e, 0x70,
    0xe, 0x30, 0x10, 0xc, 0x64, 0x1, 0x4d, 0xdc,
    0xe0, 0x8, 0xcc, 0x18, 0xe6, 0x6f, 0x0, 0xe4,
    0x4d, 0xa0, 0x1c, 0x4a, 0x1, 0xe3, 0x0, 0xb7,
    0xfc, 0x1, 0x84, 0x46, 0x4, 0x23, 0x9c, 0x0,
    0x22, 0x0, 0xfb, 0xba, 0xc0, 0x6e, 0xed, 0x60,
    0xdd, 0xc8, 0x0, 0xf3, 0x37, 0xff, 0xf, 0x0,
    0x3d, 0x13, 0x3f, 0xfc, 0x24, 0x0, 0xfc, 0xf5,
    0x5f, 0xe4, 0x0, 0xff, 0x62, 0xaf, 0xf8, 0xc0,
    0x3f, 0x2a, 0x0, 0x3f, 0xfe, 0x90, 0xf, 0xe7,
    0xaf, 0x0, 0xff, 0xe3, 0x2c, 0x14, 0x80, 0x7f,
    0xf1, 0xc, 0x0, 0xba, 0x40, 0x9, 0x9f, 0xb4,
    0x3, 0xc8, 0x11, 0x40, 0x19, 0x9b, 0xe4, 0x0,
    0xf3, 0xe3, 0x80, 0x77, 0xff, 0xd2, 0x1, 0x80,

    /* U+8BEF "误" */
    0x0, 0xa0, 0x80, 0x3f, 0xf9, 0x8, 0xf8, 0x20,
    0x17, 0xff, 0xfc, 0xa0, 0x19, 0x20, 0x70, 0x3,
    0xb, 0x37, 0xc6, 0x1, 0xf3, 0xa9, 0x58, 0x4,
    0x53, 0x3f, 0x58, 0x7, 0xea, 0x26, 0x0, 0xff,
    0xe4, 0xf7, 0x80, 0x45, 0x33, 0xf5, 0x80, 0x7f,
    0x19, 0x0, 0x42, 0xcd, 0xf1, 0x80, 0x76, 0xee,
    0x80, 0xb, 0xff, 0xfe, 0x50, 0x8, 0x46, 0x22,
    0x0, 0x7f, 0xf1, 0xb3, 0x1a, 0x1, 0xbf, 0xff,
    0xf8, 0x26, 0x1, 0xfc, 0xab, 0xc8, 0x6, 0xab,
    0xc2, 0x1, 0xfd, 0x55, 0xde, 0x15, 0x5e, 0x20,
    0xf, 0xfe, 0x10, 0x80, 0x7f, 0xf1, 0x1a, 0x67,
    0xb8, 0x36, 0x67, 0xa0, 0x3, 0xf6, 0xb3, 0x72,
    0x2, 0x33, 0x78, 0x3, 0xf4, 0xff, 0xf0, 0x80,
    0x37, 0xff, 0x70, 0x7, 0xc9, 0xa6, 0x1, 0x40,
    0x98, 0x70, 0x7, 0xfc, 0x96, 0x20, 0x14, 0x38,
    0xe3, 0x9e, 0x88, 0x7, 0xca, 0x2, 0x7e, 0x6b,
    0xae, 0x58, 0x10, 0xe5, 0xd0, 0x40, 0x1d, 0xa0,
    0xdd, 0x1d, 0x44, 0xb8, 0x40, 0x8, 0xb2, 0x7d,
    0xc6, 0x0, 0xa6, 0xa4, 0xd8, 0x57, 0x68, 0x40,
    0x32, 0x6d, 0x21, 0x98, 0x3, 0x28, 0xd, 0xfd,
    0x10, 0x7, 0xe5, 0xbe, 0x50,

    /* U+8BF4 "说" */
    0x0, 0xfe, 0x10, 0xf, 0x8c, 0x3, 0x8b, 0xc,
    0x3, 0x47, 0x18, 0x7, 0x36, 0x40, 0x6, 0x63,
    0xe1, 0x0, 0xac, 0x38, 0x3, 0xc, 0x5, 0x0,
    0x64, 0x82, 0xb0, 0x8, 0xdc, 0xa4, 0x2, 0xb1,
    0x82, 0x0, 0xe7, 0x35, 0x50, 0x5, 0x4, 0xa0,
    0x5, 0x52, 0x38, 0x7, 0xdc, 0x1, 0x2c, 0xc8,
    0x56, 0x65, 0x40, 0x9, 0x92, 0x80, 0x71, 0x72,
    0x86, 0x33, 0xd, 0x9a, 0x0, 0x23, 0x33, 0xc0,
    0x3c, 0x20, 0x1b, 0x7b, 0xbe, 0xd0, 0xd, 0x57,
    0x73, 0x0, 0x63, 0x11, 0xf8, 0xc0, 0x32, 0xa2,
    0x58, 0x1, 0xff, 0xc5, 0xfe, 0xd0, 0xf, 0xfe,
    0x40, 0x98, 0x7, 0x8c, 0x3, 0xff, 0x93, 0xbf,
    0xff, 0x70, 0x7, 0xfd, 0x8c, 0xc0, 0x16, 0x61,
    0x2, 0xb3, 0x30, 0x3, 0xf9, 0x66, 0x1, 0x26,
    0x4e, 0x17, 0x32, 0x60, 0xf, 0xf8, 0xc0, 0x80,
    0x3f, 0xf8, 0x96, 0x40, 0xe1, 0xa0, 0x1f, 0xfc,
    0x3b, 0x47, 0xf, 0x4, 0x0, 0xfd, 0x32, 0x0,
    0xca, 0x8c, 0xa6, 0xa8, 0x20, 0x1f, 0x95, 0x0,
    0x8, 0x0, 0x89, 0x2e, 0x8, 0x0, 0xe3, 0x0,
    0x8d, 0x80, 0x4, 0x14, 0xe9, 0x85, 0x6, 0x1,
    0x10, 0x65, 0xdb, 0x80, 0xc0, 0xf, 0x8a, 0x36,
    0x32, 0xe0, 0x1a, 0x4c, 0x51, 0x2, 0x92, 0x1,
    0x18, 0xc, 0xe3, 0x0, 0x70, 0xe7, 0xfe, 0xb1,

    /* U+8BF7 "请" */
    0x0, 0xff, 0xe0, 0x90, 0x80, 0x7f, 0x21, 0x80,
    0x7e, 0x3d, 0x60, 0xf, 0xc3, 0x7a, 0x1, 0x8,
    0xf3, 0x80, 0x4, 0x78, 0x2, 0x19, 0x19, 0x1,
    0xee, 0xeb, 0x8, 0xee, 0xe7, 0x0, 0x98, 0xd9,
    0x6, 0xab, 0xa0, 0x16, 0xab, 0x94, 0x3, 0x70,
    0x78, 0x23, 0x36, 0x10, 0x36, 0x6c, 0xe4, 0x1,
    0x8a, 0x68, 0x1f, 0x33, 0x48, 0x36, 0x67, 0x0,
    0x79, 0x84, 0x1b, 0x77, 0x50, 0x3e, 0xee, 0xc0,
    0x4, 0x46, 0x60, 0x45, 0x77, 0xc4, 0x4, 0xef,
    0xca, 0x4e, 0xfb, 0x42, 0xab, 0xd0, 0xb, 0x55,
    0xe5, 0xdd, 0x80, 0x2f, 0xee, 0xff, 0xe1, 0x39,
    0x14, 0x1, 0x8, 0x9d, 0xff, 0xe0, 0x10, 0xf,
    0xe9, 0x9f, 0xf8, 0x80, 0x3f, 0xe5, 0xff, 0xfa,
    0x40, 0x3f, 0xf8, 0x2e, 0xff, 0xb4, 0x3, 0xff,
    0x82, 0x51, 0x1f, 0x20, 0x7, 0xf8, 0x80, 0xb,
    0xff, 0xf4, 0x80, 0x7f, 0x2e, 0x80, 0x19, 0xdf,
    0xec, 0x0, 0xfc, 0xb4, 0x42, 0x7, 0x11, 0xf2,
    0x80, 0x78, 0x40, 0x53, 0x4, 0x17, 0xff, 0xe9,
    0x0, 0xf3, 0x83, 0x58, 0x80, 0x7e, 0x36, 0xa0,
    0x10, 0xc, 0xd5, 0x20, 0x1f, 0xeb, 0x80, 0x92,
    0x0, 0x0,

    /* U+8BFB "读" */
    0x0, 0xff, 0xe0, 0xa0, 0x80, 0x7f, 0x40, 0x7,
    0xf1, 0x5c, 0x80, 0x7e, 0x77, 0x50, 0x7, 0xff,
    0x1d, 0xd5, 0x4e, 0x0, 0x8f, 0xfd, 0xa0, 0xff,
    0xfc, 0x80, 0x15, 0x14, 0x20, 0x5c, 0xce, 0x70,
    0x49, 0x9e, 0x50, 0xd, 0xc1, 0xc0, 0x6c, 0xda,
    0x80, 0xd9, 0xb8, 0x40, 0x31, 0xd5, 0x9, 0x57,
    0x90, 0x9, 0x57, 0x8c, 0x3, 0x94, 0x16, 0xab,
    0xa4, 0x16, 0xab, 0xa0, 0x22, 0xaa, 0x60, 0x6d,
    0xac, 0xdd, 0xd3, 0x7b, 0xab, 0x3, 0x6, 0x55,
    0xbc, 0x4, 0xaf, 0x68, 0xc8, 0x93, 0xe4, 0x4c,
    0xa, 0xe, 0xfe, 0x0, 0xec, 0x77, 0x73, 0x0,
    0x73, 0x19, 0x0, 0x7e, 0xa7, 0x9d, 0x4e, 0x0,
    0x8, 0xb, 0xc8, 0x7, 0xe1, 0x15, 0x6b, 0xdc,
    0x8, 0x4, 0x32, 0xa0, 0x1f, 0x86, 0xf0, 0x6a,
    0x40, 0xc0, 0xc0, 0x3f, 0xf8, 0x47, 0x95, 0x80,
    0xc1, 0xc0, 0x1f, 0xfc, 0xf, 0xfd, 0x54, 0xfb,
    0x8, 0xff, 0xe2, 0x0, 0xf3, 0x37, 0xc0, 0x6,
    0x6f, 0x18, 0x7, 0x28, 0xcc, 0xf7, 0x0, 0xe4,
    0xcf, 0x8, 0x6, 0x4a, 0x50, 0xc, 0xf0, 0x22,
    0xad, 0x50, 0xf, 0xc4, 0x4c, 0x0, 0x2e, 0xc1,
    0x67, 0x41, 0xd6, 0xa0, 0x6, 0x90, 0x4c, 0x49,
    0xfa, 0x27, 0xd2, 0x17, 0xe8, 0x2b, 0xb0, 0x80,
    0x25, 0xac, 0x61, 0x8a, 0x3a, 0x0, 0x39, 0xf9,
    0x50, 0x2, 0x19, 0x0, 0x76, 0xe9, 0xc4, 0x3,
    0xe1, 0xad, 0x10,

    /* U+8C03 "调" */
    0x0, 0x25, 0x88, 0x7, 0xff, 0x1c, 0xd3, 0x40,
    0x2e, 0xff, 0xff, 0xe0, 0x0, 0x4e, 0xa7, 0x0,
    0x1, 0x12, 0xaf, 0xf0, 0x80, 0x75, 0x8b, 0x98,
    0x1, 0x2a, 0xa9, 0x18, 0xaa, 0x90, 0x3, 0x86,
    0xc4, 0x3, 0xe6, 0x41, 0x0, 0xff, 0x2f, 0x98,
    0x4, 0x5d, 0xca, 0xc, 0xee, 0x10, 0x6, 0x22,
    0xc2, 0x1, 0x8e, 0x64, 0xa0, 0xd3, 0x23, 0x0,
    0xdb, 0xb8, 0x40, 0x30, 0xbb, 0xbc, 0x29, 0xdc,
    0x20, 0x18, 0xcc, 0x20, 0x1f, 0xfc, 0x7c, 0xc3,
    0x80, 0x7a, 0xbf, 0xd4, 0x19, 0xfe, 0xa0, 0xf,
    0xfe, 0xf, 0xbb, 0xfd, 0xe0, 0x1f, 0xfc, 0x15,
    0x88, 0xf9, 0x40, 0x3f, 0xf8, 0x6, 0xa, 0xef,
    0xc4, 0x1, 0xff, 0xc3, 0xe8, 0x8e, 0x40, 0xf,
    0xf1, 0x88, 0x8, 0x0, 0xbf, 0xda, 0x1, 0xff,
    0x3e, 0x30, 0x70, 0x7, 0xff, 0x16, 0x50, 0x40,
    0x80, 0x22, 0x23, 0x0, 0x7f, 0x10, 0x1d, 0xf8,
    0x28, 0x0, 0xb7, 0x56, 0x1, 0xfc, 0x85, 0xa0,
    0xe4, 0x21, 0x17, 0x7c, 0xe0, 0x20, 0x1d, 0x7e,
    0x2c, 0x2a, 0x0, 0x34, 0x4c, 0x51, 0x68, 0x20,
    0x19, 0x8, 0x2c, 0x28, 0x3, 0xee, 0x64, 0x2a,
    0x0, 0xfb, 0x28, 0x80, 0x3e, 0x8d, 0xfd, 0x40,

    /* U+8C08 "谈" */
    0x0, 0xff, 0xe0, 0xa9, 0x80, 0x7f, 0x1e, 0x90,
    0x7, 0xe1, 0xa8, 0x0, 0xfe, 0x72, 0xf1, 0x0,
    0x25, 0x0, 0x7f, 0x14, 0x80, 0x64, 0x92, 0xa0,
    0x6, 0x2d, 0x80, 0x7c, 0x3e, 0xc4, 0x1, 0x99,
    0x51, 0x82, 0x19, 0x24, 0xc, 0x4, 0x1, 0xa5,
    0x44, 0x1, 0xd6, 0x20, 0x14, 0xa3, 0x23, 0x1,
    0x5, 0x9c, 0x28, 0x7, 0x87, 0xd8, 0x2, 0xa6,
    0x4e, 0x3, 0x29, 0x93, 0x80, 0x7e, 0x10, 0xc,
    0x33, 0xa, 0x29, 0xb6, 0xe0, 0x1d, 0xff, 0xa4,
    0x3, 0x1e, 0x39, 0x7e, 0xa3, 0x73, 0x80, 0x64,
    0x33, 0x0, 0x42, 0xd9, 0x83, 0x7d, 0x12, 0xbb,
    0x14, 0x6a, 0x0, 0x2f, 0x34, 0x2, 0xc9, 0x36,
    0xd8, 0xf, 0xb0, 0x4d, 0x62, 0xb4, 0x0, 0xfa,
    0x21, 0x72, 0x40, 0x1f, 0x4c, 0x8d, 0x0, 0x3e,
    0x5d, 0xb3, 0x0, 0xfc, 0xf3, 0xc0, 0x1f, 0xd0,
    0x1a, 0x20, 0x40, 0x20, 0x4, 0x84, 0x20, 0xf,
    0xe2, 0xb1, 0xd0, 0x60, 0x40, 0x2a, 0x1a, 0x0,
    0xff, 0x91, 0xc8, 0x9c, 0x2, 0xc8, 0x3a, 0x20,
    0x1f, 0xd0, 0x0, 0x8c, 0x15, 0x33, 0x43, 0xf1,
    0x80, 0x7e, 0x3b, 0x73, 0x0, 0xb4, 0x3f, 0x87,
    0x0, 0x3f, 0xca, 0x8e, 0x60, 0xba, 0x32, 0x65,
    0x45, 0x86, 0x1, 0xe6, 0x0, 0x54, 0x1d, 0xd0,
    0x53, 0x0, 0x16, 0x8b, 0x24, 0x40, 0x31, 0xe,
    0x3d, 0xe2, 0x1e, 0xa8, 0x6, 0x5d, 0x26, 0xea,
    0x0, 0x97, 0xcc, 0x10, 0xab, 0x8, 0x3, 0xc5,
    0xb2, 0x3a, 0x1, 0x84, 0xb, 0x74, 0xa0, 0x1f,
    0xe6, 0xe7, 0x0,

    /* U+8C41 "豁" */
    0x0, 0xc8, 0x40, 0x1f, 0xfc, 0x71, 0xb8, 0x0,
    0xf9, 0xc4, 0x18, 0x80, 0x3e, 0x13, 0x51, 0x0,
    0xe4, 0x87, 0xb, 0xc1, 0x0, 0x9b, 0xfe, 0x30,
    0xef, 0xf6, 0x0, 0x28, 0xd8, 0x3c, 0x68, 0x3,
    0xa6, 0x7c, 0x60, 0x9, 0x1f, 0x0, 0x14, 0xa3,
    0x80, 0x66, 0x61, 0xe3, 0x31, 0x41, 0x98, 0xe6,
    0x1, 0x32, 0x41, 0x3, 0x51, 0x9b, 0xd4, 0xcd,
    0xbd, 0x67, 0x1, 0x7e, 0x61, 0x20, 0xc0, 0xb,
    0xcc, 0x28, 0x66, 0x2d, 0xf3, 0x40, 0xd0, 0x20,
    0xb, 0x90, 0x1, 0x9b, 0xa6, 0xd, 0xd9, 0x44,
    0x41, 0xe5, 0x48, 0xa0, 0x20, 0x13, 0x22, 0x8,
    0x11, 0x20, 0x9, 0xce, 0x55, 0x28, 0x80, 0x37,
    0x4c, 0x90, 0x26, 0x61, 0x5, 0x86, 0x40, 0xa1,
    0xc2, 0x0, 0xab, 0xfc, 0xe1, 0xff, 0xa, 0xd1,
    0xc8, 0x0, 0x70, 0x31, 0x3, 0x7b, 0xa7, 0xe,
    0xea, 0xa8, 0x3e, 0x45, 0x82, 0xc6, 0xce, 0xe2,
    0x24, 0x8, 0x8a, 0x4d, 0x33, 0x77, 0xaa, 0xd4,
    0xd9, 0xb1, 0x83, 0x34, 0x78, 0x60, 0x67, 0x88,
    0x16, 0x80, 0x6, 0xaa, 0x30, 0x55, 0x80, 0x21,
    0xcc, 0xd6, 0x1, 0xd5, 0x52, 0x5, 0x54, 0x1,
    0xff, 0xc3, 0x2f, 0xfd, 0x20, 0x1f, 0xfe, 0x41,
    0x99, 0xd4, 0x1, 0xe2, 0xff, 0xd2, 0x1, 0xce,
    0xf8, 0xc0, 0x3a, 0xab, 0xf0, 0x4, 0x3d, 0xda,
    0x40, 0x30,

    /* U+8C61 "象" */
    0x0, 0xf8, 0x84, 0x3, 0xff, 0x8e, 0x3f, 0xc2,
    0x1, 0xff, 0xc5, 0x1d, 0x24, 0x76, 0x6f, 0x20,
    0x7, 0xf1, 0x61, 0x8a, 0xc4, 0x74, 0xcb, 0xc0,
    0x3f, 0x36, 0x94, 0xf7, 0x7a, 0x40, 0xe4, 0x3,
    0xc7, 0x72, 0x10, 0x48, 0x9d, 0x50, 0x70, 0xc8,
    0x82, 0x0, 0x16, 0x20, 0x2, 0x2e, 0xfc, 0xa0,
    0x77, 0x7c, 0x0, 0x26, 0xb0, 0x6e, 0xee, 0x40,
    0xee, 0xed, 0x0, 0xe9, 0x50, 0x0, 0x8e, 0x4,
    0x51, 0x1e, 0x30, 0xf, 0xc4, 0xab, 0xac, 0xd,
    0x57, 0x9c, 0x3, 0xf2, 0x55, 0x65, 0x6, 0xaa,
    0xe9, 0x1, 0x0, 0xc3, 0xff, 0x73, 0x0, 0x1b,
    0xff, 0xda, 0xd0, 0x1, 0xe2, 0x8e, 0x66, 0x3b,
    0x38, 0x4, 0x33, 0xac, 0x60, 0x12, 0xce, 0xe9,
    0xdb, 0x67, 0x42, 0x8, 0x93, 0xcc, 0xba, 0x60,
    0x1, 0xa6, 0x7a, 0xf9, 0x7c, 0xa6, 0xd, 0xd3,
    0x5, 0xd1, 0x0, 0x43, 0x9f, 0x48, 0xfb, 0x4f,
    0xb2, 0x80, 0xf6, 0x1c, 0x1, 0xe2, 0x6b, 0xe8,
    0x7c, 0xb6, 0xd4, 0xd, 0x47, 0x57, 0x0, 0xef,
    0x97, 0x8e, 0xa0, 0xbb, 0xd, 0x1, 0x4, 0x24,
    0x38, 0x6, 0xdd, 0x63, 0xa6, 0x61, 0xab, 0x18,
    0x3, 0x59, 0xc5, 0x88, 0x0, 0xde, 0x7e, 0x82,
    0xb5, 0x42, 0x80, 0x80, 0x2c, 0x64, 0xe7, 0x9f,
    0xa7, 0x76, 0xe0, 0x55, 0xf3, 0xa, 0x0, 0x69,
    0xa1, 0x3c, 0x6c, 0xe8, 0x20, 0x15, 0x43, 0x6c,
    0x10, 0xe, 0x5e, 0x45, 0x93, 0x0, 0xc9, 0xfe,
    0xd9, 0x20, 0xf, 0xe0,

    /* U+8D1D "贝" */
    0x0, 0xab, 0xff, 0xff, 0x84, 0x20, 0x1c, 0x20,
    0x46, 0x7f, 0xe0, 0xf, 0xf7, 0x66, 0x7f, 0x8c,
    0x3, 0xff, 0x82, 0x2c, 0x80, 0x1f, 0xfc, 0x62,
    0x98, 0x0, 0xff, 0xff, 0x80, 0x7f, 0xf4, 0x5c,
    0x3, 0xff, 0x8c, 0xe0, 0x1f, 0xfc, 0x81, 0x2,
    0x0, 0xff, 0xe3, 0x68, 0x70, 0x7, 0xff, 0x0,
    0xcc, 0x20, 0x12, 0x82, 0x10, 0x4, 0x88, 0x0,
    0xf4, 0x61, 0x0, 0x20, 0x8c, 0x76, 0xc8, 0x22,
    0xc4, 0x3, 0xfa, 0x1c, 0x3c, 0xd, 0x36, 0x0,
    0x3f, 0xcb, 0xae, 0x16, 0x65, 0x92, 0x2f, 0xc8,
    0x1, 0xc4, 0xfd, 0x44, 0x9a, 0x80, 0x13, 0x7a,
    0x8d, 0xc8, 0x0, 0xf3, 0x60, 0x52, 0xec, 0x40,
    0x1c, 0x35, 0x40, 0x6e, 0x22, 0x85, 0xb6, 0xd0,
    0x3, 0xf9, 0x78, 0xc0, 0x87, 0x3a, 0x48, 0x3,
    0xff, 0x80, 0x39, 0x80,

    /* U+8D1F "负" */
    0x0, 0xf9, 0xd0, 0x3, 0xff, 0x8c, 0xd1, 0x0,
    0xf, 0xfe, 0x29, 0x48, 0x3c, 0xcf, 0xc8, 0x1,
    0xf8, 0x7c, 0x0, 0x8c, 0xdf, 0x18, 0x7, 0xea,
    0x27, 0xff, 0xf6, 0x88, 0x28, 0x7, 0xd6, 0x8b,
    0x0, 0x1e, 0xe1, 0xb2, 0x0, 0xe1, 0xc4, 0x5a,
    0x0, 0xf4, 0x9c, 0x20, 0x7, 0x1f, 0x98, 0x2,
    0xab, 0xd6, 0xc1, 0xb5, 0x50, 0x4, 0x21, 0x6,
    0xab, 0xf2, 0x0, 0x15, 0x70, 0x80, 0xb, 0x9c,
    0x1, 0xdf, 0xff, 0xe3, 0x0, 0xff, 0xe1, 0x4b,
    0x80, 0x7f, 0xf1, 0x85, 0xa8, 0x3, 0xff, 0xb6,
    0x60, 0x20, 0x1f, 0xfc, 0x61, 0x7, 0x0, 0xff,
    0xe3, 0x58, 0x60, 0x7, 0xff, 0x14, 0x58, 0x9,
    0xc0, 0x27, 0x0, 0xfb, 0x3c, 0x40, 0xb0, 0x5f,
    0xa3, 0xe0, 0x6f, 0xc4, 0x3, 0xe1, 0x8d, 0x26,
    0x8b, 0x91, 0x7e, 0x81, 0x0, 0xf2, 0x57, 0x38,
    0xd4, 0x80, 0x1b, 0xa4, 0x5f, 0x9c, 0x0, 0xb7,
    0xf6, 0xa5, 0x3c, 0xa0, 0x1c, 0xdc, 0xe1, 0x1a,
    0x64, 0x82, 0xd9, 0xac, 0x1, 0xfd, 0x1a, 0x64,
    0xf, 0x9d, 0x26, 0x1, 0xff, 0xc0, 0x2c, 0x93,

    /* U+8D23 "责" */
    0x0, 0xff, 0x10, 0x7, 0xff, 0x21, 0xb6, 0x0,
    0x3f, 0xe2, 0x33, 0xfb, 0x80, 0x4c, 0xfe, 0x20,
    0xa, 0x73, 0x3e, 0x70, 0x6c, 0xcf, 0xbc, 0x2,
    0x9c, 0xcf, 0x9c, 0x1b, 0x33, 0xef, 0x0, 0x88,
    0x40, 0x3f, 0x18, 0x7, 0xc4, 0x1, 0xbb, 0x33,
    0xce, 0xb, 0x99, 0xed, 0x0, 0xee, 0xcc, 0xf4,
    0x3, 0x66, 0x7c, 0x1, 0x11, 0x0, 0x47, 0xc0,
    0x10, 0x8f, 0x80, 0x88, 0x19, 0xbb, 0xfa, 0x1,
    0xb7, 0x7f, 0x86, 0xae, 0xff, 0xf9, 0x2, 0x89,
    0xff, 0xc9, 0x0, 0xd7, 0xff, 0xff, 0xc1, 0xe0,
    0xf, 0xe6, 0x77, 0xff, 0x0, 0x80, 0x7f, 0x44,
    0x6a, 0x4e, 0x88, 0xc2, 0x1, 0xff, 0xc2, 0x53,
    0x30, 0x7, 0xff, 0x1e, 0x45, 0x40, 0x3f, 0xf8,
    0xd0, 0x2d, 0x6, 0x1, 0xff, 0xc0, 0x8a, 0x10,
    0x97, 0x3c, 0x7c, 0xe8, 0x2d, 0xb0, 0xf, 0x8d,
    0xa3, 0xd8, 0xf5, 0x3a, 0xd, 0xf7, 0xc8, 0x3,
    0x13, 0xd7, 0x63, 0x94, 0xe0, 0x80, 0xbe, 0xe3,
    0x1c, 0xfd, 0x8, 0xc, 0x29, 0xb5, 0xeb, 0x0,
    0x78, 0xe7, 0xe4, 0x94, 0x0, 0x75, 0xdb, 0x28,
    0x1, 0xff, 0x36, 0xd8, 0x80,

    /* U+8D25 "败" */
    0x0, 0xff, 0xe1, 0x29, 0x80, 0x7f, 0xf2, 0xe,
    0xa4, 0x3, 0xf9, 0xf3, 0x3e, 0x0, 0xac, 0x3c,
    0x3, 0xfb, 0x4c, 0x8b, 0x19, 0x84, 0x0, 0x80,
    0x80, 0x1f, 0xf7, 0x76, 0x70, 0x8, 0x8c, 0x22,
    0x67, 0xc4, 0x1, 0xcd, 0x60, 0x1d, 0x40, 0x6,
    0x6f, 0xc0, 0x1d, 0xc8, 0x20, 0x10, 0xb8, 0x77,
    0xfc, 0xe1, 0x7e, 0x80, 0x1f, 0xf4, 0x80, 0xc,
    0x2, 0x20, 0x50, 0xf, 0xfe, 0x1, 0x38, 0x1,
    0xc0, 0x27, 0x11, 0x0, 0x7f, 0xf0, 0x38, 0x18,
    0x34, 0x2, 0x25, 0x0, 0xff, 0xe0, 0xd1, 0x49,
    0x20, 0x1, 0x3, 0x0, 0x3f, 0xf8, 0x2d, 0x80,
    0x86, 0x21, 0x80, 0x80, 0x1f, 0xe1, 0x0, 0x84,
    0x34, 0x18, 0x18, 0x4c, 0x3, 0xf0, 0x80, 0x7c,
    0x83, 0x2c, 0x2c, 0x1, 0xfc, 0x60, 0x1f, 0x98,
    0x64, 0x24, 0x3, 0xc4, 0x20, 0xe6, 0x1c, 0x62,
    0x1, 0x48, 0x1, 0x84, 0x3, 0xd1, 0xc6, 0x56,
    0x6d, 0x80, 0x18, 0xc0, 0x6, 0x1, 0xfd, 0xe0,
    0x58, 0xe0, 0x18, 0xb0, 0xd, 0x5c, 0x3, 0xe9,
    0x39, 0x54, 0x86, 0x0, 0x16, 0xd, 0x69, 0x43,
    0x80, 0x74, 0xb2, 0xb0, 0x5a, 0x49, 0xae, 0x8c,
    0xa8, 0xe1, 0x44, 0x80, 0x7, 0x19, 0x68, 0x2,
    0xa6, 0x9a, 0xb, 0x60, 0x0, 0xe1, 0x36, 0x9,
    0x93, 0xd0, 0x6, 0x11, 0x29, 0x6a, 0x0, 0x61,
    0xd4, 0x35, 0x2e, 0x80, 0xf, 0x44, 0xe9, 0x0,
    0x7d, 0x78, 0x80,

    /* U+8D34 "贴" */
    0x0, 0xff, 0xe1, 0x90, 0x80, 0x7f, 0xf2, 0x7,
    0x6c, 0x3, 0xf2, 0x3b, 0xfc, 0x1, 0xff, 0xc3,
    0xc8, 0x8f, 0x84, 0x3, 0xff, 0x89, 0x77, 0x94,
    0x3, 0xff, 0x8c, 0xac, 0x8, 0x40, 0x1f, 0x2f,
    0xff, 0x8, 0x7, 0x55, 0x88, 0x7, 0xe1, 0x55,
    0xe1, 0x0, 0xff, 0xe2, 0x25, 0x57, 0x0, 0x7f,
    0xff, 0xc0, 0x3c, 0xf9, 0x8d, 0x4, 0xcc, 0xa4,
    0x3, 0xff, 0x83, 0xc6, 0x70, 0x9, 0x9c, 0xa0,
    0x1f, 0xc2, 0x1, 0xdd, 0xff, 0xc2, 0x1, 0xf8,
    0x40, 0x3f, 0xf9, 0x4a, 0x40, 0x1f, 0xfc, 0x6a,
    0xa1, 0x99, 0x2, 0x70, 0x40, 0x3f, 0xf8, 0x44,
    0xb0, 0x1d, 0xc5, 0x30, 0xf, 0xfe, 0x22, 0xae,
    0xb, 0x40, 0xf, 0xfe, 0x1a, 0xd1, 0x59, 0x60,
    0xd9, 0x80, 0x3b, 0xff, 0x84, 0x3, 0x45, 0xe,
    0x8, 0x16, 0x86, 0x98, 0x22, 0x78, 0x3, 0x88,
    0xfc, 0x40, 0x23, 0xaa, 0x18, 0x55, 0xdf, 0x8,
    0x6, 0xac, 0x10, 0xe, 0x54, 0x9f, 0x10, 0xe,
    0xec, 0x0, 0x0,

    /* U+8D39 "费" */
    0x0, 0xf8, 0x88, 0x1, 0x8c, 0x40, 0x3f, 0xf8,
    0x31, 0xa2, 0x0, 0x1c, 0xb0, 0xf, 0x84, 0xcf,
    0x84, 0x14, 0xcc, 0xa0, 0x26, 0x78, 0x80, 0xd,
    0x99, 0xc8, 0x17, 0x98, 0xb0, 0x4c, 0xcd, 0x40,
    0x6, 0xcc, 0xe4, 0xb, 0xcc, 0x58, 0x26, 0x62,
    0x80, 0x30, 0x89, 0xdf, 0x80, 0x5d, 0xc2, 0xe,
    0xf1, 0x80, 0x74, 0x5d, 0xe3, 0xa, 0xbb, 0x50,
    0x1d, 0xda, 0x40, 0x38, 0x43, 0x37, 0x48, 0x1b,
    0xb6, 0x2, 0x6e, 0xe9, 0x0, 0x98, 0x4, 0x0,
    0xc0, 0x1f, 0xf1, 0x88, 0x0, 0x83, 0x76, 0x20,
    0xdd, 0xb0, 0x13, 0x77, 0xac, 0x1, 0x77, 0x51,
    0x4, 0x5d, 0xd4, 0x7, 0x77, 0x50, 0x18, 0x1,
    0x10, 0xdc, 0x4a, 0xe8, 0x98, 0x19, 0x10, 0xa0,
    0xe, 0x0, 0x1c, 0xea, 0x35, 0x0, 0x7e, 0x3e,
    0xa0, 0x46, 0xdc, 0x60, 0x31, 0x88, 0xe9, 0x53,
    0x8b, 0x4d, 0xf3, 0x50, 0x7b, 0x3, 0x77, 0xf9,
    0x59, 0xdc, 0x84, 0x0, 0x3d, 0x85, 0x4, 0xff,
    0xba, 0xaf, 0xff, 0x18, 0x7, 0xff, 0x4, 0xaa,
    0x80, 0x1f, 0xfc, 0x64, 0x4, 0x0, 0xff, 0xe2,
    0xac, 0x7, 0x4b, 0x8, 0x38, 0x7, 0xc3, 0xf6,
    0x97, 0x41, 0x0, 0xd3, 0xd9, 0x8d, 0x0, 0xc4,
    0x8f, 0x7f, 0x68, 0x8c, 0x74, 0xfc, 0x62, 0x8d,
    0xc6, 0x12, 0xdb, 0x84, 0x44, 0x6d, 0x98, 0x4,
    0x73, 0xd8, 0xc7, 0x34, 0x51, 0x39, 0xf6, 0xe4,
    0x1, 0xf8, 0xe7, 0xe7, 0x80,

    /* U+8D44 "资" */
    0x0, 0xff, 0x2a, 0x80, 0x3f, 0xf8, 0x33, 0xa6,
    0x1, 0x86, 0xa0, 0x3, 0xff, 0x83, 0xe5, 0x90,
    0x1, 0x48, 0xc, 0x47, 0xe7, 0x0, 0xcd, 0xa6,
    0xf4, 0x2, 0xe0, 0x6e, 0xff, 0xa4, 0x3, 0x8b,
    0x1b, 0x82, 0x82, 0xff, 0xfe, 0xb0, 0x70, 0xf,
    0xa5, 0x1d, 0x19, 0x0, 0xf9, 0xc0, 0x29, 0x19,
    0x0, 0xfa, 0x5b, 0x4a, 0x40, 0x16, 0x3c, 0x0,
    0x43, 0xb0, 0xf, 0xd, 0xb7, 0xd6, 0x0, 0x11,
    0xc1, 0xa4, 0x13, 0x94, 0x3, 0x8f, 0xd1, 0xe4,
    0x4, 0x53, 0x63, 0xac, 0xce, 0x60, 0xf, 0x3e,
    0xd, 0x41, 0x35, 0xf3, 0x2f, 0x94, 0xd1, 0xcf,
    0xdb, 0x18, 0x2, 0x8f, 0x54, 0x76, 0x55, 0xb2,
    0x84, 0x0, 0xbb, 0x48, 0x89, 0xc2, 0xf, 0xc2,
    0x1, 0x9b, 0xf9, 0x30, 0xf, 0x2d, 0xfd, 0xc9,
    0x1, 0x0, 0x2f, 0xe6, 0xfb, 0xff, 0xfc, 0x8,
    0xc0, 0x1f, 0x2b, 0x37, 0xf8, 0x40, 0x3f, 0xeb,
    0x99, 0xa8, 0xba, 0x67, 0x10, 0x7, 0xff, 0xd,
    0x93, 0x80, 0x3f, 0xf9, 0x18, 0x18, 0x1, 0xff,
    0xc7, 0x26, 0x16, 0x0, 0xff, 0xe1, 0x45, 0x8,
    0x2e, 0x5, 0xf7, 0xda, 0x84, 0x50, 0x7, 0xe3,
    0x46, 0xda, 0x19, 0x59, 0x64, 0xaf, 0xd6, 0x0,
    0xf1, 0xbe, 0x74, 0x92, 0xeb, 0x2, 0x4f, 0xc9,
    0xb6, 0x61, 0x80, 0x21, 0xc8, 0x33, 0x47, 0x51,
    0x0, 0x73, 0x66, 0x14, 0xe5, 0x40, 0x3, 0x32,
    0xdc, 0x71, 0x0, 0xfe, 0x3a, 0xd6, 0x50,

    /* U+8D56 "赖" */
    0x0, 0xe5, 0xb0, 0xf, 0x9e, 0xc0, 0x3f, 0xf8,
    0x4, 0x82, 0x1, 0xe9, 0x0, 0xff, 0xe4, 0xb0,
    0x84, 0x46, 0x40, 0x9, 0x62, 0x2b, 0x8, 0x8c,
    0x0, 0x80, 0x47, 0x7d, 0x80, 0x16, 0x3b, 0xc6,
    0xc, 0xef, 0xc, 0x8c, 0xee, 0xc8, 0x16, 0x1,
    0x4f, 0xfd, 0x1, 0xdf, 0xf2, 0x32, 0x31, 0x10,
    0x51, 0x4c, 0x3, 0xff, 0x80, 0x54, 0x54, 0x1,
    0x70, 0x58, 0x7, 0x23, 0x33, 0x1, 0x9a, 0x35,
    0x68, 0x99, 0x59, 0x12, 0x20, 0x1, 0xbe, 0x64,
    0x81, 0x13, 0x22, 0xa4, 0x66, 0x90, 0x9, 0x98,
    0x1, 0xc9, 0xf0, 0x1d, 0xa0, 0x19, 0x7f, 0xf9,
    0x80, 0x3f, 0xf8, 0xc9, 0x0, 0x1f, 0xfc, 0x9c,
    0x71, 0x0, 0xfc, 0xcf, 0x81, 0x34, 0x1, 0xff,
    0xc5, 0x28, 0x40, 0x77, 0x0, 0x7f, 0xf1, 0x2f,
    0xf4, 0x1, 0xdf, 0xe3, 0x0, 0xc2, 0x2, 0x1,
    0xfd, 0xc0, 0x8, 0x50, 0xf, 0x18, 0x7, 0xfa,
    0x4c, 0x81, 0x29, 0x80, 0x39, 0x10, 0x1, 0xfa,
    0x19, 0x68, 0x31, 0x25, 0x82, 0xa5, 0x87, 0x54,
    0x6a, 0xc0, 0x29, 0x74, 0xa0, 0xa, 0xce, 0xc1,
    0x5a, 0x4d, 0xef, 0xd9, 0x40, 0x6, 0xc9, 0x60,
    0x1d, 0xbe, 0x55, 0x43, 0xd1, 0xf4, 0xab, 0x10,
    0x3d, 0xb0, 0xf, 0xa3, 0x56, 0x30, 0x40, 0x6a,
    0x8b, 0xe8, 0x4, 0x1, 0xf0, 0xb3, 0x39, 0xc0,
    0x39, 0x7d, 0x58, 0x3, 0x9f, 0xc4, 0x1, 0x92,
    0x20, 0x1f, 0xd, 0x90,

    /* U+8D70 "走" */
    0x0, 0xff, 0x94, 0xc0, 0x3f, 0xf9, 0x3, 0x5e,
    0x1, 0xff, 0xdf, 0x30, 0xf, 0xfe, 0x1b, 0xff,
    0xfb, 0x40, 0xff, 0xfe, 0x20, 0xe, 0x23, 0x3f,
    0x80, 0x6, 0x7f, 0x80, 0x39, 0x73, 0x3d, 0xa0,
    0x79, 0x9f, 0x8, 0x7, 0xff, 0x94, 0xf7, 0x7f,
    0x60, 0x1e, 0xef, 0xec, 0x0, 0x39, 0x17, 0xf0,
    0x0, 0x8b, 0xf8, 0x0, 0x9f, 0xff, 0xc4, 0x1f,
    0xff, 0xb8, 0x3, 0xd0, 0xe0, 0x1f, 0xfc, 0x97,
    0xa0, 0xf, 0xfe, 0x40, 0x83, 0x0, 0x7b, 0x33,
    0xe2, 0x0, 0xf2, 0x81, 0x0, 0x78, 0xcf, 0xe0,
    0xf, 0xb4, 0x1c, 0x3, 0xdf, 0xff, 0x10, 0x7,
    0x9c, 0x5, 0xc0, 0x3f, 0xf8, 0xce, 0x2c, 0x50,
    0x80, 0x1f, 0xfc, 0x43, 0x80, 0x8e, 0xb, 0x92,
    0x0, 0xff, 0xe0, 0x8f, 0x4, 0x89, 0xd8, 0xb6,
    0x90, 0x5d, 0xfe, 0xc6, 0xc, 0x25, 0x60, 0x2,
    0x74, 0xa9, 0xa, 0x27, 0xe3, 0x20, 0x84, 0xa0,
    0xe, 0x6a, 0xde, 0xff, 0xfe, 0x40, 0x5b, 0x0,
    0xff, 0xe4, 0x0,

    /* U+8D77 "起" */
    0x0, 0xf7, 0x50, 0x7, 0xff, 0x24, 0x44, 0x1,
    0x96, 0x67, 0xe5, 0x0, 0xff, 0xe1, 0x7b, 0x37,
    0xd8, 0x1, 0xaf, 0xfe, 0x4, 0xff, 0x8a, 0xbb,
    0xbb, 0x40, 0x3d, 0xac, 0xd0, 0xb, 0x34, 0x60,
    0x23, 0xc6, 0x1, 0xe6, 0x99, 0x81, 0x66, 0x61,
    0x0, 0xff, 0xec, 0x8, 0xe0, 0x0, 0x8e, 0x2c,
    0xce, 0xd0, 0xe, 0x7e, 0xec, 0x9, 0xdd, 0x78,
    0x99, 0x88, 0xb0, 0x88, 0x2, 0x37, 0x7c, 0x60,
    0xce, 0xe6, 0x0, 0x57, 0x77, 0x40, 0x4, 0x91,
    0x19, 0x2, 0xe2, 0x20, 0xf, 0xfe, 0x9, 0x7b,
    0x80, 0x7f, 0xf6, 0xad, 0x40, 0x21, 0x1, 0x0,
    0xb7, 0xfc, 0xe0, 0x1f, 0xa, 0x78, 0x4, 0xc0,
    0x60, 0x12, 0xac, 0x42, 0x1e, 0x20, 0x1, 0x90,
    0xd0, 0x8, 0x83, 0x80, 0x28, 0xaa, 0x29, 0xa,
    0xf7, 0xfb, 0x9c, 0x14, 0x2, 0xd0, 0x43, 0x0,
    0xfb, 0x1d, 0x51, 0xb, 0x1a, 0x40, 0x12, 0x29,
    0xe9, 0x0, 0x78, 0xa2, 0xae, 0xd4, 0xe4, 0x1,
    0x20, 0xff, 0xa, 0x80, 0x80, 0x7f, 0xf0, 0xf8,
    0x10, 0xb0, 0x83, 0x3b, 0x2e, 0xa9, 0x33, 0x55,
    0x57, 0x69, 0x15, 0x50, 0x81, 0xed, 0x31, 0x11,
    0x15, 0x4c, 0xd2, 0xac, 0x88, 0x0, 0x37, 0x0,
    0x65, 0x9c, 0xef, 0xf7, 0x77, 0x7f, 0xe9,

    /* U+8D85 "超" */
    0x0, 0xf1, 0x98, 0x3, 0xff, 0x93, 0xdc, 0x0,
    0xff, 0xe6, 0x8f, 0xff, 0xf8, 0x40, 0x3f, 0xf8,
    0xa, 0xb1, 0x2, 0xac, 0x20, 0x20, 0x14, 0x7f,
    0xc4, 0x4f, 0xf6, 0x55, 0x42, 0x55, 0x51, 0x0,
    0x76, 0x3b, 0xc2, 0x27, 0x75, 0x80, 0x4, 0xd0,
    0x2, 0x11, 0x0, 0x64, 0x88, 0x8c, 0xd1, 0x6,
    0x0, 0x30, 0x50, 0x4, 0x46, 0x1, 0xff, 0xc2,
    0x28, 0x33, 0x0, 0xb0, 0x30, 0x4, 0x4e, 0xf8,
    0xcc, 0xee, 0x61, 0xf0, 0xf0, 0xde, 0x90, 0xe0,
    0x9, 0xe2, 0x30, 0x8a, 0x22, 0xb2, 0xa3, 0x9,
    0x7a, 0xd5, 0x0, 0x97, 0xff, 0x50, 0x57, 0xf5,
    0x51, 0x40, 0x9, 0xa, 0x40, 0x1f, 0xf0, 0x80,
    0x47, 0x33, 0xf3, 0x80, 0x77, 0x58, 0x7, 0xda,
    0xcd, 0xf5, 0x80, 0x78, 0x40, 0x21, 0x0, 0xc3,
    0xff, 0xc0, 0x1f, 0x9, 0x80, 0x55, 0xfe, 0x0,
    0xff, 0xe2, 0x18, 0x4, 0x8a, 0xa0, 0xf, 0xfe,
    0x11, 0x2, 0x0, 0x5f, 0x54, 0x0, 0x84, 0x78,
    0x3, 0xce, 0x2, 0xc0, 0x1f, 0xf, 0x77, 0x0,
    0x7b, 0x1, 0x27, 0x40, 0x3b, 0x9d, 0xfe, 0xa0,
    0xc, 0xe9, 0x42, 0xe0, 0x20, 0x12, 0xc4, 0x7c,
    0xc0, 0x12, 0x8e, 0x8e, 0x88, 0x57, 0x65, 0xd4,
    0xcf, 0xaa, 0x97, 0x1, 0x20, 0xc0, 0x7d, 0x2a,
    0x66, 0x45, 0x66, 0xf2, 0xa9, 0x3c, 0x22, 0x80,
    0x33, 0x56, 0xff, 0xdd, 0xde, 0xff, 0x9c,

    /* U+8DB3 "足" */
    0x0, 0xff, 0xe7, 0xe7, 0xff, 0xff, 0xa, 0xc0,
    0x3f, 0x91, 0x3f, 0xf8, 0x0, 0x1f, 0xf5, 0xdf,
    0xfd, 0x20, 0x1f, 0xff, 0xf0, 0xe, 0xff, 0xff,
    0xb4, 0x3, 0xf9, 0x4c, 0xfc, 0x0, 0x33, 0xf8,
    0x3, 0xe9, 0xcc, 0xf2, 0x6, 0xe6, 0x74, 0x0,
    0x7c, 0x34, 0xa0, 0x1f, 0xfc, 0x82, 0x5d, 0x0,
    0xff, 0xe4, 0x30, 0x70, 0x7, 0xae, 0x67, 0xe1,
    0x0, 0xed, 0x5, 0x0, 0xf2, 0xb3, 0x7c, 0x60,
    0x1c, 0x60, 0xa0, 0x1e, 0xdd, 0xfc, 0x40, 0x1c,
    0x81, 0x40, 0x1e, 0x32, 0x2f, 0x80, 0x39, 0x80,
    0x4d, 0x80, 0x3f, 0xf8, 0xd6, 0x18, 0x32, 0x80,
    0x1f, 0xfc, 0x48, 0x27, 0x2a, 0xb, 0xa3, 0x0,
    0xff, 0xe0, 0x9b, 0x94, 0x2, 0x58, 0xae, 0x20,
    0x55, 0xd5, 0x6b, 0xba, 0x7, 0x43, 0x80, 0x24,
    0xe9, 0x52, 0x4, 0x42, 0xae, 0x44, 0xbc, 0x62,
    0x4c, 0x3, 0x9a, 0xb7, 0xff, 0xfc, 0xe0,

    /* U+8DD1 "跑" */
    0x0, 0xff, 0xe0, 0x1a, 0x0, 0x7f, 0xf2, 0x7a,
    0x80, 0x3f, 0xe8, 0xdd, 0xe7, 0x0, 0x11, 0x1c,
    0x3, 0xfe, 0x12, 0x11, 0x8b, 0x80, 0x16, 0x5,
    0x33, 0xe6, 0x0, 0xe1, 0xcc, 0x80, 0x21, 0x60,
    0x46, 0x6f, 0x60, 0x7, 0xff, 0x2, 0x42, 0xff,
    0xfc, 0x20, 0x1f, 0xfc, 0x1, 0x73, 0x40, 0xf,
    0xfe, 0x12, 0x24, 0x0, 0xb0, 0xf0, 0xf, 0xfe,
    0x10, 0xdd, 0xc0, 0x4a, 0x19, 0xff, 0xa4, 0x0,
    0x20, 0x1d, 0x53, 0x23, 0x9, 0x8c, 0x50, 0x55,
    0x80, 0x38, 0xc0, 0x31, 0xb3, 0x42, 0xc6, 0x60,
    0x1a, 0xa8, 0x40, 0x3f, 0xb6, 0x0, 0x3f, 0xf9,
    0x26, 0x20, 0x1f, 0xfc, 0xd1, 0xff, 0x38, 0xc,
    0xcc, 0x20, 0x18, 0x40, 0x3f, 0x99, 0x86, 0x0,
    0x66, 0x80, 0x3f, 0xf8, 0x43, 0x32, 0x40, 0x1f,
    0xfb, 0xb5, 0x6c, 0x3c, 0x3, 0xff, 0x8a, 0x77,
    0x48, 0x2c, 0x1, 0xff, 0xc5, 0x29, 0x96, 0x72,
    0xe9, 0x0, 0x78, 0x5e, 0xe8, 0x3, 0xcc, 0xc3,
    0x2, 0x20, 0xb, 0xb, 0xf2, 0x84, 0x20, 0x18,
    0x88, 0x3, 0xef, 0x2, 0x39, 0x1, 0x25, 0x8b,
    0xea, 0xc0, 0xfa, 0x99, 0xeb, 0x63, 0x2, 0xbe,
    0xfc, 0xa7, 0x41, 0x5, 0x70, 0x56, 0x6e, 0x44,
    0x70, 0x1, 0x4, 0x3, 0xf4, 0x77, 0xfb, 0xb9,
    0xff, 0x59, 0x0,

    /* U+8DE8 "跨" */
    0x0, 0xff, 0xe1, 0x11, 0x80, 0x7f, 0xf2, 0x63,
    0x4, 0x3, 0xf2, 0x6e, 0xf4, 0x80, 0x72, 0x10,
    0x80, 0x7e, 0x22, 0x19, 0xc4, 0xa9, 0x77, 0x84,
    0xee, 0xfa, 0x80, 0x3b, 0x3b, 0x86, 0x2, 0x89,
    0x80, 0x51, 0x3c, 0x1, 0xfe, 0x5f, 0xf5, 0x83,
    0x7d, 0x4, 0xff, 0xb8, 0x3, 0xff, 0x80, 0x32,
    0x30, 0xa, 0x92, 0x40, 0x1f, 0x5c, 0x40, 0x80,
    0x2a, 0x2a, 0x10, 0x5, 0xf, 0x88, 0x7, 0x99,
    0xdc, 0x20, 0x38, 0x81, 0x7f, 0xf7, 0x19, 0x61,
    0x0, 0x4d, 0xba, 0x70, 0xc9, 0xf3, 0x96, 0x55,
    0xea, 0xb2, 0xd6, 0x0, 0x8, 0x17, 0x81, 0x30,
    0xd3, 0x4d, 0x57, 0x3a, 0x60, 0x88, 0x1, 0x18,
    0x1, 0x8f, 0x90, 0x47, 0xf8, 0xb1, 0xc0, 0x3f,
    0x8b, 0xbb, 0xff, 0x80, 0x1, 0xfb, 0xbd, 0x98,
    0x60, 0xac, 0xdf, 0x58, 0x7, 0xe5, 0x64, 0x95,
    0xa, 0x99, 0xf9, 0xc0, 0x3f, 0x5c, 0x88, 0x20,
    0x4c, 0xfc, 0x20, 0x1f, 0xfc, 0x13, 0x6, 0x6f,
    0x80, 0x3f, 0xe1, 0x20, 0xef, 0xff, 0x20, 0x88,
    0x3, 0x85, 0xb0, 0x3f, 0xa4, 0x3, 0xf2, 0x90,
    0x6, 0xf6, 0x9, 0x41, 0x57, 0xe0, 0xf, 0x8c,
    0x58, 0x3, 0x34, 0x56, 0xff, 0x5c, 0x28, 0x4,
    0x53, 0x59, 0x80, 0xf0, 0xd, 0x2e, 0xa4, 0x1,
    0xf8, 0x9d, 0x48, 0xe5, 0x40, 0x3f, 0xf8, 0xbd,
    0xfd, 0x8c, 0x1, 0x80,

    /* U+8DEF "路" */
    0x0, 0xff, 0xe0, 0xcd, 0x80, 0x7f, 0x8d, 0x57,
    0xc0, 0x11, 0x30, 0x7, 0xfd, 0x35, 0x5d, 0x60,
    0x14, 0x80, 0xc4, 0x72, 0x0, 0x70, 0xdd, 0xc8,
    0x1, 0x2a, 0x2, 0xbb, 0xf6, 0x0, 0x71, 0xa2,
    0x44, 0x0, 0x2a, 0xd, 0xff, 0xce, 0x18, 0x1,
    0xff, 0xf, 0x80, 0x20, 0x2, 0x37, 0x44, 0x0,
    0x7f, 0xd2, 0x52, 0xab, 0x0, 0xf0, 0x48, 0x7,
    0x8a, 0xaa, 0x40, 0x99, 0x35, 0x15, 0x36, 0x14,
    0x90, 0x7, 0xca, 0xb1, 0x0, 0xb0, 0x3, 0xa,
    0x49, 0xd8, 0x3, 0xd5, 0xfe, 0x80, 0xee, 0x0,
    0x67, 0x30, 0x1, 0x8, 0x7, 0x90, 0x40, 0x3c,
    0x2f, 0xd2, 0x17, 0xb, 0xd2, 0x60, 0x1a, 0xe4,
    0x3, 0xa3, 0xa0, 0x63, 0x91, 0xf9, 0x99, 0x9c,
    0x60, 0x1f, 0x33, 0x81, 0x47, 0xb8, 0x4, 0x33,
    0xd0, 0x46, 0x1, 0xf4, 0x40, 0xb7, 0xe2, 0x3e,
    0x97, 0xc0, 0xf, 0xd9, 0xb6, 0xe, 0xff, 0xc0,
    0x1f, 0xe2, 0x20, 0x80, 0x1f, 0xff, 0x98, 0x3,
    0xff, 0xb0, 0x20, 0x1f, 0xfc, 0x41, 0x5c, 0xc,
    0xfd, 0x0, 0xff, 0xe0, 0xaf, 0x83, 0x52, 0x0,
    0x16, 0x80, 0xf, 0xff, 0xcc, 0x1, 0x99, 0x1a,
    0x2f, 0x7f, 0x69, 0x80, 0x6, 0xcd, 0xc4, 0x1,
    0x8e, 0xe5, 0xd0, 0x80, 0x3c, 0x93, 0x3c, 0x80,
    0x18,

    /* U+8DF3 "跳" */
    0x0, 0xff, 0xe0, 0x2d, 0x0, 0x2d, 0x40, 0x3e,
    0x9f, 0xfe, 0x90, 0xb, 0x54, 0x5, 0x34, 0x3,
    0xf9, 0x9a, 0x0, 0xff, 0xe0, 0x90, 0x7, 0xc,
    0xcc, 0x0, 0xc9, 0x0, 0xfc, 0x5a, 0xe0, 0x1f,
    0xeb, 0x61, 0x0, 0xfa, 0xc1, 0x80, 0x3f, 0xcc,
    0xc, 0x1, 0xe1, 0x66, 0x8, 0x6, 0x19, 0x98,
    0x0, 0x2b, 0x40, 0x1e, 0x80, 0xb0, 0xf, 0x33,
    0x40, 0x17, 0x11, 0x80, 0x63, 0x67, 0x20, 0xd,
    0x3f, 0xe6, 0xf, 0x90, 0x48, 0x20, 0xc, 0x75,
    0x0, 0x1c, 0x84, 0x2, 0x1, 0xce, 0x20, 0x19,
    0xc4, 0x3, 0xd5, 0x40, 0xf, 0x91, 0x80, 0x3a,
    0xd0, 0x3, 0xfd, 0xfc, 0x11, 0x62, 0x1, 0x98,
    0xad, 0x0, 0x3f, 0x95, 0x5a, 0xea, 0x80, 0x18,
    0x70, 0xac, 0xc0, 0x3f, 0x55, 0x9c, 0x50, 0x8,
    0x6, 0x1f, 0x1f, 0x0, 0xff, 0x73, 0x82, 0x90,
    0x7, 0x15, 0x70, 0x7, 0xff, 0x0, 0x85, 0x40,
    0x3c, 0x84, 0x1, 0xff, 0xc0, 0xb0, 0xd0, 0xf,
    0xa4, 0x80, 0x30, 0x90, 0x56, 0x99, 0x31, 0x20,
    0x7, 0x85, 0x9c, 0xa4, 0x5f, 0x94, 0x14, 0xdf,
    0xc2, 0x0, 0x3e, 0x50, 0x61, 0x60, 0x35, 0x8b,
    0xef, 0x82, 0x65, 0x0, 0x8, 0x35, 0x54, 0x6,
    0x6e, 0xfc, 0xa7, 0x41, 0xb3, 0x59, 0x0, 0xd2,
    0xa, 0xa0, 0x90, 0x0, 0x80, 0x7a, 0xde, 0x80,
    0x39, 0xbb, 0xfd, 0xcc, 0x0,

    /* U+8E29 "踩" */
    0x0, 0xff, 0xe3, 0x89, 0x98, 0x3, 0x46, 0x67,
    0x30, 0x91, 0xa3, 0x3c, 0xde, 0xff, 0x67, 0x80,
    0x62, 0x32, 0x28, 0xc5, 0xb7, 0x2e, 0x61, 0x90,
    0x11, 0xa7, 0xc0, 0x3d, 0xdc, 0xc0, 0x2, 0xbc,
    0x55, 0xd5, 0x3f, 0x6e, 0x40, 0x80, 0x3f, 0xe2,
    0x5d, 0x54, 0x8b, 0x0, 0x9e, 0x50, 0x3, 0xff,
    0x80, 0x8a, 0x61, 0x22, 0xe0, 0x9, 0x25, 0x0,
    0xf5, 0x52, 0x0, 0x28, 0xf, 0x4, 0x39, 0x7,
    0x19, 0x0, 0xf9, 0x56, 0x0, 0x85, 0xcd, 0x2,
    0x58, 0xe1, 0x10, 0x1, 0xd5, 0xfe, 0x60, 0xf7,
    0x0, 0x4c, 0x91, 0x6b, 0x8e, 0xa8, 0x1, 0xe9,
    0x60, 0xf, 0x85, 0x80, 0x39, 0x44, 0x3, 0xcf,
    0x80, 0x1c, 0x75, 0x5a, 0x42, 0xab, 0xa4, 0x3,
    0xfa, 0xec, 0x8a, 0xb8, 0xc0, 0xd5, 0x73, 0x80,
    0x7f, 0x22, 0x5b, 0xb5, 0x80, 0x57, 0xbb, 0x60,
    0x7, 0xf7, 0x70, 0xc8, 0xaf, 0x0, 0xa0, 0x8b,
    0x0, 0x7f, 0x8, 0x80, 0x27, 0x44, 0x3, 0x1c,
    0x80, 0x7f, 0xf1, 0x16, 0x17, 0x83, 0xe5, 0xa4,
    0x3, 0xfe, 0x9a, 0x6, 0xa3, 0xa0, 0x9, 0xa1,
    0xac, 0x3, 0xcf, 0x6c, 0xc, 0xf1, 0x27, 0xa0,
    0x1c, 0xf0, 0x9c, 0x80, 0xbe, 0x24, 0x86, 0xf4,
    0xe, 0x98, 0x20, 0x1e, 0x7a, 0x8, 0x7, 0x26,
    0xae, 0xc8, 0x55, 0x3d, 0x80, 0x7f, 0x2e, 0x68,
    0x16, 0xca, 0x88, 0x5, 0x10, 0x0, 0xff, 0x88,
    0x40,

    /* U+8E2A "踪" */
    0x0, 0xff, 0xe1, 0x99, 0x0, 0x7f, 0xf2, 0xb,
    0x2c, 0x3, 0xf2, 0x77, 0x75, 0x80, 0x71, 0x11,
    0xc0, 0x3f, 0x84, 0xc, 0xc2, 0xc1, 0x33, 0xc0,
    0x35, 0x33, 0x80, 0x3b, 0x76, 0x40, 0x3, 0x37,
    0x10, 0x2b, 0x36, 0x0, 0xff, 0xe0, 0x2f, 0xff,
    0xe6, 0x0, 0xff, 0xe8, 0xdb, 0x31, 0xc0, 0x3f,
    0xf8, 0xef, 0x32, 0x30, 0x7, 0xd7, 0xff, 0xea,
    0xf0, 0x9, 0x6e, 0xcc, 0x15, 0xc0, 0x12, 0xaf,
    0xe1, 0x0, 0xc2, 0x88, 0xe0, 0x43, 0x0, 0xaa,
    0xbf, 0x10, 0x6, 0x7d, 0x0, 0xff, 0xe4, 0xf9,
    0x80, 0x57, 0x26, 0xb1, 0x1f, 0xf1, 0x0, 0x7c,
    0xac, 0xbc, 0xef, 0xff, 0x30, 0x7, 0xdd, 0xed,
    0x5d, 0xd9, 0x3, 0xbb, 0x90, 0x3, 0xfc, 0x22,
    0xa2, 0x11, 0x0, 0x94, 0x8, 0x80, 0x3f, 0xf8,
    0xc, 0x8c, 0x1, 0x99, 0x8e, 0x1, 0xff, 0xc1,
    0x82, 0x50, 0xc, 0xaa, 0x82, 0x0, 0xf7, 0x85,
    0xe3, 0x40, 0xc0, 0x7, 0xac, 0x24, 0xa, 0x54,
    0x7d, 0xc1, 0x47, 0x9d, 0x14, 0x3, 0xc2, 0xe8,
    0xa4, 0xc6, 0x66, 0x9c, 0xfd, 0x60, 0x90, 0x68,
    0x50, 0xd, 0x3, 0xe1, 0xfd, 0x92, 0xc6, 0x0,
    0xda, 0x20, 0xb7, 0x6, 0x0, 0xd5, 0x40, 0xf,
    0xe3, 0x50, 0x7, 0x5f, 0x48, 0x6, 0x40,

    /* U+8EAB "身" */
    0x0, 0xff, 0x22, 0x88, 0x7, 0xff, 0x22, 0xa8,
    0x60, 0x1f, 0xfc, 0x76, 0x14, 0x20, 0xf, 0xfe,
    0x10, 0xff, 0xe9, 0x4, 0xff, 0xf7, 0x0, 0x7f,
    0x89, 0xdf, 0xfc, 0x1, 0xff, 0xc0, 0x68, 0x8f,
    0xf0, 0x80, 0x7f, 0xcd, 0x11, 0xfe, 0x10, 0xf,
    0xf8, 0x9d, 0xff, 0xc0, 0x1f, 0xfc, 0x4, 0xff,
    0xff, 0x8, 0x7, 0xff, 0x59, 0x3f, 0xff, 0xc2,
    0x0, 0x2e, 0x50, 0xf, 0x13, 0x37, 0xf8, 0x0,
    0x58, 0xe, 0x1, 0xe6, 0x99, 0xff, 0x8, 0xb4,
    0x74, 0x80, 0x62, 0x20, 0x68, 0x8f, 0xf0, 0x81,
    0x69, 0x80, 0x9, 0xdc, 0xc0, 0x4e, 0xff, 0xe0,
    0x1d, 0x20, 0x8, 0xff, 0xff, 0xeb, 0x30, 0x10,
    0xf, 0xfe, 0x2a, 0x5d, 0x8d, 0xf8, 0x40, 0x3f,
    0xf8, 0x22, 0xfd, 0x68, 0xdd, 0x0, 0x1f, 0xfc,
    0x2, 0x7c, 0xe8, 0x8, 0xe9, 0x10, 0x0, 0x98,
    0x7, 0x13, 0x57, 0x6c, 0x1a, 0xdf, 0x38, 0x80,
    0x46, 0x1, 0xf7, 0x4a, 0x82, 0xd7, 0xd2, 0x0,
    0x17, 0x31, 0xd8, 0x8, 0x1, 0xd0, 0xf9, 0xd4,
    0xa0, 0x1c, 0xe6, 0x60, 0x37, 0x90, 0xe, 0x48,
    0x30, 0xf, 0xc5, 0xfe, 0xec, 0x80, 0xe,

    /* U+8F68 "轨" */
    0x0, 0xe6, 0x30, 0xe, 0x36, 0x10, 0xf, 0xfe,
    0x0, 0xcd, 0x80, 0x72, 0x4a, 0x80, 0x7f, 0xf0,
    0x10, 0x30, 0x3, 0xff, 0x8a, 0x4c, 0xce, 0x3,
    0x66, 0x80, 0x33, 0x80, 0x7f, 0x24, 0xc9, 0x2,
    0x26, 0x61, 0x0, 0xff, 0xe0, 0xbe, 0x48, 0x3e,
    0x66, 0x99, 0x58, 0x4c, 0xf0, 0x7, 0x9, 0x88,
    0x55, 0x18, 0xcc, 0xac, 0x60, 0xac, 0xd8, 0x3,
    0xeb, 0x22, 0x36, 0x0, 0x33, 0x5c, 0x2b, 0x74,
    0x60, 0x1f, 0x9, 0xa8, 0x7, 0x9, 0x78, 0x31,
    0x11, 0xc0, 0x3e, 0x60, 0xa0, 0xf, 0xbc, 0x4,
    0x3, 0xfd, 0x64, 0x41, 0x3, 0x0, 0xff, 0xe2,
    0x99, 0x7f, 0x2, 0xff, 0x98, 0x4, 0xc, 0x3,
    0xfc, 0xec, 0xd0, 0x13, 0x31, 0x40, 0x80, 0x40,
    0x3f, 0xd1, 0x33, 0x2, 0x4c, 0x8c, 0x1c, 0x80,
    0x3f, 0xf9, 0x26, 0xc0, 0x1f, 0xfc, 0x42, 0x69,
    0x73, 0xc, 0x0, 0xfe, 0x16, 0x8a, 0xce, 0x4,
    0x96, 0xeb, 0x4, 0x0, 0xfa, 0x8, 0x25, 0xd4,
    0xcc, 0x7, 0x7d, 0x2c, 0x46, 0x1, 0xf3, 0x50,
    0xd5, 0xef, 0xe8, 0x2a, 0xb, 0x8c, 0x0, 0x7e,
    0x1f, 0x5, 0x42, 0x0, 0xe1, 0x83, 0x50, 0xf,
    0x88, 0x8, 0x3, 0xfb, 0x43, 0x80, 0x38, 0x43,
    0x7c, 0x1c, 0x3, 0xf1, 0x4, 0x90, 0x7, 0x49,
    0x14, 0xc4,

    /* U+8F6C "转" */
    0x0, 0xc4, 0x60, 0x1f, 0x84, 0x3, 0xfe, 0x5c,
    0x40, 0xf, 0xba, 0xc0, 0x3f, 0xd8, 0x8, 0x1,
    0xe3, 0x2, 0x0, 0xfe, 0x14, 0x40, 0x7, 0xcc,
    0x1e, 0x1, 0xe4, 0xff, 0x70, 0x27, 0xfd, 0xa7,
    0xfe, 0xa0, 0x9f, 0xfd, 0x20, 0xcd, 0x8, 0x33,
    0x65, 0x15, 0x50, 0x1, 0x57, 0xbc, 0xa, 0x64,
    0x7, 0x9d, 0x32, 0x82, 0xaa, 0x1, 0x55, 0x73,
    0x0, 0x48, 0x35, 0xd0, 0x1, 0xc6, 0x8, 0x1,
    0xfd, 0xc0, 0xe0, 0x19, 0x26, 0x5e, 0xb, 0x33,
    0xe7, 0x1, 0x56, 0x10, 0xc, 0x6c, 0xc3, 0x3,
    0x66, 0xf5, 0x84, 0x85, 0x0, 0x73, 0xfe, 0x81,
    0xff, 0xfd, 0x80, 0x81, 0xbc, 0x81, 0xdc, 0x80,
    0x40, 0xb0, 0xf, 0xe6, 0x32, 0x20, 0x81, 0x13,
    0xc3, 0x1, 0x40, 0x3f, 0xab, 0x32, 0x50, 0xcc,
    0x38, 0x38, 0x6f, 0xff, 0x84, 0x3, 0xff, 0x81,
    0x6e, 0xfc, 0xa0, 0x1, 0x0, 0xfc, 0x4b, 0x2,
    0xd1, 0x1c, 0xc1, 0x20, 0x2, 0x46, 0x8b, 0x40,
    0xda, 0x72, 0x87, 0x0, 0xa4, 0xd5, 0x80, 0x13,
    0x72, 0xec, 0x21, 0x5b, 0xe6, 0x91, 0xcb, 0xc,
    0x74, 0x1, 0x7d, 0xef, 0xea, 0x82, 0x90, 0x3,
    0x2c, 0xe9, 0xcb, 0x40, 0x32, 0x20, 0x80, 0x3f,
    0x93, 0x60, 0xa, 0x4, 0x3, 0xff, 0x8a, 0xfa,
    0x8d, 0xe6, 0x1, 0xff, 0xc5, 0x2b, 0x90, 0x20,
    0xf, 0xaf, 0xc0, 0x3f, 0xcd, 0xc2, 0x0,

    /* U+8F6E "轮" */
    0x0, 0xe2, 0x0, 0xff, 0xe5, 0x1e, 0xb8, 0x7,
    0xc7, 0x72, 0x1, 0xff, 0x20, 0x20, 0x7, 0xde,
    0x8c, 0xa0, 0x1f, 0xec, 0x2, 0x0, 0xf3, 0x19,
    0x86, 0x0, 0x3e, 0x9f, 0xf2, 0x7, 0x7f, 0xc2,
    0x5, 0x21, 0xf0, 0x52, 0x1, 0xef, 0x42, 0x3,
    0x44, 0xc2, 0x2f, 0x7, 0x36, 0x46, 0x50, 0xe,
    0x6b, 0x70, 0x92, 0x9b, 0xb0, 0x69, 0x24, 0x0,
    0x28, 0x69, 0x0, 0x3c, 0xa6, 0x66, 0x60, 0xe,
    0x19, 0x50, 0x4, 0x38, 0x36, 0xa0, 0x19, 0x42,
    0xc0, 0x21, 0xc3, 0x24, 0x40, 0x6, 0x2d, 0x1a,
    0x80, 0xb, 0x81, 0x80, 0x21, 0x12, 0x7b, 0x70,
    0x6, 0x12, 0xd0, 0x10, 0x0, 0xa1, 0x88, 0x0,
    0x43, 0xac, 0xc0, 0x38, 0xfe, 0xf, 0x64, 0x0,
    0xa0, 0x7f, 0x21, 0x5f, 0xa0, 0x1e, 0x8c, 0x13,
    0x2, 0x0, 0x9d, 0x12, 0x20, 0x34, 0x50, 0xc,
    0x7a, 0xe3, 0x34, 0x1, 0xc7, 0x77, 0x82, 0x2e,
    0x80, 0x24, 0xc2, 0x5f, 0x60, 0xf, 0xfe, 0x39,
    0x65, 0x8, 0x7, 0xff, 0x7, 0x22, 0xcc, 0x0,
    0x7a, 0x60, 0x1f, 0x89, 0xe6, 0xf6, 0x41, 0xdc,
    0x8a, 0x0, 0x70, 0xe, 0x14, 0x0, 0x9a, 0x19,
    0x8, 0x41, 0x6b, 0x58, 0x3, 0xf2, 0xdb, 0x80,
    0x12, 0x2f, 0x7e, 0x3, 0x94, 0x80, 0x3f, 0x88,
    0x8, 0x2, 0x74, 0x20, 0xf, 0xe6, 0x0, 0xec,
    0x6, 0x0, 0xff, 0xe0, 0x88, 0x8b, 0xae, 0xed,
    0x51, 0x30, 0xf, 0xfe, 0x15, 0x18, 0xa2, 0x46,
    0x9a, 0x1, 0xf9, 0xbd, 0x0, 0x32, 0x67, 0xfe,
    0xeb, 0x30, 0x8,

    /* U+8F7D "载" */
    0x0, 0xf1, 0x39, 0x0, 0x65, 0xa1, 0x0, 0xff,
    0xe0, 0xbc, 0x20, 0x6, 0xd5, 0x21, 0x80, 0xf,
    0xc2, 0x30, 0x4, 0x23, 0x7, 0x83, 0xb3, 0xe0,
    0x7, 0xaf, 0xba, 0xa0, 0x9e, 0xea, 0x40, 0x27,
    0x83, 0xc0, 0xe, 0xf9, 0x99, 0x81, 0x66, 0x6a,
    0x10, 0x10, 0x77, 0x1c, 0x0, 0x64, 0x66, 0xb0,
    0x31, 0x9a, 0x30, 0x1, 0x80, 0x21, 0xe4, 0x2,
    0x78, 0x8d, 0xe1, 0xb1, 0x1b, 0x3, 0x62, 0x20,
    0x98, 0x10, 0x97, 0x7c, 0xa0, 0x8e, 0xf9, 0x41,
    0x1d, 0xfc, 0x41, 0xdf, 0xf6, 0x3e, 0x7f, 0xf6,
    0x3, 0x7f, 0xf8, 0xc0, 0x3a, 0x1c, 0x40, 0x38,
    0x80, 0x80, 0x2d, 0x60, 0x9, 0x7f, 0xe4, 0xd,
    0xff, 0xda, 0x20, 0xe0, 0x4, 0x20, 0xc, 0xcd,
    0x0, 0x19, 0xbc, 0xa0, 0x44, 0x0, 0x78, 0x38,
    0x4, 0x73, 0xa0, 0xb2, 0x0, 0x99, 0xa0, 0x18,
    0x44, 0x48, 0xc2, 0x1, 0xd2, 0x10, 0x8, 0xe0,
    0x1c, 0x60, 0x50, 0x16, 0x1, 0xc8, 0x43, 0x72,
    0x63, 0x33, 0x28, 0x68, 0x4a, 0xb1, 0x0, 0x70,
    0x80, 0xb3, 0x4, 0x19, 0xac, 0x4, 0x5, 0x18,
    0x0, 0xf2, 0xff, 0xe2, 0x1f, 0xfa, 0x40, 0x40,
    0x16, 0x20, 0xa2, 0x0, 0x12, 0x21, 0xa2, 0x98,
    0xcd, 0x65, 0x5, 0x80, 0x4, 0x1, 0x56, 0xb,
    0xdb, 0xac, 0xba, 0x10, 0x46, 0x61, 0x62, 0x20,
    0x3c, 0x8, 0x8, 0x1e, 0x26, 0xaf, 0x38, 0x87,
    0x72, 0x58, 0xda, 0xcd, 0x10, 0xa1, 0x80, 0x4e,
    0xca, 0x86, 0x20, 0x1a, 0x6, 0x24, 0x3c, 0x2e,
    0x5, 0x0, 0x3f, 0xf8, 0x17, 0x67, 0x0, 0x1d,
    0x8, 0xac, 0x0,

    /* U+8FB9 "边" */
    0x0, 0x88, 0x3, 0xf5, 0xf0, 0x7, 0xfd, 0x3a,
    0xa0, 0x1f, 0x38, 0x80, 0x7f, 0xd4, 0x14, 0x60,
    0x1f, 0x8, 0x7, 0xfc, 0x74, 0x1a, 0x20, 0x45,
    0xc0, 0x45, 0xe0, 0xf, 0x2b, 0xc, 0x6, 0xee,
    0x11, 0x6e, 0xf9, 0x40, 0x3d, 0x29, 0x0, 0xab,
    0x80, 0x55, 0x71, 0x0, 0x80, 0x7d, 0x62, 0x15,
    0x58, 0x16, 0xab, 0x38, 0x38, 0x4, 0x93, 0x33,
    0x80, 0x71, 0x0, 0x80, 0x61, 0x1, 0x0, 0xb1,
    0x9a, 0x90, 0xe, 0x60, 0x20, 0xc, 0xe0, 0x60,
    0x14, 0x7f, 0x84, 0x3, 0xc6, 0x1a, 0x1, 0x84,
    0x4, 0x3, 0xff, 0x83, 0x80, 0xe0, 0x18, 0xc0,
    0x3f, 0xf8, 0x42, 0x86, 0x40, 0x18, 0x44, 0x1,
    0xff, 0xc1, 0xb0, 0xb0, 0xf, 0x18, 0x7, 0xff,
    0x1, 0x54, 0x2e, 0x1, 0x88, 0x4, 0x3, 0xfe,
    0x3a, 0xa, 0x0, 0xe5, 0x6, 0x0, 0xff, 0x26,
    0x3, 0xa0, 0x2, 0xb3, 0xa0, 0x3c, 0x3, 0xc2,
    0x20, 0x6, 0x3, 0x40, 0x6, 0x31, 0x13, 0xa8,
    0x7, 0xb4, 0x6, 0x63, 0x24, 0x3, 0x46, 0x77,
    0x20, 0x3, 0xd6, 0x6e, 0x8d, 0xaa, 0x20, 0x18,
    0x8c, 0x40, 0x3e, 0xc4, 0x68, 0xb7, 0x29, 0xee,
    0x6e, 0x62, 0xee, 0xcc, 0x6e, 0xb8, 0xc1, 0x96,
    0x40, 0x11, 0xd0, 0x86, 0x46, 0x64, 0x48, 0xcc,
    0x44, 0x13, 0xa, 0xa0, 0x6, 0x17, 0xbd, 0xff,
    0xdd, 0xff, 0xe0,

    /* U+8FBE "达" */
    0x0, 0xff, 0xe0, 0xa3, 0x98, 0x7, 0xf1, 0x58,
    0x80, 0x7e, 0xc8, 0x50, 0xf, 0xea, 0x4c, 0x10,
    0xf, 0xfe, 0x3c, 0x29, 0x68, 0x7, 0xff, 0x22,
    0x8c, 0xd4, 0x1, 0xff, 0xc8, 0xd1, 0x71, 0xbb,
    0xe5, 0xb, 0xbf, 0x38, 0x7, 0xd, 0x78, 0x22,
    0x71, 0x1, 0x22, 0x76, 0x0, 0x79, 0x8, 0x7f,
    0xf9, 0x42, 0xff, 0xfa, 0xc0, 0x5, 0x33, 0x80,
    0x3e, 0x60, 0x70, 0xf, 0xce, 0xcd, 0x80, 0x3e,
    0x30, 0x30, 0xf, 0xcb, 0xba, 0x30, 0xf, 0x8c,
    0x0, 0xc0, 0x1f, 0xc4, 0x47, 0x0, 0xfa, 0x80,
    0x12, 0xc0, 0x1f, 0xfc, 0x51, 0x60, 0xc1, 0x96,
    0x0, 0xff, 0xe2, 0x50, 0x41, 0xe0, 0xcb, 0x0,
    0x7f, 0xf0, 0xa5, 0xd, 0xc0, 0xb4, 0x25, 0x40,
    0x3f, 0xf8, 0x12, 0xc5, 0xa0, 0x11, 0xd8, 0x51,
    0x80, 0x7f, 0xe, 0x31, 0x60, 0x80, 0x64, 0x80,
    0xd1, 0x0, 0xc2, 0xa0, 0x2e, 0x66, 0xc1, 0x0,
    0xf3, 0xa8, 0xb0, 0x6, 0xd1, 0xf, 0x5a, 0xc1,
    0x0, 0xfd, 0x4c, 0xe0, 0x15, 0x9b, 0x40, 0xe6,
    0xc, 0x3, 0xfd, 0x20, 0x15, 0xa2, 0x25, 0xec,
    0x5b, 0x3f, 0xb3, 0x17, 0x7b, 0x31, 0xba, 0xa0,
    0xc3, 0xb0, 0x2, 0x75, 0x31, 0x98, 0x8d, 0x13,
    0x19, 0x88, 0xa0, 0x7c, 0x0, 0xe5, 0x9c, 0xde,
    0xff, 0xfe, 0x80,

    /* U+8FC7 "过" */
    0x0, 0x84, 0x3, 0xff, 0x80, 0x5c, 0xe0, 0x1e,
    0x1f, 0xb0, 0xf, 0xfe, 0x0, 0xf0, 0x7, 0x85,
    0xd2, 0x40, 0x3f, 0xf9, 0x12, 0x6c, 0xc0, 0xf,
    0xfe, 0x46, 0x8c, 0x9d, 0xff, 0xfd, 0xa0, 0xdf,
    0xee, 0x0, 0xe1, 0x84, 0x33, 0x22, 0x7c, 0x60,
    0x28, 0x90, 0x7, 0x9a, 0xc2, 0x2e, 0xfe, 0xe0,
    0x7b, 0xb5, 0x0, 0x7f, 0x9f, 0x44, 0x3, 0xff,
    0x81, 0x9f, 0xf8, 0x40, 0x4, 0x4a, 0x0, 0xff,
    0xe0, 0x2a, 0x20, 0x40, 0x32, 0xb2, 0x40, 0x7,
    0xfd, 0x37, 0x64, 0x0, 0xe9, 0x27, 0x30, 0xf,
    0xfe, 0x47, 0x7, 0x0, 0x7f, 0xf2, 0xd, 0xf8,
    0x3, 0xff, 0x93, 0x6, 0x1, 0xff, 0xcd, 0x50,
    0x10, 0xf, 0xfe, 0x23, 0x66, 0xf4, 0x6, 0x80,
    0x7c, 0x8a, 0xc, 0x1, 0xca, 0x64, 0x25, 0xa,
    0x1, 0xe5, 0xb0, 0x4, 0x18, 0x6, 0x3e, 0xff,
    0x6b, 0x80, 0x79, 0x68, 0x23, 0x3, 0x1c, 0x40,
    0x21, 0x0, 0xfe, 0x1a, 0x8, 0x73, 0xb1, 0x8e,
    0xe6, 0xe6, 0x6b, 0xbb, 0x32, 0x61, 0x88, 0x38,
    0x1, 0x3e, 0x10, 0x8, 0xcf, 0x22, 0x46, 0x78,
    0x1d, 0xc0, 0x18, 0x5e, 0xfb, 0xff, 0x77, 0x6f,
    0xf9, 0x40,

    /* U+8FD0 "运" */
    0x0, 0x88, 0x3, 0xff, 0x92, 0xbb, 0x0, 0x10,
    0xdd, 0xff, 0xcc, 0x1, 0x90, 0x5d, 0xc0, 0x12,
    0x27, 0xfd, 0xe0, 0x18, 0x70, 0x21, 0x0, 0x7f,
    0xff, 0xe9, 0x0, 0xe2, 0xa0, 0xf0, 0xf, 0xfe,
    0x42, 0xc5, 0x0, 0x7f, 0xf2, 0x5c, 0x44, 0x67,
    0xff, 0xc2, 0x0, 0x84, 0x70, 0x36, 0x67, 0xff,
    0x7, 0x40, 0xd, 0xdd, 0x81, 0x26, 0x72, 0x2,
    0x4c, 0xfa, 0x0, 0xa, 0xcc, 0x10, 0x1, 0xb3,
    0x65, 0x9, 0x66, 0xf8, 0x0, 0x73, 0x22, 0x0,
    0xf3, 0xb, 0x10, 0x1, 0xd4, 0x3, 0xff, 0x87,
    0x1, 0x0, 0x15, 0x50, 0x40, 0x3f, 0xf8, 0x30,
    0x30, 0x20, 0x14, 0x4, 0x0, 0x7f, 0xf0, 0x11,
    0xc9, 0xc0, 0x48, 0xc4, 0x18, 0x40, 0x3f, 0xcd,
    0x60, 0x7d, 0xfd, 0xb9, 0x60, 0x9, 0x0, 0xff,
    0x70, 0x0, 0x4d, 0x19, 0xe6, 0xb0, 0x5c, 0x3,
    0x94, 0xc0, 0xc2, 0xb3, 0xbf, 0x6e, 0x61, 0x94,
    0xdc, 0x4c, 0x2, 0x3a, 0x0, 0x62, 0x11, 0x88,
    0x7, 0xeb, 0xf3, 0x0, 0x16, 0x84, 0xd0, 0x5d,
    0x20, 0x7, 0xf1, 0x8, 0x5, 0xe2, 0xec, 0xb8,
    0x4b, 0x7f, 0xb9, 0x75, 0x55, 0xdb, 0x31, 0xac,
    0xa, 0xa8, 0x0, 0x1e, 0xdb, 0x18, 0x12, 0x2a,
    0xc8, 0x83, 0x31, 0x10, 0x22, 0x80, 0x39, 0x27,
    0x37, 0xbf, 0xff, 0x90,

    /* U+8FD1 "近" */
    0x0, 0x88, 0x3, 0xff, 0x84, 0x6e, 0xa0, 0x18,
    0xb7, 0x0, 0x38, 0x49, 0x1a, 0x2b, 0x7f, 0x22,
    0x40, 0x31, 0x31, 0xd0, 0x4, 0x3d, 0xb7, 0x2e,
    0xa4, 0x45, 0x9e, 0x0, 0xe9, 0x45, 0x80, 0xc,
    0x2d, 0x15, 0x9f, 0xb4, 0xc4, 0x1, 0xea, 0x17,
    0x30, 0x8, 0xa5, 0xd4, 0xc0, 0x3f, 0xe1, 0xa5,
    0x30, 0xf, 0xfe, 0x42, 0x50, 0x7, 0xff, 0x3c,
    0xa2, 0x3f, 0xc6, 0x9, 0xff, 0x84, 0x3, 0xb,
    0xbf, 0xf9, 0x41, 0x95, 0x42, 0x1, 0xe3, 0xcc,
    0xc4, 0x17, 0x99, 0x38, 0x15, 0x51, 0x40, 0x31,
    0x83, 0x19, 0xe1, 0x5, 0x33, 0x84, 0x3, 0xf8,
    0x40, 0xc0, 0x3f, 0xf9, 0xa, 0x1c, 0x1, 0xff,
    0xc8, 0xd0, 0x40, 0xf, 0xfe, 0x39, 0x20, 0x98,
    0x7, 0xff, 0x1e, 0x42, 0x0, 0x3f, 0xf8, 0x64,
    0xa0, 0xaa, 0x42, 0x60, 0xf, 0xfe, 0x10, 0xe0,
    0x85, 0x84, 0x78, 0x7, 0x98, 0x80, 0x3c, 0x38,
    0x33, 0x83, 0x58, 0xe2, 0x1, 0xd5, 0xa2, 0x1,
    0xda, 0x4c, 0xc3, 0xf4, 0x45, 0x77, 0x37, 0x2e,
    0xec, 0xcb, 0x75, 0x21, 0x49, 0x20, 0x1, 0xbc,
    0x74, 0x33, 0x91, 0x23, 0x38, 0x89, 0xe0, 0xd6,
    0x1, 0xc7, 0x17, 0xbd, 0xff, 0xfc, 0xc0,

    /* U+8FD4 "返" */
    0x0, 0x94, 0xc0, 0x3f, 0xf8, 0x2, 0x6b, 0x0,
    0x18, 0x6b, 0x44, 0x2, 0x48, 0x9a, 0xbc, 0xdf,
    0xec, 0xa7, 0x10, 0x8, 0x68, 0x74, 0x2, 0xe7,
    0x65, 0x43, 0x39, 0x5e, 0x70, 0x40, 0x32, 0xb1,
    0xc8, 0x6, 0xce, 0xff, 0x76, 0x54, 0x31, 0x80,
    0x7a, 0x49, 0xc0, 0x31, 0x8, 0x7, 0xff, 0xf,
    0xb0, 0x3, 0xff, 0x92, 0x64, 0x1, 0xbb, 0xff,
    0xf4, 0x80, 0x42, 0x3c, 0x1, 0xc6, 0x7f, 0x10,
    0x18, 0x5, 0x7d, 0xd7, 0x80, 0x42, 0x19, 0x9f,
    0x28, 0x78, 0x5, 0x8c, 0xc1, 0x0, 0xce, 0x2b,
    0xc6, 0x1, 0x98, 0x54, 0x2, 0x69, 0x91, 0x0,
    0x61, 0x37, 0x3c, 0x60, 0x4, 0x8c, 0x0, 0x7f,
    0xf0, 0x9, 0xcb, 0xe, 0x61, 0x58, 0xd8, 0x3,
    0xfe, 0x40, 0xd0, 0x1c, 0x47, 0xa0, 0xe0, 0xf,
    0xfe, 0x6, 0x82, 0x80, 0x5e, 0x0, 0x32, 0x0,
    0xff, 0x85, 0x8c, 0x80, 0xd, 0x60, 0x87, 0x80,
    0x1f, 0xf4, 0x84, 0x80, 0x26, 0x41, 0x76, 0x63,
    0xc0, 0xf, 0x11, 0x4, 0x9c, 0x95, 0x5c, 0xc5,
    0xa8, 0x12, 0xa7, 0x80, 0x18, 0x7c, 0x43, 0xa2,
    0x4e, 0x85, 0xb4, 0x80, 0x2a, 0x43, 0x40, 0x0,
    0xe1, 0x34, 0x1c, 0x99, 0x4e, 0x48, 0x7, 0xa9,
    0x90, 0x1, 0x84, 0x92, 0xf2, 0x31, 0xd7, 0xf7,
    0x54, 0x99, 0xaa, 0xce, 0xdc, 0x14, 0xec, 0x0,
    0xdd, 0x8, 0x4, 0x8a, 0xa6, 0x69, 0x56, 0x40,
    0x4, 0x60, 0x6, 0x17, 0xbd, 0xef, 0xfd, 0xdd,
    0x7f, 0xce,

    /* U+8FD8 "还" */
    0x0, 0xff, 0xe6, 0x8e, 0x20, 0x7, 0xff, 0x20,
    0x8e, 0xcc, 0x1, 0x57, 0x7f, 0xfc, 0x5, 0x0,
    0x8e, 0x43, 0x44, 0x11, 0x3f, 0xf8, 0x24, 0x1,
    0x99, 0x46, 0x83, 0xbf, 0xf8, 0x83, 0x3f, 0xf3,
    0x80, 0x75, 0xa, 0x88, 0x7, 0x31, 0x29, 0x80,
    0x7f, 0xd5, 0xa2, 0x1, 0xd0, 0x1c, 0x1, 0xff,
    0xc0, 0x43, 0x0, 0xe8, 0x10, 0xf, 0xf1, 0x4c,
    0xe0, 0xe, 0x37, 0x0, 0xe, 0x20, 0x7, 0x99,
    0xb8, 0x40, 0x37, 0x1, 0x81, 0x1d, 0xa0, 0x7,
    0x27, 0x71, 0x0, 0x3a, 0xca, 0x10, 0xf, 0x2,
    0xcc, 0x3, 0x84, 0x60, 0xd, 0x28, 0xae, 0x1,
    0x1d, 0x86, 0x10, 0x7, 0xfa, 0x58, 0xa8, 0x3,
    0x92, 0x3, 0x4, 0x3, 0xf5, 0x31, 0x60, 0x7,
    0xce, 0xc3, 0xa0, 0x1f, 0x2a, 0x8b, 0x4, 0x3,
    0xf4, 0x9b, 0x80, 0x7c, 0xb3, 0x82, 0x1, 0xfe,
    0xda, 0x0, 0xe1, 0x0, 0x30, 0x80, 0x7f, 0xc2,
    0x20, 0xc, 0xa8, 0x12, 0x1, 0xff, 0xc6, 0x2a,
    0x13, 0x78, 0x0, 0xeb, 0x95, 0x0, 0xfc, 0x38,
    0x15, 0x86, 0xf8, 0xa0, 0x11, 0xb0, 0x80, 0x7e,
    0xa1, 0x84, 0xc, 0x63, 0xaf, 0xec, 0xba, 0xaa,
    0xed, 0x98, 0xd6, 0xd, 0x47, 0x0, 0xa7, 0x61,
    0xc, 0x91, 0x56, 0x44, 0x19, 0x89, 0x41, 0xac,
    0x3, 0x89, 0xef, 0x7b, 0xff, 0xf8, 0xc0,

    /* U+8FD9 "这" */
    0x0, 0xff, 0xe0, 0x9a, 0x0, 0x7f, 0x85, 0x80,
    0x3f, 0xb2, 0x40, 0x3f, 0xd7, 0x2c, 0x1, 0xf9,
    0x48, 0x80, 0x1f, 0xd6, 0x32, 0x40, 0x1f, 0x78,
    0x28, 0x7, 0xf0, 0xd0, 0x70, 0xf, 0xff, 0x50,
    0x47, 0xff, 0x70, 0x6, 0x46, 0x37, 0x4, 0x4f,
    0xe2, 0x3, 0x44, 0x0, 0x74, 0xab, 0x8d, 0xdf,
    0xf0, 0x86, 0xdd, 0x0, 0x7a, 0x80, 0x24, 0x20,
    0xe, 0x13, 0x30, 0x80, 0x70, 0x8c, 0x1, 0xd,
    0x6a, 0x0, 0x66, 0xa, 0x0, 0xe6, 0xee, 0xc0,
    0x1, 0xb0, 0xb7, 0x0, 0xa4, 0x18, 0x3, 0x89,
    0x54, 0x20, 0x19, 0x74, 0x62, 0x42, 0x5, 0xc0,
    0x3c, 0x95, 0x42, 0x0, 0xe2, 0xf3, 0x6b, 0x71,
    0x90, 0xf, 0xfe, 0x20, 0xe2, 0x20, 0x20, 0x40,
    0x3f, 0xf8, 0xa2, 0xc0, 0xb, 0x10, 0xf, 0xfe,
    0x21, 0xf9, 0x32, 0x97, 0x90, 0x7, 0xff, 0xa,
    0x30, 0x5e, 0x69, 0x87, 0x8, 0x3, 0xfe, 0x5d,
    0x70, 0xa8, 0x0, 0x4b, 0xe, 0x10, 0x7, 0x9,
    0x8, 0x2d, 0x12, 0x72, 0x80, 0x69, 0x61, 0xf0,
    0xc, 0x38, 0x21, 0x8e, 0xb7, 0x61, 0x0, 0xf4,
    0xac, 0x80, 0x43, 0x84, 0xee, 0x3d, 0x26, 0x0,
    0xfe, 0xa4, 0x0, 0xb4, 0x96, 0x21, 0x42, 0xfb,
    0xfb, 0x76, 0xaa, 0xd7, 0x6c, 0xc3, 0x2, 0xa5,
    0x0, 0x17, 0xa9, 0x8c, 0xc8, 0x85, 0x5c, 0x88,
    0x33, 0x10, 0x4d, 0x80, 0x72, 0xce, 0x77, 0xff,
    0xf9, 0x0,

    /* U+8FDB "进" */
    0x0, 0xff, 0xe7, 0x28, 0x7, 0x9f, 0xcc, 0x2,
    0x7f, 0x40, 0xf, 0x45, 0x38, 0x7, 0xff, 0x4,
    0x40, 0x3d, 0x23, 0x8, 0x1, 0xff, 0xc7, 0x1d,
    0xa, 0x10, 0x11, 0x78, 0x38, 0x8c, 0x1, 0x8,
    0x80, 0x38, 0xdc, 0x60, 0xbb, 0x8e, 0x17, 0xdd,
    0x40, 0x57, 0x71, 0x80, 0x3a, 0xa, 0x8d, 0x98,
    0x60, 0x8c, 0xd1, 0x82, 0x33, 0x14, 0x3, 0xda,
    0x63, 0x32, 0xb0, 0x89, 0x9a, 0xc3, 0xa6, 0x46,
    0x1, 0xff, 0xcd, 0x6f, 0xfb, 0x80, 0x3f, 0xf8,
    0xc4, 0x88, 0x10, 0xf, 0xfe, 0x3a, 0x5d, 0x88,
    0x1, 0x13, 0x2b, 0x9, 0x9d, 0x61, 0xd3, 0x30,
    0x80, 0x7c, 0xac, 0xc3, 0x5, 0x66, 0x8c, 0x11,
    0x9a, 0x30, 0xf, 0xb3, 0xb8, 0xa1, 0xbd, 0xd4,
    0x4, 0xf7, 0x44, 0x1, 0xf0, 0x8c, 0xe2, 0x42,
    0x30, 0x0, 0xc4, 0x60, 0xf, 0xf1, 0x92, 0x0,
    0x7f, 0xf2, 0x3c, 0x24, 0x3, 0xff, 0x84, 0x66,
    0x12, 0x8, 0x34, 0x30, 0xf, 0xfe, 0x9, 0x68,
    0x3, 0xc, 0x86, 0x80, 0x3f, 0xf8, 0x23, 0x83,
    0x56, 0x38, 0x76, 0x20, 0x1c, 0xfe, 0xa0, 0x1d,
    0x82, 0xea, 0x98, 0x4d, 0x5f, 0xb9, 0x76, 0xaa,
    0x5d, 0xd9, 0x82, 0x5, 0x54, 0x0, 0xf, 0x6d,
    0x8c, 0xd, 0x10, 0xaa, 0x44, 0x8c, 0x88, 0x11,
    0x40, 0x1c, 0x93, 0x9b, 0xff, 0xfd, 0xc0,

    /* U+8FDC "远" */
    0x0, 0x88, 0x3, 0xff, 0x93, 0x1a, 0xa0, 0x11,
    0x5d, 0xff, 0xcc, 0x1, 0xa8, 0x28, 0x80, 0x2,
    0x89, 0xff, 0x70, 0x6, 0x2a, 0xf, 0x0, 0x1f,
    0xff, 0xfd, 0x0, 0x1c, 0xaa, 0x29, 0x0, 0xff,
    0xe4, 0x59, 0x68, 0x7, 0xff, 0x20, 0x75, 0x0,
    0x3f, 0xf9, 0x73, 0xff, 0xff, 0xc1, 0xe0, 0x3,
    0x7f, 0xdc, 0x18, 0xab, 0x0, 0xaa, 0x88, 0x11,
    0x56, 0x70, 0x1, 0x2a, 0x84, 0x0, 0xb5, 0x4b,
    0x4, 0xaa, 0x20, 0x55, 0x69, 0x0, 0x25, 0x50,
    0xc0, 0x38, 0xc0, 0x80, 0x3f, 0xf9, 0xc, 0x1e,
    0x1, 0xff, 0xc8, 0xc0, 0x30, 0xf, 0xa6, 0x0,
    0x3f, 0xe6, 0x4, 0x0, 0xf9, 0x54, 0x1, 0xfe,
    0xa1, 0x60, 0xe, 0x20, 0x12, 0x60, 0xf, 0xea,
    0x52, 0x90, 0xb, 0xc3, 0x3f, 0x87, 0x0, 0x32,
    0x90, 0x99, 0x94, 0xbc, 0x3, 0x34, 0x2a, 0xd0,
    0xe0, 0x11, 0xd0, 0x3, 0x1e, 0xf0, 0x80, 0x39,
    0xea, 0xa7, 0x0, 0x8b, 0x42, 0xa8, 0x17, 0xea,
    0x1, 0xff, 0xc2, 0xf1, 0x75, 0x56, 0x12, 0x5f,
    0xf6, 0x62, 0xef, 0xd9, 0xb6, 0xa, 0xa8, 0x0,
    0x1e, 0xdb, 0x19, 0x88, 0xd1, 0x3c, 0x64, 0x61,
    0x14, 0x1, 0xc9, 0x39, 0xbd, 0xff, 0xfd, 0x0,

    /* U+8FDE "连" */
    0x0, 0xff, 0xe0, 0x12, 0x88, 0x7, 0xfd, 0x2,
    0x1, 0xf4, 0x51, 0x0, 0x7f, 0x95, 0xf4, 0x3,
    0xc2, 0xa4, 0x60, 0x1f, 0xe5, 0x51, 0xb8, 0x14,
    0xcd, 0x40, 0x9, 0x9f, 0x94, 0x3, 0x58, 0xc1,
    0xb3, 0x64, 0x2, 0x66, 0xfb, 0x40, 0x30, 0xd0,
    0x7a, 0x7f, 0xa8, 0x1b, 0xff, 0xf4, 0x0, 0x72,
    0x22, 0x40, 0x29, 0xb, 0x9, 0x80, 0xf, 0xfe,
    0x5, 0xa8, 0x1, 0xd, 0x48, 0x19, 0x40, 0x3f,
    0xa, 0x26, 0x0, 0xa0, 0x20, 0x3, 0xff, 0x80,
    0xb7, 0x78, 0x0, 0x86, 0x2a, 0xee, 0x3, 0x77,
    0xe0, 0x9, 0xa2, 0x4, 0x1, 0x8, 0xc, 0x44,
    0x3, 0x11, 0xc0, 0x11, 0x3b, 0x98, 0x2, 0x5d,
    0xde, 0x1, 0xdd, 0xe0, 0xf, 0xf8, 0x8b, 0x80,
    0xc8, 0xb8, 0x3, 0xff, 0xa9, 0x35, 0x5e, 0x2,
    0xaa, 0xf1, 0x0, 0x7c, 0xea, 0xbe, 0x0, 0x2a,
    0xf9, 0x80, 0x3e, 0xef, 0xff, 0x1, 0x7f, 0xf9,
    0x0, 0x22, 0x50, 0x30, 0xf, 0xfe, 0x30, 0xe0,
    0x86, 0x20, 0x7, 0xff, 0x10, 0x70, 0x67, 0x2,
    0xe9, 0x0, 0x37, 0xe8, 0x7, 0xed, 0x26, 0x61,
    0xe9, 0xad, 0xff, 0x65, 0xdf, 0xd9, 0xae, 0x16,
    0x92, 0x0, 0x2c, 0xc3, 0x99, 0x89, 0x13, 0xe3,
    0x22, 0x3, 0xd8, 0x7, 0x1c, 0x66, 0xf7, 0xff,
    0xf2, 0x80,

    /* U+8FDF "迟" */
    0x0, 0x88, 0x3, 0xff, 0x93, 0x1a, 0x80, 0x1d,
    0x77, 0xfe, 0x0, 0xea, 0x1b, 0x40, 0x8, 0x51,
    0x3f, 0xc2, 0x1, 0x8b, 0x6, 0x88, 0x3, 0x2f,
    0xff, 0x90, 0x3, 0xe2, 0xa1, 0x80, 0xf, 0xfe,
    0x42, 0x55, 0x80, 0x7f, 0xf2, 0x54, 0x40, 0x3f,
    0xf8, 0xa5, 0x11, 0x80, 0x39, 0xe6, 0x7c, 0xc0,
    0x1c, 0xef, 0xc2, 0x1, 0x89, 0x9b, 0xc4, 0x1,
    0xc9, 0x98, 0x30, 0xf, 0x37, 0x77, 0xe1, 0x0,
    0x84, 0xcc, 0xe0, 0x18, 0xc0, 0x44, 0xea, 0x23,
    0xc0, 0x1f, 0xfc, 0x6, 0xe, 0x8, 0xb7, 0x0,
    0xff, 0xe2, 0x18, 0x28, 0x79, 0xc5, 0x0, 0x7f,
    0xf0, 0xec, 0xc, 0x7, 0x11, 0x6c, 0x3, 0xff,
    0x82, 0x46, 0xa0, 0x1a, 0xd5, 0x30, 0x3, 0xff,
    0x81, 0x1, 0xc0, 0x1d, 0x4c, 0x78, 0x1, 0xe2,
    0x50, 0x24, 0x53, 0x40, 0xf, 0x4a, 0x9e, 0x0,
    0x61, 0xf1, 0xd, 0x15, 0xf0, 0xf, 0xd4, 0x8c,
    0x1, 0xe, 0x13, 0xc8, 0xd0, 0x7, 0xfd, 0x76,
    0x0, 0xb4, 0x96, 0x1b, 0x9, 0x73, 0xf7, 0x2e,
    0xaa, 0xbb, 0x66, 0xe9, 0x2, 0xd2, 0x80, 0x7,
    0xb6, 0xc6, 0x4, 0x8a, 0xb2, 0x20, 0xcc, 0x4c,
    0xf, 0x60, 0x1c, 0x93, 0x9b, 0xdf, 0xff, 0xc4,

    /* U+8FFD "追" */
    0x0, 0xff, 0xe0, 0xa3, 0x8, 0x7, 0xf1, 0x20,
    0x7, 0xf4, 0xc8, 0xc0, 0x3f, 0xbe, 0xd0, 0x3,
    0xe2, 0x21, 0x90, 0x7, 0xf7, 0x5, 0x90, 0x0,
    0x7f, 0xed, 0x3, 0xff, 0xe0, 0xe, 0x3a, 0xf,
    0x0, 0xc2, 0xab, 0xf0, 0x80, 0x7c, 0xac, 0x50,
    0x1, 0x2d, 0x57, 0xc4, 0x1, 0xfa, 0x56, 0x0,
    0x3f, 0xf9, 0x34, 0x1, 0x9d, 0x9b, 0xe1, 0x0,
    0xf0, 0x8c, 0x1, 0xc7, 0x33, 0xf1, 0x0, 0x75,
    0x77, 0x56, 0x1, 0x8e, 0xab, 0xf8, 0x3, 0x62,
    0xa8, 0x3, 0xce, 0xab, 0xfc, 0x1, 0x9a, 0xac,
    0x3, 0xcd, 0x33, 0xfc, 0x40, 0x1f, 0xfc, 0x2,
    0x66, 0xff, 0x0, 0x7f, 0xf0, 0x13, 0xff, 0xe7,
    0x0, 0xff, 0xf8, 0x27, 0xff, 0xce, 0x1, 0xf3,
    0x3, 0x0, 0x5, 0x57, 0xfe, 0x60, 0xc, 0x90,
    0x5, 0x84, 0x15, 0x5f, 0xf1, 0x0, 0x47, 0x61,
    0xac, 0x7b, 0x4, 0x1, 0xff, 0xc1, 0x2c, 0xb,
    0x29, 0x90, 0x3e, 0xfe, 0xdd, 0xaa, 0xb5, 0xdb,
    0x30, 0xc4, 0x72, 0x80, 0x6, 0xf9, 0x53, 0x32,
    0x21, 0x57, 0x22, 0xc, 0xc4, 0x18, 0xc0, 0x1c,
    0xd5, 0x9d, 0xff, 0xfe, 0x40,

    /* U+9000 "退" */
    0x0, 0x94, 0x3, 0xff, 0x93, 0x34, 0xe0, 0x10,
    0xff, 0xff, 0xa8, 0x3, 0xa0, 0xa1, 0x40, 0x31,
    0xbb, 0xfc, 0x1, 0xf0, 0xf8, 0x51, 0x0, 0x4b,
    0x11, 0xf0, 0x7, 0xe2, 0x90, 0x40, 0x9, 0x5d,
    0xfe, 0x0, 0xfe, 0x6b, 0x60, 0x8, 0xe2, 0x3e,
    0x0, 0xff, 0x20, 0x6, 0x6f, 0xff, 0x80, 0x3c,
    0x6c, 0xd2, 0x0, 0x7f, 0xf1, 0xaa, 0x66, 0xf0,
    0xc, 0xdf, 0xff, 0x0, 0x7a, 0xee, 0x0, 0xf1,
    0x2a, 0xfe, 0xc4, 0x0, 0x89, 0x10, 0x1, 0xe4,
    0xaa, 0x45, 0x57, 0x6d, 0x90, 0x7, 0xff, 0x5,
    0xb6, 0x0, 0x7, 0xa9, 0x4, 0x1, 0xff, 0xc1,
    0x67, 0x76, 0xce, 0x1d, 0xb8, 0x7, 0xff, 0xe,
    0x2c, 0xd8, 0x7d, 0x0, 0x3f, 0xf8, 0xad, 0xe8,
    0x3a, 0x40, 0x1f, 0xfc, 0x13, 0x6a, 0xff, 0xd,
    0xc1, 0xea, 0x80, 0x72, 0x3, 0x0, 0x24, 0x16,
    0x55, 0x28, 0x0, 0xf6, 0x34, 0x60, 0x11, 0xd8,
    0x15, 0x88, 0xb, 0x5f, 0xdb, 0x80, 0x49, 0xee,
    0x60, 0x3, 0xc0, 0xb6, 0x4f, 0xc, 0x94, 0x0,
    0xf8, 0x60, 0x0, 0x5a, 0x12, 0x93, 0x20, 0x7d,
    0xed, 0xcb, 0xaa, 0xd7, 0x6c, 0xc3, 0x12, 0xbb,
    0x0, 0x1b, 0xa9, 0x88, 0xcc, 0x8a, 0xb9, 0x10,
    0x66, 0x50, 0xb8, 0x0, 0xe5, 0x9c, 0xef, 0xff,
    0xf1, 0x80,

    /* U+9001 "送" */
    0x0, 0xff, 0xe3, 0x8, 0x7, 0x88, 0xc0, 0x38,
    0x72, 0x0, 0x39, 0x79, 0x40, 0x3b, 0x34, 0x80,
    0x30, 0x83, 0xa0, 0x6, 0x80, 0x40, 0xe, 0xa1,
    0xf1, 0x0, 0xda, 0x34, 0x1, 0x41, 0x48, 0x80,
    0x72, 0x41, 0x50, 0x4, 0x21, 0x2c, 0x22, 0x47,
    0x37, 0x10, 0xf, 0x3a, 0x21, 0xc0, 0xfb, 0x90,
    0xfd, 0xcb, 0x3, 0xee, 0x60, 0x7, 0xa9, 0x5c,
    0x9, 0xdf, 0x18, 0x23, 0xbe, 0xa0, 0xf, 0xd,
    0x0, 0x6, 0x23, 0x20, 0x74, 0x46, 0x60, 0xc,
    0x23, 0x80, 0x3f, 0xf8, 0xd1, 0xdd, 0x68, 0x7,
    0xc2, 0x6, 0x1, 0xfb, 0x19, 0x80, 0x11, 0xff,
    0xf3, 0x4, 0xff, 0xf5, 0x80, 0x12, 0x64, 0x20,
    0x2, 0x66, 0xe2, 0x4, 0x66, 0xed, 0x0, 0xfc,
    0x33, 0x3c, 0x0, 0x89, 0x9e, 0x60, 0xf, 0xfe,
    0x9, 0x90, 0x69, 0x80, 0x7f, 0xf1, 0x47, 0x81,
    0x47, 0x1c, 0x3, 0xff, 0x86, 0x7e, 0x4b, 0x5a,
    0x51, 0x60, 0x1f, 0xfc, 0x2, 0xac, 0x16, 0xa0,
    0x2c, 0x34, 0xd2, 0x0, 0xe2, 0x11, 0x2, 0x6a,
    0x8d, 0x48, 0x4, 0x38, 0xa5, 0x80, 0x18, 0xb0,
    0xa, 0xd5, 0x1f, 0x94, 0x3, 0xd4, 0xc8, 0x1,
    0x16, 0xc, 0xaa, 0x7e, 0x50, 0x7, 0xf4, 0xd0,
    0x0, 0x70, 0x61, 0xaa, 0x46, 0x37, 0xb7, 0x2e,
    0xd5, 0x4b, 0xbb, 0x30, 0xe2, 0x8c, 0xe0, 0x6,
    0xf9, 0x52, 0x33, 0x22, 0x15, 0x48, 0x91, 0x98,
    0x82, 0xa4, 0x3, 0x9a, 0xb3, 0xbf, 0xff, 0xca,

    /* U+9006 "逆" */
    0x0, 0xff, 0x28, 0x7, 0x8c, 0x40, 0x3c, 0x70,
    0x1, 0xcf, 0x4c, 0x1, 0xdb, 0xe0, 0x1e, 0x87,
    0x60, 0xc, 0xe3, 0x0, 0x1a, 0x6, 0x40, 0x3d,
    0x43, 0x24, 0x1, 0xa4, 0x5c, 0x0, 0x4e, 0x6e,
    0x1, 0xe1, 0xa0, 0xe0, 0x89, 0x96, 0x86, 0xcc,
    0xbc, 0x1e, 0x66, 0x40, 0xc, 0x8a, 0x6a, 0xcd,
    0x28, 0x2b, 0x30, 0x81, 0x19, 0xa3, 0x0, 0xeb,
    0x65, 0xef, 0xfe, 0x30, 0xff, 0xf3, 0x80, 0x70,
    0xc8, 0x0, 0x48, 0x3, 0xf0, 0x90, 0x7, 0xfd,
    0x7a, 0x1, 0xfa, 0xf4, 0x3, 0x4f, 0xfd, 0x80,
    0x1f, 0xfc, 0x6c, 0x55, 0x0, 0x7f, 0xf2, 0x16,
    0xa8, 0x1, 0xff, 0xd1, 0x99, 0x88, 0x26, 0x67,
    0x0, 0xff, 0xe1, 0x33, 0x42, 0xc, 0xd1, 0x0,
    0x7f, 0xf0, 0x2b, 0xfe, 0xd0, 0x4f, 0xfe, 0x0,
    0xff, 0xe1, 0xb8, 0x18, 0x7, 0xff, 0x22, 0x2,
    0x80, 0x3f, 0xe3, 0x1, 0x0, 0xeb, 0x25, 0x20,
    0xf, 0xf1, 0xe0, 0x15, 0x0, 0x58, 0x87, 0x40,
    0x1f, 0xe3, 0xd0, 0xb6, 0x5e, 0x61, 0xa4, 0xc0,
    0xf, 0xf0, 0xe8, 0xd2, 0x4c, 0x82, 0x7a, 0x1e,
    0xea, 0x93, 0x2a, 0xaa, 0xf0, 0x44, 0xf0, 0xa0,
    0x6, 0xe9, 0x52, 0x22, 0x2a, 0x99, 0x8a, 0xb2,
    0x10, 0x84, 0xb8, 0x7, 0x35, 0x67, 0x7f, 0xff,
    0x70, 0x0,

    /* U+9009 "选" */
    0x0, 0xff, 0xe0, 0x91, 0x80, 0x7f, 0x84, 0x80,
    0x38, 0x44, 0x0, 0x9c, 0x0, 0xff, 0x66, 0x4,
    0x3, 0x5f, 0x8, 0x7, 0xff, 0x6, 0x47, 0x40,
    0x33, 0x88, 0x80, 0x3f, 0xf8, 0x28, 0xc7, 0x0,
    0x1, 0x20, 0xaa, 0x28, 0x55, 0x70, 0x80, 0x74,
    0x8b, 0x0, 0x18, 0x5, 0x54, 0x20, 0xab, 0xc6,
    0x1, 0xea, 0xc0, 0x4, 0x87, 0xfc, 0x81, 0xff,
    0xc4, 0x1, 0xe4, 0x20, 0x51, 0x60, 0xf, 0xfe,
    0x11, 0x2a, 0xc8, 0xc, 0xb4, 0x1, 0xff, 0xc2,
    0xaa, 0xd2, 0xa, 0x57, 0x11, 0x30, 0x44, 0x78,
    0x40, 0x15, 0x50, 0x5, 0x4e, 0xfc, 0x40, 0xef,
    0xe3, 0x0, 0x12, 0xa8, 0x40, 0x19, 0xfe, 0xe0,
    0x5f, 0xd0, 0x7f, 0xfc, 0x40, 0x1f, 0xfd, 0x62,
    0x2, 0x0, 0xff, 0xe4, 0x20, 0x68, 0x7, 0x87,
    0xd4, 0x3, 0xfc, 0x52, 0x2a, 0x1, 0xe3, 0x3,
    0x0, 0xfe, 0x3c, 0x1b, 0x0, 0x18, 0x18, 0x82,
    0x1, 0x80, 0x63, 0x13, 0x5, 0xc1, 0x95, 0x0,
    0x8, 0x93, 0xbe, 0x41, 0x0, 0x22, 0xd0, 0x1b,
    0x73, 0xb6, 0x0, 0xd9, 0xe, 0xe9, 0xd1, 0x0,
    0x16, 0xd, 0xc2, 0x65, 0x28, 0x7, 0x13, 0xc4,
    0x18, 0x80, 0x3, 0x83, 0x8, 0xf4, 0x13, 0xdb,
    0x75, 0x32, 0x88, 0x4c, 0xd5, 0x66, 0x28, 0xce,
    0x0, 0x5e, 0xa5, 0x15, 0x53, 0x31, 0xdc, 0xcd,
    0x2a, 0x10, 0x54, 0x80, 0x72, 0xd6, 0x77, 0xff,
    0xf8, 0x40,

    /* U+900F "透" */
    0x0, 0xc, 0x0, 0x7f, 0xf0, 0x8, 0xd5, 0xd4,
    0x3, 0xa1, 0xe4, 0x2, 0x89, 0x95, 0x66, 0xf7,
    0xee, 0x54, 0x60, 0x7, 0x49, 0x32, 0x0, 0x15,
    0xd1, 0x9c, 0x6, 0x2a, 0xf7, 0xe4, 0x3, 0xd2,
    0x14, 0x0, 0xde, 0xdc, 0xb5, 0x7, 0x54, 0x20,
    0xf, 0xc8, 0xa2, 0xe6, 0xef, 0xc8, 0xe, 0xff,
    0x0, 0x7a, 0x15, 0xd6, 0x23, 0x8c, 0x22, 0x3d,
    0x20, 0x1e, 0x2a, 0x6, 0xff, 0xa4, 0x8, 0x14,
    0x23, 0xfe, 0xe0, 0xf, 0xfe, 0x4, 0xca, 0x14,
    0x29, 0x62, 0xc4, 0x3, 0xab, 0xfe, 0x90, 0x2,
    0xf3, 0x4b, 0x80, 0x55, 0x29, 0xd0, 0x20, 0x16,
    0xaa, 0x80, 0x9, 0xd4, 0x78, 0xc1, 0xc4, 0x0,
    0x6d, 0x47, 0xe9, 0x0, 0x3d, 0x58, 0x1, 0x42,
    0x6a, 0x6a, 0x98, 0xf5, 0x53, 0x5d, 0x93, 0x80,
    0x3e, 0x1e, 0x60, 0x17, 0x51, 0x19, 0x94, 0x0,
    0x96, 0xe0, 0x1f, 0xe7, 0xb4, 0x1b, 0xbc, 0x6,
    0xcc, 0x10, 0xf, 0xfe, 0xa, 0x28, 0x5, 0x81,
    0x13, 0x22, 0x0, 0xff, 0xe0, 0x29, 0x68, 0x5,
    0x5d, 0xc6, 0x3, 0x0, 0xff, 0x92, 0x8d, 0x80,
    0x21, 0x19, 0x44, 0x3, 0xc6, 0x1, 0xa2, 0xcb,
    0x40, 0x22, 0x67, 0xb3, 0x40, 0xe, 0x1f, 0x6,
    0x42, 0x74, 0xc1, 0x0, 0xd3, 0x8, 0xb6, 0x1,
    0x87, 0x9, 0x86, 0xe2, 0x6c, 0x40, 0x31, 0x66,
    0xfd, 0x8, 0x4, 0x5e, 0x4f, 0x38, 0x6b, 0x3f,
    0x97, 0x6a, 0xaa, 0x62, 0xee, 0xcb, 0x3, 0x27,
    0x80, 0x2c, 0xb6, 0x32, 0x44, 0x2a, 0xf2, 0x24,
    0x62, 0x3, 0x90, 0x1, 0x92, 0x73, 0xbf, 0xff,
    0xea, 0x0,

    /* U+9010 "逐" */
    0x0, 0x24, 0x0, 0x7f, 0xf2, 0xbd, 0xd8, 0x2,
    0x9f, 0xff, 0xfe, 0x7, 0x0, 0x6a, 0x19, 0x20,
    0x6, 0x33, 0x64, 0x0, 0x23, 0x37, 0x0, 0x61,
    0xb0, 0xe0, 0x2, 0xcc, 0xda, 0xa1, 0x37, 0x33,
    0xa0, 0x3, 0x95, 0xd, 0x0, 0x34, 0xd8, 0xcb,
    0x0, 0x43, 0x40, 0x1f, 0x4c, 0x20, 0x1, 0xb9,
    0x90, 0x28, 0x3, 0x6a, 0x98, 0x7, 0x89, 0xc1,
    0xb6, 0x42, 0xad, 0xcd, 0x80, 0x70, 0xec, 0xc0,
    0x30, 0x8c, 0x0, 0xd2, 0x7f, 0x53, 0x60, 0xb3,
    0xf3, 0xa4, 0x0, 0xd5, 0xdd, 0x50, 0x4f, 0x40,
    0xbe, 0x2, 0x96, 0x6, 0x28, 0x7, 0x62, 0xa8,
    0x2, 0x21, 0x5d, 0x84, 0xf9, 0x0, 0x41, 0x80,
    0x79, 0xaa, 0xc0, 0x24, 0xda, 0x39, 0xb0, 0xe0,
    0x4, 0xb0, 0x7, 0xff, 0x3, 0xc9, 0xfd, 0x8f,
    0xc8, 0x80, 0xb2, 0xe0, 0x1f, 0xf4, 0xf4, 0xb,
    0x60, 0x62, 0x5, 0xa4, 0x40, 0x3, 0xfc, 0x42,
    0x57, 0x25, 0x86, 0x20, 0xb, 0x47, 0x90, 0xf,
    0xe1, 0x8d, 0x46, 0xd2, 0x0, 0xea, 0x26, 0x30,
    0xf, 0xda, 0xe7, 0x92, 0x1, 0x18, 0x8, 0xf,
    0xc1, 0x80, 0x65, 0x1, 0x9, 0xac, 0x30, 0x57,
    0xa4, 0x20, 0x8, 0x9c, 0x3, 0x1d, 0x82, 0x42,
    0xa8, 0x2, 0x88, 0x29, 0x70, 0x7, 0xe3, 0xc0,
    0xa4, 0x7d, 0x50, 0xb, 0xaf, 0xb4, 0xc0, 0x3e,
    0x1d, 0xa, 0x5b, 0x72, 0xaf, 0xdb, 0x9d, 0x89,
    0x9e, 0xaa, 0x58, 0xb, 0x4a, 0x80, 0x23, 0xa1,
    0x41, 0x54, 0xcd, 0xf2, 0xa8, 0x2, 0x86, 0x0,
    0xc2, 0xf5, 0xbd, 0xff, 0xfe, 0xb0,

    /* U+9012 "递" */
    0x0, 0xff, 0x10, 0x7, 0x8c, 0x3, 0xe1, 0x40,
    0xe, 0x2d, 0x90, 0xc, 0x79, 0x20, 0x1e, 0xdb,
    0x30, 0xc, 0x4a, 0xc6, 0x1, 0x40, 0x40, 0x7,
    0xb8, 0x34, 0x40, 0x34, 0x2, 0x0, 0x15, 0x1c,
    0x40, 0x3c, 0x54, 0x34, 0x3, 0xfe, 0xd0, 0x8f,
    0xf5, 0x3, 0xff, 0x84, 0x3, 0x95, 0x48, 0x62,
    0xef, 0xc4, 0xe, 0xf1, 0x80, 0x7e, 0xba, 0x30,
    0x88, 0xe6, 0x8, 0x89, 0x40, 0x3f, 0xa, 0x80,
    0x19, 0xbc, 0xc, 0xd2, 0x80, 0x73, 0xcc, 0xca,
    0x0, 0x99, 0xe2, 0x9, 0x98, 0xc0, 0x3a, 0xd9,
    0xac, 0x1, 0x2, 0xff, 0x90, 0x3f, 0xf8, 0x40,
    0x2c, 0xee, 0x0, 0x46, 0x2, 0x1, 0xff, 0xc3,
    0x10, 0xc, 0xc0, 0x2e, 0xf3, 0x3, 0xbf, 0x80,
    0x3f, 0x84, 0xa, 0x22, 0x20, 0x88, 0xf0, 0x80,
    0x7e, 0x5f, 0xfb, 0x48, 0x1, 0xff, 0x94, 0x4,
    0x3, 0xfe, 0x2f, 0x21, 0x0, 0xe1, 0x0, 0xff,
    0xe0, 0x26, 0x15, 0xa8, 0x7, 0x30, 0x7, 0xf8,
    0x66, 0xc3, 0x10, 0x3, 0x45, 0x91, 0x0, 0x39,
    0x0, 0xcb, 0x99, 0x3c, 0xc0, 0x38, 0x90, 0x60,
    0x3, 0x2d, 0x2, 0xa4, 0x55, 0x88, 0x7, 0xaf,
    0xb8, 0xa0, 0x12, 0xd0, 0xe2, 0x4e, 0xb8, 0x6,
    0xc5, 0x0, 0x8, 0x80, 0x31, 0xd0, 0xe9, 0xdb,
    0x2e, 0xf5, 0xd4, 0xf9, 0x44, 0x53, 0x2a, 0xa2,
    0x9a, 0x61, 0x80, 0x27, 0x5c, 0x95, 0x4c, 0xef,
    0xcc, 0xc5, 0x50, 0x85, 0x90, 0x6, 0x28, 0xce,
    0xff, 0xff, 0x90,

    /* U+9014 "途" */
    0x0, 0x88, 0x3, 0xf8, 0xea, 0x0, 0x3f, 0x8f,
    0x6c, 0x3, 0xe1, 0xd4, 0x79, 0x0, 0xfc, 0x6a,
    0x92, 0x1, 0xc5, 0x81, 0x90, 0xd4, 0x1, 0xfa,
    0x89, 0x98, 0x1, 0x26, 0x16, 0x93, 0xc2, 0xe1,
    0x0, 0x7d, 0xe1, 0x60, 0x9, 0xb3, 0xd3, 0x0,
    0x3d, 0x16, 0xc0, 0x7, 0x8a, 0x7d, 0xb9, 0x82,
    0x95, 0xdf, 0x13, 0x93, 0xf3, 0x80, 0x73, 0x1d,
    0x9d, 0x84, 0x47, 0xcd, 0x14, 0x1e, 0x6, 0xef,
    0x28, 0xe6, 0xa7, 0xfd, 0xc0, 0x9f, 0xf2, 0xab,
    0xa0, 0x2e, 0x22, 0x90, 0x10, 0xf, 0xfe, 0x25,
    0x5d, 0x80, 0x33, 0xbf, 0x48, 0x33, 0xbf, 0x28,
    0x0, 0x91, 0x2, 0x0, 0x18, 0x8e, 0x70, 0x28,
    0x8e, 0xe0, 0xf, 0xc3, 0xfe, 0xef, 0xf7, 0x2,
    0x7f, 0xf5, 0x80, 0x7f, 0xdb, 0x0, 0x1c, 0xb4,
    0x1, 0xff, 0xc1, 0x73, 0xe0, 0xe, 0x25, 0xa0,
    0xf, 0xf9, 0x21, 0x18, 0x3, 0x9d, 0xcb, 0x20,
    0x1f, 0xc7, 0x65, 0x40, 0x1f, 0x42, 0x33, 0x80,
    0x64, 0x11, 0x4, 0x8f, 0x8a, 0xce, 0x0, 0x80,
    0x56, 0x56, 0x1, 0x1d, 0x81, 0x64, 0x61, 0x0,
    0x18, 0x86, 0x40, 0x37, 0x68, 0x0, 0xb4, 0x29,
    0xcf, 0x68, 0x81, 0x6f, 0x78, 0xc0, 0x31, 0x88,
    0xe, 0xc, 0x2c, 0x50, 0xbe, 0xfe, 0xfc, 0xd5,
    0x75, 0xdb, 0x2c, 0x51, 0x9c, 0x0, 0xbd, 0x4c,
    0x66, 0x44, 0x2a, 0xf2, 0x20, 0xc4, 0x2a, 0x40,
    0x39, 0x67, 0x3b, 0xff, 0xfd, 0x40,

    /* U+901A "通" */
    0x0, 0x98, 0x40, 0x3f, 0xf9, 0x27, 0x34, 0x1,
    0x3f, 0xff, 0xfd, 0xc0, 0x1c, 0x6c, 0x8c, 0x0,
    0x48, 0x82, 0xc4, 0x72, 0x80, 0x10, 0x3, 0xd2,
    0x32, 0x40, 0x6e, 0xcb, 0x44, 0xee, 0xf5, 0x1a,
    0xa0, 0x7, 0xd6, 0x10, 0x1, 0xe, 0x35, 0x67,
    0x3b, 0x7a, 0x80, 0x7e, 0x55, 0x40, 0x1b, 0xb9,
    0x30, 0x8c, 0x53, 0x99, 0xdc, 0x1, 0xfa, 0x88,
    0x12, 0x23, 0x10, 0x1, 0x22, 0x30, 0x6, 0x35,
    0x58, 0xc0, 0x36, 0x7f, 0xb4, 0x1f, 0xfe, 0x50,
    0xe, 0xfa, 0xaa, 0x40, 0x3e, 0x30, 0xf, 0xfa,
    0x61, 0xc0, 0x3d, 0x9f, 0xee, 0x7, 0xff, 0x94,
    0x3, 0x95, 0xe4, 0x3, 0xca, 0xcd, 0x1, 0xb3,
    0x44, 0x1, 0xff, 0xc2, 0x99, 0xa0, 0x12, 0x66,
    0x70, 0xf, 0xfe, 0x12, 0x2a, 0x9c, 0xd, 0x56,
    0x60, 0xf, 0xfe, 0x14, 0x55, 0x24, 0x12, 0xaa,
    0x30, 0xf, 0xfe, 0x15, 0xee, 0xb0, 0x1b, 0x76,
    0x40, 0xf, 0xfe, 0x13, 0x91, 0x40, 0x24, 0x50,
    0x7, 0xe6, 0x4, 0x10, 0xf, 0xf5, 0x62, 0x20,
    0x3, 0x9e, 0x8, 0x68, 0x11, 0x88, 0x0, 0x2f,
    0x80, 0x6e, 0xea, 0x0, 0xcd, 0x3, 0xf2, 0x9a,
    0xf2, 0x20, 0x14, 0x20, 0x4d, 0xc0, 0x80, 0x43,
    0x21, 0xa4, 0xd4, 0x57, 0xf9, 0x75, 0x33, 0xf5,
    0x54, 0x3, 0x16, 0x60, 0x5, 0xe9, 0x41, 0x45,
    0x66, 0xf9, 0x54, 0xe0, 0x7, 0x40, 0xc, 0x2d,
    0x7b, 0xff, 0x77, 0x6f, 0xfd, 0xa0,

    /* U+9053 "道" */
    0x0, 0xfe, 0x44, 0x0, 0x73, 0xa8, 0x7, 0x24,
    0x0, 0x7a, 0x68, 0x40, 0x23, 0x88, 0x0, 0x74,
    0xbb, 0x0, 0x74, 0x8c, 0x0, 0x7, 0x43, 0xc0,
    0x3b, 0xc2, 0x48, 0x22, 0x65, 0xa0, 0x93, 0x2d,
    0x12, 0xb9, 0x98, 0x0, 0x50, 0x1c, 0xc, 0xd8,
    0x9, 0x98, 0x60, 0x4c, 0xd8, 0x2, 0x72, 0x34,
    0xef, 0xfe, 0x20, 0xff, 0xf8, 0x3, 0x4b, 0xa0,
    0x9, 0x9c, 0xa4, 0x67, 0xe0, 0xf, 0x24, 0x0,
    0x13, 0x32, 0xa0, 0x3c, 0xce, 0x0, 0x8d, 0x12,
    0x30, 0xc, 0xfb, 0xbf, 0x20, 0x6, 0xfb, 0xba,
    0x0, 0x37, 0x91, 0x7c, 0x1, 0xd4, 0xee, 0x0,
    0xf4, 0x7f, 0xfc, 0x80, 0x19, 0xa2, 0x0, 0x1e,
    0x5a, 0xaf, 0x8c, 0x3, 0xff, 0x83, 0xaa, 0xbf,
    0x38, 0x7, 0xff, 0x6, 0x3f, 0xfe, 0x40, 0xf,
    0xfe, 0xa, 0xcc, 0xfc, 0x40, 0x1f, 0xfc, 0x1d,
    0x66, 0xfc, 0x1, 0xff, 0xc1, 0xd6, 0x6f, 0xc0,
    0x1e, 0x50, 0x51, 0x1, 0x5, 0x99, 0xf8, 0x80,
    0x39, 0x28, 0x6, 0x81, 0x3f, 0xff, 0xe0, 0x8,
    0xa8, 0x25, 0x53, 0x10, 0x3, 0xff, 0x85, 0xc2,
    0xed, 0x4a, 0x77, 0xf9, 0x75, 0x54, 0xcd, 0x55,
    0x5b, 0x4b, 0x40, 0x2, 0xad, 0x48, 0x88, 0xab,
    0x33, 0x4a, 0xb2, 0x1a, 0xc8, 0x6, 0x4a, 0xde,
    0xff, 0xff, 0x94,

    /* U+9057 "遗" */
    0x0, 0xff, 0xe0, 0x9a, 0x80, 0x7f, 0xc4, 0x1,
    0xfd, 0x34, 0x20, 0x1f, 0xd5, 0xa6, 0x1, 0x2b,
    0x37, 0x3, 0x37, 0x10, 0x6, 0x90, 0xd2, 0x0,
    0x5c, 0xce, 0x30, 0x89, 0x9c, 0x80, 0x18, 0xec,
    0x7c, 0x40, 0xb, 0xff, 0x28, 0x77, 0xfb, 0x40,
    0x3e, 0x48, 0x24, 0x0, 0x9, 0x9c, 0x20, 0xa6,
    0x67, 0x0, 0xfc, 0xf4, 0xa0, 0x4, 0xcc, 0x90,
    0x2f, 0x31, 0x40, 0x1f, 0xca, 0x0, 0xfe, 0xec,
    0xa1, 0xbd, 0xd9, 0x80, 0x22, 0x2c, 0x22, 0x76,
    0x6f, 0x2, 0xb3, 0x67, 0x70, 0x3, 0xb7, 0x68,
    0x38, 0x8f, 0x18, 0x44, 0x7c, 0x0, 0x98, 0x70,
    0x1, 0x7f, 0xff, 0xf0, 0xc0, 0xa, 0xf2, 0x1,
    0x9b, 0xff, 0xfd, 0xc0, 0x1f, 0xf0, 0x83, 0xcc,
    0xfc, 0x42, 0x1, 0xff, 0xc1, 0xb6, 0x61, 0x3,
    0x36, 0x0, 0xff, 0xe2, 0xf4, 0x80, 0x7f, 0xf2,
    0x5c, 0x94, 0x3, 0xff, 0x86, 0xfc, 0x61, 0x4,
    0xd5, 0xf3, 0x1c, 0x1, 0xe5, 0x0, 0xf3, 0x6b,
    0xa5, 0xf3, 0x33, 0x2c, 0xc0, 0x32, 0x58, 0x32,
    0x1e, 0x74, 0x8d, 0x58, 0xc, 0xf3, 0x2e, 0x8,
    0x1, 0x2c, 0x20, 0x6e, 0x82, 0x37, 0x14, 0x3,
    0xc, 0xec, 0x8, 0x1d, 0x84, 0xbe, 0x1b, 0x1d,
    0xc4, 0xca, 0x23, 0xd7, 0xd4, 0xa6, 0x52, 0xc0,
    0x59, 0x6c, 0x8, 0xcc, 0x77, 0xf3, 0x31, 0x40,
    0x1a, 0xc0, 0x19, 0x27, 0x3b, 0xff, 0xfe, 0x50,

    /* U+906E "遮" */
    0x0, 0xff, 0xe0, 0x8a, 0x80, 0x7f, 0x88, 0x3,
    0xfc, 0xf4, 0x60, 0x1f, 0x8b, 0x68, 0x3, 0xf9,
    0x2, 0xc0, 0x3f, 0x12, 0xaa, 0x0, 0x3, 0xff,
    0xda, 0xf, 0xff, 0xcc, 0x1, 0x51, 0xba, 0x80,
    0x49, 0x11, 0xff, 0x28, 0x6, 0xe0, 0xb1, 0x0,
    0x1b, 0xbb, 0x49, 0xde, 0xe0, 0x77, 0x18, 0x6,
    0x29, 0x51, 0x0, 0xc2, 0xba, 0x1, 0x3e, 0x0,
    0x7e, 0x6b, 0x0, 0x85, 0x98, 0x6, 0xcd, 0xb,
    0x34, 0x80, 0x1f, 0xe2, 0x98, 0x4, 0x99, 0x80,
    0xa6, 0x5c, 0x9, 0x99, 0x80, 0x36, 0x7f, 0x3,
    0xff, 0xc2, 0x9f, 0xea, 0x0, 0x8, 0x88, 0xc4,
    0xc, 0x3, 0xff, 0x86, 0x9b, 0xa7, 0x0, 0x84,
    0x4, 0x2, 0x36, 0x68, 0x40, 0x3f, 0xf8, 0xc,
    0x4, 0x1, 0x24, 0xcc, 0x2, 0x1, 0xff, 0x10,
    0x30, 0xf, 0xff, 0xa8, 0x3, 0xfe, 0xc0, 0x26,
    0xc0, 0xa5, 0x2c, 0x17, 0xd0, 0xf, 0xe1, 0x44,
    0x6, 0x0, 0x1b, 0x8, 0xdd, 0x49, 0x40, 0x3f,
    0x30, 0x70, 0x2d, 0x82, 0x90, 0x26, 0x11, 0xc8,
    0x7, 0x28, 0x15, 0xa, 0xa8, 0x14, 0x5, 0x83,
    0x10, 0x24, 0xcc, 0x1, 0x59, 0x86, 0xcd, 0x7,
    0x19, 0x7, 0x30, 0x1a, 0x2, 0x8b, 0x0, 0x2d,
    0x11, 0x3, 0x44, 0x15, 0xc0, 0x6, 0xb0, 0x4a,
    0x0, 0x7a, 0x84, 0xa2, 0x2d, 0xe8, 0x67, 0xf2,
    0x6a, 0x67, 0xea, 0xba, 0x28, 0x6b, 0x0, 0x2f,
    0x42, 0x2, 0xa9, 0x9b, 0xe5, 0x52, 0x10, 0xc8,
    0x6, 0x17, 0xbd, 0xef, 0xfb, 0xbb, 0x7f, 0xdc,
    0x0,

    /* U+907F "避" */
    0x0, 0xff, 0xe6, 0x99, 0x80, 0x3f, 0xf8, 0x5,
    0xee, 0x1, 0xed, 0xd0, 0x80, 0x5d, 0xff, 0x9c,
    0x0, 0x44, 0xb0, 0xf, 0x68, 0xe8, 0x4, 0x24,
    0xaa, 0x0, 0x3c, 0xc8, 0xe, 0x66, 0x0, 0x8e,
    0xe, 0x0, 0x25, 0xaa, 0x8, 0x5b, 0x30, 0x81,
    0x9a, 0x0, 0xce, 0x6e, 0x20, 0x1f, 0x63, 0x8f,
    0xf9, 0x53, 0xc0, 0x3b, 0xb0, 0x40, 0x3f, 0x68,
    0x88, 0x18, 0x80, 0x3c, 0x46, 0x1, 0x3f, 0xf8,
    0x40, 0xc, 0x4, 0x5, 0xc0, 0x12, 0x2a, 0xc4,
    0x1, 0x23, 0xbc, 0x60, 0x20, 0xc2, 0x30, 0x5,
    0x15, 0x58, 0x4, 0x3a, 0x22, 0x7f, 0xd0, 0xae,
    0x9, 0xf6, 0x8, 0xa9, 0x0, 0x94, 0x1c, 0x2,
    0x28, 0x88, 0x82, 0x22, 0x50, 0x45, 0x70, 0xb,
    0x3, 0x7f, 0xe6, 0x77, 0xc2, 0xef, 0x18, 0x7,
    0xca, 0x0, 0x88, 0x7, 0x80, 0x7f, 0xf0, 0xcc,
    0x90, 0x1d, 0xc2, 0xd, 0x10, 0x71, 0x88, 0x84,
    0x3, 0xd0, 0x1a, 0x1, 0xd6, 0xee, 0x20, 0x77,
    0x88, 0x3, 0x91, 0x10, 0x60, 0x1d, 0x9d, 0xc5,
    0x1e, 0xe8, 0xc0, 0x39, 0x31, 0xc0, 0x13, 0x21,
    0x1, 0x18, 0x0, 0x23, 0x0, 0x69, 0x3, 0x30,
    0x4, 0xcc, 0xf, 0x0, 0xff, 0x99, 0xc9, 0x24,
    0x17, 0xff, 0x38, 0x4, 0x60, 0x1e, 0x49, 0x2c,
    0x76, 0xc3, 0x0, 0xfd, 0x3c, 0x1, 0x8a, 0xc3,
    0xc6, 0x24, 0xf3, 0xae, 0x62, 0x3e, 0x9a, 0xa2,
    0x92, 0x59, 0x0, 0x1b, 0x9c, 0x95, 0x9d, 0xfe,
    0x65, 0x50, 0x85, 0xa0, 0x6, 0x18, 0xce, 0xff,
    0xff, 0x90,

    /* U+90A3 "那" */
    0x0, 0xff, 0xe5, 0xf, 0xff, 0xf5, 0x0, 0x3f,
    0xfe, 0x80, 0x2, 0x20, 0x40, 0xd1, 0x20, 0xe,
    0x14, 0x48, 0xc3, 0xc0, 0x6e, 0xce, 0x1b, 0x77,
    0x0, 0x72, 0xdd, 0xd4, 0x6, 0x1, 0xff, 0xc7,
    0xd0, 0x40, 0xf, 0xfe, 0x3a, 0x28, 0x0, 0x6e,
    0xc8, 0x15, 0x77, 0x0, 0x7e, 0x50, 0xf0, 0x9,
    0x10, 0x40, 0x89, 0x80, 0xc0, 0x3d, 0x80, 0x80,
    0x1, 0xff, 0x30, 0x7f, 0xe0, 0xf, 0xce, 0x62,
    0x1, 0xc6, 0x1, 0xff, 0xc1, 0x23, 0x30, 0x7,
    0xff, 0x1f, 0x47, 0x80, 0x5, 0x54, 0x40, 0xaa,
    0xc0, 0x1f, 0x86, 0x9, 0x81, 0x95, 0x42, 0xa,
    0xb8, 0x3, 0xf9, 0x82, 0xc1, 0x3f, 0xc0, 0x9f,
    0xf7, 0x0, 0x7f, 0x8c, 0x80, 0x22, 0x3, 0x0,
    0xe1, 0x0, 0xff, 0x8, 0x1, 0x43, 0x0, 0x3f,
    0xf8, 0x26, 0x60, 0x10, 0x5, 0xa, 0x0, 0x7f,
    0x8b, 0x3b, 0x1, 0x80, 0xa, 0x52, 0x1, 0x88,
    0x3c, 0x3, 0x11, 0x89, 0xc4, 0x80, 0x20, 0x5c,
    0x1a, 0x6b, 0x0, 0x80, 0x3b, 0xbf, 0x1c, 0x1,
    0x25, 0x60, 0x1, 0x65, 0x6, 0x50, 0xe, 0x10,
    0xe, 0xf5, 0x50, 0x1, 0xf3, 0x7e, 0x40, 0x3f,
    0xf8, 0x0,

    /* U+90E8 "部" */
    0x0, 0xe5, 0x50, 0x7, 0xff, 0x22, 0x28, 0x3,
    0xff, 0x90, 0xa0, 0x60, 0x1d, 0x5f, 0xfe, 0xb0,
    0x19, 0x9c, 0x61, 0xf3, 0x32, 0x80, 0x48, 0x98,
    0x2, 0x36, 0x6c, 0x80, 0x6c, 0xd7, 0x80, 0x55,
    0x76, 0x80, 0xc0, 0x2f, 0xc0, 0x9f, 0xf9, 0x3,
    0xe8, 0x3, 0xd4, 0xa, 0x1, 0x18, 0x70, 0x4,
    0xa6, 0x1, 0xf9, 0xc8, 0x80, 0x18, 0x8c, 0x0,
    0x22, 0x40, 0xf, 0x90, 0x54, 0x3, 0x99, 0x80,
    0x5, 0xd, 0x0, 0xfb, 0x42, 0x80, 0x13, 0x33,
    0x14, 0xca, 0x3, 0xe6, 0x44, 0x1, 0x9c, 0x88,
    0x0, 0x66, 0x88, 0x19, 0x86, 0xa, 0xcd, 0x0,
    0x63, 0x22, 0x0, 0x3f, 0xff, 0xf8, 0x8, 0x1,
    0xbc, 0x38, 0x3, 0xff, 0x8e, 0x4e, 0x6a, 0x1,
    0x7f, 0xfe, 0x90, 0xf, 0xa4, 0x38, 0x0, 0x20,
    0x4c, 0xd9, 0x40, 0xc0, 0x3e, 0x13, 0x40, 0xc,
    0xf3, 0x3a, 0xc0, 0x3f, 0xcc, 0x2, 0x1, 0xff,
    0xda, 0x14, 0x75, 0x11, 0x0, 0x7f, 0xf1, 0x12,
    0xe0, 0x24, 0x3, 0x84, 0x71, 0x80, 0x7c, 0xad,
    0x18, 0xe0, 0x19, 0x7b, 0xb6, 0x80, 0x7e, 0x97,
    0x30, 0x8, 0x5d, 0xff, 0x78, 0x7, 0xfc,

    /* U+90FD "都" */
    0x0, 0xe1, 0x20, 0xf, 0xfe, 0x44, 0xe9, 0x0,
    0x7f, 0xf3, 0x59, 0x81, 0x9f, 0xfe, 0x50, 0x3,
    0xbc, 0x81, 0x4e, 0xe1, 0x98, 0x0, 0x95, 0x63,
    0x0, 0xd1, 0x11, 0x83, 0xc4, 0x41, 0x20, 0x1,
    0xaa, 0x94, 0x1c, 0x1, 0xff, 0x38, 0x6f, 0xeb,
    0x13, 0x80, 0x79, 0x8, 0x80, 0x1f, 0xdc, 0x12,
    0x1, 0xe2, 0x22, 0x0, 0x7f, 0x41, 0xb2, 0x0,
    0x79, 0x3, 0x40, 0x1b, 0xff, 0x38, 0x6b, 0x83,
    0x7f, 0x98, 0x3, 0x68, 0x20, 0x2, 0xdd, 0xf1,
    0x81, 0x3b, 0xe5, 0x0, 0xc8, 0x80, 0x9, 0xa2,
    0x2f, 0x31, 0xc8, 0x8c, 0x60, 0x10, 0x83, 0x0,
    0x7a, 0xa0, 0xb0, 0x40, 0x3f, 0xd, 0x14, 0x0,
    0x47, 0xaa, 0x5, 0xbf, 0xf4, 0x0, 0x79, 0x4d,
    0xc4, 0x23, 0x8, 0x62, 0x33, 0x80, 0x7f, 0x40,
    0x33, 0x1c, 0xcc, 0xe, 0xfa, 0x0, 0x3f, 0x90,
    0x31, 0xaf, 0x18, 0x8, 0xb1, 0x80, 0x7f, 0x85,
    0xc1, 0x0, 0x3, 0xbb, 0xb0, 0x3, 0xfc, 0x20,
    0x1c, 0x37, 0x7c, 0x1, 0xf1, 0x1d, 0x2, 0x80,
    0x72, 0x27, 0x0, 0x7d, 0xb8, 0xa3, 0x60, 0x1c,
    0x67, 0xc0, 0x1f, 0x4c, 0x5f, 0x10, 0x6, 0x1c,
    0xce, 0x0, 0xf9, 0x9d, 0x0, 0x3a, 0x6e, 0xfe,
    0xa0, 0xf, 0xf0,

    /* U+914D "配" */
    0xcd, 0xdf, 0xf1, 0xce, 0x67, 0xa4, 0x0, 0xcd,
    0x9, 0x8, 0x13, 0x34, 0x4, 0x67, 0xe5, 0x0,
    0x55, 0xda, 0x3, 0x94, 0x6e, 0xe3, 0xbf, 0xfe,
    0x0, 0xff, 0xe7, 0xc4, 0x38, 0x2d, 0x6, 0x20,
    0xc0, 0x1f, 0xf0, 0xbb, 0x94, 0x18, 0xc1, 0xdd,
    0xa0, 0x1f, 0xfc, 0x16, 0xb0, 0xc7, 0x1f, 0x0,
    0xff, 0xe3, 0x8, 0x7, 0xa2, 0xef, 0x80, 0x3e,
    0x10, 0x30, 0xf, 0x2a, 0x27, 0x0, 0x7d, 0x82,
    0x20, 0xf, 0x87, 0xff, 0xb0, 0x3, 0x1b, 0xb8,
    0x3c, 0x64, 0x3, 0xff, 0x86, 0xa3, 0x60, 0xc8,
    0x80, 0xf, 0xfe, 0x19, 0xd1, 0x0, 0xde, 0x80,
    0x7f, 0xf0, 0xd9, 0x4, 0x78, 0x3, 0xff, 0x86,
    0xbd, 0xde, 0x0, 0xff, 0x43, 0x80, 0x49, 0x55,
    0xe0, 0xf, 0xf2, 0x40, 0x4, 0x4a, 0xbe, 0x0,
    0xff, 0x11, 0x0, 0x3f, 0xf8, 0x22, 0x30, 0x4,
    0x42, 0xc0, 0x12, 0x4c, 0xf8, 0x2, 0x60, 0xfa,
    0xa5, 0xe0, 0x60, 0x4, 0x4c, 0xde, 0x0, 0xa0,
    0xc5, 0x54, 0x80, 0xae, 0x3, 0xff, 0xfd, 0x60,
    0x59, 0xff, 0xba, 0x80, 0x0,

    /* U+9192 "醒" */
    0x0, 0xff, 0xe0, 0x11, 0x7f, 0x0, 0x7, 0xff,
    0xfb, 0x83, 0x77, 0xf8, 0x0, 0x2c, 0xd0, 0x99,
    0x85, 0x9a, 0x0, 0x2e, 0x67, 0x28, 0x6, 0x99,
    0x89, 0x10, 0x73, 0x28, 0x0, 0x11, 0x9f, 0x10,
    0x7, 0xff, 0x11, 0xff, 0xf9, 0xc0, 0x31, 0x44,
    0x9, 0x10, 0x71, 0x2, 0x0, 0x24, 0xcf, 0x20,
    0x6, 0x67, 0x70, 0x99, 0x85, 0xdc, 0x20, 0x3,
    0x66, 0xe3, 0x0, 0xf4, 0x92, 0xa8, 0xa4, 0x3,
    0x1b, 0xbf, 0x18, 0x7, 0x90, 0x48, 0x80, 0xa0,
    0x19, 0x22, 0x39, 0x0, 0x3e, 0x1f, 0x0, 0xf5,
    0x4f, 0xf9, 0xaf, 0xfe, 0x0, 0xe1, 0x22, 0x0,
    0x7b, 0xb0, 0x5, 0xb0, 0x3, 0xf5, 0x2, 0x71,
    0x78, 0x0, 0x51, 0x7f, 0x81, 0xff, 0xe8, 0x0,
    0xcc, 0xc1, 0x69, 0x50, 0x4, 0x8b, 0x34, 0x6,
    0xcd, 0x60, 0x6, 0xa8, 0x0, 0x35, 0x3, 0xb3,
    0x26, 0x50, 0x9, 0x33, 0x20, 0x6, 0x27, 0x66,
    0x90, 0x3c, 0x64, 0x3, 0xff, 0x83, 0x13, 0x3a,
    0x2, 0x36, 0xff, 0xdc, 0xf, 0xff, 0x28, 0x6,
    0xbd, 0xdd, 0x40, 0x2, 0xe8, 0x83, 0x81, 0xc4,
    0x4e, 0x1, 0x98, 0x8b, 0x30, 0x4, 0x8e, 0xe9,
    0x4, 0x77, 0x88, 0x3, 0x31, 0x16, 0x70, 0xf,
    0xfe, 0x2d, 0xee, 0xeb, 0x5, 0xff, 0xdc, 0xf,
    0xff, 0x94, 0x16, 0x67, 0xf2, 0x3b, 0xff, 0xf0,
    0x0,

    /* U+91C7 "采" */
    0x0, 0xff, 0xe1, 0x11, 0xa3, 0x45, 0x20, 0x6,
    0x28, 0x84, 0xca, 0xaf, 0x37, 0xbf, 0xdb, 0x97,
    0x2e, 0xb8, 0x1, 0x99, 0xdc, 0xcc, 0x54, 0x33,
    0xca, 0xcf, 0x37, 0x9f, 0x0, 0x19, 0x32, 0xa7,
    0xb9, 0xfe, 0x76, 0xca, 0x98, 0x66, 0x64, 0x0,
    0x78, 0xaa, 0x40, 0x40, 0x6, 0x8e, 0x1, 0xa0,
    0x34, 0x3, 0xc3, 0x21, 0x40, 0x15, 0x8c, 0x8,
    0x0, 0xd4, 0x94, 0x3, 0xe6, 0x34, 0x50, 0x0,
    0xc8, 0x48, 0x3, 0x82, 0x40, 0x3f, 0xbc, 0x20,
    0x2, 0x66, 0x48, 0x41, 0x2a, 0x0, 0x7f, 0x1b,
    0xf8, 0x0, 0xb8, 0x4, 0x38, 0xac, 0x3, 0xfe,
    0x82, 0x0, 0xc6, 0x0, 0x6d, 0x10, 0xf, 0x84,
    0x7f, 0x80, 0x2, 0x3f, 0x80, 0x21, 0xee, 0xfd,
    0x80, 0xbd, 0xdf, 0xa0, 0x0, 0x2a, 0xbf, 0x20,
    0x4, 0x4a, 0xbf, 0x68, 0x5, 0x55, 0xeb, 0x60,
    0x8, 0xb2, 0xab, 0xca, 0x1, 0xf9, 0x3c, 0xe4,
    0x15, 0x53, 0x20, 0xf, 0xfe, 0xc, 0x59, 0xe2,
    0x0, 0x29, 0xdb, 0x48, 0x3, 0xf9, 0xb9, 0xd7,
    0x48, 0x3, 0x45, 0x9e, 0xc8, 0x80, 0x61, 0x7e,
    0x93, 0xba, 0x0, 0xf9, 0x3d, 0x99, 0xd2, 0x40,
    0xf, 0x80, 0x8d, 0x40, 0xf, 0xe1, 0x9c, 0x46,
    0xd6, 0xb, 0x9e, 0x70, 0xf, 0xfe, 0x9, 0xde,
    0x3b, 0x2, 0xb0, 0x7, 0xff, 0x14, 0xe0, 0x0,

    /* U+91CA "释" */
    0x0, 0xf0, 0xa3, 0xa0, 0x7, 0xff, 0x9, 0xa6,
    0xf7, 0xfa, 0xe3, 0x3b, 0xff, 0xf9, 0xc0, 0x2d,
    0x66, 0x8, 0x2d, 0xec, 0x20, 0x13, 0x37, 0x10,
    0x8, 0x5, 0x5b, 0xae, 0xc, 0x41, 0x3a, 0x32,
    0xb9, 0x9a, 0x88, 0x8c, 0x1, 0x5f, 0x80, 0x77,
    0xc0, 0x70, 0x78, 0x80, 0xf0, 0x70, 0x6, 0x92,
    0x30, 0x8, 0x8f, 0x80, 0xac, 0xb1, 0x30, 0xa4,
    0xc0, 0x31, 0x95, 0x0, 0x56, 0x2a, 0x0, 0x4a,
    0x2b, 0x29, 0x60, 0xf, 0x2a, 0x80, 0x24, 0x90,
    0x8, 0xf8, 0x2, 0xb5, 0x0, 0xf4, 0xe0, 0x5,
    0xae, 0xd, 0x98, 0x47, 0xe9, 0xa, 0xe9, 0x40,
    0x6, 0xf7, 0xe8, 0x4f, 0xfa, 0x64, 0x4f, 0xdc,
    0xb6, 0xdb, 0x46, 0xb1, 0x4, 0x48, 0x40, 0x91,
    0x15, 0x4e, 0x81, 0xc5, 0x10, 0x4a, 0xfc, 0x10,
    0x9b, 0xb0, 0x2, 0xee, 0x35, 0x0, 0xff, 0x18,
    0x6, 0x61, 0xc, 0x60, 0x1f, 0xfc, 0xa1, 0xdf,
    0xf5, 0x80, 0x74, 0x10, 0x24, 0xb0, 0xc4, 0x63,
    0x7, 0x88, 0xb8, 0x3, 0x48, 0xc0, 0x42, 0x4a,
    0xbb, 0xe6, 0x9, 0x77, 0x94, 0x2, 0x56, 0x77,
    0x0, 0x2c, 0x88, 0x1, 0xff, 0xc1, 0x3a, 0x38,
    0x0, 0xd9, 0x7f, 0xf9, 0x43, 0xbf, 0xf6, 0x3,
    0x8f, 0x0, 0x70, 0xdb, 0x36, 0x20, 0x66, 0xeb,
    0x4, 0xf2, 0x0, 0xf3, 0xcc, 0xe7, 0x8, 0x99,
    0xce, 0x0, 0x10, 0xf, 0xff, 0x21, 0x7b, 0x0,
    0x7d, 0x5c, 0x20, 0x1e,

    /* U+91CC "里" */
    0x0, 0xff, 0xe6, 0x47, 0xff, 0xff, 0xf, 0x0,
    0x3e, 0x56, 0x6c, 0xa0, 0x4c, 0xdc, 0x1, 0xfd,
    0x13, 0x3c, 0x9, 0x33, 0xc0, 0x1f, 0xfd, 0x38,
    0x99, 0xe0, 0x49, 0x9e, 0x0, 0xfe, 0x56, 0x6c,
    0xa0, 0x4c, 0xdc, 0x1, 0xfd, 0xbf, 0xfb, 0x1,
    0xbf, 0xf8, 0x3, 0xff, 0xa6, 0x20, 0x1f, 0xfc,
    0x9c, 0xff, 0xd8, 0xd, 0xff, 0xc0, 0x1f, 0x63,
    0x37, 0x94, 0x9, 0x9b, 0xd6, 0x1, 0xc9, 0x33,
    0xf0, 0x24, 0xcf, 0x9c, 0x3, 0xff, 0x9f, 0x37,
    0x7e, 0xf0, 0x7b, 0xbf, 0x8c, 0x3, 0x22, 0x7c,
    0x60, 0x28, 0x9f, 0x38, 0x6, 0xdf, 0xff, 0x60,
    0x37, 0xff, 0xc8, 0x1, 0xff, 0xe2, 0x89, 0x9f,
    0xd0, 0x9, 0x33, 0xfc, 0x6c, 0xdf, 0xc8, 0x4,
    0xcd, 0xfc, 0xa0,

    /* U+91CD "重" */
    0x0, 0xc2, 0x22, 0x21, 0xa2, 0x15, 0x98, 0xf1,
    0x35, 0x64, 0x1, 0xbb, 0xfb, 0x9b, 0xac, 0xbb,
    0x54, 0xca, 0x1d, 0x91, 0x98, 0x1, 0xa2, 0x34,
    0xca, 0xa8, 0x9, 0xba, 0xef, 0xf7, 0x6a, 0x0,
    0x66, 0x77, 0x99, 0x8a, 0x80, 0x24, 0x41, 0x0,
    0xfb, 0xbf, 0xff, 0x70, 0x2f, 0xff, 0xf4, 0x47,
    0xfc, 0x5, 0x11, 0xfd, 0x8c, 0xef, 0xf9, 0x81,
    0xdf, 0xfc, 0x80, 0x1, 0xff, 0xf7, 0x2, 0xff,
    0xfa, 0x80, 0x3e, 0x39, 0x9d, 0x0, 0x73, 0x3c,
    0x2, 0x1, 0xf2, 0xb3, 0x70, 0x33, 0x78, 0x3,
    0xf9, 0xbf, 0xf7, 0x2, 0xff, 0xf0, 0x7, 0xf1,
    0xcc, 0xf0, 0x1c, 0xcf, 0x0, 0x7f, 0x2b, 0x36,
    0x70, 0x66, 0xf0, 0x7, 0xf3, 0x7f, 0xee, 0x5,
    0xff, 0xe0, 0xf, 0x86, 0x23, 0xe0, 0x28, 0x8f,
    0x70, 0x7, 0x9d, 0xfc, 0xc0, 0xef, 0xf2, 0x80,
    0x77, 0x7f, 0xfb, 0x81, 0x7f, 0xfe, 0x80, 0xd,
    0x11, 0xf8, 0xa, 0x23, 0xeb, 0x0, 0xcc, 0xef,
    0xe6, 0x7, 0x7f, 0xc6, 0x0, 0x37, 0x7f, 0xcc,
    0xe, 0xff, 0xe0, 0x48, 0x8f, 0xe0, 0x28, 0x8f,
    0xe0,

    /* U+91CF "量" */
    0x0, 0x91, 0x3f, 0xf8, 0x64, 0x1, 0xc7, 0x76,
    0xaa, 0xff, 0xe0, 0x5c, 0x80, 0x7c, 0xb9, 0x9f,
    0xf6, 0x80, 0x7f, 0x2e, 0xef, 0xfd, 0x80, 0x1f,
    0xcb, 0xff, 0xff, 0x68, 0x7, 0xf2, 0xff, 0xff,
    0xda, 0x1, 0xf1, 0xff, 0xff, 0xf0, 0xec, 0x2,
    0xef, 0xff, 0xfe, 0x43, 0x55, 0x7f, 0xf2, 0x51,
    0xa, 0xa6, 0x6f, 0xfe, 0x1b, 0xaa, 0x88, 0x0,
    0x79, 0x9f, 0xfc, 0x39, 0x0, 0xf9, 0xbf, 0xf7,
    0x2, 0xff, 0xee, 0x0, 0xfe, 0x6f, 0xfd, 0xc0,
    0xbf, 0xfb, 0x80, 0x3f, 0x9b, 0xff, 0x68, 0x2f,
    0xfe, 0xd0, 0xf, 0xe6, 0xee, 0xd8, 0xb, 0xdd,
    0xb0, 0x3, 0xe3, 0xbb, 0x55, 0x6b, 0x4, 0xaa,
    0xeb, 0x80, 0xe, 0x15, 0x5f, 0x30, 0xa, 0xaf,
    0x88, 0x3, 0xb7, 0xbb, 0xd8, 0xb, 0xdd, 0xf2,
    0x0, 0x6e, 0xcc, 0xf5, 0x82, 0x66, 0x7c, 0x80,
    0x1, 0x46, 0x77, 0xf0, 0x80, 0x1d, 0xfe, 0x44,
    0x3, 0xdd, 0xfe, 0xa0, 0x4b, 0xbf, 0xd4, 0x0,

    /* U+9488 "针" */
    0x0, 0xd3, 0x62, 0x1, 0xfa, 0x1c, 0x3, 0xfc,
    0xcc, 0x10, 0xf, 0xcf, 0x20, 0x1f, 0xcc, 0x14,
    0x1, 0xff, 0xc8, 0xb0, 0xd9, 0x9c, 0xa0, 0x1f,
    0xfc, 0x25, 0x20, 0x56, 0x6d, 0xa0, 0x1f, 0xfc,
    0x28, 0x1e, 0xff, 0xe8, 0x0, 0xff, 0xe0, 0xb9,
    0x40, 0x80, 0x7f, 0xf1, 0x8e, 0x9, 0x80, 0x3f,
    0xf8, 0xf2, 0x0, 0xff, 0xf4, 0x80, 0x7f, 0xf0,
    0x6a, 0x8a, 0x62, 0x4, 0x66, 0xed, 0xff, 0xc0,
    0x3f, 0xfc, 0x80, 0xb1, 0x92, 0x13, 0x98, 0x74,
    0x33, 0xc0, 0x3, 0x3e, 0x70, 0xf, 0xf4, 0xe6,
    0x60, 0x1c, 0xce, 0x30, 0x11, 0xbc, 0x4, 0x70,
    0x7, 0xff, 0xb, 0xfb, 0x8e, 0x15, 0xdd, 0x20,
    0x7, 0xff, 0x5, 0x9a, 0x30, 0x46, 0x6c, 0x1,
    0xff, 0xc1, 0x89, 0x95, 0x87, 0xcc, 0xc4, 0x1,
    0xff, 0xdf, 0x18, 0x20, 0xf, 0xfe, 0x30, 0xc7,
    0x3b, 0x80, 0x3f, 0xf8, 0x9a, 0x14, 0xe9, 0x8a,
    0x1, 0xff, 0xc3, 0x25, 0x5, 0xcb, 0x30, 0xf,
    0xfe, 0x21, 0x46, 0x51, 0x80, 0x7f, 0xf0, 0xc0,

    /* U+949F "钟" */
    0x0, 0xd6, 0xa0, 0x1f, 0x9e, 0x80, 0x3f, 0x91,
    0x6, 0x1, 0xfb, 0x54, 0x40, 0x3f, 0x70, 0x20,
    0x7, 0xff, 0x1d, 0x41, 0x19, 0xa1, 0x0, 0xff,
    0xe1, 0x30, 0x2, 0x67, 0x28, 0x7, 0xff, 0xa,
    0x2, 0xab, 0x8f, 0xff, 0x28, 0x77, 0xfe, 0x10,
    0x71, 0x75, 0x5e, 0x10, 0x34, 0x40, 0x82, 0x24,
    0x20, 0x1, 0x81, 0x90, 0xf, 0xa6, 0xec, 0x81,
    0x57, 0x64, 0x0, 0x19, 0x3f, 0x7f, 0xe7, 0x0,
    0xff, 0xe0, 0x96, 0xda, 0x0, 0x11, 0x4, 0x1,
    0xff, 0xc3, 0x2b, 0x22, 0x5d, 0x94, 0x3, 0xff,
    0xb0, 0x6a, 0xa3, 0x32, 0xac, 0x1, 0xff, 0xc2,
    0x8a, 0xa0, 0x8a, 0xa9, 0x60, 0x9, 0xaa, 0x38,
    0x5d, 0x51, 0x0, 0x28, 0xbb, 0x8, 0xae, 0xd4,
    0x0, 0x35, 0x51, 0x2, 0xac, 0x20, 0x11, 0xa2,
    0xc, 0xc8, 0x93, 0x7f, 0xe5, 0xe, 0xff, 0xc2,
    0x1, 0xff, 0xd2, 0x61, 0x0, 0xff, 0xe3, 0x26,
    0xca, 0x80, 0x7f, 0xf0, 0xc4, 0x89, 0x67, 0x28,
    0x1, 0xff, 0xc3, 0x60, 0x18, 0xe6, 0x0, 0xff,
    0xe2, 0x34, 0x73, 0x80, 0x7f, 0xf0, 0xc0,

    /* U+94A9 "钩" */
    0x0, 0xc4, 0xa2, 0x1, 0xc4, 0x60, 0x1f, 0xfc,
    0xb, 0xa3, 0x0, 0xe9, 0xc1, 0x0, 0xff, 0x9c,
    0xc8, 0x3, 0xa, 0x20, 0x40, 0x3f, 0xce, 0x2a,
    0xb9, 0x2, 0x43, 0xc0, 0x3f, 0xe9, 0x6, 0xaa,
    0xac, 0x18, 0x2f, 0xff, 0xe4, 0x0, 0x40, 0xc5,
    0x56, 0xb8, 0x14, 0x55, 0xf1, 0x0, 0x44, 0xe8,
    0xea, 0xb9, 0x9c, 0xee, 0xab, 0xe0, 0xb, 0x82,
    0x40, 0x3a, 0x3, 0xc2, 0x4c, 0x3, 0xce, 0xc,
    0xfb, 0xff, 0xd1, 0x86, 0x66, 0xb0, 0xd, 0xe0,
    0x15, 0x43, 0x20, 0x23, 0x30, 0xcc, 0x14, 0x14,
    0x1, 0xe1, 0x0, 0xa6, 0x3, 0xa6, 0x42, 0x0,
    0x73, 0x1d, 0x20, 0x0, 0x80, 0x7f, 0xf0, 0x54,
    0x64, 0x89, 0x60, 0x18, 0xc0, 0xaa, 0x90, 0x13,
    0x54, 0x70, 0x91, 0x51, 0x66, 0x8, 0x18, 0x4,
    0xca, 0xa4, 0x3, 0x55, 0x5a, 0x1c, 0x80, 0x2c,
    0x24, 0x3, 0x93, 0xfd, 0x61, 0x3f, 0xec, 0x80,
    0x60, 0x10, 0x26, 0x1, 0x1, 0x0, 0xce, 0x6,
    0x0, 0x73, 0xf, 0xf7, 0x69, 0xa, 0x80, 0x7f,
    0xf0, 0x4, 0x4, 0xcc, 0x8c, 0xe1, 0xce, 0x1,
    0xff, 0x3f, 0xf6, 0xe5, 0xcc, 0x37, 0x80, 0x7f,
    0x8a, 0xe4, 0x3, 0xe9, 0x42, 0x10, 0xf, 0xa7,
    0x53, 0xc0, 0x3f, 0x28, 0x98, 0x7, 0x58, 0x1a,
    0xeb, 0x80, 0x62, 0xcd, 0xfa, 0xa, 0x0, 0xe1,
    0x2c, 0xa2, 0x0, 0xe2, 0x28, 0x4e, 0x5c, 0x3,
    0xa7, 0x4c, 0x3, 0xf7, 0x7f, 0x63, 0x0, 0x0,

    /* U+94AE "钮" */
    0x0, 0xff, 0xe7, 0xf5, 0x0, 0x7f, 0xf2, 0x14,
    0x74, 0x3, 0x3d, 0x57, 0xf4, 0x0, 0x74, 0x82,
    0x88, 0xc1, 0x8a, 0xbf, 0xc8, 0x1, 0x90, 0xc3,
    0x7b, 0xa6, 0xbf, 0xa0, 0x9f, 0xfc, 0xe, 0x1,
    0xa0, 0x19, 0xb9, 0x40, 0x6, 0x4, 0x1, 0xfc,
    0xc6, 0xf3, 0x3c, 0x60, 0x1, 0x7, 0x0, 0xe1,
    0x0, 0xc, 0x94, 0x0, 0x7e, 0xf0, 0x10, 0x8,
    0x40, 0xc0, 0x4, 0x41, 0xff, 0xed, 0x0, 0x84,
    0xc, 0x2, 0x30, 0xc, 0x7b, 0x2a, 0x20, 0xaa,
    0x40, 0x8, 0xc0, 0x40, 0x21, 0x1, 0x0, 0xcb,
    0x4a, 0x35, 0x49, 0x1b, 0xb2, 0x5, 0xde, 0xf0,
    0xf0, 0xf, 0xf8, 0xd5, 0x42, 0xa, 0xb8, 0x80,
    0x3a, 0x26, 0x4a, 0x33, 0x31, 0xf7, 0x8, 0x9d,
    0xda, 0xc0, 0x40, 0x26, 0x68, 0x41, 0x9a, 0x20,
    0x1, 0x88, 0x7, 0x8c, 0x2, 0xef, 0xf2, 0xf,
    0xfc, 0x60, 0x1, 0x70, 0xc, 0x60, 0x1f, 0xfc,
    0x51, 0x0, 0xc2, 0x2, 0x1, 0xff, 0xc1, 0x10,
    0x30, 0xd, 0xe0, 0xe0, 0x1f, 0xc5, 0x20, 0x3,
    0x1, 0x0, 0xff, 0xe1, 0xbe, 0xb0, 0x0, 0x43,
    0xc0, 0x30, 0x80, 0x80, 0x79, 0x86, 0xe, 0x26,
    0x50, 0x17, 0x33, 0x90, 0x22, 0x5c, 0x2, 0x42,
    0x25, 0xe1, 0x33, 0x10, 0xd, 0x9b, 0x10, 0x2b,
    0x60, 0x4, 0x93, 0xa8, 0xb, 0xff, 0xff, 0xc1,
    0xb0,

    /* U+94FE "链" */
    0x0, 0x89, 0x44, 0x3, 0xf8, 0xd4, 0x3, 0xfa,
    0x28, 0x2, 0x5a, 0x0, 0xe8, 0x80, 0x7, 0xe1,
    0x55, 0x8, 0x0, 0xd4, 0xc0, 0x32, 0x20, 0x3,
    0xf4, 0x80, 0x22, 0x27, 0x19, 0x7, 0x89, 0x3,
    0x88, 0xca, 0x0, 0x17, 0x5, 0x77, 0x81, 0x94,
    0x65, 0xd8, 0x15, 0xdf, 0x70, 0x2, 0x2, 0xb7,
    0x70, 0xd0, 0x3e, 0x68, 0xa6, 0xef, 0x50, 0x13,
    0x22, 0x91, 0x60, 0x2a, 0x62, 0x11, 0x6a, 0xf1,
    0x14, 0x20, 0xa1, 0xc6, 0x78, 0x2, 0x50, 0x5,
    0x83, 0xf1, 0x80, 0x73, 0xec, 0x66, 0x65, 0x33,
    0x80, 0xc, 0xa2, 0x1, 0xf8, 0xa5, 0xc2, 0x2b,
    0x73, 0x21, 0x41, 0x6, 0x20, 0x66, 0x84, 0x2,
    0x4d, 0x4, 0x5b, 0x73, 0x0, 0x8, 0x2c, 0xa0,
    0x4c, 0xca, 0x1, 0xf8, 0xe1, 0x0, 0xb, 0xbb,
    0x28, 0x6e, 0xc8, 0x0, 0x89, 0xe0, 0x99, 0x40,
    0x7, 0x11, 0x46, 0x4, 0x50, 0x4, 0xcc, 0x40,
    0x56, 0x70, 0xf, 0xfe, 0x27, 0xec, 0x85, 0xef,
    0x0, 0x45, 0x77, 0x90, 0x2e, 0xea, 0x0, 0x9,
    0x18, 0x39, 0x8, 0x4, 0xea, 0xb8, 0x81, 0x56,
    0x70, 0xf, 0xfe, 0x2, 0xf7, 0x66, 0xe, 0xeb,
    0x40, 0x3e, 0x47, 0x15, 0x4, 0x0, 0xff, 0xe2,
    0x4d, 0xda, 0x88, 0x60, 0x3, 0xff, 0x88, 0xa6,
    0xa8, 0xf4, 0x54, 0x1, 0x4f, 0x80, 0x7e, 0xc0,
    0x5f, 0x63, 0x84, 0x85, 0xea, 0x98, 0x8e, 0x94,
    0x0, 0xcd, 0x46, 0x9a, 0x0, 0x7b, 0x54, 0x67,
    0x7e, 0x61, 0x0, 0xa6, 0x40, 0xb, 0x10, 0x9,
    0x2f, 0xbf, 0xdd, 0xdb, 0xd4,

    /* U+9500 "销" */
    0x0, 0xff, 0xe1, 0x1a, 0x80, 0x7f, 0xaa, 0xc0,
    0x22, 0x10, 0xa, 0x68, 0x40, 0x22, 0x0, 0xc2,
    0xa0, 0x10, 0xe5, 0x0, 0x7e, 0x1c, 0xb0, 0xa,
    0x3, 0x80, 0x2, 0xe9, 0x20, 0x1f, 0x68, 0xf8,
    0x0, 0x58, 0x2b, 0xfd, 0xb2, 0x6c, 0xa0, 0x1d,
    0x26, 0xe8, 0x0, 0xb0, 0x66, 0xd4, 0x1c, 0x16,
    0x1, 0x9d, 0x96, 0x0, 0x6, 0xad, 0x33, 0x9c,
    0xa, 0x6c, 0x3, 0x33, 0xd0, 0x5, 0xc3, 0x0,
    0x1c, 0x55, 0x9f, 0x4e, 0x17, 0x62, 0xaa, 0x1,
    0x92, 0x77, 0xfe, 0x66, 0x2a, 0xe2, 0x5, 0x5e,
    0x3, 0xe9, 0x60, 0x26, 0x61, 0x0, 0x27, 0xff,
    0xe3, 0x0, 0x84, 0xe4, 0x12, 0x64, 0x80, 0x1f,
    0xfc, 0xca, 0x99, 0xf8, 0x80, 0x22, 0x99, 0x2,
    0x4c, 0xa0, 0x0, 0x6e, 0xff, 0x8, 0x4, 0xec,
    0xc0, 0x26, 0x68, 0x1, 0x3d, 0xdf, 0x18, 0x4,
    0xbf, 0xe0, 0x5f, 0xf7, 0x0, 0x7f, 0xf1, 0x8c,
    0x3, 0xb6, 0x67, 0xe2, 0x0, 0xff, 0xe0, 0xa3,
    0x37, 0xc2, 0x1, 0xfd, 0x4, 0x0, 0x9f, 0xff,
    0x8c, 0x3, 0xe2, 0xc7, 0x40, 0xf, 0xfe, 0x20,
    0x82, 0x1b, 0xb0, 0x7, 0xf8, 0x80, 0x3a, 0x0,
    0xb2, 0x0, 0x3f, 0x36, 0x70, 0x98, 0x6, 0xa6,
    0xd3, 0x0, 0xfe, 0x23, 0x32, 0xf8, 0x6, 0x39,
    0x0, 0xc9, 0xec, 0x1, 0x93, 0xf6, 0x8c, 0x0,

    /* U+9501 "锁" */
    0x0, 0xc6, 0x60, 0xf, 0xc8, 0x40, 0x1f, 0xf7,
    0x70, 0x2, 0x20, 0xd, 0x52, 0x1, 0x88, 0x3,
    0x90, 0xac, 0x0, 0x5b, 0x20, 0x1f, 0x9f, 0x48,
    0x3, 0x40, 0x64, 0xc9, 0x9a, 0x70, 0xf, 0x24,
    0x19, 0x0, 0x48, 0x60, 0xac, 0xc3, 0x93, 0x84,
    0x0, 0xc7, 0x63, 0xc0, 0x1a, 0x47, 0xbf, 0xe7,
    0xd, 0x1e, 0x0, 0xdc, 0x1a, 0x40, 0x13, 0x94,
    0x88, 0x7, 0xd, 0x50, 0x3, 0x7d, 0x98, 0x4,
    0x70, 0x2c, 0x1, 0xc6, 0xa2, 0xaa, 0x17, 0x57,
    0x15, 0x30, 0x8, 0x4b, 0xbf, 0xf1, 0xcd, 0x56,
    0x3, 0xaa, 0xd2, 0x0, 0x3e, 0x95, 0x2, 0x66,
    0x8, 0x2, 0xef, 0xf0, 0x7, 0x96, 0xc1, 0x66,
    0x44, 0x0, 0x44, 0x8c, 0x51, 0x20, 0xf, 0xfe,
    0x34, 0xc8, 0x3, 0xf4, 0x4c, 0x2, 0x4c, 0x90,
    0x3, 0xce, 0x1, 0xf9, 0x9a, 0x3, 0x66, 0x18,
    0x7, 0x8, 0x7, 0xf7, 0x7e, 0x83, 0xff, 0x9c,
    0x3, 0x8, 0x10, 0x7, 0xf8, 0xc0, 0x3f, 0x94,
    0x38, 0x3, 0xff, 0x91, 0xc0, 0x62, 0x1, 0xff,
    0xc0, 0x1b, 0x2a, 0xf0, 0x45, 0x14, 0xcc, 0x1f,
    0xd0, 0x7, 0xc7, 0xe8, 0xc0, 0x5, 0xb0, 0xb0,
    0x43, 0xc7, 0x0, 0xf2, 0x82, 0x1e, 0x22, 0x2e,
    0x82, 0x54, 0x26, 0xc6, 0x30, 0x40, 0x36, 0x84,
    0x6a, 0x6d, 0xa1, 0x63, 0x0, 0x49, 0xe8, 0x7e,
    0x40, 0x14, 0xdb, 0x86, 0x11, 0xd6, 0x98, 0x7,
    0xd, 0xa8, 0xb8, 0x6, 0x40, 0x4, 0xe6, 0x14,
    0x3, 0xfa, 0xa5, 0x40,

    /* U+9519 "错" */
    0x0, 0xc6, 0x20, 0x1f, 0xfc, 0x82, 0xcb, 0x0,
    0xe5, 0xe4, 0x0, 0xf, 0x40, 0x7, 0xd6, 0x12,
    0x1, 0xe1, 0x0, 0xc2, 0x20, 0xf, 0xb, 0x19,
    0x80, 0x22, 0x32, 0x2, 0x33, 0x28, 0x19, 0xc4,
    0x1, 0x40, 0x1f, 0xfc, 0x99, 0x88, 0x9, 0xcc,
    0x58, 0x2e, 0x62, 0x0, 0x6, 0xc6, 0xcd, 0xd7,
    0x2c, 0xf, 0x33, 0x2, 0x4c, 0xb8, 0x1, 0xc1,
    0xb3, 0x38, 0x95, 0xb0, 0x31, 0x98, 0xe0, 0x4c,
    0xc4, 0x8, 0x29, 0x10, 0xf, 0xfe, 0x3c, 0x4e,
    0xe6, 0x6a, 0x7a, 0xa4, 0x87, 0xd5, 0x2c, 0x12,
    0xaa, 0x30, 0x60, 0x13, 0x21, 0xd, 0x55, 0x18,
    0x22, 0xac, 0x4, 0xab, 0x30, 0x2, 0xf8, 0x27,
    0x6a, 0x9f, 0xff, 0xfc, 0x15, 0x0, 0xff, 0xea,
    0xf, 0x77, 0xf9, 0x0, 0x2e, 0xfc, 0x8, 0xff,
    0x29, 0x88, 0x11, 0x78, 0xc4, 0x40, 0x13, 0xaa,
    0x1, 0x2a, 0x98, 0x0, 0xf9, 0x9e, 0xb0, 0xe,
    0x9a, 0x80, 0xaa, 0x8c, 0x3, 0xff, 0x9a, 0xdf,
    0xfe, 0x90, 0xf, 0xf8, 0x40, 0x23, 0x88, 0xf2,
    0x80, 0x7f, 0x7b, 0xf2, 0x0, 0x15, 0xdf, 0xd8,
    0x1, 0xf3, 0x83, 0xc3, 0x28, 0x1, 0x62, 0x3d,
    0xa0, 0x1f, 0x68, 0x26, 0xc8, 0x80, 0xd, 0xdf,
    0xc8, 0x1, 0xf4, 0x5d, 0x88, 0x3, 0x37, 0xff,
    0xa4, 0x3, 0x0,

    /* U+951A "锚" */
    0x0, 0xc8, 0x1, 0xe2, 0x61, 0x0, 0xb, 0x10,
    0x7, 0xc9, 0x6a, 0x1, 0xc9, 0x2a, 0x0, 0x29,
    0x50, 0xf, 0xbc, 0x14, 0x3, 0xff, 0x8e, 0x48,
    0x33, 0x32, 0xe6, 0x2c, 0x27, 0x31, 0xe1, 0x59,
    0x93, 0x0, 0x20, 0x5, 0x9a, 0x22, 0xc0, 0x45,
    0x18, 0x11, 0x6e, 0x4, 0x56, 0xff, 0xcf, 0xdc,
    0x90, 0xbe, 0xe6, 0x4, 0x77, 0x50, 0x12, 0x30,
    0x1, 0xff, 0xc7, 0x62, 0x65, 0x44, 0xc0, 0x12,
    0x42, 0x80, 0xa, 0x10, 0x3, 0x35, 0x9d, 0xdf,
    0x13, 0x54, 0x6d, 0xd5, 0x2f, 0x66, 0xa4, 0x2,
    0x4f, 0x70, 0x49, 0x91, 0x7a, 0xaf, 0xf9, 0xc0,
    0x32, 0x50, 0x63, 0x30, 0x2, 0xef, 0xf2, 0x87,
    0xfc, 0x80, 0x1f, 0xfc, 0xf4, 0x48, 0x35, 0x10,
    0x20, 0x1f, 0xfc, 0x3b, 0xb4, 0x82, 0xdd, 0x9c,
    0x3, 0xff, 0x87, 0x10, 0x70, 0x48, 0x82, 0x0,
    0x3b, 0xfc, 0xa1, 0xff, 0x20, 0x6, 0x77, 0x50,
    0x63, 0xb8, 0x80, 0xa, 0xb1, 0x2, 0xac, 0x20,
    0x1f, 0xfc, 0x2b, 0xaa, 0x38, 0x55, 0x4a, 0x1,
    0xfe, 0x44, 0x0, 0x7f, 0xf1, 0xfa, 0xed, 0x80,
    0x1f, 0xfc, 0x51, 0x6, 0x59, 0x80, 0x7, 0x7f,
    0x94, 0x3f, 0xe4, 0x0, 0xf4, 0x2, 0xfb, 0x0,
    0x48, 0x9f, 0x84, 0x3, 0xdf, 0x54, 0x10, 0xd,
    0x57, 0x7f, 0x28, 0x4,

    /* U+952E "键" */
    0x0, 0xff, 0xe2, 0x8, 0x7, 0xf6, 0x58, 0x7,
    0xf9, 0xf8, 0x40, 0x3e, 0x13, 0xc0, 0x9, 0x57,
    0x0, 0x7f, 0xf0, 0x58, 0x8, 0xce, 0xaa, 0xc7,
    0xfe, 0x80, 0xef, 0xf6, 0x80, 0x6a, 0xa, 0xcc,
    0x5e, 0xe8, 0xc4, 0xaa, 0x8a, 0x13, 0x48, 0x60,
    0x12, 0x93, 0xd5, 0x62, 0x13, 0x81, 0x55, 0x68,
    0x3a, 0x90, 0x6, 0x82, 0x85, 0x58, 0x83, 0xc9,
    0xa2, 0xaa, 0xa, 0xa2, 0xd, 0x1a, 0x95, 0x80,
    0x72, 0x9c, 0x0, 0x4, 0x40, 0x10, 0x98, 0x8,
    0x23, 0x6e, 0xf0, 0xc1, 0xa8, 0x45, 0xda, 0x82,
    0xad, 0xc6, 0xcc, 0x64, 0xc0, 0x9d, 0xc8, 0x43,
    0x98, 0x16, 0x66, 0x83, 0x31, 0x40, 0x3a, 0x1c,
    0x6a, 0x8c, 0x8c, 0x26, 0x69, 0x92, 0x84, 0x49,
    0x80, 0x7f, 0x8e, 0xec, 0x80, 0x5f, 0xe8, 0xe,
    0xff, 0x70, 0x4, 0x88, 0x10, 0x44, 0xa, 0x1,
    0x90, 0x11, 0x3c, 0x8, 0xb0, 0x0, 0x6e, 0xc8,
    0x37, 0x68, 0xa0, 0x77, 0x26, 0xe9, 0xc3, 0x37,
    0x62, 0x1, 0xbb, 0x20, 0xdd, 0xa8, 0x50, 0xb5,
    0x6e, 0xcc, 0x15, 0x77, 0x10, 0x1, 0x10, 0x20,
    0x88, 0x31, 0x90, 0x51, 0x44, 0x70, 0x22, 0x60,
    0xf, 0xf3, 0x11, 0x5f, 0xf4, 0x7, 0x7f, 0xd6,
    0x1, 0xf0, 0x8a, 0xc1, 0x82, 0x22, 0x40, 0x78,
    0x8b, 0x80, 0x3c, 0x7e, 0x94, 0x8, 0xce, 0xf6,
    0x4, 0xbb, 0xca, 0x1, 0xc3, 0x80, 0x6, 0x74,
    0x97, 0x0, 0x23, 0x88, 0x7, 0xc2, 0x80, 0x9f,
    0x23, 0x16, 0xb1, 0xd4, 0x9c, 0xca, 0xa6, 0x61,
    0x0, 0x4, 0x1e, 0xd8, 0xec, 0x1, 0x56, 0x8f,
    0x13, 0x2a, 0xa4, 0xc8, 0x40, 0x2f, 0x80, 0x67,
    0x50, 0x9, 0x2b, 0x7f, 0xee, 0xe7, 0xf8, 0xc0,

    /* U+957F "长" */
    0x0, 0xd5, 0xc4, 0x1, 0xff, 0xc7, 0x11, 0x0,
    0x7f, 0x97, 0x88, 0x3, 0xff, 0x8a, 0x79, 0x42,
    0xa0, 0x1f, 0xfc, 0x33, 0xbc, 0x32, 0xb7, 0x0,
    0xff, 0xe0, 0xa5, 0xe2, 0x14, 0xea, 0x0, 0x7f,
    0xc3, 0x1d, 0x68, 0x53, 0xac, 0x1, 0xff, 0xc2,
    0x71, 0x4b, 0xd6, 0x0, 0xff, 0xe1, 0x8d, 0xf5,
    0xa0, 0x7, 0xff, 0x10, 0x41, 0x4, 0x3, 0xff,
    0x81, 0x5f, 0xf2, 0x6, 0x7f, 0xff, 0xf0, 0x83,
    0x4c, 0xe1, 0x3, 0x3c, 0x0, 0x33, 0xfe, 0x7,
    0xcc, 0x94, 0x3b, 0x32, 0x30, 0x8c, 0xcf, 0xc0,
    0x1f, 0xf4, 0x4, 0x80, 0x7f, 0xf1, 0xd1, 0x4,
    0xe0, 0x1f, 0xfc, 0x7a, 0x8, 0x40, 0xf, 0xfe,
    0x30, 0xd0, 0x59, 0x80, 0x7f, 0xf1, 0x49, 0x60,
    0x31, 0x80, 0x3f, 0xf8, 0x4d, 0x9a, 0x4f, 0x41,
    0x38, 0x60, 0x1f, 0xc9, 0x3f, 0x26, 0x86, 0xb,
    0x84, 0x79, 0x6a, 0x1, 0x8d, 0x2, 0x58, 0x5f,
    0x6c, 0x40, 0x7, 0xb0, 0x9, 0x46, 0x1, 0x38,
    0x1, 0x2b, 0xa0, 0x80, 0x3c, 0xff, 0x10, 0x30,
    0x9, 0x1f, 0x6d, 0x40, 0x3f, 0xe7, 0x70, 0x0,

    /* U+95E8 "门" */
    0x0, 0x10, 0x7, 0xff, 0x19, 0xb5, 0x0, 0x3f,
    0xf8, 0xa4, 0x16, 0x80, 0xb, 0xbf, 0xfe, 0x0,
    0x1, 0x2c, 0x2d, 0x1, 0x13, 0xff, 0x80, 0x20,
    0x4, 0xa0, 0x90, 0xff, 0xff, 0x18, 0x0, 0xba,
    0x15, 0xf8, 0x3, 0xff, 0x86, 0x22, 0x8, 0x30,
    0xf, 0xff, 0xf8, 0x7, 0xff, 0xfc, 0x3, 0xff,
    0xfe, 0x1, 0xff, 0xe1, 0x23, 0x1, 0x0, 0xff,
    0xe0, 0xd7, 0x7e, 0x81, 0x80, 0x7f, 0xf0, 0xb4,
    0x44, 0x6b, 0xc0, 0x5f, 0x20, 0x1f, 0xe7, 0xfe,
    0xca, 0x20,

    /* U+95EA "闪" */
    0x0, 0x20, 0x7, 0xff, 0x19, 0x6e, 0x80, 0x3f,
    0xf8, 0xaa, 0x6b, 0x40, 0xb, 0xbf, 0xfe, 0x0,
    0x5, 0x86, 0xb2, 0x8, 0x9f, 0xfc, 0x1, 0x0,
    0xb4, 0x50, 0x3f, 0xff, 0xc8, 0x0, 0x1f, 0xb1,
    0xdf, 0x0, 0x91, 0x0, 0x1f, 0xfc, 0x13, 0x20,
    0xa, 0xa8, 0x1, 0xff, 0xda, 0x13, 0x0, 0xff,
    0xe2, 0x90, 0x30, 0x7, 0xff, 0x15, 0xc1, 0x84,
    0x3, 0xff, 0x89, 0xc0, 0x58, 0x40, 0x1f, 0xfc,
    0x24, 0x41, 0xc1, 0x61, 0x0, 0x7f, 0xf0, 0x6,
    0x82, 0x1e, 0x7, 0x8, 0x3, 0xfc, 0x58, 0x2e,
    0x80, 0xf0, 0x38, 0x40, 0x1f, 0x97, 0x49, 0xa0,
    0x2, 0x76, 0x1c, 0x10, 0xf, 0x45, 0x4, 0x48,
    0x7, 0x4a, 0xa, 0x80, 0x7a, 0x8b, 0x1c, 0x3,
    0xeb, 0x94, 0x0, 0xf1, 0x69, 0x80, 0x7f, 0x30,
    0x38, 0x7, 0xff, 0x18, 0x8c, 0x4, 0x3, 0xff,
    0x82, 0xfb, 0xda, 0x6, 0x1, 0xff, 0xc2, 0x32,
    0x12, 0x5d, 0x1, 0xfb, 0x0, 0xff, 0x27, 0xfb,
    0x68, 0x40,

    /* U+95ED "闭" */
    0x0, 0x10, 0x7, 0xff, 0x1a, 0x35, 0x80, 0x3f,
    0xf8, 0xb6, 0x32, 0xe0, 0x37, 0x7f, 0xfc, 0x0,
    0x1, 0xe0, 0xc3, 0x9a, 0x27, 0xff, 0x0, 0x40,
    0x4b, 0x2, 0x8b, 0xff, 0x5d, 0xbb, 0xfe, 0x30,
    0x1, 0x75, 0x95, 0xf8, 0x7, 0x7d, 0x80, 0x7f,
    0xc8, 0x40, 0x1f, 0xfd, 0x94, 0xff, 0xf9, 0x3,
    0xbf, 0xce, 0x1, 0xe6, 0x6f, 0x80, 0x25, 0x66,
    0x18, 0x7, 0x8a, 0x67, 0xbc, 0x2, 0xb9, 0x92,
    0x0, 0x7f, 0xc5, 0x26, 0x80, 0x1f, 0xfc, 0x31,
    0xf0, 0xf0, 0xf, 0xfe, 0x26, 0x94, 0x18, 0x7,
    0xff, 0x8, 0x74, 0xd5, 0xc0, 0x3f, 0xf8, 0x49,
    0xe4, 0xb4, 0x1, 0xff, 0xc2, 0x8b, 0x16, 0xa0,
    0xf, 0xfe, 0x1e, 0x84, 0xc8, 0x3, 0xff, 0x88,
    0xbc, 0xc0, 0x18, 0xd0, 0x4, 0x3, 0xfc, 0x20,
    0x1, 0xff, 0x60, 0x20, 0x6, 0x20, 0x10, 0xf,
    0x85, 0x91, 0x62, 0x86, 0x2b, 0x44, 0xc0, 0x3f,
    0xa6, 0xe9, 0xc4, 0x4a, 0xa3, 0x4e, 0x2, 0xfb,
    0x0, 0xff, 0xb7, 0xfa, 0xc8, 0x0,

    /* U+95EE "问" */
    0x0, 0x8, 0x7, 0xff, 0x1a, 0xbc, 0xc0, 0x3f,
    0xf8, 0xb8, 0x38, 0xa0, 0x59, 0x9f, 0xfc, 0x0,
    0x3, 0x50, 0x52, 0x89, 0x9f, 0xff, 0x0, 0x40,
    0xb, 0x21, 0x7, 0xff, 0xfe, 0x30, 0x0, 0xc2,
    0xb4, 0x78, 0x7, 0xff, 0x8, 0xdf, 0xc1, 0xc8,
    0x3, 0xff, 0xb6, 0x3f, 0xff, 0x84, 0x3, 0xff,
    0x80, 0x4c, 0xd8, 0x80, 0x3f, 0xf8, 0x4f, 0x33,
    0x9c, 0x3, 0xff, 0xfe, 0x1, 0xff, 0xc7, 0x4a,
    0xac, 0x80, 0x1f, 0xfc, 0x21, 0x55, 0xc2, 0x1,
    0xff, 0xc0, 0x1f, 0xff, 0xc2, 0x1, 0xff, 0xdd,
    0x23, 0x1, 0x0, 0xff, 0xe0, 0xbe, 0xf6, 0x82,
    0x0, 0x7f, 0xf0, 0x90, 0x80, 0xde, 0x80, 0xbe,
    0x80, 0x3f, 0xc7, 0xfd, 0x90, 0x20,

    /* U+95F4 "间" */
    0x0, 0xff, 0xe4, 0x65, 0x80, 0x7f, 0xf1, 0x55,
    0x30, 0x1, 0x17, 0x7f, 0xf4, 0x4, 0xb1, 0xe0,
    0x1a, 0x27, 0xff, 0x0, 0x1, 0x28, 0x69, 0x7f,
    0xff, 0xdc, 0x0, 0x9f, 0x2b, 0x94, 0x0, 0xff,
    0xe0, 0x98, 0x4, 0xc0, 0x1f, 0xfc, 0x7e, 0xff,
    0xfb, 0x80, 0x3f, 0xf8, 0x8, 0x9c, 0x22, 0x0,
    0xff, 0x8e, 0xef, 0x94, 0x3, 0xff, 0xcc, 0x7f,
    0xfc, 0x80, 0x1f, 0xfc, 0x1, 0x44, 0xe1, 0x0,
    0xff, 0xe0, 0x15, 0xdf, 0x28, 0x7, 0xff, 0x98,
    0xff, 0xf9, 0x0, 0x3f, 0xe4, 0x4f, 0xca, 0x1,
    0xfe, 0xab, 0xbf, 0xa8, 0x0, 0xa0, 0xe0, 0x1f,
    0xfc, 0x15, 0xac, 0xb0, 0xc0, 0xf, 0xfe, 0x8,
    0xa9, 0x99, 0xdd, 0x5e, 0x40, 0x1f, 0xe4, 0xef,
    0xc8, 0x0,

    /* U+95F8 "闸" */
    0x0, 0xff, 0xe3, 0xae, 0x90, 0x7, 0xff, 0x10,
    0xcb, 0x8, 0x1, 0x79, 0x9f, 0xf4, 0xb5, 0xe,
    0x10, 0x29, 0x9f, 0xfc, 0xa0, 0xb4, 0x3c, 0x1d,
    0xff, 0xfe, 0x10, 0x7a, 0x58, 0xe0, 0xf, 0xfe,
    0x16, 0xa8, 0xbb, 0x4c, 0xff, 0x40, 0x7, 0xec,
    0x66, 0xff, 0x0, 0x7f, 0xbf, 0xdc, 0xf, 0xfe,
    0x60, 0xf, 0xff, 0x2f, 0xfb, 0x81, 0xff, 0xcc,
    0x1, 0xff, 0x44, 0x40, 0x91, 0x3, 0x0, 0xff,
    0x9d, 0xcc, 0x6, 0xee, 0x50, 0xf, 0xfe, 0x97,
    0xfb, 0x81, 0xff, 0xcc, 0x1, 0xfd, 0xac, 0xd2,
    0x81, 0x33, 0x60, 0xf, 0xcb, 0x33, 0x58, 0x2c,
    0xcd, 0x0, 0x1f, 0xfd, 0xb2, 0x17, 0x0, 0xff,
    0xe0, 0x9e, 0x6e, 0x80, 0xc0, 0x3f, 0xf8, 0x24,
    0x64, 0x46, 0x9a, 0xf1, 0x0, 0xe1, 0xf8, 0x0,
    0xf, 0xfb, 0x64, 0x40,

    /* U+9605 "阅" */
    0x5a, 0x0, 0xff, 0xe2, 0xea, 0xd8, 0x1, 0x2e,
    0xff, 0xf8, 0x31, 0x4, 0xb0, 0x14, 0x4f, 0xfe,
    0x8, 0x3b, 0x22, 0xab, 0x3f, 0xfb, 0x3f, 0xf1,
    0x83, 0xd4, 0x41, 0x5b, 0x8, 0x2, 0x5c, 0x50,
    0xe, 0xd5, 0x7, 0x6, 0x2e, 0x0, 0xac, 0xd4,
    0x3, 0xfe, 0x83, 0x30, 0x48, 0xf8, 0x7, 0xf9,
    0xfe, 0x83, 0x3d, 0x83, 0x3d, 0x0, 0x3f, 0xcf,
    0x11, 0xcc, 0x1, 0xff, 0xc0, 0x97, 0x7e, 0xd0,
    0xf, 0xfe, 0x99, 0x88, 0xf8, 0x3, 0xff, 0x81,
    0xbd, 0xdd, 0x40, 0x1f, 0xe5, 0xb4, 0xb, 0xb2,
    0x5, 0xd9, 0x40, 0x3f, 0x12, 0x0, 0xa2, 0x4,
    0x48, 0x81, 0x0, 0xff, 0x2a, 0x80, 0x3c, 0xd0,
    0x1, 0xf9, 0x87, 0x40, 0x3d, 0xee, 0x1, 0xf2,
    0xc9, 0x30, 0x0, 0xc6, 0x1d, 0xc4, 0x1, 0xeb,
    0xa3, 0xc0, 0xa, 0x89, 0xe0, 0x20, 0x4, 0x40,
    0x16, 0xbe, 0x8, 0x4, 0x7b, 0xfd, 0x3b, 0x64,
    0xa0, 0x13, 0x40, 0x7, 0xe1, 0x97, 0x54, 0x9a,
    0xf1, 0x0, 0xff, 0xbf, 0xdd, 0x64,

    /* U+9608 "阈" */
    0x1, 0x0, 0xff, 0xe2, 0xaf, 0x20, 0x7, 0xff,
    0x11, 0xca, 0xd8, 0x1, 0xbf, 0xff, 0xfc, 0x2,
    0xc3, 0x96, 0xb, 0x77, 0xf3, 0x3b, 0xc6, 0x0,
    0x1d, 0x20, 0x3, 0x44, 0x5e, 0x92, 0xfd, 0x10,
    0x50, 0x8f, 0xc, 0x60, 0xf, 0x10, 0xc4, 0xa8,
    0x7, 0x95, 0x7e, 0xe0, 0x53, 0x43, 0x10, 0xe,
    0xaa, 0xf9, 0x86, 0xa8, 0x92, 0x80, 0x1d, 0xfb,
    0xbe, 0x90, 0xdd, 0xca, 0x1, 0xc2, 0xef, 0xc6,
    0xa0, 0x2, 0x71, 0x0, 0xfa, 0xab, 0x90, 0x40,
    0x42, 0xd0, 0x3, 0xf5, 0x7f, 0x80, 0x4, 0xc,
    0x82, 0xa0, 0x1f, 0xfc, 0x21, 0x28, 0x42, 0x0,
    0xfd, 0xa8, 0x80, 0x9, 0x68, 0xfc, 0x3, 0xf9,
    0xee, 0xc0, 0x11, 0x91, 0xa0, 0x7, 0xee, 0xee,
    0x50, 0x10, 0xf0, 0xb5, 0x0, 0xf0, 0x88, 0x9,
    0xd1, 0x58, 0x18, 0x14, 0x3, 0x8a, 0xf7, 0xfb,
    0x27, 0xa9, 0x4b, 0xc4, 0x4e, 0x1, 0xe4, 0x9b,
    0xda, 0x53, 0xab, 0x5c, 0x12, 0x0, 0xc5, 0x72,
    0xc8, 0x56, 0x98, 0xc, 0xc0, 0xa0, 0x20, 0xf,
    0xef, 0xb0, 0xa, 0x24, 0x65, 0x8, 0x3, 0xf0,
    0x80, 0x63, 0xba, 0x61, 0x88, 0x78, 0x80, 0x7f,
    0x8a, 0xf3, 0xb8, 0xa0,

    /* U+9632 "防" */
    0x0, 0xff, 0xe0, 0x9, 0x0, 0x7f, 0xf1, 0xff,
    0xc0, 0x1f, 0x47, 0x77, 0x88, 0x3, 0x39, 0x10,
    0x3, 0xc2, 0x23, 0x38, 0x4, 0x3, 0xb0, 0x10,
    0x3, 0xf6, 0x6e, 0x8c, 0x63, 0xff, 0x50, 0x4f,
    0xff, 0x28, 0x6, 0x22, 0x36, 0x99, 0x80, 0x4c,
    0xff, 0x8, 0x6, 0x50, 0xa7, 0xcc, 0x2, 0xe6,
    0x7e, 0x40, 0xd, 0x44, 0x40, 0xc, 0x20, 0x1f,
    0xfc, 0x2, 0x25, 0x0, 0x7f, 0xf1, 0x84, 0x34,
    0x2, 0x10, 0x4b, 0xbf, 0x18, 0x7, 0x1b, 0x29,
    0x80, 0xc, 0x5, 0x13, 0xce, 0x1, 0xe8, 0x9,
    0x0, 0x8, 0x3f, 0x76, 0x50, 0x70, 0xf, 0xa,
    0x28, 0x1, 0xc3, 0x44, 0x70, 0x0, 0x40, 0x3e,
    0xc0, 0x20, 0x20, 0x60, 0xc, 0x20, 0x60, 0x1f,
    0xcc, 0x1e, 0x6, 0x1, 0x9c, 0x4, 0x3, 0xed,
    0x7, 0x4, 0x30, 0xf, 0xfe, 0x1, 0x3d, 0x28,
    0x19, 0x12, 0x80, 0x38, 0x40, 0x3c, 0x30, 0xa1,
    0x1, 0x62, 0xe0, 0x1c, 0x62, 0x1, 0xc7, 0x57,
    0xce, 0x6d, 0x22, 0x1, 0xc2, 0x60, 0x1e, 0x54,
    0x11, 0x71, 0xb8, 0x7, 0x40, 0x30, 0x7, 0xf6,
    0x9e, 0x80, 0x53, 0xbe, 0xe1, 0xa0, 0x1f, 0x98,
    0x70, 0x40, 0x2f, 0x20, 0x28, 0x60, 0xa, 0x7c,
    0x40, 0xd, 0xa4, 0x1, 0x9b, 0xfd, 0xae, 0x1,
    0x80,

    /* U+963B "阻" */
    0x0, 0xff, 0xe4, 0xd7, 0xff, 0x70, 0x57, 0xff,
    0xf0, 0x80, 0x64, 0x48, 0x40, 0x32, 0x2a, 0xf0,
    0x80, 0x7a, 0xee, 0x4, 0x0, 0xa6, 0xab, 0x94,
    0x3, 0xf1, 0x8f, 0x80, 0x7f, 0xf1, 0xac, 0x14,
    0x3, 0xff, 0x8c, 0xa8, 0x1, 0xff, 0xc6, 0x22,
    0x68, 0x6, 0xdf, 0xfe, 0x40, 0xf, 0x94, 0x14,
    0x3, 0x22, 0x78, 0x40, 0x3e, 0x50, 0x90, 0xd,
    0x37, 0x7c, 0xa0, 0x1f, 0x13, 0xa9, 0x0, 0x7f,
    0xf1, 0xa4, 0x2c, 0x3, 0xff, 0x8c, 0x24, 0x80,
    0x10, 0x8f, 0x80, 0x3f, 0xcc, 0x40, 0x16, 0x77,
    0x72, 0x0, 0x7f, 0xf0, 0x95, 0x7c, 0x20, 0x1f,
    0x13, 0x21, 0x0, 0x51, 0x55, 0xca, 0x1, 0xe7,
    0xd9, 0xa, 0x0, 0xff, 0xe2, 0x2a, 0x3e, 0x38,
    0x7, 0xff, 0x10, 0xae, 0xc, 0x3, 0xff, 0x90,
    0xd7, 0x64, 0xe, 0xbb, 0xe5, 0xa, 0xb4, 0x0,
    0xef, 0x44, 0x8, 0x1a, 0x27, 0x8, 0x22, 0x8,

    /* U+964D "降" */
    0x0, 0xff, 0xb, 0x80, 0x7f, 0xf1, 0xe6, 0x18,
    0x3, 0xf4, 0x77, 0x74, 0x80, 0xd, 0xc5, 0x4c,
    0xf8, 0x40, 0x2, 0x25, 0x58, 0x4c, 0x1, 0xc0,
    0x39, 0x9e, 0x60, 0xd, 0x76, 0x80, 0xc0, 0xb2,
    0x4c, 0xce, 0x30, 0x40, 0xf, 0x58, 0x3d, 0x20,
    0xa3, 0x19, 0xd4, 0x72, 0x60, 0x1e, 0x64, 0x75,
    0x7e, 0x3a, 0x60, 0xa6, 0x86, 0x0, 0xf2, 0xf,
    0x35, 0xc0, 0x62, 0xcf, 0x2d, 0xb8, 0x7, 0xdc,
    0xa, 0x8, 0x3, 0x8, 0x1, 0x4b, 0x88, 0x7,
    0x9c, 0x40, 0x9f, 0x39, 0xd7, 0x3a, 0x86, 0x3b,
    0x60, 0x80, 0x28, 0x16, 0xf8, 0x27, 0xdb, 0x8,
    0x7c, 0xd7, 0x7, 0x30, 0x9, 0x4e, 0xfa, 0xfa,
    0x8, 0x19, 0xdc, 0x5, 0x1b, 0xc2, 0x1, 0xa8,
    0x85, 0xdf, 0xbc, 0x3d, 0xdf, 0x8, 0x7, 0x28,
    0x3d, 0xc4, 0x65, 0x5, 0x88, 0xc2, 0x1, 0xc4,
    0x5, 0x17, 0x9f, 0xe9, 0xa, 0xff, 0xc2, 0x1,
    0xc4, 0x0, 0x3b, 0x40, 0x1, 0x80, 0x7f, 0x8e,
    0x74, 0xe, 0x41, 0x80, 0x3f, 0xf8, 0x4c, 0x2c,
    0x8a, 0x1d, 0xfe, 0xa0, 0xaf, 0xfd, 0x60, 0x11,
    0xf7, 0xc8, 0x32, 0xae, 0x30, 0x35, 0x5d, 0x80,
    0x18, 0x40, 0x29, 0xaa, 0xd2, 0x13, 0x55, 0x9c,
    0x3, 0xff, 0xbf, 0x3e, 0x1, 0xfe, 0x5f, 0x50,
    0xf, 0x0,

    /* U+9650 "限" */
    0x0, 0xff, 0xe4, 0xdf, 0xff, 0x58, 0x77, 0x7f,
    0xa0, 0x3, 0x33, 0x40, 0x20, 0x26, 0xef, 0xe4,
    0x11, 0x0, 0x43, 0x32, 0xa0, 0xc0, 0x3, 0xcc,
    0xfa, 0xc0, 0x3f, 0x58, 0x38, 0x7, 0xff, 0x19,
    0x90, 0x40, 0xf, 0x33, 0xeb, 0x0, 0xf8, 0xc7,
    0x40, 0x22, 0x66, 0xf2, 0x80, 0x7d, 0x40, 0xe0,
    0x12, 0xff, 0xfb, 0x80, 0x3e, 0x41, 0x10, 0x7,
    0xff, 0x1a, 0x5, 0x40, 0x27, 0x7f, 0xa4, 0x3,
    0xe5, 0x38, 0x0, 0x8a, 0x23, 0xce, 0x1, 0xfa,
    0x88, 0xc0, 0xb, 0xfa, 0xd, 0xff, 0xac, 0x3,
    0xc8, 0xa, 0x1, 0x88, 0xdc, 0x2, 0x4c, 0x80,
    0xe, 0x30, 0xe0, 0xe, 0x91, 0x70, 0x7b, 0x3b,
    0x0, 0xe2, 0x0, 0xf9, 0x4a, 0x76, 0x13, 0xc,
    0x2, 0x3b, 0xc0, 0xd0, 0xf, 0x48, 0x95, 0x58,
    0x80, 0x62, 0x42, 0x75, 0x0, 0xf2, 0x30, 0x78,
    0x7, 0x87, 0xf6, 0x0, 0x3c, 0xd5, 0x2a, 0xad,
    0x30, 0xf, 0xf8, 0x5f, 0xa5, 0xc2, 0xa0, 0xb2,
    0x88, 0x3, 0xe7, 0x4, 0x82, 0xad, 0x0, 0x3e,
    0x1a, 0xd8, 0x7, 0xf3, 0x6e, 0x28, 0x6, 0x3c,
    0xa9, 0xbe, 0x0, 0xe7, 0xe9, 0x20, 0xf, 0xca,
    0x0,

    /* U+9664 "除" */
    0x0, 0xff, 0xe0, 0x5e, 0x20, 0x7, 0x9a, 0xef,
    0x9c, 0x3, 0x42, 0x15, 0x0, 0x7b, 0xd1, 0x3b,
    0x80, 0x23, 0x75, 0xd1, 0xa0, 0xf, 0xbf, 0xd6,
    0x1c, 0x0, 0x1d, 0x1b, 0x37, 0x58, 0x0, 0xfd,
    0x80, 0xa0, 0x3a, 0x36, 0x21, 0x8, 0xee, 0x0,
    0xf9, 0x48, 0x83, 0xa7, 0xa, 0x1, 0x59, 0xc4,
    0x0, 0x38, 0x88, 0xa7, 0x86, 0xce, 0x1, 0xda,
    0x6f, 0x40, 0x19, 0x3, 0xb0, 0x99, 0x9f, 0xfe,
    0xe8, 0x45, 0xb0, 0xb, 0x45, 0x92, 0xa5, 0x9a,
    0x10, 0x66, 0xd6, 0xb0, 0x1, 0x60, 0x9d, 0xa8,
    0x4c, 0xca, 0x13, 0x31, 0x5, 0x18, 0x4, 0xe3,
    0xe0, 0x1f, 0xfc, 0x79, 0x32, 0x9c, 0xcc, 0x81,
    0x99, 0xc4, 0x1, 0xca, 0x8, 0x46, 0x78, 0x0,
    0x67, 0xc0, 0x1e, 0x30, 0xeb, 0xfe, 0xff, 0x20,
    0x7f, 0xbb, 0xfc, 0x40, 0x1c, 0x60, 0x13, 0x72,
    0x0, 0x68, 0xc1, 0x0, 0xe1, 0x49, 0xd, 0x18,
    0x24, 0x0, 0xd8, 0x5a, 0x1, 0xcb, 0x68, 0x6b,
    0xa3, 0xc0, 0x1c, 0x92, 0x70, 0x1, 0x92, 0xf7,
    0x24, 0xdc, 0xc0, 0x3c, 0xca, 0xea, 0x1, 0x90,
    0xa5, 0x92, 0x0, 0x2, 0xa0, 0x1a, 0x86, 0xc4,
    0x3, 0xb1, 0x2c, 0xf, 0xf8, 0x50, 0x3, 0x53,
    0x8, 0x7, 0x2d, 0x80, 0xd, 0x5a, 0x6c, 0x3,
    0x24, 0x0,

    /* U+9669 "险" */
    0x0, 0xff, 0xe0, 0x8, 0x7, 0xff, 0x1d, 0xfb,
    0x80, 0x1f, 0x4f, 0xff, 0x40, 0x4, 0x30, 0x3,
    0x0, 0x1f, 0x99, 0x8a, 0x1e, 0x1, 0x50, 0x51,
    0xb9, 0x80, 0x7d, 0x32, 0xc0, 0x40, 0x3, 0xa2,
    0xab, 0x83, 0x44, 0x3, 0xf6, 0x89, 0x82, 0x41,
    0x50, 0x15, 0xe, 0x8, 0x7, 0x85, 0x1c, 0x12,
    0xc7, 0xc0, 0x25, 0x82, 0xc1, 0x0, 0xe7, 0xd,
    0x6b, 0x1c, 0x20, 0xc, 0xf0, 0x5e, 0x80, 0x1b,
    0x47, 0x24, 0xa7, 0xb3, 0x3d, 0x70, 0x36, 0xe0,
    0x1, 0x45, 0xb4, 0xc2, 0x33, 0xfc, 0xf6, 0x20,
    0x10, 0xaa, 0xd, 0x8a, 0xff, 0xfe, 0x4, 0xf7,
    0x0, 0xac, 0x20, 0xd, 0xc0, 0x15, 0x80, 0x11,
    0xd1, 0x8, 0x6, 0x15, 0x50, 0x54, 0x8, 0x19,
    0x84, 0x1, 0x6a, 0x20, 0x1e, 0xc0, 0x4a, 0x7,
    0xd, 0x4, 0x0, 0x28, 0x98, 0x7, 0x88, 0x4,
    0xc7, 0x41, 0x3, 0x0, 0x88, 0xe0, 0x1f, 0x8,
    0x4, 0xe8, 0x0, 0x24, 0xa, 0xa, 0x0, 0xe5,
    0xab, 0x7, 0xc, 0x5, 0x7, 0x21, 0x62, 0x30,
    0xf, 0x29, 0xc1, 0x2, 0x6, 0x84, 0x6a, 0xd,
    0x0, 0x79, 0x7f, 0x5c, 0x0, 0x39, 0x0, 0x44,
    0x90, 0x60, 0xf, 0xe3, 0x99, 0xaa, 0x67, 0x18,
    0xc4, 0xca, 0x0, 0x3c, 0xac, 0xdf, 0x80, 0x59,
    0xa7, 0x0, 0xf3, 0x6e, 0xff, 0xf0, 0x78, 0x0,

    /* U+968F "随" */
    0x0, 0xff, 0xe0, 0x88, 0x7, 0xff, 0x4, 0xd0,
    0x3, 0xa3, 0xc4, 0x3, 0xb3, 0xbb, 0x54, 0xc8,
    0x3, 0x90, 0x84, 0x3, 0x88, 0x15, 0x42, 0xd0,
    0x4a, 0x35, 0x51, 0x1d, 0x56, 0x90, 0x3, 0xdd,
    0x81, 0x9, 0x24, 0xd5, 0x60, 0x15, 0x5c, 0xe0,
    0x19, 0x3, 0x3, 0x8c, 0x3f, 0xc4, 0x7f, 0xfd,
    0xc0, 0x1b, 0x41, 0x1, 0x6c, 0x81, 0x8a, 0x44,
    0x70, 0x7, 0x9d, 0x40, 0x24, 0x1, 0x80, 0xae,
    0xed, 0x60, 0x18, 0x87, 0x1e, 0xec, 0xe1, 0x42,
    0x2a, 0xac, 0x20, 0x1c, 0x80, 0xbc, 0xc9, 0xb0,
    0x80, 0x5, 0x5c, 0x60, 0x1c, 0xe1, 0x53, 0xa2,
    0xce, 0x8a, 0x3f, 0xf8, 0x80, 0x38, 0x59, 0x80,
    0x13, 0x5d, 0x0, 0x22, 0x30, 0x80, 0x7a, 0x81,
    0x0, 0x24, 0x10, 0x17, 0x7c, 0x60, 0x1e, 0x30,
    0x30, 0xf, 0xc, 0x46, 0x30, 0xf, 0x87, 0xc0,
    0x3e, 0x77, 0xc2, 0x1, 0xff, 0xc3, 0x1f, 0xfc,
    0x42, 0x1, 0x96, 0x47, 0x80, 0x3f, 0xe3, 0x0,
    0xeb, 0x64, 0x61, 0x10, 0x7, 0xd1, 0x82, 0x60,
    0x1b, 0x7a, 0xc3, 0x41, 0x54, 0x6, 0x60, 0x1,
    0xa, 0xd8, 0x6, 0x31, 0xb, 0x38, 0x2a, 0x88,
    0x68, 0x2, 0xb6, 0x88, 0x3, 0xd4, 0x8e, 0xec,
    0x47, 0xed, 0xbb, 0x55, 0x57, 0x8c, 0x1, 0xb1,
    0xa0, 0x6, 0xe9, 0xd, 0x10, 0xab, 0x21, 0x97,
    0x48, 0x1, 0xa4, 0x3, 0x2d, 0xf7, 0xff, 0xc8,

    /* U+9690 "隐" */
    0x0, 0xff, 0x21, 0x0, 0x7f, 0xf1, 0x8a, 0xe4,
    0x3, 0xfb, 0xbf, 0xf8, 0xc0, 0x12, 0x4, 0xcd,
    0xc0, 0x1c, 0x4c, 0xc3, 0x0, 0x99, 0x1, 0xa6,
    0x78, 0x3, 0x92, 0x64, 0xa2, 0x65, 0x27, 0xff,
    0xa8, 0x18, 0x3, 0xf3, 0xb8, 0x7c, 0x78, 0x2,
    0x2b, 0x39, 0x0, 0xf8, 0xc7, 0x30, 0x48, 0x86,
    0x6b, 0xc5, 0x19, 0x86, 0x1, 0xd6, 0xb, 0x4c,
    0xb3, 0x38, 0x81, 0xe6, 0x56, 0x1, 0xca, 0xa0,
    0x79, 0xee, 0xfd, 0xa0, 0x1f, 0x11, 0x80, 0x42,
    0x3f, 0x8c, 0x3, 0xe7, 0x61, 0xa, 0xff, 0xfd,
    0xc0, 0x1f, 0x48, 0x48, 0x4d, 0x57, 0xe9, 0x0,
    0xf8, 0x51, 0x40, 0xd5, 0x7f, 0x38, 0x7, 0xec,
    0x20, 0xef, 0xff, 0xdc, 0x1, 0xf8, 0x40, 0x65,
    0xdf, 0x23, 0xbf, 0x60, 0x7, 0xb8, 0x5, 0xe2,
    0x2c, 0x4b, 0x88, 0xc8, 0x1, 0x9e, 0x9c, 0x8f,
    0x47, 0x5d, 0xe, 0x0, 0x2e, 0x70, 0xd, 0x4a,
    0x9f, 0x46, 0x27, 0xc1, 0x28, 0x64, 0xd, 0x2,
    0x1, 0x67, 0xd9, 0xb3, 0x0, 0x32, 0xb1, 0x74,
    0x48, 0x48, 0x4, 0x20, 0x9, 0xa, 0x0, 0xe9,
    0x12, 0xf1, 0x66, 0x0, 0x70, 0xba, 0x90, 0x13,
    0xc3, 0x3d, 0x9, 0x85, 0x8b, 0x0, 0x61, 0x98,
    0x0, 0x41, 0xbc, 0xc2, 0x2a, 0x1, 0x5b, 0x74,
    0x80, 0x4c, 0x40, 0x4, 0xdf, 0xfb, 0xa8, 0x2,
    0x40,

    /* U+96C6 "集" */
    0x0, 0xf2, 0x0, 0x61, 0x50, 0xf, 0xfe, 0x1a,
    0x5c, 0x0, 0x53, 0x44, 0x1, 0xff, 0xc2, 0x90,
    0x90, 0xa, 0xc1, 0x40, 0x3f, 0xf8, 0x30, 0x41,
    0xdf, 0xf6, 0x4, 0x7f, 0xfc, 0x1, 0xc8, 0xe1,
    0x11, 0xce, 0x7, 0x11, 0xf0, 0x6, 0x2a, 0x0,
    0x3b, 0xf4, 0x83, 0x3b, 0xfc, 0x1, 0x16, 0x8,
    0x83, 0xff, 0xb8, 0x17, 0xff, 0xca, 0x1, 0x60,
    0xc9, 0x4, 0xcf, 0x80, 0xe6, 0x7c, 0x80, 0x13,
    0x4b, 0x0, 0x19, 0xb9, 0xc1, 0x9b, 0xe1, 0x0,
    0xa1, 0x80, 0x2f, 0xfe, 0xe0, 0x5f, 0xff, 0x28,
    0x7, 0xea, 0xaf, 0x2, 0x55, 0x79, 0x0, 0x3f,
    0x22, 0x73, 0x80, 0xa2, 0x78, 0x3, 0xfb, 0xbb,
    0xb4, 0x17, 0xbb, 0xe7, 0x0, 0xe8, 0xaa, 0xe9,
    0x3, 0xaa, 0xfc, 0xa0, 0x1c, 0x8a, 0xbc, 0xc0,
    0xca, 0xbf, 0x88, 0x0, 0x3f, 0xff, 0xc0, 0xbf,
    0xff, 0xb8, 0x0, 0x2e, 0xff, 0x30, 0x4, 0x6e,
    0xff, 0x48, 0x5, 0x11, 0xee, 0x71, 0x1, 0x34,
    0xc8, 0x8e, 0x70, 0xf, 0x14, 0x74, 0xbf, 0x82,
    0x60, 0x5e, 0xb9, 0x0, 0x79, 0x23, 0x74, 0xee,
    0xd9, 0x10, 0x1, 0xe5, 0xb4, 0x6e, 0xa1, 0x44,
    0x2e, 0xce, 0x33, 0xd2, 0x40, 0x1e, 0x4b, 0xe8,
    0x17, 0xa8, 0x8, 0x9e, 0xc6, 0x10, 0xf, 0xf0,
    0xbe, 0x74, 0x58,

    /* U+96F6 "零" */
    0x0, 0x99, 0xdf, 0xff, 0x88, 0x20, 0x1d, 0x11,
    0xff, 0xc5, 0x50, 0xe, 0xef, 0xff, 0x81, 0xbf,
    0xfe, 0x40, 0xc, 0x8c, 0xdf, 0x38, 0x2b, 0x37,
    0xe0, 0xd, 0xf3, 0x11, 0xe9, 0x3, 0x88, 0xf4,
    0xc8, 0x40, 0x3b, 0xb3, 0x37, 0xf0, 0x37, 0x66,
    0x6f, 0x60, 0xf, 0xd9, 0x9a, 0x40, 0x21, 0xcc,
    0xce, 0x1, 0xfd, 0xbb, 0xa8, 0x0, 0x22, 0xdd,
    0xce, 0x20, 0x1d, 0x5c, 0x1b, 0x99, 0x5b, 0x11,
    0x9b, 0x33, 0x34, 0x78, 0x80, 0x42, 0x20, 0xef,
    0xf6, 0xac, 0xb2, 0x64, 0xff, 0xce, 0x1, 0xfe,
    0x2a, 0xd2, 0x9b, 0xd3, 0x9c, 0x40, 0xf, 0xf2,
    0x5e, 0xab, 0xf9, 0xc1, 0x64, 0x15, 0xe3, 0x8,
    0x6, 0x49, 0xeb, 0x58, 0xe8, 0x12, 0x79, 0x7,
    0xe8, 0x29, 0xec, 0x72, 0x3b, 0x65, 0xae, 0x71,
    0x0, 0x3b, 0x30, 0x80, 0xf, 0xd6, 0xa7, 0xc,
    0x75, 0xd6, 0x9f, 0xfe, 0x60, 0xdf, 0xfd, 0x35,
    0xf6, 0x80, 0xa2, 0x3, 0x11, 0xfe, 0x70, 0x3,
    0x80, 0x10, 0x3, 0xce, 0xce, 0xff, 0x1b, 0x4,
    0xd0, 0x7, 0xfb, 0x7a, 0x94, 0x0, 0x35, 0x6b,
    0xcc, 0x1, 0xff, 0x43, 0xa5, 0x7d, 0xf2, 0x55,
    0x88, 0x7, 0xff, 0x1, 0x27, 0xb1, 0xd8, 0x6,
    0x5c, 0x40, 0x3f, 0xf8, 0x67, 0x1b, 0x8e, 0x51,
    0xe0, 0x1f, 0xfc, 0x63, 0x8e, 0xc8, 0x0, 0xf0,

    /* U+9700 "需" */
    0x0, 0x1a, 0xaf, 0xff, 0x10, 0x80, 0x2f, 0xaa,
    0xff, 0xe2, 0x58, 0x5, 0xbd, 0xdf, 0x1, 0xf7,
    0x7d, 0x0, 0x3, 0x77, 0xfc, 0x2, 0xef, 0xf8,
    0x42, 0xe6, 0x7f, 0x1, 0x4c, 0xfe, 0x50, 0xb,
    0x7f, 0xfc, 0x9, 0xff, 0xea, 0x0, 0xf5, 0x77,
    0x54, 0x1, 0xb7, 0xba, 0x70, 0xf, 0xa6, 0xaa,
    0x90, 0xd, 0xd5, 0x52, 0x80, 0x69, 0xd2, 0x9a,
    0xaa, 0x40, 0x37, 0x55, 0x4a, 0xad, 0x40, 0x12,
    0x8, 0xdd, 0xa0, 0x14, 0xc3, 0xb7, 0x65, 0x2,
    0x0, 0x22, 0x4c, 0xef, 0x32, 0x76, 0x23, 0xbe,
    0x64, 0x41, 0x8d, 0xdf, 0xff, 0x1f, 0x47, 0xbb,
    0xf4, 0x4, 0xf7, 0x7e, 0xf0, 0x11, 0xfd, 0x80,
    0xc2, 0x3f, 0xc0, 0x5, 0xff, 0xf2, 0x7, 0xff,
    0xe2, 0x0, 0xe5, 0x99, 0x30, 0x34, 0xc9, 0x2,
    0x26, 0x46, 0x1, 0xf6, 0x33, 0x34, 0x35, 0x98,
    0x60, 0xcd, 0x28, 0x7, 0xff, 0xc4, 0x94, 0xc,
    0x3, 0xff, 0x89, 0x7a, 0x30, 0x20, 0x12, 0xfb,
    0x0, 0x13, 0xd0, 0x1, 0x1e, 0x37, 0xfa, 0xe0,
    0x0,

    /* U+9732 "露" */
    0x0, 0x17, 0x77, 0xff, 0x15, 0x0, 0x31, 0xc4,
    0x7c, 0xa3, 0x31, 0x1f, 0x30, 0x7, 0x3b, 0xfc,
    0x60, 0xae, 0xff, 0x18, 0x6, 0xfe, 0xef, 0x9c,
    0x37, 0xbb, 0xef, 0x0, 0xe4, 0xcc, 0xf3, 0x5,
    0xe6, 0x79, 0x0, 0x3c, 0x22, 0xdd, 0xce, 0x20,
    0xad, 0xbb, 0x84, 0x40, 0x1f, 0x16, 0xee, 0x50,
    0x9, 0x37, 0x71, 0x0, 0x7b, 0xe8, 0xb3, 0x32,
    0x0, 0x49, 0x99, 0x8a, 0xbc, 0x3, 0x8, 0x17,
    0x76, 0x59, 0xc1, 0xfa, 0xee, 0x88, 0x4, 0x3,
    0x16, 0xeb, 0x33, 0x28, 0x9d, 0x2f, 0xaa, 0xc8,
    0x83, 0x0, 0xe2, 0x74, 0x48, 0x8c, 0x29, 0x41,
    0x2a, 0xab, 0xb4, 0x0, 0x7b, 0xa6, 0x60, 0xed,
    0x51, 0x4f, 0xee, 0x60, 0x8a, 0x40, 0x3d, 0x7f,
    0xf0, 0x0, 0x77, 0xc7, 0xda, 0x35, 0xfc, 0x80,
    0x31, 0x5d, 0xc0, 0xd7, 0x38, 0x68, 0x63, 0x2e,
    0x22, 0x20, 0xe, 0x58, 0x44, 0x7, 0x21, 0xf7,
    0x29, 0x23, 0x74, 0xcb, 0x9f, 0xac, 0x0, 0x23,
    0x0, 0xa3, 0xf9, 0xa3, 0x3d, 0x40, 0x15, 0xf7,
    0x28, 0x60, 0x1f, 0x2c, 0xca, 0x21, 0x9b, 0xbe,
    0xb5, 0x95, 0x0, 0xfb, 0x59, 0x40, 0xd, 0xdd,
    0xd2, 0x1, 0xc5, 0xe0, 0xac, 0x17, 0x58, 0x40,
    0x1, 0x1e, 0x30, 0xc, 0x9a, 0xe1, 0x52, 0x23,
    0x30, 0x1, 0xbf, 0xfa, 0x80, 0x32, 0x5e, 0x6f,
    0x7f, 0x6d, 0xd1, 0x2, 0x5d, 0xf3, 0x80, 0x60,

    /* U+9759 "静" */
    0x0, 0xe2, 0x20, 0x7, 0xca, 0x40, 0x1f, 0xfc,
    0x9, 0xc0, 0xf, 0x1d, 0x50, 0x3, 0xf0, 0x99,
    0xce, 0x6, 0x71, 0x0, 0x3c, 0x3d, 0x9a, 0x20,
    0xd, 0x39, 0x91, 0x8e, 0x65, 0x20, 0xc6, 0x11,
    0x33, 0x38, 0x6, 0x9d, 0xd8, 0xc7, 0x76, 0xa2,
    0x93, 0xee, 0x90, 0x50, 0x3, 0xb, 0xbc, 0x20,
    0xef, 0x1f, 0x8e, 0x88, 0x95, 0x20, 0x40, 0x3a,
    0xaa, 0x21, 0xaa, 0x98, 0xe0, 0xc8, 0x92, 0x48,
    0x42, 0x1, 0xbf, 0xe4, 0x1f, 0xf9, 0x3e, 0x77,
    0x62, 0x26, 0xea, 0x0, 0x25, 0x5c, 0xc0, 0xab,
    0x86, 0xa9, 0x20, 0xb5, 0x40, 0xc, 0x55, 0x58,
    0x86, 0xaa, 0xb0, 0x55, 0x38, 0x6a, 0xa8, 0x3,
    0x17, 0xff, 0xf7, 0x0, 0x7f, 0xf0, 0xa3, 0x77,
    0xd0, 0xff, 0xf7, 0x4, 0x7f, 0x81, 0xbd, 0x80,
    0x4, 0x6a, 0xb8, 0xc9, 0x22, 0x30, 0x24, 0x40,
    0xe, 0x14, 0x2, 0x28, 0x8c, 0x40, 0x6e, 0xf3,
    0x6, 0x3b, 0x81, 0x5c, 0xc0, 0x23, 0xff, 0xc6,
    0x1, 0xff, 0xc5, 0x2a, 0xac, 0x40, 0x57, 0x76,
    0x85, 0x5d, 0x80, 0x3f, 0x22, 0x61, 0x3, 0x0,
    0x9c, 0x3, 0x27, 0x80, 0x71, 0x77, 0x63, 0x1,
    0xbb, 0xa8, 0x2a, 0xee, 0x60, 0xe, 0x2d, 0xdc,
    0x60, 0x1f, 0xfc, 0x51, 0x22, 0xc0, 0x1e, 0x30,
    0xf, 0xfe, 0x13, 0xc9, 0x98, 0x0, 0xf7, 0x80,
    0x40, 0x1f, 0xfc, 0xd, 0x45, 0x80, 0x0, 0xa9,
    0x42, 0x80, 0x78,

    /* U+975E "非" */
    0x0, 0xf9, 0x5c, 0x2, 0x8a, 0x0, 0xff, 0xe1,
    0xf4, 0x8, 0x0, 0xd4, 0x3, 0xff, 0xd3, 0x55,
    0xe5, 0x0, 0xf5, 0x57, 0x8c, 0x0, 0xab, 0xe1,
    0x0, 0xf2, 0xaf, 0x98, 0x1, 0xff, 0xe4, 0x0,
    0xf7, 0xff, 0x94, 0x3, 0xff, 0xf1, 0x3f, 0xfc,
    0x80, 0x1e, 0xff, 0xee, 0x0, 0xbd, 0x57, 0x84,
    0x3, 0xca, 0xbc, 0xe0, 0x13, 0x55, 0x72, 0x80,
    0x7a, 0xab, 0xa4, 0x3, 0xff, 0xf1, 0x9f, 0xfe,
    0x40, 0xf, 0x7f, 0xfc, 0x2a, 0x67, 0xe1, 0x0,
    0xf1, 0x9f, 0xc3, 0x39, 0x9e, 0x50, 0xf, 0x66,
    0x7c, 0x1, 0xff, 0xe8, 0x22, 0x0, 0x7f, 0xf0,
    0x40,

    /* U+9760 "靠" */
    0x0, 0xff, 0x8, 0x7, 0xff, 0xe, 0x30, 0x40,
    0x2c, 0xf0, 0xf, 0xfe, 0x9, 0x39, 0x3b, 0x34,
    0x60, 0xcd, 0xf1, 0x80, 0x77, 0x80, 0xcc, 0xe1,
    0x9, 0x9f, 0x90, 0x3, 0x51, 0x67, 0xff, 0x10,
    0x7f, 0xfc, 0xe0, 0x5, 0x6d, 0x45, 0x66, 0xe3,
    0x6, 0x6f, 0xe2, 0xb9, 0x84, 0x99, 0xf0, 0x84,
    0xcf, 0xf2, 0x77, 0xfd, 0xdd, 0xff, 0xc2, 0xff,
    0x98, 0x2, 0x9e, 0xef, 0xfe, 0x11, 0x0, 0x7e,
    0x9c, 0xcf, 0xf2, 0x0, 0x7f, 0x85, 0x9b, 0xfc,
    0xe0, 0x1f, 0x84, 0x22, 0xab, 0xfc, 0x60, 0x1f,
    0xa3, 0xfe, 0xa0, 0x9f, 0xf0, 0x97, 0xfe, 0x20,
    0xc, 0xac, 0xdd, 0x80, 0x1c, 0x6c, 0xde, 0x30,
    0x5, 0xcc, 0xf3, 0x0, 0x70, 0xcc, 0xf9, 0x0,
    0x1d, 0xff, 0xd4, 0x1, 0xc5, 0xff, 0xe7, 0x0,
    0x3f, 0xff, 0x50, 0x7, 0x17, 0xff, 0x84, 0x0,
    0xb5, 0x5c, 0xc0, 0x1c, 0x35, 0x5e, 0x10, 0x1,
    0x2a, 0xf6, 0x0, 0x71, 0xaa, 0xf8, 0x1, 0x9f,
    0xfe, 0xa0, 0xe, 0x2f, 0xff, 0x96, 0x26, 0x7c,
    0xc0, 0x1c, 0x33, 0x3f, 0x3a, 0x33, 0x7b, 0x0,
    0x38, 0xd9, 0xbe, 0x20,

    /* U+9762 "面" */
    0x0, 0xff, 0xe4, 0xd7, 0xff, 0xff, 0x23, 0x19,
    0xbf, 0x18, 0x1b, 0x37, 0xfa, 0x67, 0xf0, 0x3,
    0xa6, 0x7f, 0x80, 0x3f, 0x11, 0x98, 0x80, 0x3f,
    0xc3, 0x33, 0xee, 0x1, 0x99, 0xfc, 0x80, 0x3,
    0x66, 0xf1, 0x81, 0x33, 0x7e, 0x30, 0xc, 0xdf,
    0xea, 0x9, 0xff, 0xc0, 0xbf, 0xeb, 0x0, 0xff,
    0x8c, 0x3, 0xff, 0x91, 0xd1, 0x18, 0x3, 0xff,
    0x88, 0x8e, 0xf8, 0x3, 0xff, 0x89, 0x3f, 0xf7,
    0x0, 0x7f, 0xf1, 0xc, 0x2, 0x10, 0xf, 0xfe,
    0x21, 0x80, 0x42, 0x1, 0xff, 0xc4, 0x9f, 0xfb,
    0x80, 0x3f, 0xf8, 0x88, 0xef, 0x80, 0x3f, 0xf8,
    0x9d, 0x11, 0x80, 0x3f, 0xfa, 0x89, 0x32, 0xe0,
    0xe9, 0x9c, 0xf, 0x32, 0xe0, 0xf, 0x13, 0x31,
    0x1, 0x19, 0xb0, 0x13, 0x31, 0x40, 0x3c, 0xff,
    0xff, 0xfc, 0x1b, 0x0, 0x80,

    /* U+97F3 "音" */
    0x0, 0xfe, 0x58, 0x10, 0xf, 0xfe, 0x3e, 0xbb,
    0x80, 0x3f, 0xf8, 0xf8, 0x18, 0x1, 0xff, 0x57,
    0xff, 0xd6, 0xb, 0xff, 0xf6, 0x80, 0x58, 0xcd,
    0x28, 0x1b, 0x37, 0x80, 0x99, 0xaa, 0x0, 0x9a,
    0x66, 0x80, 0x69, 0x9e, 0xb0, 0x49, 0x99, 0xc0,
    0x3e, 0x20, 0x70, 0xe, 0x40, 0xc0, 0xf, 0xfe,
    0x1, 0x90, 0x7, 0x78, 0x38, 0x7, 0xb7, 0xff,
    0x8c, 0x3f, 0xf9, 0x83, 0x7f, 0xf8, 0x51, 0x57,
    0xff, 0x90, 0x33, 0x55, 0xff, 0xc8, 0x0, 0xff,
    0xe7, 0x77, 0xff, 0xff, 0x8, 0x40, 0x3f, 0x2a,
    0xff, 0xc2, 0x6, 0x1, 0xf0, 0xd5, 0x7f, 0xca,
    0x1, 0xff, 0xd3, 0x1f, 0xff, 0xf9, 0x0, 0x3f,
    0xce, 0xff, 0xf1, 0x0, 0x7f, 0xc, 0x47, 0xfc,
    0xc0, 0x1f, 0xc3, 0x11, 0xff, 0x30, 0x7, 0xf9,
    0xdf, 0xfe, 0x20, 0xf, 0xe1, 0xff, 0xff, 0x90,
    0x3, 0x80,

    /* U+9875 "页" */
    0x0, 0xff, 0xe4, 0x8f, 0xff, 0xff, 0x1e, 0x5,
    0x13, 0xf1, 0x80, 0x11, 0x3f, 0x70, 0x5d, 0xfe,
    0xa0, 0x5b, 0xbf, 0xcc, 0x1, 0xfd, 0x81, 0x80,
    0x1f, 0xfc, 0x64, 0x4, 0x0, 0xff, 0xe0, 0x77,
    0xff, 0x8, 0x6f, 0xff, 0x94, 0x3, 0xe4, 0x4f,
    0xf8, 0x80, 0x3f, 0xae, 0xff, 0xe5, 0x0, 0xff,
    0xe0, 0x8e, 0xc0, 0x7, 0xff, 0x18, 0xc8, 0x80,
    0x1f, 0xfd, 0xb6, 0x2, 0x0, 0xff, 0xe3, 0x10,
    0x78, 0x7, 0xff, 0x1b, 0x40, 0xc0, 0x3f, 0xf8,
    0x4, 0x20, 0x11, 0xa0, 0x9c, 0x8, 0x3, 0x88,
    0x40, 0x3b, 0x38, 0x0, 0x7a, 0x11, 0x6f, 0xd2,
    0x4d, 0xa8, 0x1, 0xf0, 0xce, 0xb, 0xb6, 0x49,
    0x36, 0xd1, 0x0, 0x79, 0x2b, 0x98, 0x6a, 0x0,
    0xd, 0xb2, 0x2b, 0xb4, 0x40, 0x93, 0xd6, 0xa3,
    0x1c, 0xa0, 0x1c, 0xdd, 0x0, 0xba, 0xc6, 0xc2,
    0x95, 0xce, 0x1, 0xfc, 0xfc, 0xc0, 0x4f, 0x5d,
    0x6a, 0x1, 0xff, 0xc0, 0x19, 0xd4,

    /* U+9876 "顶" */
    0x0, 0xff, 0xe5, 0x4d, 0x57, 0x9b, 0xff, 0xff,
    0x82, 0x2e, 0xab, 0xe1, 0x66, 0xe0, 0x3, 0x37,
    0x87, 0xbf, 0xcc, 0x19, 0xef, 0x33, 0xc0, 0x53,
    0x3e, 0x0, 0xff, 0xe0, 0xa0, 0x20, 0x7, 0xff,
    0xd, 0x62, 0x2f, 0x2, 0x88, 0xca, 0x1, 0xfe,
    0xf7, 0x79, 0x1, 0x1d, 0xf7, 0x80, 0x7f, 0xf0,
    0x3b, 0xff, 0xdc, 0x1, 0xff, 0xc5, 0x98, 0x0,
    0xff, 0xe4, 0x3a, 0x80, 0x7f, 0xfd, 0x4, 0x3,
    0xff, 0x94, 0x20, 0x1f, 0xfc, 0x73, 0x5, 0x0,
    0xff, 0xe1, 0x91, 0x0, 0x14, 0x18, 0xe2, 0x4,
    0x60, 0x1f, 0xe8, 0xd1, 0x46, 0x21, 0x8f, 0x5d,
    0x90, 0xe, 0x30, 0x10, 0xc, 0xf6, 0x1c, 0x94,
    0x17, 0x0, 0x11, 0xcd, 0x28, 0x18, 0x1, 0xb6,
    0xb, 0x4c, 0x17, 0xd, 0xec, 0x40, 0x99, 0x45,
    0xc5, 0x7a, 0x49, 0xf4, 0x80, 0x22, 0xc5, 0x4c,
    0x11, 0x77, 0xf4, 0x3, 0x83, 0xf4, 0x0, 0x7d,
    0x4e, 0xc2, 0x2, 0x1, 0x8b, 0xa0, 0x40, 0x3f,
    0xa2, 0xc0,

    /* U+9879 "项" */
    0x0, 0x8, 0xf8, 0x26, 0xab, 0xff, 0x80, 0x41,
    0x1d, 0xde, 0x97, 0x55, 0xff, 0xe0, 0x8, 0x6a,
    0xa8, 0x0, 0xaa, 0xfe, 0xff, 0xc4, 0x1f, 0xfe,
    0x30, 0x5a, 0xa1, 0x5, 0x51, 0x80, 0x30, 0x91,
    0x80, 0x7f, 0xf2, 0x10, 0x14, 0x3, 0xff, 0x89,
    0x3f, 0xf5, 0x3, 0x7f, 0xe9, 0x0, 0xff, 0xe0,
    0xb3, 0xbf, 0x98, 0x3, 0xff, 0x87, 0x71, 0xd,
    0xb8, 0x85, 0x0, 0x7f, 0xf1, 0xab, 0xc0, 0x3f,
    0xff, 0xe0, 0x1f, 0xfc, 0x21, 0x7, 0x0, 0xff,
    0xe1, 0x1a, 0x0, 0x62, 0x2, 0x0, 0xff, 0x19,
    0x83, 0xb3, 0xc0, 0x35, 0x7, 0xc0, 0x7, 0x87,
    0x3f, 0x4, 0x0, 0xbd, 0x1a, 0x46, 0xc2, 0x27,
    0xd0, 0xd8, 0x0, 0x9, 0x92, 0xce, 0xf5, 0x28,
    0x92, 0xe0, 0x53, 0xd1, 0x62, 0x8, 0x5, 0xdb,
    0x4c, 0x40, 0x11, 0xdd, 0x5, 0x20, 0x2e, 0x94,
    0xd0, 0x4, 0x20, 0x1c, 0xb9, 0x84, 0x3d, 0x50,
    0x8, 0xb0, 0xd7, 0x0, 0x3f, 0x19, 0xd7, 0x84,
    0x1, 0xc3, 0x8a, 0xe0, 0x1f, 0x9b, 0x30, 0x80,
    0x1f, 0xd5, 0x40,

    /* U+987A "顺" */
    0x0, 0x24, 0x80, 0x74, 0xa0, 0x8, 0xff, 0x80,
    0x2c, 0x61, 0x4f, 0x21, 0x63, 0xce, 0xef, 0xf1,
    0x80, 0x7f, 0xd1, 0x33, 0x28, 0x44, 0xce, 0x20,
    0xf, 0xf9, 0x19, 0xa0, 0x3, 0xb3, 0x61, 0x0,
    0xff, 0xe1, 0xb9, 0x80, 0x7f, 0xf1, 0xb7, 0xb8,
    0x47, 0xdd, 0x48, 0x7, 0xff, 0x8, 0xcc, 0x8a,
    0xa4, 0x40, 0x90, 0x7, 0xff, 0xd, 0xea, 0xb8,
    0x40, 0x3f, 0xf8, 0xcf, 0xe2, 0x1, 0xff, 0xd4,
    0x10, 0xf, 0xfe, 0x40, 0x80, 0x7f, 0xf2, 0x8c,
    0x3, 0xff, 0x94, 0x22, 0x0, 0xff, 0xbc, 0x4,
    0x3, 0xe6, 0x30, 0xf, 0xf8, 0x80, 0x3f, 0x89,
    0x80, 0x3f, 0xe7, 0x30, 0xf, 0x8c, 0xc, 0x3,
    0xf6, 0x59, 0x92, 0x4a, 0xe5, 0x0, 0x48, 0x1a,
    0x1, 0xf8, 0x83, 0x82, 0x96, 0xa0, 0x40, 0x2b,
    0x4, 0x0, 0xfc, 0x58, 0x52, 0x58, 0xcb, 0xa6,
    0x4, 0x66, 0x10, 0x66, 0x18, 0x4, 0xda, 0x4e,
    0xc0, 0x9, 0x82, 0xc4, 0x50, 0xa0, 0x1, 0x48,
    0x80, 0x36, 0x46, 0xa0, 0x3, 0x3c, 0x3, 0x3e,
    0xb8, 0x7, 0xf, 0xd4, 0xfa, 0x80, 0x79, 0xf0,
    0x80,

    /* U+987B "须" */
    0x0, 0xf2, 0xd0, 0x7, 0xff, 0x20, 0xa9, 0xf,
    0xff, 0xff, 0x81, 0xc0, 0x1c, 0x58, 0x1a, 0x48,
    0x9c, 0x20, 0x89, 0xe0, 0xc, 0x3e, 0x34, 0x63,
    0x77, 0xc0, 0xb, 0xbe, 0xa0, 0x8, 0xbc, 0xa5,
    0x40, 0x3c, 0x22, 0x40, 0xf, 0xc9, 0x83, 0x2c,
    0x1, 0xf2, 0x1, 0x80, 0x7e, 0x31, 0xa6, 0x0,
    0x8, 0x37, 0xfd, 0x40, 0xff, 0xfa, 0x0, 0x27,
    0xd5, 0x0, 0x47, 0x90, 0x1, 0x5d, 0xfc, 0xc0,
    0x1e, 0x20, 0x2, 0xba, 0x90, 0x3, 0xa2, 0x19,
    0x71, 0xb, 0x0, 0xfc, 0x94, 0x54, 0x1, 0xe9,
    0xe0, 0xf, 0xf2, 0x58, 0xf8, 0x80, 0x7f, 0xf1,
    0x56, 0xc7, 0x8, 0x3, 0xff, 0x8a, 0xd4, 0x3a,
    0x40, 0x1f, 0xfc, 0x63, 0x1c, 0x30, 0x5, 0x28,
    0x7, 0x18, 0x80, 0x7e, 0x5e, 0x20, 0x3, 0xae,
    0x0, 0x61, 0x13, 0x0, 0x7f, 0xf0, 0x16, 0xa,
    0x40, 0x33, 0x86, 0x20, 0x7, 0xf8, 0xe8, 0x7c,
    0x1b, 0x50, 0x60, 0x7a, 0xec, 0x79, 0x20, 0x1c,
    0x98, 0x1a, 0x40, 0x2, 0x3f, 0x1a, 0x86, 0x4f,
    0x71, 0x0, 0xcd, 0x61, 0x86, 0x0, 0x18, 0xc1,
    0xa4, 0x9, 0xb0, 0xb8, 0x0, 0xa6, 0x43, 0x86,
    0x5, 0x3c, 0xe7, 0xaa, 0x1, 0x26, 0x1b, 0xd8,
    0x1, 0xb, 0xc, 0x1, 0x4c, 0x75, 0x84, 0x1,
    0xc5, 0x8a, 0x20, 0xf, 0xc2, 0x0, 0xa3, 0x30,
    0xa0, 0x1f, 0xd5, 0x40,

    /* U+9884 "预" */
    0x0, 0xff, 0xe5, 0x1f, 0xff, 0xd1, 0x7f, 0xff,
    0xf3, 0x13, 0xbf, 0x18, 0x7e, 0xb3, 0x61, 0x5,
    0x66, 0xca, 0x31, 0x1a, 0x8c, 0x59, 0x93, 0x38,
    0xc2, 0xa6, 0x71, 0x80, 0xea, 0x7, 0x5, 0x8,
    0x6, 0x12, 0x30, 0xf, 0x85, 0xee, 0x8d, 0xd0,
    0x0, 0xb3, 0x2b, 0x1, 0x99, 0xc0, 0x1a, 0x8d,
    0x52, 0x0, 0x2c, 0x66, 0x28, 0x13, 0x36, 0x0,
    0xed, 0x10, 0xf, 0xbb, 0xff, 0x90, 0x2, 0x99,
    0xa0, 0x9a, 0x66, 0x60, 0xd, 0x58, 0x1, 0xe6,
    0x6c, 0x64, 0xcd, 0x60, 0x6, 0x12, 0x0, 0xf7,
    0xfd, 0xa0, 0xdf, 0xa1, 0xa0, 0x1f, 0xfc, 0x33,
    0x0, 0x90, 0x14, 0x3, 0xff, 0x8f, 0xa4, 0x40,
    0xc, 0xe0, 0x1f, 0xfc, 0x24, 0x50, 0xe, 0x13,
    0x0, 0xff, 0xe0, 0xd5, 0x0, 0x38, 0x84, 0x3,
    0xff, 0x82, 0xa4, 0x1, 0x8c, 0x14, 0x0, 0x22,
    0x0, 0xff, 0xe0, 0x4f, 0x8c, 0x7, 0xea, 0x57,
    0x0, 0x7f, 0xf0, 0xa1, 0x10, 0xa7, 0x6e, 0x1,
    0xe3, 0x0, 0xf0, 0xd3, 0x95, 0x1f, 0xa4, 0x50,
    0x4, 0xf3, 0xe1, 0xc0, 0x13, 0x7a, 0xa6, 0x8,
    0xd, 0xb2, 0xd8, 0x3, 0xd8, 0x8d, 0x40, 0x13,
    0x20, 0xab, 0x10, 0xd, 0x2c, 0x84, 0x13, 0xbf,
    0x84, 0x0, 0x89, 0xe5, 0x0, 0xfa, 0x70, 0x80,

    /* U+9891 "频" */
    0x0, 0xf8, 0x40, 0x3f, 0xf9, 0x29, 0xc8, 0x1,
    0xff, 0xc5, 0x31, 0x0, 0xf5, 0x6e, 0xff, 0x8c,
    0x2, 0xc9, 0x0, 0x84, 0x2, 0x11, 0x8c, 0x84,
    0x78, 0x3, 0xfa, 0xbf, 0xd5, 0x99, 0x28, 0x66,
    0x71, 0x80, 0x7e, 0x56, 0x70, 0xc, 0xa8, 0x1,
    0xff, 0xc2, 0xe9, 0x80, 0x88, 0x48, 0xbc, 0x46,
    0x0, 0xff, 0xe1, 0x3b, 0x98, 0xd, 0xde, 0x60,
    0xf, 0xc2, 0x2, 0x0, 0x10, 0x7e, 0xee, 0x40,
    0xd, 0xfe, 0x7, 0xfa, 0xa, 0xff, 0x30, 0x0,
    0x52, 0x4, 0x40, 0x1c, 0xcd, 0xc2, 0x26, 0x68,
    0xc0, 0x2d, 0x61, 0x0, 0xf4, 0xcf, 0x19, 0x4c,
    0xc8, 0x1, 0xff, 0xc2, 0x8b, 0x10, 0x8, 0x5c,
    0x80, 0x3f, 0xf8, 0x4e, 0xe1, 0x0, 0x9a, 0x1c,
    0x3, 0xff, 0x82, 0xe1, 0x20, 0x1a, 0x49, 0x40,
    0x21, 0x1, 0x0, 0xfa, 0x4d, 0x40, 0x29, 0x18,
    0x0, 0xc4, 0x1, 0xfa, 0x6, 0x0, 0x14, 0xc,
    0x8a, 0x1, 0x91, 0x0, 0x1f, 0x73, 0x20, 0x0,
    0xcc, 0x34, 0x0, 0xaa, 0x40, 0x66, 0xa4, 0x58,
    0x4, 0xd2, 0x0, 0x7b, 0x1c, 0x10, 0x2, 0xa3,
    0x9a, 0x1d, 0xd2, 0x80, 0x71, 0xe4, 0x16, 0x10,
    0x5, 0x32, 0x1d, 0x3e, 0x56, 0xd3, 0x0, 0x1d,
    0xe1, 0xb6, 0x90, 0x1, 0xf9, 0x8b, 0x4, 0x1,
    0x52, 0x58, 0xa1, 0xe8, 0x79, 0x20, 0x11, 0x40,
    0xbe, 0x90, 0x6, 0x6c, 0x11, 0x7, 0x5e, 0x18,
    0x6, 0x2a, 0xe8, 0x0, 0xf8, 0xfd, 0x0,

    /* U+9898 "题" */
    0x0, 0x91, 0x3e, 0x10, 0xf, 0xfe, 0x11, 0x5d,
    0xfc, 0xc3, 0xff, 0xfe, 0x20, 0xd, 0x1d, 0xd6,
    0x0, 0x5, 0xdf, 0x8, 0x9d, 0xf1, 0x80, 0x61,
    0x1c, 0x1, 0xa2, 0x30, 0xbc, 0x46, 0x10, 0xd,
    0x3f, 0xf6, 0x0, 0x78, 0xc3, 0x0, 0x3f, 0x96,
    0xaa, 0x80, 0x8, 0xb3, 0x1c, 0x13, 0x98, 0xb0,
    0xf, 0x62, 0xac, 0x80, 0x10, 0x99, 0x18, 0x91,
    0xd, 0x0, 0x3d, 0x8c, 0xd5, 0x80, 0x75, 0x77,
    0x66, 0x0, 0xf0, 0xa4, 0x44, 0xc2, 0x20, 0xe,
    0x85, 0x0, 0xf8, 0xbb, 0xbe, 0x60, 0xe, 0x6d,
    0x0, 0xf1, 0xc4, 0x7f, 0x38, 0x7, 0xff, 0x1,
    0x5d, 0xff, 0xa4, 0x3, 0x8, 0x7, 0xcd, 0xff,
    0xa4, 0x33, 0xfd, 0xc0, 0x1d, 0xe0, 0x1f, 0xba,
    0x40, 0x3f, 0xc6, 0x4, 0x0, 0x10, 0xe, 0x1e,
    0x0, 0xaa, 0x20, 0x66, 0xf4, 0x80, 0x3b, 0x9e,
    0x0, 0xc6, 0x4, 0x1, 0x33, 0xb9, 0x80, 0x12,
    0x8c, 0x9, 0xa4, 0x1, 0x90, 0x38, 0x2, 0xcf,
    0xf2, 0xab, 0x59, 0x65, 0xa8, 0xb5, 0x0, 0x2b,
    0x14, 0x50, 0xe, 0xca, 0x28, 0xa0, 0x2, 0xe0,
    0xc8, 0x0, 0xcd, 0xb, 0x5a, 0x1, 0xa9, 0xf9,
    0xc0, 0x31, 0xe7, 0x0, 0x20, 0x5a, 0x8d, 0x3,
    0xae, 0xb0, 0x62, 0x67, 0xaa, 0x22, 0x24, 0x90,
    0x6, 0x52, 0x82, 0xac, 0xcd, 0xf2, 0xa9, 0x3c,
    0xb1, 0xc0, 0x25, 0xad, 0xef, 0xfd, 0xdd, 0xbf,
    0xf3, 0x80,

    /* U+989C "颜" */
    0x0, 0xf3, 0x18, 0x7, 0xff, 0x26, 0x64, 0x1,
    0xff, 0xc9, 0x55, 0x8, 0x5, 0x7f, 0xff, 0xc0,
    0x1, 0xff, 0xca, 0x1d, 0xfe, 0xdd, 0x33, 0x42,
    0x26, 0x6c, 0x0, 0x16, 0x60, 0x13, 0x31, 0x1,
    0x69, 0xa6, 0x60, 0x59, 0x9c, 0x1, 0x4c, 0x8d,
    0xa6, 0x58, 0x16, 0xe0, 0x11, 0x9, 0x80, 0x7f,
    0x2a, 0x80, 0x1a, 0x42, 0x3, 0x76, 0xe0, 0x5b,
    0xb8, 0x3, 0xde, 0x24, 0x8, 0xe0, 0x3, 0x45,
    0x12, 0x6, 0x54, 0x10, 0xa, 0x7e, 0x43, 0x7c,
    0x57, 0xf4, 0x1, 0x3b, 0xb9, 0x80, 0x3e, 0x77,
    0xfa, 0xc0, 0x35, 0x30, 0x7, 0xf4, 0x46, 0xa3,
    0xa6, 0x0, 0xc9, 0x80, 0x1f, 0xf1, 0x4e, 0xab,
    0x0, 0x7f, 0xf1, 0xe, 0xf5, 0x99, 0xe8, 0x1,
    0xff, 0xc4, 0x74, 0x6e, 0x94, 0x70, 0xe, 0x13,
    0x0, 0xf8, 0xc5, 0x3a, 0x42, 0xa9, 0x80, 0x1f,
    0xfc, 0x21, 0x0, 0xa3, 0x96, 0x2c, 0x3, 0x10,
    0x70, 0x7, 0xce, 0x6d, 0xce, 0x9a, 0xe4, 0x43,
    0x43, 0x40, 0x30, 0xe3, 0x10, 0x8, 0x99, 0x11,
    0x76, 0x25, 0xde, 0x1b, 0x4b, 0x17, 0x96, 0xc0,
    0x8, 0x44, 0x65, 0x68, 0x35, 0x42, 0xe0, 0x5,
    0x14, 0x23, 0x60, 0x80, 0x48, 0x18, 0x3, 0x1c,
    0xad, 0xa4, 0x36, 0xae, 0xcf, 0x47, 0xe6, 0x0,
    0xe0, 0x59, 0xe7, 0x3c, 0x90, 0x7e, 0x48, 0x80,
    0x1, 0x70, 0x71, 0x49, 0x14, 0x54, 0xeb, 0xc,
    0x1a, 0xf, 0x1c, 0x3, 0x1e, 0x8, 0x8b, 0xac,
    0x33, 0xa, 0x1, 0x35, 0xe1, 0x80, 0x78, 0xfd,
    0x0,

    /* U+9970 "饰" */
    0x0, 0xc8, 0x40, 0x1e, 0x43, 0x0, 0xff, 0xe0,
    0x1d, 0xd0, 0x7, 0xae, 0x0, 0x3f, 0xf8, 0x8,
    0x18, 0x1, 0xca, 0x1c, 0x1, 0xff, 0xc0, 0xc0,
    0x40, 0xe, 0x90, 0xf9, 0x9f, 0xc2, 0x0, 0x14,
    0xf, 0xfc, 0x67, 0x2, 0xb3, 0x7e, 0x0, 0x9c,
    0xd, 0x54, 0x60, 0x8, 0xd, 0xfc, 0xae, 0xff,
    0xe1, 0x0, 0x50, 0xe5, 0x51, 0x85, 0x91, 0x48,
    0x2e, 0x80, 0x3f, 0x19, 0x9c, 0x2, 0x57, 0xb0,
    0xb0, 0xf, 0xfe, 0x4, 0x5, 0xe4, 0xb0, 0x5d,
    0xa4, 0x40, 0x3f, 0xe3, 0x45, 0x22, 0x85, 0x9,
    0x7a, 0x22, 0x40, 0x88, 0xe0, 0x8, 0xa0, 0x2,
    0x7b, 0x1, 0x77, 0xc6, 0xc, 0xef, 0x80, 0x7,
    0xa4, 0x1, 0xf9, 0xbf, 0xce, 0x1d, 0xfe, 0x50,
    0xf, 0xfe, 0x10, 0x80, 0x7f, 0xff, 0xc0, 0x3f,
    0xf8, 0x9, 0x20, 0x1f, 0xfc, 0x85, 0xb4, 0x0,
    0xff, 0x30, 0x80, 0x78, 0x52, 0x93, 0x0, 0x3f,
    0x67, 0x99, 0x0, 0x72, 0x80, 0x22, 0xc4, 0x45,
    0xe0, 0x1c, 0xc6, 0xdc, 0x1, 0xc2, 0x2c, 0x70,
    0xb, 0x5c, 0x3, 0xab, 0x24, 0x80, 0x39, 0x38,
    0xc0, 0x3f, 0xf8, 0xa0,

    /* U+9988 "馈" */
    0x0, 0xff, 0xe1, 0x10, 0x80, 0x7f, 0x9b, 0xd0,
    0x3, 0xf6, 0xc8, 0x7, 0xfb, 0x1, 0x40, 0x24,
    0x4c, 0xa0, 0x48, 0x98, 0x80, 0x39, 0xc8, 0x40,
    0x2b, 0xbd, 0x40, 0xb7, 0x7c, 0x1, 0x88, 0x81,
    0x11, 0x8, 0x37, 0x74, 0xd, 0xdd, 0x0, 0x79,
    0x40, 0x9d, 0xe2, 0x1, 0x1c, 0x2, 0x38, 0x3,
    0xd4, 0x37, 0x67, 0x1, 0x3, 0x66, 0x38, 0x1b,
    0x34, 0x1, 0xc6, 0x4c, 0x88, 0x33, 0x10, 0xa4,
    0xca, 0x1, 0x26, 0x60, 0x10, 0xa, 0x42, 0x40,
    0x52, 0x83, 0xbf, 0xf0, 0x3f, 0xfe, 0x80, 0x1,
    0x2a, 0x9b, 0xa4, 0x16, 0x67, 0xc0, 0x93, 0x3e,
    0x1, 0x28, 0x1, 0xac, 0x76, 0x6f, 0x1, 0xb3,
    0x78, 0xf, 0x48, 0x0, 0x66, 0x4f, 0xff, 0xfe,
    0x10, 0x7, 0xf9, 0x1d, 0xff, 0xc0, 0x1f, 0xfc,
    0xd, 0x88, 0xff, 0x8, 0x7, 0xff, 0x7, 0xbf,
    0xd9, 0xbf, 0xe8, 0x0, 0xff, 0xe1, 0x88, 0x3,
    0x28, 0x3, 0xff, 0x84, 0x20, 0x1c, 0x41, 0xe0,
    0x1f, 0xfc, 0x16, 0xc0, 0xe, 0x50, 0x40, 0xf,
    0xfe, 0x5, 0xc8, 0x86, 0xc0, 0x24, 0x18, 0x6b,
    0x24, 0x8, 0x7, 0x68, 0x2b, 0x60, 0x22, 0xd5,
    0x8f, 0x0, 0x27, 0x44, 0x3, 0xca, 0x15, 0x26,
    0xf9, 0xaa, 0xaf, 0x23, 0xda, 0x39, 0xe6, 0x0,
    0xd5, 0xaa, 0x1d, 0x6, 0xb9, 0x42, 0x1, 0x2e,
    0xc8, 0x40, 0x6, 0x52, 0x0, 0x45, 0x7d, 0x18,
    0x7, 0xcd, 0xfa, 0x0,

    /* U+9996 "首" */
    0x0, 0xe3, 0x80, 0xf, 0x9e, 0x4, 0x3, 0xfd,
    0xe, 0xe0, 0xe, 0x28, 0x60, 0xf, 0xfa, 0x8a,
    0x8, 0x3, 0x70, 0x58, 0x80, 0x74, 0x4c, 0xe8,
    0x61, 0xb9, 0x9a, 0xcc, 0x72, 0x67, 0x81, 0x9b,
    0xc8, 0x2c, 0xd9, 0x0, 0x59, 0xbc, 0x3d, 0xff,
    0xf9, 0x42, 0xbf, 0xff, 0x84, 0x3, 0xf9, 0xc1,
    0x0, 0x3f, 0xf8, 0x31, 0x1d, 0x24, 0x33, 0x11,
    0xe0, 0xf, 0x9d, 0xf9, 0x80, 0x5d, 0xfe, 0x10,
    0xf, 0x8b, 0xff, 0xfe, 0x40, 0xf, 0xfe, 0x99,
    0xc4, 0x7f, 0xcc, 0x1, 0xfc, 0x2e, 0xff, 0xf1,
    0x0, 0x7f, 0x17, 0xff, 0xfc, 0x80, 0x1f, 0xfd,
    0x33, 0x99, 0xff, 0x98, 0x3, 0xf8, 0x59, 0xbf,
    0xe2, 0x0, 0xfe, 0x2f, 0xff, 0xf9, 0x0, 0x3f,
    0xfa, 0x67, 0x33, 0xff, 0x30, 0x7, 0xf0, 0xb3,
    0x7f, 0xc4, 0x1, 0xfc, 0x5f, 0xff, 0xf2, 0x0,
    0x7e, 0xec, 0x0, 0xff, 0xaf, 0xc4, 0x2,

    /* U+9A7B "驻" */
    0x0, 0xff, 0xe1, 0xa, 0x0, 0x7f, 0xf2, 0x62,
    0xcc, 0x3, 0xe6, 0xff, 0xf8, 0x3, 0xb0, 0x10,
    0x3, 0xe2, 0x44, 0xe1, 0x10, 0x7, 0x28, 0x58,
    0x7, 0xc9, 0x77, 0xc4, 0x60, 0xb3, 0x38, 0x4e,
    0x67, 0x38, 0x4, 0x7e, 0xc0, 0x2, 0x10, 0xc6,
    0x6c, 0x20, 0xcd, 0xa8, 0x2, 0x70, 0x30, 0x0,
    0xb8, 0x46, 0xee, 0x2, 0xdd, 0xd8, 0x1, 0x8,
    0x30, 0x4, 0x20, 0x24, 0x58, 0x0, 0x45, 0x84,
    0x2, 0x30, 0x10, 0x20, 0x20, 0xf, 0xfe, 0x27,
    0x1, 0x80, 0x87, 0x80, 0x7f, 0xf1, 0x4, 0x8,
    0xd0, 0x3c, 0x80, 0x3f, 0xf8, 0x66, 0x19, 0x88,
    0x7, 0x92, 0x99, 0xc0, 0x73, 0x38, 0x40, 0x2f,
    0x77, 0xe0, 0x3, 0x37, 0x0, 0xb3, 0x62, 0x0,
    0x96, 0x23, 0x84, 0x49, 0xdd, 0x80, 0xbb, 0xb1,
    0x80, 0x7f, 0x9, 0x80, 0x8e, 0x0, 0x8, 0xe0,
    0x0, 0xab, 0xcd, 0xef, 0xa8, 0x7, 0xff, 0xc,
    0xaa, 0x19, 0x45, 0x84, 0x4, 0x3, 0xff, 0x82,
    0x75, 0x9d, 0xcc, 0x95, 0xf, 0x0, 0xff, 0xe1,
    0x29, 0x88, 0x4, 0x60, 0x1f, 0xfc, 0xa4, 0xf,
    0xaa, 0xe0, 0x3a, 0xae, 0x40, 0x8, 0xea, 0xf2,
    0x43, 0x95, 0x78, 0x5, 0x57, 0x8c, 0x2, 0x15,
    0x43, 0x29, 0x6f, 0xff, 0xfe, 0x3, 0x80, 0x45,
    0xdf, 0xed, 0x60, 0xf, 0xfe, 0x10,

    /* U+9A8C "验" */
    0x0, 0xff, 0xe1, 0x56, 0x18, 0x7, 0xd1, 0xff,
    0xe3, 0x0, 0xca, 0xa3, 0x80, 0xf, 0xb5, 0x57,
    0x18, 0x8, 0x6, 0x82, 0x84, 0x60, 0xf, 0x2c,
    0x6c, 0x55, 0x81, 0x0, 0x54, 0x52, 0xe7, 0x26,
    0x1, 0xe7, 0x86, 0xf, 0x0, 0xd0, 0xae, 0x81,
    0xc3, 0xa4, 0x1, 0xc6, 0xc, 0x4, 0x20, 0x8,
    0x75, 0x80, 0x1, 0x68, 0x61, 0x80, 0x61, 0x3,
    0x1, 0x30, 0x97, 0x5a, 0x0, 0xc7, 0x81, 0x8c,
    0x1, 0x78, 0x8, 0x38, 0xe3, 0x30, 0xea, 0xbd,
    0x10, 0x29, 0x90, 0x0, 0x40, 0x21, 0x7b, 0x89,
    0x75, 0x5f, 0x8f, 0x16, 0xc0, 0x6, 0x20, 0x3,
    0x17, 0x70, 0x77, 0xff, 0xca, 0x34, 0x40, 0x1,
    0x17, 0xf8, 0x57, 0x1, 0x90, 0x1b, 0xc4, 0x0,
    0x96, 0x60, 0x1b, 0x15, 0x70, 0x80, 0x2b, 0xc1,
    0x41, 0x0, 0x18, 0x80, 0x1c, 0xf5, 0x58, 0x9c,
    0x11, 0x0, 0x61, 0x80, 0x3, 0x13, 0x0, 0xfe,
    0x11, 0x6, 0x2, 0x2, 0x20, 0x0, 0x8a, 0x1,
    0x84, 0xda, 0xb5, 0x4c, 0x0, 0xa1, 0x80, 0x64,
    0x26, 0x18, 0x1, 0x37, 0x64, 0xa8, 0x8, 0x8c,
    0x4, 0x90, 0x30, 0x16, 0xc1, 0x0, 0x25, 0x53,
    0xdf, 0x6a, 0x0, 0x80, 0x1c, 0xc1, 0x40, 0xd0,
    0x4c, 0x2, 0x3a, 0x84, 0x10, 0x10, 0xf0, 0x6,
    0x89, 0xd, 0xa9, 0xb8, 0x7, 0xf9, 0x40, 0x40,
    0xd, 0xc4, 0x8, 0xa1, 0x40, 0x1f, 0x2c, 0xd5,
    0x1, 0x62, 0x62, 0x67, 0x82, 0xa6, 0x4c, 0x1,
    0x8d, 0x94, 0xe4, 0xd5, 0x9b, 0xc2, 0xc, 0xd6,
    0x0, 0x66, 0xff, 0x6b, 0x6, 0xff, 0xff, 0xd4,
    0x0,

    /* U+9AA8 "骨" */
    0x0, 0xa6, 0x7f, 0xf8, 0x30, 0x1, 0xc2, 0xcd,
    0xff, 0xc1, 0x70, 0xf, 0x97, 0xff, 0xfc, 0x60,
    0x1f, 0x99, 0xbe, 0x30, 0xf, 0xfe, 0x1, 0xcc,
    0xfa, 0x80, 0x3f, 0xf8, 0xb, 0xff, 0xb8, 0x3,
    0xfc, 0x45, 0x0, 0x91, 0x70, 0x19, 0x14, 0x0,
    0x22, 0xe, 0xeb, 0x1, 0x37, 0x76, 0x2, 0xee,
    0xc6, 0x1b, 0xb0, 0x15, 0xdf, 0xff, 0x10, 0x2,
    0x14, 0x4f, 0xfe, 0x20, 0x7, 0x6f, 0xff, 0xff,
    0x2, 0x40, 0x2a, 0x80, 0x0, 0xc4, 0x7f, 0x80,
    0xc2, 0xa1, 0x50, 0x2, 0x77, 0xfe, 0x60, 0x9,
    0x50, 0x3, 0xf, 0xff, 0xf7, 0x0, 0x7f, 0xc,
    0x47, 0xf8, 0x3, 0xfc, 0xef, 0xfc, 0xc0, 0x1f,
    0xe7, 0x7f, 0xe6, 0x0, 0xfe, 0x18, 0x8f, 0xf0,
    0x7, 0xf0, 0xff, 0xff, 0x70, 0x18, 0x7, 0xff,
    0x8, 0x55, 0xa8, 0x38, 0x3, 0xff, 0x84, 0x55,
    0x2a, 0xce, 0x1, 0xed, 0xe0, 0xf, 0x1f, 0x7f,
    0x48, 0x6,

    /* U+9AD8 "高" */
    0x0, 0xfe, 0x26, 0x0, 0xff, 0xe4, 0x2c, 0xa0,
    0x7, 0xf8, 0x8c, 0xff, 0x10, 0x71, 0x9f, 0xf0,
    0x66, 0x7f, 0x50, 0x2e, 0x67, 0xf0, 0xed, 0xdf,
    0xff, 0x20, 0x4d, 0x13, 0xff, 0x90, 0x1, 0x8b,
    0xff, 0xff, 0x82, 0xa0, 0x1f, 0xc9, 0x77, 0xfc,
    0xc0, 0x1f, 0xf0, 0xa2, 0x7f, 0x70, 0x7, 0xfc,
    0xbf, 0xff, 0xd0, 0x1, 0xfc, 0x55, 0x5f, 0xfc,
    0x14, 0x0, 0xfc, 0xab, 0xff, 0xc1, 0x10, 0xe,
    0x5f, 0xff, 0xfe, 0x2c, 0x0, 0x72, 0xd5, 0x7f,
    0xf0, 0x5c, 0x3, 0xed, 0x55, 0x22, 0x7f, 0x2a,
    0xb4, 0x3, 0xfd, 0x9d, 0xdf, 0x80, 0x3f, 0xf8,
    0x43, 0x77, 0xc6, 0x1, 0xff, 0xc4, 0x44, 0xe7,
    0x0, 0xff, 0xe1, 0x8f, 0xff, 0x20, 0x7, 0xff,
    0xa, 0x26, 0x7f, 0x0, 0x6f, 0x0, 0xfc, 0xac,
    0xdf, 0x25, 0x65, 0x1, 0x0, 0x7f, 0xf1, 0x9,
    0x8, 0xdd, 0x40, 0x25, 0xf7, 0x0, 0xff, 0xbb,
    0x99, 0x0, 0x10,

    /* U+9ED1 "黑" */
    0x0, 0x34, 0x47, 0xff, 0xd, 0xc0, 0x3a, 0xdd,
    0xff, 0xf8, 0x72, 0x1, 0xe1, 0xfd, 0xd7, 0xfa,
    0xc2, 0x3f, 0xdb, 0x9e, 0x60, 0x1f, 0xd9, 0xe0,
    0x7, 0x0, 0xd3, 0xa0, 0x1f, 0xf5, 0x94, 0x0,
    0x73, 0x24, 0x80, 0x7f, 0xca, 0x8e, 0x40, 0x11,
    0x49, 0x38, 0x7, 0xff, 0x2, 0x4c, 0xc0, 0x18,
    0xfc, 0x3, 0xfc, 0x31, 0xa, 0x59, 0x90, 0x65,
    0x25, 0x44, 0x8, 0x3, 0xf3, 0xbc, 0xce, 0xa0,
    0x8e, 0xfc, 0x20, 0x1e, 0xdf, 0xff, 0x60, 0x47,
    0xff, 0xb8, 0x3, 0xff, 0x9c, 0xdf, 0xff, 0x60,
    0x47, 0xff, 0xce, 0x1, 0x2b, 0x37, 0xca, 0x6,
    0xcd, 0xf1, 0x80, 0x47, 0x33, 0xf8, 0x2e, 0x67,
    0xe4, 0x0, 0x2c, 0x47, 0xea, 0xc, 0x88, 0xfe,
    0xe, 0x77, 0xfc, 0xc0, 0x8e, 0xff, 0xc3, 0x7f,
    0x97, 0xff, 0xbb, 0xfe, 0xee, 0x7f, 0xd9, 0xdf,
    0xe1, 0x0, 0x45, 0x88, 0xf, 0x40, 0x0, 0x7e,
    0x0, 0x5, 0x96, 0x1, 0x91, 0xa, 0x20, 0x20,
    0xe0, 0x1, 0x26, 0x10, 0x25, 0x58, 0x2, 0xa0,
    0x80, 0x9, 0x4, 0x80, 0x12, 0xc, 0x0, 0xb0,
    0xb1, 0x7, 0x16, 0x20, 0xb, 0x41, 0xc0, 0xa,
    0x1c, 0x0, 0x17, 0x12, 0x7, 0xa9, 0x0, 0xcd,
    0xca, 0x1, 0x74, 0x80, 0x53, 0xa6, 0x0,

    /* U+9ED8 "默" */
    0x0, 0xff, 0xe2, 0x20, 0x80, 0x7f, 0xf2, 0x4a,
    0xdc, 0x8, 0x3, 0xd5, 0xff, 0xfc, 0x20, 0x1c,
    0xfa, 0x60, 0x1e, 0x29, 0x92, 0x84, 0xc9, 0xc0,
    0x3e, 0x71, 0xf0, 0xf, 0xb9, 0x34, 0x18, 0x3,
    0xfd, 0x26, 0xa0, 0x1c, 0x2b, 0x60, 0x1, 0x93,
    0x0, 0xfc, 0xe3, 0xe0, 0x1e, 0xb6, 0xf0, 0x81,
    0xe0, 0xf, 0xea, 0xa0, 0x7, 0x99, 0x0, 0x2b,
    0x10, 0x56, 0x62, 0x86, 0x33, 0x9, 0x80, 0x38,
    0x57, 0x84, 0x30, 0x30, 0xe, 0x65, 0x0, 0xb3,
    0x38, 0x80, 0x31, 0x55, 0x18, 0x2a, 0x8e, 0x9,
    0x76, 0x90, 0x3b, 0xbc, 0x40, 0x15, 0x77, 0x50,
    0x1d, 0xd8, 0xd1, 0x4, 0x0, 0x44, 0xc0, 0x18,
    0x40, 0x3f, 0xf8, 0x4, 0x6, 0x1, 0xfb, 0xbb,
    0x40, 0x77, 0x63, 0x0, 0x70, 0x0, 0x80, 0x3e,
    0xaa, 0xcc, 0x15, 0x58, 0xc0, 0x6, 0x20, 0x80,
    0x1f, 0x2a, 0xee, 0x5, 0x5c, 0x1, 0x23, 0xa6,
    0x80, 0x79, 0x19, 0xa7, 0xc0, 0x9a, 0xbc, 0xa0,
    0x30, 0xfd, 0x42, 0x0, 0xee, 0x99, 0xa1, 0x49,
    0x18, 0x18, 0x82, 0x81, 0xdc, 0x16, 0x1, 0xd7,
    0x6d, 0xff, 0x76, 0x46, 0x71, 0x40, 0x32, 0x88,
    0x95, 0x88, 0x3, 0xc, 0xc0, 0x7a, 0x95, 0x19,
    0x9c, 0x20, 0x38, 0x1, 0x21, 0x20, 0x18, 0x89,
    0x80, 0x3a, 0x60, 0x8e, 0xe, 0xe4, 0x40, 0x0,
    0xd9, 0x18, 0x2, 0x50, 0x40, 0x23, 0x4, 0xc1,
    0x69, 0x9, 0x0, 0xd0, 0x32, 0x80, 0xb, 0x22,
    0x3, 0x0, 0x37, 0x83, 0x86, 0x8, 0x3, 0xe,
    0x84, 0x0, 0x3e, 0x40, 0x15, 0x60, 0xca, 0xc,
    0xee, 0x0, 0xf1, 0xd6, 0x80,

    /* U+9F50 "齐" */
    0x0, 0xff, 0x2d, 0x88, 0x7, 0xff, 0x20, 0xd1,
    0x80, 0x3f, 0xf9, 0xe, 0x16, 0x1, 0xff, 0xc0,
    0xef, 0xff, 0xb8, 0xf, 0xff, 0xf2, 0x0, 0x4e,
    0xaa, 0x40, 0x2, 0xaf, 0xc4, 0x6, 0xab, 0x38,
    0x5, 0x35, 0x4b, 0x30, 0xda, 0xae, 0xe2, 0x26,
    0x55, 0x46, 0x1, 0xf6, 0x94, 0x38, 0x4, 0x76,
    0x1e, 0x1, 0xff, 0xc0, 0x1c, 0x28, 0x90, 0x6c,
    0x1c, 0x20, 0xf, 0xfe, 0x8, 0xe1, 0xb7, 0x49,
    0x61, 0x80, 0x7f, 0xf1, 0x10, 0x4, 0x18, 0x40,
    0x3f, 0xf8, 0x4b, 0x5c, 0xe5, 0x28, 0x8c, 0xc3,
    0x90, 0x7, 0xc6, 0xf7, 0xf4, 0xa7, 0x5a, 0xd7,
    0x8a, 0x71, 0xbd, 0x4c, 0x60, 0x5f, 0x90, 0x87,
    0x1b, 0x8a, 0x1, 0x1d, 0x75, 0x28, 0x2c, 0xe4,
    0x12, 0x35, 0x76, 0x27, 0xb0, 0x7, 0xab, 0xab,
    0xb6, 0x5a, 0x82, 0xe5, 0x44, 0x18, 0xb8, 0x3,
    0xc8, 0x80, 0x1, 0x34, 0x90, 0x7, 0x8c, 0x3c,
    0x3, 0xff, 0x91, 0x80, 0x60, 0x1f, 0xfc, 0x71,
    0x50, 0x40, 0xf, 0xfe, 0x30, 0xe8, 0x38, 0x7,
    0xff, 0x18, 0xf0, 0xd2, 0x0, 0x3f, 0xf8, 0xb1,
    0x84, 0xb6, 0x1, 0xff, 0xc6, 0xc1, 0xaa, 0x0,
    0x7f, 0xf1, 0xd3, 0x94, 0x3, 0xfd, 0xfe, 0x0,
    0xf0,

    /* U+FF01 "！" */
    0x6, 0x70, 0x4, 0xc0, 0x0, 0x40, 0x3f, 0xf8,
    0x66, 0x20, 0x1f, 0xe1, 0x0, 0xc6, 0x1, 0xe7,
    0x10, 0x5, 0xe0, 0x1e, 0x69, 0xa1, 0x95, 0x90,
    0x3, 0x57, 0xb8, 0xa0,

    /* U+FF05 "％" */
    0x1, 0x9d, 0xd4, 0x88, 0x7, 0x2d, 0x8, 0x6,
    0xd6, 0x55, 0x3e, 0x80, 0x61, 0xb3, 0x10, 0x8,
    0x8e, 0x23, 0x19, 0x0, 0x50, 0x30, 0x1, 0x9c,
    0xc, 0x0, 0xa0, 0xe0, 0x2, 0x68, 0x10, 0xc,
    0x60, 0xe0, 0x1, 0x3, 0x0, 0x40, 0xb8, 0x7,
    0x18, 0x6, 0x10, 0x8, 0xd6, 0xc0, 0x3c, 0xc0,
    0xc0, 0x6, 0x2, 0xf, 0x35, 0x0, 0xf1, 0x8c,
    0x88, 0xb8, 0x51, 0x4e, 0x0, 0x3f, 0x51, 0x77,
    0x16, 0x82, 0xd1, 0x2b, 0xec, 0x60, 0x9, 0x3b,
    0x31, 0xc8, 0xe3, 0x25, 0x6f, 0x2d, 0x2c, 0x1,
    0x8c, 0xc0, 0x30, 0xc5, 0x41, 0xaf, 0x45, 0x40,
    0x1f, 0x40, 0xc0, 0x18, 0x88, 0x0, 0x86, 0x1,
    0xe2, 0x69, 0x10, 0x73, 0x0, 0xff, 0xa4, 0x9c,
    0x3, 0xff, 0x84, 0x88, 0x80, 0x9, 0x88, 0x2,
    0x21, 0x0, 0xe9, 0x35, 0x0, 0xbc, 0x1c, 0xd,
    0x1c, 0x3, 0x31, 0x78, 0x6, 0x56, 0x8f, 0xc4,
    0x80, 0xc, 0xde, 0x60, 0x1d, 0x3d, 0x9b, 0x62,
    0x0,

    /* U+FF08 "（" */
    0x0, 0xc2, 0x40, 0x18, 0x7b, 0xc0, 0x35, 0x4,
    0x80, 0x48, 0x98, 0x2, 0x80, 0x80, 0x8, 0xcf,
    0x0, 0x56, 0x16, 0x1, 0x90, 0xc, 0x3, 0x18,
    0x20, 0x4, 0x40, 0x20, 0x18, 0x40, 0xc0, 0x33,
    0x80, 0x80, 0x67, 0x1, 0x0, 0xc2, 0x6, 0x1,
    0x88, 0x4, 0x3, 0x8c, 0x10, 0x3, 0x20, 0x60,
    0x6, 0xb0, 0x50, 0xc, 0x66, 0x24, 0x0, 0xd2,
    0x1e, 0x1, 0x95, 0x12, 0x0, 0xd4, 0x14, 0x0,

    /* U+FF09 "）" */
    0x12, 0x0, 0xc5, 0xb6, 0x1, 0x1b, 0x23, 0x0,
    0x50, 0x10, 0x1, 0xb, 0x8b, 0x0, 0x54, 0x16,
    0x1, 0x11, 0x60, 0x9, 0x1, 0x0, 0x2c, 0xc,
    0x0, 0x84, 0x18, 0x2, 0x60, 0x10, 0xe, 0x30,
    0x8, 0x40, 0x39, 0xc0, 0x80, 0x22, 0x6, 0x0,
    0xbc, 0x34, 0x2, 0x40, 0x40, 0x1, 0x14, 0x60,
    0xb, 0xb, 0x0, 0xb, 0xb, 0x0, 0x20, 0x2c,
    0x0, 0x6c, 0x8a, 0x0,

    /* U+FF0C "，" */
    0x0, 0xf9, 0x3e, 0xc0, 0x6, 0x6, 0x0, 0xc0,
    0xb0, 0x14, 0x33, 0x4, 0x84, 0x0, 0xba, 0x20,
    0x1, 0x74, 0x0,

    /* U+FF1A "：" */
    0x0, 0x8, 0x17, 0xf4, 0x30, 0x0, 0xd4, 0x87,
    0x47, 0x79, 0x80, 0x3f, 0xf9, 0x83, 0x9a, 0xca,
    0x65, 0xac, 0x0, 0x22, 0x77, 0x24,

    /* U+FF1B "；" */
    0x0, 0x84, 0x3, 0x6f, 0x68, 0x4, 0x40, 0x40,
    0x12, 0x8a, 0x80, 0x55, 0xd4, 0x1, 0xff, 0xdb,
    0x7f, 0x80, 0xb, 0x83, 0x80, 0x24, 0x7, 0x0,
    0x19, 0x28, 0x80, 0x24, 0x20, 0x0, 0x6a, 0xe4,
    0x0, 0x1b, 0x80, 0x8,

    /* U+FF1F "？" */
    0x17, 0xac, 0xdc, 0x93, 0x0, 0x24, 0x29, 0x91,
    0xb6, 0x38, 0x34, 0xe7, 0x72, 0xd0, 0x20, 0x4d,
    0x8c, 0x44, 0x96, 0x0, 0x40, 0xf, 0x88, 0xc,
    0x3, 0xe3, 0x3, 0x0, 0xf2, 0x8, 0x38, 0x7,
    0x15, 0x2, 0x90, 0x6, 0x3c, 0x13, 0xa0, 0xc,
    0x3a, 0x2b, 0x80, 0x1d, 0x22, 0x94, 0x1, 0xe4,
    0xf, 0x0, 0xf9, 0x10, 0xc0, 0x1f, 0x45, 0x90,
    0x7, 0x87, 0x35, 0x80, 0x3c, 0x46, 0x54, 0x1,
    0xe1, 0x0, 0x28, 0x7, 0x8b, 0xb9, 0x20, 0x18
};


/*---------------------
 *  GLYPH DESCRIPTION
 *--------------------*/

static const lv_font_fmt_txt_glyph_dsc_t glyph_dsc[] = {
    {.bitmap_index = 0, .adv_w = 0, .box_w = 0, .box_h = 0, .ofs_x = 0, .ofs_y = 0} /* id = 0 reserved */,
    {.bitmap_index = 0, .adv_w = 99, .box_w = 0, .box_h = 0, .ofs_x = 0, .ofs_y = 0},
    {.bitmap_index = 0, .adv_w = 139, .box_w = 4, .box_h = 16, .ofs_x = 2, .ofs_y = 0},
    {.bitmap_index = 28, .adv_w = 156, .box_w = 7, .box_h = 7, .ofs_x = 1, .ofs_y = 11},
    {.bitmap_index = 53, .adv_w = 230, .box_w = 14, .box_h = 16, .ofs_x = 0, .ofs_y = 0},
    {.bitmap_index = 153, .adv_w = 221, .box_w = 11, .box_h = 23, .ofs_x = 1, .ofs_y = -4},
    {.bitmap_index = 243, .adv_w = 315, .box_w = 18, .box_h = 16, .ofs_x = 1, .ofs_y = 0},
    {.bitmap_index = 370, .adv_w = 246, .box_w = 16, .box_h = 16, .ofs_x = 0, .ofs_y = 0},
    {.bitmap_index = 482, .adv_w = 97, .box_w = 4, .box_h = 7, .ofs_x = 1, .ofs_y = 11},
    {.bitmap_index = 496, .adv_w = 138, .box_w = 7, .box_h = 23, .ofs_x = 1, .ofs_y = -5},
    {.bitmap_index = 565, .adv_w = 138, .box_w = 7, .box_h = 23, .ofs_x = 1, .ofs_y = -5},
    {.bitmap_index = 633, .adv_w = 165, .box_w = 10, .box_h = 9, .ofs_x = 0, .ofs_y = 9},
    {.bitmap_index = 675, .adv_w = 212, .box_w = 13, .box_h = 12, .ofs_x = 0, .ofs_y = 1},
    {.bitmap_index = 701, .adv_w = 116, .box_w = 6, .box_h = 6, .ofs_x = 0, .ofs_y = -3},
    {.bitmap_index = 719, .adv_w = 169, .box_w = 8, .box_h = 2, .ofs_x = 1, .ofs_y = 6},
    {.bitmap_index = 724, .adv_w = 116, .box_w = 4, .box_h = 3, .ofs_x = 2, .ofs_y = 0},
    {.bitmap_index = 731, .adv_w = 192, .box_w = 10, .box_h = 18, .ofs_x = 1, .ofs_y = -1},
    {.bitmap_index = 792, .adv_w = 221, .box_w = 12, .box_h = 16, .ofs_x = 1, .ofs_y = 0},
    {.bitmap_index = 876, .adv_w = 221, .box_w = 7, .box_h = 16, .ofs_x = 2, .ofs_y = 0},
    {.bitmap_index = 895, .adv_w = 221, .box_w = 12, .box_h = 16, .ofs_x = 1, .ofs_y = 0},
    {.bitmap_index = 966, .adv_w = 221, .box_w = 11, .box_h = 16, .ofs_x = 1, .ofs_y = 0},
    {.bitmap_index = 1039, .adv_w = 221, .box_w = 13, .box_h = 16, .ofs_x = 0, .ofs_y = 0},
    {.bitmap_index = 1098, .adv_w = 221, .box_w = 11, .box_h = 16, .ofs_x = 2, .ofs_y = 0},
    {.bitmap_index = 1168, .adv_w = 221, .box_w = 12, .box_h = 16, .ofs_x = 1, .ofs_y = 0},
    {.bitmap_index = 1254, .adv_w = 221, .box_w = 12, .box_h = 16, .ofs_x = 1, .ofs_y = 0},
    {.bitmap_index = 1314, .adv_w = 221, .box_w = 12, .box_h = 16, .ofs_x = 1, .ofs_y = 0},
    {.bitmap_index = 1402, .adv_w = 221, .box_w = 12, .box_h = 16, .ofs_x = 1, .ofs_y = 0},
    {.bitmap_index = 1487, .adv_w = 145, .box_w = 4, .box_h = 13, .ofs_x = 3, .ofs_y = 0},
    {.bitmap_index = 1504, .adv_w = 145, .box_w = 6, .box_h = 16, .ofs_x = 1, .ofs_y = -3},
    {.bitmap_index = 1538, .adv_w = 212, .box_w = 13, .box_h = 13, .ofs_x = 0, .ofs_y = 1},
    {.bitmap_index = 1601, .adv_w = 212, .box_w = 13, .box_h = 8, .ofs_x = 0, .ofs_y = 3},
    {.bitmap_index = 1621, .adv_w = 212, .box_w = 13, .box_h = 13, .ofs_x = 0, .ofs_y = 1},
    {.bitmap_index = 1687, .adv_w = 166, .box_w = 9, .box_h = 16, .ofs_x = 1, .ofs_y = 0},
    {.bitmap_index = 1746, .adv_w = 330, .box_w = 19, .box_h = 19, .ofs_x = 1, .ofs_y = -3},
    {.bitmap_index = 1913, .adv_w = 256, .box_w = 16, .box_h = 16, .ofs_x = 0, .ofs_y = 0},
    {.bitmap_index = 2008, .adv_w = 238, .box_w = 12, .box_h = 16, .ofs_x = 2, .ofs_y = 0},
    {.bitmap_index = 2082, .adv_w = 230, .box_w = 13, .box_h = 16, .ofs_x = 1, .ofs_y = 0},
    {.bitmap_index = 2161, .adv_w = 268, .box_w = 14, .box_h = 16, .ofs_x = 2, .ofs_y = 0},
    {.bitmap_index = 2233, .adv_w = 214, .box_w = 11, .box_h = 16, .ofs_x = 2, .ofs_y = 0},
    {.bitmap_index = 2265, .adv_w = 202, .box_w = 10, .box_h = 16, .ofs_x = 2, .ofs_y = 0},
    {.bitmap_index = 2290, .adv_w = 263, .box_w = 14, .box_h = 16, .ofs_x = 1, .ofs_y = 0},
    {.bitmap_index = 2379, .adv_w = 272, .box_w = 13, .box_h = 16, .ofs_x = 2, .ofs_y = 0},
    {.bitmap_index = 2405, .adv_w = 105, .box_w = 3, .box_h = 16, .ofs_x = 2, .ofs_y = 0},
    {.bitmap_index = 2410, .adv_w = 104, .box_w = 7, .box_h = 21, .ofs_x = -2, .ofs_y = -5},
    {.bitmap_index = 2434, .adv_w = 236, .box_w = 13, .box_h = 16, .ofs_x = 2, .ofs_y = 0},
    {.bitmap_index = 2503, .adv_w = 195, .box_w = 10, .box_h = 16, .ofs_x = 2, .ofs_y = 0},
    {.bitmap_index = 2517, .adv_w = 319, .box_w = 16, .box_h = 16, .ofs_x = 2, .ofs_y = 0},
    {.bitmap_index = 2599, .adv_w = 283, .box_w = 14, .box_h = 16, .ofs_x = 2, .ofs_y = 0},
    {.bitmap_index = 2666, .adv_w = 285, .box_w = 16, .box_h = 16, .ofs_x = 1, .ofs_y = 0},
    {.bitmap_index = 2764, .adv_w = 229, .box_w = 11, .box_h = 16, .ofs_x = 2, .ofs_y = 0},
    {.bitmap_index = 2815, .adv_w = 285, .box_w = 16, .box_h = 19, .ofs_x = 1, .ofs_y = -3},
    {.bitmap_index = 2930, .adv_w = 236, .box_w = 13, .box_h = 16, .ofs_x = 2, .ofs_y = 0},
    {.bitmap_index = 3003, .adv_w = 217, .box_w = 12, .box_h = 16, .ofs_x = 1, .ofs_y = 0},
    {.bitmap_index = 3084, .adv_w = 203, .box_w = 13, .box_h = 16, .ofs_x = 0, .ofs_y = 0},
    {.bitmap_index = 3107, .adv_w = 269, .box_w = 13, .box_h = 16, .ofs_x = 2, .ofs_y = 0},
    {.bitmap_index = 3149, .adv_w = 237, .box_w = 15, .box_h = 16, .ofs_x = 0, .ofs_y = 0},
    {.bitmap_index = 3241, .adv_w = 345, .box_w = 21, .box_h = 16, .ofs_x = 0, .ofs_y = 0},
    {.bitmap_index = 3386, .adv_w = 240, .box_w = 15, .box_h = 16, .ofs_x = 0, .ofs_y = 0},
    {.bitmap_index = 3482, .adv_w = 228, .box_w = 15, .box_h = 16, .ofs_x = 0, .ofs_y = 0},
    {.bitmap_index = 3545, .adv_w = 240, .box_w = 13, .box_h = 16, .ofs_x = 1, .ofs_y = 0},
    {.bitmap_index = 3611, .adv_w = 113, .box_w = 6, .box_h = 23, .ofs_x = 1, .ofs_y = -5},
    {.bitmap_index = 3631, .adv_w = 196, .box_w = 12, .box_h = 21, .ofs_x = 0, .ofs_y = -3},
    {.bitmap_index = 3707, .adv_w = 113, .box_w = 6, .box_h = 23, .ofs_x = 0, .ofs_y = -5},
    {.bitmap_index = 3728, .adv_w = 212, .box_w = 11, .box_h = 9, .ofs_x = 1, .ofs_y = 7},
    {.bitmap_index = 3772, .adv_w = 192, .box_w = 12, .box_h = 2, .ofs_x = 0, .ofs_y = -5},
    {.bitmap_index = 3779, .adv_w = 133, .box_w = 6, .box_h = 4, .ofs_x = 1, .ofs_y = 15},
    {.bitmap_index = 3792, .adv_w = 235, .box_w = 12, .box_h = 13, .ofs_x = 1, .ofs_y = 0},
    {.bitmap_index = 3860, .adv_w = 244, .box_w = 12, .box_h = 18, .ofs_x = 2, .ofs_y = 0},
    {.bitmap_index = 3931, .adv_w = 191, .box_w = 10, .box_h = 13, .ofs_x = 1, .ofs_y = 0},
    {.bitmap_index = 3985, .adv_w = 244, .box_w = 13, .box_h = 18, .ofs_x = 1, .ofs_y = 0},
    {.bitmap_index = 4063, .adv_w = 222, .box_w = 12, .box_h = 13, .ofs_x = 1, .ofs_y = 0},
    {.bitmap_index = 4133, .adv_w = 134, .box_w = 9, .box_h = 18, .ofs_x = 0, .ofs_y = 0},
    {.bitmap_index = 4174, .adv_w = 244, .box_w = 13, .box_h = 18, .ofs_x = 1, .ofs_y = -5},
    {.bitmap_index = 4274, .adv_w = 237, .box_w = 11, .box_h = 18, .ofs_x = 2, .ofs_y = 0},
    {.bitmap_index = 4312, .adv_w = 103, .box_w = 4, .box_h = 18, .ofs_x = 1, .ofs_y = 0},
    {.bitmap_index = 4326, .adv_w = 103, .box_w = 7, .box_h = 23, .ofs_x = -2, .ofs_y = -5},
    {.bitmap_index = 4362, .adv_w = 199, .box_w = 11, .box_h = 18, .ofs_x = 2, .ofs_y = 0},
    {.bitmap_index = 4416, .adv_w = 110, .box_w = 5, .box_h = 18, .ofs_x = 2, .ofs_y = 0},
    {.bitmap_index = 4429, .adv_w = 354, .box_w = 19, .box_h = 13, .ofs_x = 2, .ofs_y = 0},
    {.bitmap_index = 4483, .adv_w = 237, .box_w = 11, .box_h = 13, .ofs_x = 2, .ofs_y = 0},
    {.bitmap_index = 4518, .adv_w = 237, .box_w = 13, .box_h = 13, .ofs_x = 1, .ofs_y = 0},
    {.bitmap_index = 4591, .adv_w = 244, .box_w = 12, .box_h = 18, .ofs_x = 2, .ofs_y = -5},
    {.bitmap_index = 4666, .adv_w = 244, .box_w = 13, .box_h = 18, .ofs_x = 1, .ofs_y = -5},
    {.bitmap_index = 4746, .adv_w = 146, .box_w = 7, .box_h = 13, .ofs_x = 2, .ofs_y = 0},
    {.bitmap_index = 4765, .adv_w = 184, .box_w = 10, .box_h = 13, .ofs_x = 1, .ofs_y = 0},
    {.bitmap_index = 4823, .adv_w = 129, .box_w = 8, .box_h = 16, .ofs_x = 0, .ofs_y = 0},
    {.bitmap_index = 4855, .adv_w = 235, .box_w = 11, .box_h = 13, .ofs_x = 2, .ofs_y = 0},
    {.bitmap_index = 4887, .adv_w = 202, .box_w = 13, .box_h = 13, .ofs_x = 0, .ofs_y = 0},
    {.bitmap_index = 4957, .adv_w = 318, .box_w = 20, .box_h = 13, .ofs_x = 0, .ofs_y = 0},
    {.bitmap_index = 5074, .adv_w = 198, .box_w = 13, .box_h = 13, .ofs_x = 0, .ofs_y = 0},
    {.bitmap_index = 5147, .adv_w = 202, .box_w = 13, .box_h = 18, .ofs_x = 0, .ofs_y = -5},
    {.bitmap_index = 5237, .adv_w = 194, .box_w = 11, .box_h = 13, .ofs_x = 1, .ofs_y = 0},
    {.bitmap_index = 5289, .adv_w = 115, .box_w = 6, .box_h = 23, .ofs_x = 1, .ofs_y = -5},
    {.bitmap_index = 5332, .adv_w = 70, .box_w = 3, .box_h = 23, .ofs_x = 1, .ofs_y = -5},
    {.bitmap_index = 5337, .adv_w = 115, .box_w = 6, .box_h = 23, .ofs_x = 0, .ofs_y = -5},
    {.bitmap_index = 5382, .adv_w = 212, .box_w = 13, .box_h = 4, .ofs_x = 0, .ofs_y = 5},
    {.bitmap_index = 5409, .adv_w = 184, .box_w = 10, .box_h = 19, .ofs_x = 1, .ofs_y = -3},
    {.bitmap_index = 5495, .adv_w = 139, .box_w = 9, .box_h = 8, .ofs_x = 0, .ofs_y = 9},
    {.bitmap_index = 5532, .adv_w = 212, .box_w = 13, .box_h = 12, .ofs_x = 0, .ofs_y = 1},
    {.bitmap_index = 5569, .adv_w = 137, .box_w = 4, .box_h = 3, .ofs_x = 2, .ofs_y = 6},
    {.bitmap_index = 5576, .adv_w = 212, .box_w = 12, .box_h = 12, .ofs_x = 1, .ofs_y = 1},
    {.bitmap_index = 5640, .adv_w = 212, .box_w = 13, .box_h = 13, .ofs_x = 0, .ofs_y = 0},
    {.bitmap_index = 5680, .adv_w = 263, .box_w = 14, .box_h = 2, .ofs_x = 1, .ofs_y = 6},
    {.bitmap_index = 5688, .adv_w = 417, .box_w = 22, .box_h = 3, .ofs_x = 2, .ofs_y = 0},
    {.bitmap_index = 5716, .adv_w = 120, .box_w = 7, .box_h = 9, .ofs_x = 0, .ofs_y = 2},
    {.bitmap_index = 5746, .adv_w = 120, .box_w = 7, .box_h = 9, .ofs_x = 0, .ofs_y = 2},
    {.bitmap_index = 5777, .adv_w = 351, .box_w = 21, .box_h = 18, .ofs_x = 0, .ofs_y = -1},
    {.bitmap_index = 5910, .adv_w = 378, .box_w = 14, .box_h = 21, .ofs_x = 5, .ofs_y = -2},
    {.bitmap_index = 5976, .adv_w = 378, .box_w = 14, .box_h = 21, .ofs_x = 5, .ofs_y = -2},
    {.bitmap_index = 6041, .adv_w = 378, .box_w = 14, .box_h = 13, .ofs_x = 5, .ofs_y = 2},
    {.bitmap_index = 6089, .adv_w = 384, .box_w = 9, .box_h = 25, .ofs_x = 0, .ofs_y = -4},
    {.bitmap_index = 6105, .adv_w = 384, .box_w = 18, .box_h = 16, .ofs_x = 3, .ofs_y = 1},
    {.bitmap_index = 6189, .adv_w = 384, .box_w = 18, .box_h = 19, .ofs_x = 3, .ofs_y = -1},
    {.bitmap_index = 6333, .adv_w = 384, .box_w = 18, .box_h = 19, .ofs_x = 3, .ofs_y = -1},
    {.bitmap_index = 6437, .adv_w = 378, .box_w = 7, .box_h = 7, .ofs_x = 2, .ofs_y = -3},
    {.bitmap_index = 6458, .adv_w = 378, .box_w = 7, .box_h = 6, .ofs_x = 2, .ofs_y = -2},
    {.bitmap_index = 6480, .adv_w = 378, .box_w = 12, .box_h = 22, .ofs_x = 9, .ofs_y = -2},
    {.bitmap_index = 6602, .adv_w = 378, .box_w = 13, .box_h = 22, .ofs_x = 2, .ofs_y = -2},
    {.bitmap_index = 6727, .adv_w = 378, .box_w = 6, .box_h = 13, .ofs_x = 14, .ofs_y = 6},
    {.bitmap_index = 6744, .adv_w = 378, .box_w = 6, .box_h = 13, .ofs_x = 4, .ofs_y = -2},
    {.bitmap_index = 6759, .adv_w = 378, .box_w = 8, .box_h = 14, .ofs_x = 13, .ofs_y = 5},
    {.bitmap_index = 6785, .adv_w = 378, .box_w = 8, .box_h = 14, .ofs_x = 3, .ofs_y = -2},
    {.bitmap_index = 6814, .adv_w = 378, .box_w = 6, .box_h = 22, .ofs_x = 14, .ofs_y = -2},
    {.bitmap_index = 6858, .adv_w = 378, .box_w = 6, .box_h = 22, .ofs_x = 4, .ofs_y = -2},
    {.bitmap_index = 6905, .adv_w = 378, .box_w = 22, .box_h = 3, .ofs_x = 1, .ofs_y = 8},
    {.bitmap_index = 6917, .adv_w = 378, .box_w = 22, .box_h = 19, .ofs_x = 1, .ofs_y = -1},
    {.bitmap_index = 6971, .adv_w = 378, .box_w = 22, .box_h = 22, .ofs_x = 1, .ofs_y = -2},
    {.bitmap_index = 7025, .adv_w = 378, .box_w = 22, .box_h = 20, .ofs_x = 1, .ofs_y = -2},
    {.bitmap_index = 7096, .adv_w = 378, .box_w = 23, .box_h = 20, .ofs_x = 0, .ofs_y = -2},
    {.bitmap_index = 7216, .adv_w = 378, .box_w = 21, .box_h = 23, .ofs_x = 1, .ofs_y = -3},
    {.bitmap_index = 7341, .adv_w = 378, .box_w = 22, .box_h = 23, .ofs_x = 1, .ofs_y = -3},
    {.bitmap_index = 7493, .adv_w = 378, .box_w = 22, .box_h = 21, .ofs_x = 1, .ofs_y = -2},
    {.bitmap_index = 7576, .adv_w = 378, .box_w = 22, .box_h = 22, .ofs_x = 1, .ofs_y = -3},
    {.bitmap_index = 7735, .adv_w = 378, .box_w = 21, .box_h = 22, .ofs_x = 1, .ofs_y = -3},
    {.bitmap_index = 7895, .adv_w = 378, .box_w = 23, .box_h = 22, .ofs_x = 0, .ofs_y = -2},
    {.bitmap_index = 8005, .adv_w = 378, .box_w = 19, .box_h = 22, .ofs_x = 2, .ofs_y = -2},
    {.bitmap_index = 8071, .adv_w = 378, .box_w = 19, .box_h = 22, .ofs_x = 2, .ofs_y = -2},
    {.bitmap_index = 8163, .adv_w = 378, .box_w = 20, .box_h = 23, .ofs_x = 1, .ofs_y = -3},
    {.bitmap_index = 8330, .adv_w = 378, .box_w = 22, .box_h = 22, .ofs_x = 1, .ofs_y = -2},
    {.bitmap_index = 8427, .adv_w = 378, .box_w = 23, .box_h = 22, .ofs_x = 0, .ofs_y = -2},
    {.bitmap_index = 8597, .adv_w = 378, .box_w = 23, .box_h = 23, .ofs_x = 0, .ofs_y = -3},
    {.bitmap_index = 8764, .adv_w = 378, .box_w = 23, .box_h = 23, .ofs_x = 0, .ofs_y = -3},
    {.bitmap_index = 8951, .adv_w = 378, .box_w = 23, .box_h = 22, .ofs_x = 0, .ofs_y = -2},
    {.bitmap_index = 9101, .adv_w = 378, .box_w = 23, .box_h = 22, .ofs_x = 0, .ofs_y = -3},
    {.bitmap_index = 9273, .adv_w = 378, .box_w = 23, .box_h = 22, .ofs_x = 0, .ofs_y = -2},
    {.bitmap_index = 9419, .adv_w = 378, .box_w = 19, .box_h = 20, .ofs_x = 2, .ofs_y = -2},
    {.bitmap_index = 9494, .adv_w = 378, .box_w = 22, .box_h = 23, .ofs_x = 1, .ofs_y = -3},
    {.bitmap_index = 9650, .adv_w = 378, .box_w = 21, .box_h = 18, .ofs_x = 1, .ofs_y = -1},
    {.bitmap_index = 9693, .adv_w = 378, .box_w = 21, .box_h = 21, .ofs_x = 1, .ofs_y = -3},
    {.bitmap_index = 9768, .adv_w = 378, .box_w = 22, .box_h = 20, .ofs_x = 1, .ofs_y = -2},
    {.bitmap_index = 9896, .adv_w = 378, .box_w = 22, .box_h = 20, .ofs_x = 1, .ofs_y = -2},
    {.bitmap_index = 10012, .adv_w = 378, .box_w = 22, .box_h = 23, .ofs_x = 1, .ofs_y = -3},
    {.bitmap_index = 10130, .adv_w = 378, .box_w = 22, .box_h = 23, .ofs_x = 1, .ofs_y = -3},
    {.bitmap_index = 10310, .adv_w = 378, .box_w = 23, .box_h = 23, .ofs_x = 0, .ofs_y = -3},
    {.bitmap_index = 10447, .adv_w = 378, .box_w = 22, .box_h = 23, .ofs_x = 1, .ofs_y = -3},
    {.bitmap_index = 10583, .adv_w = 378, .box_w = 21, .box_h = 23, .ofs_x = 1, .ofs_y = -3},
    {.bitmap_index = 10728, .adv_w = 378, .box_w = 22, .box_h = 23, .ofs_x = 1, .ofs_y = -3},
    {.bitmap_index = 10868, .adv_w = 378, .box_w = 23, .box_h = 23, .ofs_x = 0, .ofs_y = -3},
    {.bitmap_index = 11049, .adv_w = 378, .box_w = 22, .box_h = 22, .ofs_x = 0, .ofs_y = -3},
    {.bitmap_index = 11216, .adv_w = 378, .box_w = 23, .box_h = 23, .ofs_x = 0, .ofs_y = -3},
    {.bitmap_index = 11397, .adv_w = 378, .box_w = 23, .box_h = 23, .ofs_x = 0, .ofs_y = -3},
    {.bitmap_index = 11581, .adv_w = 378, .box_w = 23, .box_h = 23, .ofs_x = 0, .ofs_y = -3},
    {.bitmap_index = 11759, .adv_w = 378, .box_w = 21, .box_h = 22, .ofs_x = 2, .ofs_y = -3},
    {.bitmap_index = 11921, .adv_w = 378, .box_w = 23, .box_h = 22, .ofs_x = 0, .ofs_y = -2},
    {.bitmap_index = 12058, .adv_w = 378, .box_w = 23, .box_h = 22, .ofs_x = 0, .ofs_y = -2},
    {.bitmap_index = 12180, .adv_w = 378, .box_w = 23, .box_h = 23, .ofs_x = 0, .ofs_y = -3},
    {.bitmap_index = 12375, .adv_w = 378, .box_w = 23, .box_h = 23, .ofs_x = 0, .ofs_y = -3},
    {.bitmap_index = 12552, .adv_w = 378, .box_w = 23, .box_h = 23, .ofs_x = 0, .ofs_y = -3},
    {.bitmap_index = 12729, .adv_w = 378, .box_w = 23, .box_h = 23, .ofs_x = 0, .ofs_y = -3},
    {.bitmap_index = 12905, .adv_w = 378, .box_w = 23, .box_h = 23, .ofs_x = 0, .ofs_y = -3},
    {.bitmap_index = 13035, .adv_w = 378, .box_w = 23, .box_h = 23, .ofs_x = 0, .ofs_y = -3},
    {.bitmap_index = 13222, .adv_w = 378, .box_w = 23, .box_h = 22, .ofs_x = 0, .ofs_y = -2},
    {.bitmap_index = 13387, .adv_w = 378, .box_w = 23, .box_h = 22, .ofs_x = 0, .ofs_y = -2},
    {.bitmap_index = 13514, .adv_w = 378, .box_w = 24, .box_h = 22, .ofs_x = 0, .ofs_y = -2},
    {.bitmap_index = 13679, .adv_w = 378, .box_w = 23, .box_h = 22, .ofs_x = 0, .ofs_y = -2},
    {.bitmap_index = 13799, .adv_w = 378, .box_w = 23, .box_h = 23, .ofs_x = 0, .ofs_y = -3},
    {.bitmap_index = 13980, .adv_w = 378, .box_w = 23, .box_h = 22, .ofs_x = 0, .ofs_y = -2},
    {.bitmap_index = 14111, .adv_w = 378, .box_w = 23, .box_h = 22, .ofs_x = 0, .ofs_y = -2},
    {.bitmap_index = 14246, .adv_w = 378, .box_w = 22, .box_h = 23, .ofs_x = 0, .ofs_y = -3},
    {.bitmap_index = 14418, .adv_w = 378, .box_w = 23, .box_h = 23, .ofs_x = 0, .ofs_y = -3},
    {.bitmap_index = 14583, .adv_w = 378, .box_w = 23, .box_h = 23, .ofs_x = 0, .ofs_y = -3},
    {.bitmap_index = 14773, .adv_w = 378, .box_w = 22, .box_h = 22, .ofs_x = 0, .ofs_y = -2},
    {.bitmap_index = 14914, .adv_w = 378, .box_w = 23, .box_h = 21, .ofs_x = 0, .ofs_y = -2},
    {.bitmap_index = 15070, .adv_w = 378, .box_w = 23, .box_h = 22, .ofs_x = 0, .ofs_y = -2},
    {.bitmap_index = 15204, .adv_w = 378, .box_w = 23, .box_h = 22, .ofs_x = 0, .ofs_y = -2},
    {.bitmap_index = 15358, .adv_w = 378, .box_w = 23, .box_h = 22, .ofs_x = 0, .ofs_y = -2},
    {.bitmap_index = 15526, .adv_w = 378, .box_w = 22, .box_h = 23, .ofs_x = 0, .ofs_y = -3},
    {.bitmap_index = 15696, .adv_w = 378, .box_w = 24, .box_h = 23, .ofs_x = 0, .ofs_y = -3},
    {.bitmap_index = 15891, .adv_w = 378, .box_w = 22, .box_h = 22, .ofs_x = 0, .ofs_y = -2},
    {.bitmap_index = 16032, .adv_w = 378, .box_w = 23, .box_h = 23, .ofs_x = 0, .ofs_y = -3},
    {.bitmap_index = 16232, .adv_w = 378, .box_w = 22, .box_h = 25, .ofs_x = 1, .ofs_y = -4},
    {.bitmap_index = 16418, .adv_w = 378, .box_w = 22, .box_h = 21, .ofs_x = 1, .ofs_y = -3},
    {.bitmap_index = 16540, .adv_w = 378, .box_w = 22, .box_h = 21, .ofs_x = 1, .ofs_y = -3},
    {.bitmap_index = 16650, .adv_w = 378, .box_w = 22, .box_h = 23, .ofs_x = 1, .ofs_y = -3},
    {.bitmap_index = 16824, .adv_w = 378, .box_w = 22, .box_h = 24, .ofs_x = 1, .ofs_y = -4},
    {.bitmap_index = 16988, .adv_w = 378, .box_w = 21, .box_h = 23, .ofs_x = 1, .ofs_y = -3},
    {.bitmap_index = 17152, .adv_w = 378, .box_w = 22, .box_h = 23, .ofs_x = 1, .ofs_y = -3},
    {.bitmap_index = 17317, .adv_w = 378, .box_w = 22, .box_h = 22, .ofs_x = 1, .ofs_y = -3},
    {.bitmap_index = 17460, .adv_w = 378, .box_w = 23, .box_h = 22, .ofs_x = 0, .ofs_y = -2},
    {.bitmap_index = 17604, .adv_w = 378, .box_w = 21, .box_h = 23, .ofs_x = 1, .ofs_y = -3},
    {.bitmap_index = 17742, .adv_w = 378, .box_w = 22, .box_h = 23, .ofs_x = 1, .ofs_y = -3},
    {.bitmap_index = 17875, .adv_w = 378, .box_w = 22, .box_h = 23, .ofs_x = 1, .ofs_y = -3},
    {.bitmap_index = 18033, .adv_w = 378, .box_w = 22, .box_h = 23, .ofs_x = 1, .ofs_y = -3},
    {.bitmap_index = 18177, .adv_w = 378, .box_w = 22, .box_h = 22, .ofs_x = 1, .ofs_y = -3},
    {.bitmap_index = 18314, .adv_w = 378, .box_w = 23, .box_h = 22, .ofs_x = 0, .ofs_y = -2},
    {.bitmap_index = 18506, .adv_w = 378, .box_w = 18, .box_h = 23, .ofs_x = 3, .ofs_y = -3},
    {.bitmap_index = 18628, .adv_w = 378, .box_w = 22, .box_h = 21, .ofs_x = 1, .ofs_y = -3},
    {.bitmap_index = 18777, .adv_w = 378, .box_w = 23, .box_h = 20, .ofs_x = 0, .ofs_y = -2},
    {.bitmap_index = 18888, .adv_w = 378, .box_w = 19, .box_h = 21, .ofs_x = 2, .ofs_y = -2},
    {.bitmap_index = 18994, .adv_w = 378, .box_w = 20, .box_h = 21, .ofs_x = 1, .ofs_y = -3},
    {.bitmap_index = 19118, .adv_w = 378, .box_w = 20, .box_h = 22, .ofs_x = 1, .ofs_y = -2},
    {.bitmap_index = 19249, .adv_w = 378, .box_w = 22, .box_h = 22, .ofs_x = 1, .ofs_y = -3},
    {.bitmap_index = 19407, .adv_w = 378, .box_w = 22, .box_h = 23, .ofs_x = 1, .ofs_y = -3},
    {.bitmap_index = 19581, .adv_w = 378, .box_w = 23, .box_h = 23, .ofs_x = 0, .ofs_y = -3},
    {.bitmap_index = 19797, .adv_w = 378, .box_w = 23, .box_h = 23, .ofs_x = 0, .ofs_y = -3},
    {.bitmap_index = 19971, .adv_w = 378, .box_w = 19, .box_h = 22, .ofs_x = 2, .ofs_y = -2},
    {.bitmap_index = 20055, .adv_w = 378, .box_w = 22, .box_h = 22, .ofs_x = 1, .ofs_y = -2},
    {.bitmap_index = 20149, .adv_w = 378, .box_w = 23, .box_h = 23, .ofs_x = 0, .ofs_y = -3},
    {.bitmap_index = 20335, .adv_w = 378, .box_w = 22, .box_h = 23, .ofs_x = 0, .ofs_y = -3},
    {.bitmap_index = 20501, .adv_w = 378, .box_w = 21, .box_h = 22, .ofs_x = 0, .ofs_y = -2},
    {.bitmap_index = 20669, .adv_w = 378, .box_w = 22, .box_h = 23, .ofs_x = 0, .ofs_y = -3},
    {.bitmap_index = 20826, .adv_w = 378, .box_w = 21, .box_h = 23, .ofs_x = 1, .ofs_y = -3},
    {.bitmap_index = 20943, .adv_w = 378, .box_w = 20, .box_h = 22, .ofs_x = 2, .ofs_y = -3},
    {.bitmap_index = 21088, .adv_w = 378, .box_w = 22, .box_h = 23, .ofs_x = 0, .ofs_y = -3},
    {.bitmap_index = 21248, .adv_w = 378, .box_w = 22, .box_h = 23, .ofs_x = 0, .ofs_y = -3},
    {.bitmap_index = 21436, .adv_w = 378, .box_w = 22, .box_h = 22, .ofs_x = 0, .ofs_y = -3},
    {.bitmap_index = 21580, .adv_w = 378, .box_w = 20, .box_h = 23, .ofs_x = 1, .ofs_y = -3},
    {.bitmap_index = 21732, .adv_w = 378, .box_w = 21, .box_h = 22, .ofs_x = 0, .ofs_y = -3},
    {.bitmap_index = 21872, .adv_w = 378, .box_w = 21, .box_h = 22, .ofs_x = 1, .ofs_y = -3},
    {.bitmap_index = 22031, .adv_w = 378, .box_w = 21, .box_h = 22, .ofs_x = 1, .ofs_y = -2},
    {.bitmap_index = 22176, .adv_w = 378, .box_w = 22, .box_h = 22, .ofs_x = 0, .ofs_y = -2},
    {.bitmap_index = 22319, .adv_w = 378, .box_w = 22, .box_h = 23, .ofs_x = 0, .ofs_y = -3},
    {.bitmap_index = 22508, .adv_w = 378, .box_w = 22, .box_h = 23, .ofs_x = 1, .ofs_y = -2},
    {.bitmap_index = 22644, .adv_w = 378, .box_w = 23, .box_h = 23, .ofs_x = 0, .ofs_y = -3},
    {.bitmap_index = 22828, .adv_w = 378, .box_w = 22, .box_h = 23, .ofs_x = 0, .ofs_y = -3},
    {.bitmap_index = 22999, .adv_w = 378, .box_w = 21, .box_h = 23, .ofs_x = 0, .ofs_y = -3},
    {.bitmap_index = 23146, .adv_w = 378, .box_w = 23, .box_h = 23, .ofs_x = 0, .ofs_y = -3},
    {.bitmap_index = 23340, .adv_w = 378, .box_w = 21, .box_h = 23, .ofs_x = 1, .ofs_y = -3},
    {.bitmap_index = 23523, .adv_w = 378, .box_w = 23, .box_h = 23, .ofs_x = 0, .ofs_y = -3},
    {.bitmap_index = 23730, .adv_w = 378, .box_w = 21, .box_h = 23, .ofs_x = 1, .ofs_y = -3},
    {.bitmap_index = 23947, .adv_w = 378, .box_w = 21, .box_h = 23, .ofs_x = 0, .ofs_y = -3},
    {.bitmap_index = 24153, .adv_w = 378, .box_w = 23, .box_h = 23, .ofs_x = 0, .ofs_y = -3},
    {.bitmap_index = 24310, .adv_w = 378, .box_w = 23, .box_h = 22, .ofs_x = 0, .ofs_y = -3},
    {.bitmap_index = 24473, .adv_w = 378, .box_w = 20, .box_h = 20, .ofs_x = 3, .ofs_y = -2},
    {.bitmap_index = 24568, .adv_w = 378, .box_w = 20, .box_h = 20, .ofs_x = 3, .ofs_y = -2},
    {.bitmap_index = 24701, .adv_w = 378, .box_w = 21, .box_h = 21, .ofs_x = 2, .ofs_y = -2},
    {.bitmap_index = 24835, .adv_w = 378, .box_w = 22, .box_h = 22, .ofs_x = 1, .ofs_y = -2},
    {.bitmap_index = 24957, .adv_w = 378, .box_w = 22, .box_h = 23, .ofs_x = 1, .ofs_y = -3},
    {.bitmap_index = 25137, .adv_w = 378, .box_w = 22, .box_h = 22, .ofs_x = 1, .ofs_y = -2},
    {.bitmap_index = 25265, .adv_w = 378, .box_w = 19, .box_h = 22, .ofs_x = 3, .ofs_y = -2},
    {.bitmap_index = 25335, .adv_w = 378, .box_w = 22, .box_h = 22, .ofs_x = 1, .ofs_y = -2},
    {.bitmap_index = 25428, .adv_w = 378, .box_w = 20, .box_h = 21, .ofs_x = 1, .ofs_y = -2},
    {.bitmap_index = 25546, .adv_w = 378, .box_w = 22, .box_h = 22, .ofs_x = 0, .ofs_y = -2},
    {.bitmap_index = 25690, .adv_w = 378, .box_w = 22, .box_h = 21, .ofs_x = 1, .ofs_y = -3},
    {.bitmap_index = 25847, .adv_w = 378, .box_w = 23, .box_h = 21, .ofs_x = 0, .ofs_y = -3},
    {.bitmap_index = 25975, .adv_w = 378, .box_w = 23, .box_h = 22, .ofs_x = 0, .ofs_y = -3},
    {.bitmap_index = 26143, .adv_w = 378, .box_w = 22, .box_h = 23, .ofs_x = 1, .ofs_y = -3},
    {.bitmap_index = 26280, .adv_w = 378, .box_w = 23, .box_h = 23, .ofs_x = 0, .ofs_y = -3},
    {.bitmap_index = 26495, .adv_w = 378, .box_w = 22, .box_h = 21, .ofs_x = 1, .ofs_y = -3},
    {.bitmap_index = 26654, .adv_w = 378, .box_w = 22, .box_h = 21, .ofs_x = 1, .ofs_y = -3},
    {.bitmap_index = 26823, .adv_w = 378, .box_w = 23, .box_h = 21, .ofs_x = 0, .ofs_y = -3},
    {.bitmap_index = 27004, .adv_w = 378, .box_w = 24, .box_h = 21, .ofs_x = 0, .ofs_y = -3},
    {.bitmap_index = 27205, .adv_w = 378, .box_w = 23, .box_h = 22, .ofs_x = 0, .ofs_y = -3},
    {.bitmap_index = 27385, .adv_w = 378, .box_w = 23, .box_h = 23, .ofs_x = 0, .ofs_y = -3},
    {.bitmap_index = 27581, .adv_w = 378, .box_w = 23, .box_h = 21, .ofs_x = 0, .ofs_y = -2},
    {.bitmap_index = 27756, .adv_w = 378, .box_w = 22, .box_h = 22, .ofs_x = 1, .ofs_y = -3},
    {.bitmap_index = 27939, .adv_w = 378, .box_w = 23, .box_h = 23, .ofs_x = 0, .ofs_y = -3},
    {.bitmap_index = 28131, .adv_w = 378, .box_w = 22, .box_h = 21, .ofs_x = 1, .ofs_y = -2},
    {.bitmap_index = 28308, .adv_w = 378, .box_w = 17, .box_h = 20, .ofs_x = 3, .ofs_y = -3},
    {.bitmap_index = 28352, .adv_w = 378, .box_w = 20, .box_h = 22, .ofs_x = 1, .ofs_y = -3},
    {.bitmap_index = 28474, .adv_w = 378, .box_w = 23, .box_h = 21, .ofs_x = 0, .ofs_y = -3},
    {.bitmap_index = 28583, .adv_w = 378, .box_w = 21, .box_h = 22, .ofs_x = 2, .ofs_y = -3},
    {.bitmap_index = 28742, .adv_w = 378, .box_w = 22, .box_h = 20, .ofs_x = 1, .ofs_y = -2},
    {.bitmap_index = 28812, .adv_w = 378, .box_w = 21, .box_h = 22, .ofs_x = 1, .ofs_y = -2},
    {.bitmap_index = 28939, .adv_w = 378, .box_w = 23, .box_h = 23, .ofs_x = 0, .ofs_y = -3},
    {.bitmap_index = 29075, .adv_w = 378, .box_w = 23, .box_h = 22, .ofs_x = 0, .ofs_y = -2},
    {.bitmap_index = 29195, .adv_w = 378, .box_w = 22, .box_h = 22, .ofs_x = 1, .ofs_y = -3},
    {.bitmap_index = 29307, .adv_w = 378, .box_w = 21, .box_h = 23, .ofs_x = 2, .ofs_y = -3},
    {.bitmap_index = 29456, .adv_w = 378, .box_w = 23, .box_h = 22, .ofs_x = 0, .ofs_y = -2},
    {.bitmap_index = 29607, .adv_w = 378, .box_w = 23, .box_h = 22, .ofs_x = 0, .ofs_y = -2},
    {.bitmap_index = 29729, .adv_w = 378, .box_w = 19, .box_h = 21, .ofs_x = 2, .ofs_y = -3},
    {.bitmap_index = 29812, .adv_w = 378, .box_w = 21, .box_h = 22, .ofs_x = 0, .ofs_y = -2},
    {.bitmap_index = 29946, .adv_w = 378, .box_w = 23, .box_h = 21, .ofs_x = 0, .ofs_y = -2},
    {.bitmap_index = 30070, .adv_w = 378, .box_w = 19, .box_h = 23, .ofs_x = 2, .ofs_y = -3},
    {.bitmap_index = 30166, .adv_w = 378, .box_w = 20, .box_h = 21, .ofs_x = 2, .ofs_y = -3},
    {.bitmap_index = 30303, .adv_w = 378, .box_w = 24, .box_h = 20, .ofs_x = 0, .ofs_y = -2},
    {.bitmap_index = 30443, .adv_w = 378, .box_w = 22, .box_h = 20, .ofs_x = 1, .ofs_y = -2},
    {.bitmap_index = 30564, .adv_w = 378, .box_w = 23, .box_h = 22, .ofs_x = 0, .ofs_y = -2},
    {.bitmap_index = 30711, .adv_w = 378, .box_w = 21, .box_h = 22, .ofs_x = 2, .ofs_y = -3},
    {.bitmap_index = 30831, .adv_w = 378, .box_w = 22, .box_h = 22, .ofs_x = 0, .ofs_y = -2},
    {.bitmap_index = 30953, .adv_w = 378, .box_w = 22, .box_h = 21, .ofs_x = 2, .ofs_y = -3},
    {.bitmap_index = 31126, .adv_w = 378, .box_w = 22, .box_h = 22, .ofs_x = 1, .ofs_y = -2},
    {.bitmap_index = 31238, .adv_w = 378, .box_w = 21, .box_h = 22, .ofs_x = 0, .ofs_y = -3},
    {.bitmap_index = 31370, .adv_w = 378, .box_w = 21, .box_h = 22, .ofs_x = 2, .ofs_y = -3},
    {.bitmap_index = 31514, .adv_w = 378, .box_w = 23, .box_h = 22, .ofs_x = 0, .ofs_y = -2},
    {.bitmap_index = 31653, .adv_w = 378, .box_w = 21, .box_h = 22, .ofs_x = 0, .ofs_y = -3},
    {.bitmap_index = 31789, .adv_w = 378, .box_w = 20, .box_h = 23, .ofs_x = 2, .ofs_y = -3},
    {.bitmap_index = 31897, .adv_w = 378, .box_w = 21, .box_h = 23, .ofs_x = 2, .ofs_y = -3},
    {.bitmap_index = 32053, .adv_w = 378, .box_w = 21, .box_h = 22, .ofs_x = 2, .ofs_y = -2},
    {.bitmap_index = 32198, .adv_w = 378, .box_w = 22, .box_h = 22, .ofs_x = 1, .ofs_y = -3},
    {.bitmap_index = 32350, .adv_w = 378, .box_w = 20, .box_h = 22, .ofs_x = 2, .ofs_y = -2},
    {.bitmap_index = 32494, .adv_w = 378, .box_w = 23, .box_h = 21, .ofs_x = 0, .ofs_y = -2},
    {.bitmap_index = 32665, .adv_w = 378, .box_w = 21, .box_h = 21, .ofs_x = 2, .ofs_y = -2},
    {.bitmap_index = 32819, .adv_w = 378, .box_w = 19, .box_h = 20, .ofs_x = 2, .ofs_y = -2},
    {.bitmap_index = 32918, .adv_w = 378, .box_w = 19, .box_h = 21, .ofs_x = 2, .ofs_y = -2},
    {.bitmap_index = 32993, .adv_w = 378, .box_w = 19, .box_h = 21, .ofs_x = 2, .ofs_y = -2},
    {.bitmap_index = 33105, .adv_w = 378, .box_w = 19, .box_h = 21, .ofs_x = 2, .ofs_y = -2},
    {.bitmap_index = 33202, .adv_w = 378, .box_w = 19, .box_h = 21, .ofs_x = 2, .ofs_y = -2},
    {.bitmap_index = 33342, .adv_w = 378, .box_w = 19, .box_h = 21, .ofs_x = 2, .ofs_y = -2},
    {.bitmap_index = 33462, .adv_w = 378, .box_w = 23, .box_h = 22, .ofs_x = 0, .ofs_y = -2},
    {.bitmap_index = 33590, .adv_w = 378, .box_w = 23, .box_h = 23, .ofs_x = 0, .ofs_y = -3},
    {.bitmap_index = 33761, .adv_w = 378, .box_w = 21, .box_h = 23, .ofs_x = 0, .ofs_y = -3},
    {.bitmap_index = 33951, .adv_w = 378, .box_w = 22, .box_h = 22, .ofs_x = 1, .ofs_y = -2},
    {.bitmap_index = 34064, .adv_w = 378, .box_w = 21, .box_h = 23, .ofs_x = 1, .ofs_y = -3},
    {.bitmap_index = 34230, .adv_w = 378, .box_w = 23, .box_h = 22, .ofs_x = 1, .ofs_y = -2},
    {.bitmap_index = 34382, .adv_w = 378, .box_w = 23, .box_h = 23, .ofs_x = 0, .ofs_y = -3},
    {.bitmap_index = 34546, .adv_w = 378, .box_w = 22, .box_h = 21, .ofs_x = 1, .ofs_y = -2},
    {.bitmap_index = 34686, .adv_w = 378, .box_w = 22, .box_h = 22, .ofs_x = 1, .ofs_y = -2},
    {.bitmap_index = 34874, .adv_w = 378, .box_w = 23, .box_h = 22, .ofs_x = 0, .ofs_y = -2},
    {.bitmap_index = 35047, .adv_w = 378, .box_w = 23, .box_h = 22, .ofs_x = 0, .ofs_y = -2},
    {.bitmap_index = 35212, .adv_w = 378, .box_w = 23, .box_h = 22, .ofs_x = 0, .ofs_y = -2},
    {.bitmap_index = 35403, .adv_w = 378, .box_w = 23, .box_h = 23, .ofs_x = 0, .ofs_y = -3},
    {.bitmap_index = 35588, .adv_w = 378, .box_w = 22, .box_h = 22, .ofs_x = 0, .ofs_y = -2},
    {.bitmap_index = 35762, .adv_w = 378, .box_w = 22, .box_h = 21, .ofs_x = 1, .ofs_y = -2},
    {.bitmap_index = 35935, .adv_w = 378, .box_w = 23, .box_h = 23, .ofs_x = 0, .ofs_y = -3},
    {.bitmap_index = 36061, .adv_w = 378, .box_w = 23, .box_h = 23, .ofs_x = 0, .ofs_y = -3},
    {.bitmap_index = 36239, .adv_w = 378, .box_w = 23, .box_h = 22, .ofs_x = 0, .ofs_y = -2},
    {.bitmap_index = 36404, .adv_w = 378, .box_w = 23, .box_h = 23, .ofs_x = 0, .ofs_y = -3},
    {.bitmap_index = 36579, .adv_w = 378, .box_w = 23, .box_h = 23, .ofs_x = 0, .ofs_y = -3},
    {.bitmap_index = 36745, .adv_w = 378, .box_w = 21, .box_h = 23, .ofs_x = 1, .ofs_y = -3},
    {.bitmap_index = 36930, .adv_w = 378, .box_w = 23, .box_h = 23, .ofs_x = 0, .ofs_y = -3},
    {.bitmap_index = 37131, .adv_w = 378, .box_w = 22, .box_h = 23, .ofs_x = 1, .ofs_y = -3},
    {.bitmap_index = 37267, .adv_w = 378, .box_w = 22, .box_h = 21, .ofs_x = 1, .ofs_y = -3},
    {.bitmap_index = 37396, .adv_w = 378, .box_w = 23, .box_h = 23, .ofs_x = 0, .ofs_y = -3},
    {.bitmap_index = 37546, .adv_w = 378, .box_w = 22, .box_h = 23, .ofs_x = 1, .ofs_y = -3},
    {.bitmap_index = 37713, .adv_w = 378, .box_w = 22, .box_h = 22, .ofs_x = 1, .ofs_y = -3},
    {.bitmap_index = 37880, .adv_w = 378, .box_w = 23, .box_h = 23, .ofs_x = 0, .ofs_y = -3},
    {.bitmap_index = 38065, .adv_w = 378, .box_w = 20, .box_h = 23, .ofs_x = 1, .ofs_y = -3},
    {.bitmap_index = 38227, .adv_w = 378, .box_w = 22, .box_h = 23, .ofs_x = 1, .ofs_y = -3},
    {.bitmap_index = 38425, .adv_w = 378, .box_w = 22, .box_h = 21, .ofs_x = 1, .ofs_y = -3},
    {.bitmap_index = 38527, .adv_w = 378, .box_w = 22, .box_h = 23, .ofs_x = 1, .ofs_y = -3},
    {.bitmap_index = 38651, .adv_w = 378, .box_w = 23, .box_h = 22, .ofs_x = 0, .ofs_y = -2},
    {.bitmap_index = 38790, .adv_w = 378, .box_w = 19, .box_h = 22, .ofs_x = 2, .ofs_y = -3},
    {.bitmap_index = 38922, .adv_w = 378, .box_w = 22, .box_h = 23, .ofs_x = 1, .ofs_y = -3},
    {.bitmap_index = 39095, .adv_w = 378, .box_w = 21, .box_h = 23, .ofs_x = 1, .ofs_y = -3},
    {.bitmap_index = 39234, .adv_w = 378, .box_w = 23, .box_h = 24, .ofs_x = 0, .ofs_y = -4},
    {.bitmap_index = 39389, .adv_w = 378, .box_w = 22, .box_h = 23, .ofs_x = 1, .ofs_y = -3},
    {.bitmap_index = 39564, .adv_w = 378, .box_w = 22, .box_h = 22, .ofs_x = 1, .ofs_y = -2},
    {.bitmap_index = 39701, .adv_w = 378, .box_w = 23, .box_h = 22, .ofs_x = 0, .ofs_y = -2},
    {.bitmap_index = 39874, .adv_w = 378, .box_w = 21, .box_h = 23, .ofs_x = 1, .ofs_y = -3},
    {.bitmap_index = 40047, .adv_w = 378, .box_w = 22, .box_h = 23, .ofs_x = 1, .ofs_y = -3},
    {.bitmap_index = 40219, .adv_w = 378, .box_w = 22, .box_h = 22, .ofs_x = 1, .ofs_y = -3},
    {.bitmap_index = 40358, .adv_w = 378, .box_w = 23, .box_h = 23, .ofs_x = 0, .ofs_y = -3},
    {.bitmap_index = 40525, .adv_w = 378, .box_w = 23, .box_h = 23, .ofs_x = 0, .ofs_y = -3},
    {.bitmap_index = 40711, .adv_w = 378, .box_w = 23, .box_h = 23, .ofs_x = 0, .ofs_y = -3},
    {.bitmap_index = 40904, .adv_w = 378, .box_w = 23, .box_h = 22, .ofs_x = 0, .ofs_y = -3},
    {.bitmap_index = 41040, .adv_w = 378, .box_w = 19, .box_h = 23, .ofs_x = 2, .ofs_y = -3},
    {.bitmap_index = 41164, .adv_w = 378, .box_w = 22, .box_h = 23, .ofs_x = 1, .ofs_y = -3},
    {.bitmap_index = 41359, .adv_w = 378, .box_w = 22, .box_h = 22, .ofs_x = 0, .ofs_y = -3},
    {.bitmap_index = 41533, .adv_w = 378, .box_w = 22, .box_h = 22, .ofs_x = 0, .ofs_y = -3},
    {.bitmap_index = 41678, .adv_w = 378, .box_w = 23, .box_h = 21, .ofs_x = 0, .ofs_y = -3},
    {.bitmap_index = 41827, .adv_w = 378, .box_w = 22, .box_h = 22, .ofs_x = 1, .ofs_y = -3},
    {.bitmap_index = 41985, .adv_w = 378, .box_w = 23, .box_h = 22, .ofs_x = 0, .ofs_y = -3},
    {.bitmap_index = 42166, .adv_w = 378, .box_w = 21, .box_h = 22, .ofs_x = 0, .ofs_y = -3},
    {.bitmap_index = 42337, .adv_w = 378, .box_w = 19, .box_h = 21, .ofs_x = 2, .ofs_y = -2},
    {.bitmap_index = 42388, .adv_w = 378, .box_w = 22, .box_h = 23, .ofs_x = 1, .ofs_y = -3},
    {.bitmap_index = 42573, .adv_w = 378, .box_w = 22, .box_h = 19, .ofs_x = 1, .ofs_y = -1},
    {.bitmap_index = 42621, .adv_w = 378, .box_w = 23, .box_h = 22, .ofs_x = 0, .ofs_y = -2},
    {.bitmap_index = 42754, .adv_w = 378, .box_w = 22, .box_h = 22, .ofs_x = 0, .ofs_y = -2},
    {.bitmap_index = 42910, .adv_w = 378, .box_w = 20, .box_h = 21, .ofs_x = 2, .ofs_y = -3},
    {.bitmap_index = 43001, .adv_w = 378, .box_w = 20, .box_h = 21, .ofs_x = 2, .ofs_y = -3},
    {.bitmap_index = 43094, .adv_w = 378, .box_w = 23, .box_h = 22, .ofs_x = 0, .ofs_y = -2},
    {.bitmap_index = 43227, .adv_w = 378, .box_w = 22, .box_h = 22, .ofs_x = 1, .ofs_y = -2},
    {.bitmap_index = 43378, .adv_w = 378, .box_w = 22, .box_h = 23, .ofs_x = 1, .ofs_y = -3},
    {.bitmap_index = 43527, .adv_w = 378, .box_w = 20, .box_h = 22, .ofs_x = 2, .ofs_y = -2},
    {.bitmap_index = 43673, .adv_w = 378, .box_w = 23, .box_h = 22, .ofs_x = 0, .ofs_y = -3},
    {.bitmap_index = 43838, .adv_w = 378, .box_w = 21, .box_h = 22, .ofs_x = 1, .ofs_y = -2},
    {.bitmap_index = 43986, .adv_w = 378, .box_w = 23, .box_h = 22, .ofs_x = 0, .ofs_y = -2},
    {.bitmap_index = 44158, .adv_w = 378, .box_w = 22, .box_h = 20, .ofs_x = 1, .ofs_y = -2},
    {.bitmap_index = 44216, .adv_w = 378, .box_w = 22, .box_h = 20, .ofs_x = 1, .ofs_y = -2},
    {.bitmap_index = 44320, .adv_w = 378, .box_w = 22, .box_h = 23, .ofs_x = 1, .ofs_y = -3},
    {.bitmap_index = 44452, .adv_w = 378, .box_w = 22, .box_h = 23, .ofs_x = 1, .ofs_y = -3},
    {.bitmap_index = 44618, .adv_w = 378, .box_w = 22, .box_h = 23, .ofs_x = 1, .ofs_y = -3},
    {.bitmap_index = 44795, .adv_w = 378, .box_w = 22, .box_h = 23, .ofs_x = 1, .ofs_y = -3},
    {.bitmap_index = 44974, .adv_w = 378, .box_w = 23, .box_h = 23, .ofs_x = 0, .ofs_y = -3},
    {.bitmap_index = 45169, .adv_w = 378, .box_w = 23, .box_h = 23, .ofs_x = 0, .ofs_y = -3},
    {.bitmap_index = 45353, .adv_w = 378, .box_w = 23, .box_h = 22, .ofs_x = 0, .ofs_y = -3},
    {.bitmap_index = 45540, .adv_w = 378, .box_w = 23, .box_h = 23, .ofs_x = 0, .ofs_y = -3},
    {.bitmap_index = 45752, .adv_w = 378, .box_w = 22, .box_h = 21, .ofs_x = 1, .ofs_y = -3},
    {.bitmap_index = 45849, .adv_w = 378, .box_w = 22, .box_h = 22, .ofs_x = 1, .ofs_y = -3},
    {.bitmap_index = 45987, .adv_w = 378, .box_w = 22, .box_h = 23, .ofs_x = 1, .ofs_y = -3},
    {.bitmap_index = 46148, .adv_w = 378, .box_w = 21, .box_h = 22, .ofs_x = 1, .ofs_y = -2},
    {.bitmap_index = 46296, .adv_w = 378, .box_w = 18, .box_h = 23, .ofs_x = 2, .ofs_y = -3},
    {.bitmap_index = 46396, .adv_w = 378, .box_w = 21, .box_h = 22, .ofs_x = 1, .ofs_y = -2},
    {.bitmap_index = 46549, .adv_w = 378, .box_w = 22, .box_h = 23, .ofs_x = 1, .ofs_y = -3},
    {.bitmap_index = 46728, .adv_w = 378, .box_w = 22, .box_h = 22, .ofs_x = 1, .ofs_y = -2},
    {.bitmap_index = 46900, .adv_w = 378, .box_w = 22, .box_h = 22, .ofs_x = 1, .ofs_y = -3},
    {.bitmap_index = 47073, .adv_w = 378, .box_w = 20, .box_h = 23, .ofs_x = 1, .ofs_y = -3},
    {.bitmap_index = 47184, .adv_w = 378, .box_w = 20, .box_h = 22, .ofs_x = 1, .ofs_y = -2},
    {.bitmap_index = 47301, .adv_w = 378, .box_w = 22, .box_h = 22, .ofs_x = 1, .ofs_y = -3},
    {.bitmap_index = 47464, .adv_w = 378, .box_w = 22, .box_h = 23, .ofs_x = 1, .ofs_y = -3},
    {.bitmap_index = 47637, .adv_w = 378, .box_w = 23, .box_h = 22, .ofs_x = 0, .ofs_y = -3},
    {.bitmap_index = 47836, .adv_w = 378, .box_w = 23, .box_h = 23, .ofs_x = 0, .ofs_y = -3},
    {.bitmap_index = 48029, .adv_w = 378, .box_w = 23, .box_h = 22, .ofs_x = 0, .ofs_y = -2},
    {.bitmap_index = 48175, .adv_w = 378, .box_w = 23, .box_h = 22, .ofs_x = 0, .ofs_y = -2},
    {.bitmap_index = 48333, .adv_w = 378, .box_w = 23, .box_h = 22, .ofs_x = 0, .ofs_y = -2},
    {.bitmap_index = 48498, .adv_w = 378, .box_w = 23, .box_h = 22, .ofs_x = 0, .ofs_y = -2},
    {.bitmap_index = 48672, .adv_w = 378, .box_w = 23, .box_h = 22, .ofs_x = 0, .ofs_y = -2},
    {.bitmap_index = 48838, .adv_w = 378, .box_w = 24, .box_h = 23, .ofs_x = 0, .ofs_y = -3},
    {.bitmap_index = 49052, .adv_w = 378, .box_w = 23, .box_h = 21, .ofs_x = 0, .ofs_y = -2},
    {.bitmap_index = 49206, .adv_w = 378, .box_w = 23, .box_h = 23, .ofs_x = 0, .ofs_y = -3},
    {.bitmap_index = 49399, .adv_w = 378, .box_w = 23, .box_h = 23, .ofs_x = 0, .ofs_y = -3},
    {.bitmap_index = 49552, .adv_w = 378, .box_w = 22, .box_h = 23, .ofs_x = 1, .ofs_y = -3},
    {.bitmap_index = 49707, .adv_w = 378, .box_w = 23, .box_h = 23, .ofs_x = 0, .ofs_y = -3},
    {.bitmap_index = 49882, .adv_w = 378, .box_w = 23, .box_h = 23, .ofs_x = 0, .ofs_y = -3},
    {.bitmap_index = 50081, .adv_w = 378, .box_w = 23, .box_h = 22, .ofs_x = 0, .ofs_y = -2},
    {.bitmap_index = 50230, .adv_w = 378, .box_w = 23, .box_h = 22, .ofs_x = 0, .ofs_y = -2},
    {.bitmap_index = 50420, .adv_w = 378, .box_w = 23, .box_h = 23, .ofs_x = 0, .ofs_y = -3},
    {.bitmap_index = 50585, .adv_w = 378, .box_w = 23, .box_h = 21, .ofs_x = 0, .ofs_y = -2},
    {.bitmap_index = 50759, .adv_w = 378, .box_w = 23, .box_h = 22, .ofs_x = 0, .ofs_y = -2},
    {.bitmap_index = 50912, .adv_w = 378, .box_w = 23, .box_h = 23, .ofs_x = 0, .ofs_y = -3},
    {.bitmap_index = 51090, .adv_w = 378, .box_w = 22, .box_h = 23, .ofs_x = 0, .ofs_y = -3},
    {.bitmap_index = 51261, .adv_w = 378, .box_w = 23, .box_h = 23, .ofs_x = 0, .ofs_y = -3},
    {.bitmap_index = 51455, .adv_w = 378, .box_w = 22, .box_h = 23, .ofs_x = 1, .ofs_y = -3},
    {.bitmap_index = 51624, .adv_w = 378, .box_w = 23, .box_h = 23, .ofs_x = 0, .ofs_y = -3},
    {.bitmap_index = 51842, .adv_w = 378, .box_w = 23, .box_h = 23, .ofs_x = 0, .ofs_y = -3},
    {.bitmap_index = 52051, .adv_w = 378, .box_w = 23, .box_h = 23, .ofs_x = 0, .ofs_y = -3},
    {.bitmap_index = 52254, .adv_w = 378, .box_w = 22, .box_h = 22, .ofs_x = 1, .ofs_y = -2},
    {.bitmap_index = 52449, .adv_w = 378, .box_w = 22, .box_h = 22, .ofs_x = 1, .ofs_y = -2},
    {.bitmap_index = 52628, .adv_w = 378, .box_w = 23, .box_h = 23, .ofs_x = 0, .ofs_y = -3},
    {.bitmap_index = 52851, .adv_w = 378, .box_w = 21, .box_h = 23, .ofs_x = 0, .ofs_y = -3},
    {.bitmap_index = 52960, .adv_w = 378, .box_w = 23, .box_h = 22, .ofs_x = 0, .ofs_y = -3},
    {.bitmap_index = 53125, .adv_w = 378, .box_w = 22, .box_h = 21, .ofs_x = 1, .ofs_y = -2},
    {.bitmap_index = 53241, .adv_w = 378, .box_w = 22, .box_h = 23, .ofs_x = 0, .ofs_y = -3},
    {.bitmap_index = 53369, .adv_w = 378, .box_w = 23, .box_h = 23, .ofs_x = 0, .ofs_y = -3},
    {.bitmap_index = 53493, .adv_w = 378, .box_w = 23, .box_h = 23, .ofs_x = 1, .ofs_y = -3},
    {.bitmap_index = 53670, .adv_w = 378, .box_w = 23, .box_h = 23, .ofs_x = 0, .ofs_y = -3},
    {.bitmap_index = 53816, .adv_w = 378, .box_w = 21, .box_h = 23, .ofs_x = 1, .ofs_y = -3},
    {.bitmap_index = 53935, .adv_w = 378, .box_w = 22, .box_h = 23, .ofs_x = 0, .ofs_y = -3},
    {.bitmap_index = 54135, .adv_w = 378, .box_w = 23, .box_h = 23, .ofs_x = 0, .ofs_y = -3},
    {.bitmap_index = 54321, .adv_w = 378, .box_w = 23, .box_h = 22, .ofs_x = 0, .ofs_y = -2},
    {.bitmap_index = 54522, .adv_w = 378, .box_w = 23, .box_h = 21, .ofs_x = 0, .ofs_y = -3},
    {.bitmap_index = 54707, .adv_w = 378, .box_w = 23, .box_h = 22, .ofs_x = 0, .ofs_y = -3},
    {.bitmap_index = 54847, .adv_w = 378, .box_w = 22, .box_h = 22, .ofs_x = 0, .ofs_y = -2},
    {.bitmap_index = 54986, .adv_w = 378, .box_w = 23, .box_h = 23, .ofs_x = 0, .ofs_y = -3},
    {.bitmap_index = 55172, .adv_w = 378, .box_w = 22, .box_h = 23, .ofs_x = 0, .ofs_y = -3},
    {.bitmap_index = 55316, .adv_w = 378, .box_w = 23, .box_h = 23, .ofs_x = 0, .ofs_y = -3},
    {.bitmap_index = 55501, .adv_w = 378, .box_w = 23, .box_h = 23, .ofs_x = 0, .ofs_y = -3},
    {.bitmap_index = 55679, .adv_w = 378, .box_w = 23, .box_h = 23, .ofs_x = 0, .ofs_y = -3},
    {.bitmap_index = 55863, .adv_w = 378, .box_w = 22, .box_h = 23, .ofs_x = 0, .ofs_y = -3},
    {.bitmap_index = 56025, .adv_w = 378, .box_w = 23, .box_h = 23, .ofs_x = 0, .ofs_y = -3},
    {.bitmap_index = 56174, .adv_w = 378, .box_w = 23, .box_h = 23, .ofs_x = 0, .ofs_y = -3},
    {.bitmap_index = 56366, .adv_w = 378, .box_w = 23, .box_h = 22, .ofs_x = 0, .ofs_y = -2},
    {.bitmap_index = 56552, .adv_w = 378, .box_w = 23, .box_h = 23, .ofs_x = 0, .ofs_y = -3},
    {.bitmap_index = 56730, .adv_w = 378, .box_w = 23, .box_h = 23, .ofs_x = 0, .ofs_y = -3},
    {.bitmap_index = 56898, .adv_w = 378, .box_w = 23, .box_h = 23, .ofs_x = 0, .ofs_y = -3},
    {.bitmap_index = 57033, .adv_w = 378, .box_w = 23, .box_h = 22, .ofs_x = 0, .ofs_y = -2},
    {.bitmap_index = 57196, .adv_w = 378, .box_w = 23, .box_h = 23, .ofs_x = 0, .ofs_y = -3},
    {.bitmap_index = 57395, .adv_w = 378, .box_w = 22, .box_h = 22, .ofs_x = 0, .ofs_y = -2},
    {.bitmap_index = 57549, .adv_w = 378, .box_w = 23, .box_h = 23, .ofs_x = 0, .ofs_y = -3},
    {.bitmap_index = 57742, .adv_w = 378, .box_w = 23, .box_h = 23, .ofs_x = 0, .ofs_y = -3},
    {.bitmap_index = 57918, .adv_w = 378, .box_w = 23, .box_h = 22, .ofs_x = 0, .ofs_y = -3},
    {.bitmap_index = 58112, .adv_w = 378, .box_w = 22, .box_h = 23, .ofs_x = 1, .ofs_y = -3},
    {.bitmap_index = 58263, .adv_w = 378, .box_w = 23, .box_h = 23, .ofs_x = 0, .ofs_y = -3},
    {.bitmap_index = 58413, .adv_w = 378, .box_w = 23, .box_h = 23, .ofs_x = 0, .ofs_y = -3},
    {.bitmap_index = 58616, .adv_w = 378, .box_w = 23, .box_h = 23, .ofs_x = 0, .ofs_y = -3},
    {.bitmap_index = 58782, .adv_w = 378, .box_w = 23, .box_h = 23, .ofs_x = 0, .ofs_y = -3},
    {.bitmap_index = 58958, .adv_w = 378, .box_w = 23, .box_h = 22, .ofs_x = 0, .ofs_y = -2},
    {.bitmap_index = 59131, .adv_w = 378, .box_w = 23, .box_h = 23, .ofs_x = 0, .ofs_y = -3},
    {.bitmap_index = 59301, .adv_w = 378, .box_w = 23, .box_h = 22, .ofs_x = 0, .ofs_y = -2},
    {.bitmap_index = 59471, .adv_w = 378, .box_w = 23, .box_h = 23, .ofs_x = 0, .ofs_y = -3},
    {.bitmap_index = 59663, .adv_w = 378, .box_w = 23, .box_h = 23, .ofs_x = 0, .ofs_y = -3},
    {.bitmap_index = 59859, .adv_w = 378, .box_w = 23, .box_h = 22, .ofs_x = 0, .ofs_y = -2},
    {.bitmap_index = 60058, .adv_w = 378, .box_w = 23, .box_h = 22, .ofs_x = 0, .ofs_y = -2},
    {.bitmap_index = 60238, .adv_w = 378, .box_w = 23, .box_h = 23, .ofs_x = 0, .ofs_y = -3},
    {.bitmap_index = 60395, .adv_w = 378, .box_w = 22, .box_h = 23, .ofs_x = 1, .ofs_y = -3},
    {.bitmap_index = 60571, .adv_w = 378, .box_w = 22, .box_h = 23, .ofs_x = 2, .ofs_y = -3},
    {.bitmap_index = 60754, .adv_w = 378, .box_w = 23, .box_h = 23, .ofs_x = 0, .ofs_y = -3},
    {.bitmap_index = 60971, .adv_w = 378, .box_w = 22, .box_h = 23, .ofs_x = 1, .ofs_y = -3},
    {.bitmap_index = 61147, .adv_w = 378, .box_w = 23, .box_h = 23, .ofs_x = 0, .ofs_y = -3},
    {.bitmap_index = 61359, .adv_w = 378, .box_w = 23, .box_h = 23, .ofs_x = 0, .ofs_y = -3},
    {.bitmap_index = 61584, .adv_w = 378, .box_w = 23, .box_h = 23, .ofs_x = 0, .ofs_y = -3},
    {.bitmap_index = 61818, .adv_w = 378, .box_w = 23, .box_h = 22, .ofs_x = 0, .ofs_y = -2},
    {.bitmap_index = 62014, .adv_w = 378, .box_w = 22, .box_h = 23, .ofs_x = 1, .ofs_y = -3},
    {.bitmap_index = 62178, .adv_w = 378, .box_w = 23, .box_h = 22, .ofs_x = 0, .ofs_y = -2},
    {.bitmap_index = 62370, .adv_w = 378, .box_w = 23, .box_h = 21, .ofs_x = 0, .ofs_y = -2},
    {.bitmap_index = 62509, .adv_w = 378, .box_w = 21, .box_h = 23, .ofs_x = 2, .ofs_y = -3},
    {.bitmap_index = 62689, .adv_w = 378, .box_w = 23, .box_h = 23, .ofs_x = 0, .ofs_y = -3},
    {.bitmap_index = 62889, .adv_w = 378, .box_w = 22, .box_h = 23, .ofs_x = 1, .ofs_y = -3},
    {.bitmap_index = 63038, .adv_w = 378, .box_w = 23, .box_h = 21, .ofs_x = 0, .ofs_y = -3},
    {.bitmap_index = 63176, .adv_w = 378, .box_w = 22, .box_h = 21, .ofs_x = 1, .ofs_y = -3},
    {.bitmap_index = 63357, .adv_w = 378, .box_w = 16, .box_h = 20, .ofs_x = 4, .ofs_y = -2},
    {.bitmap_index = 63406, .adv_w = 378, .box_w = 22, .box_h = 20, .ofs_x = 1, .ofs_y = -2},
    {.bitmap_index = 63468, .adv_w = 378, .box_w = 19, .box_h = 21, .ofs_x = 2, .ofs_y = -2},
    {.bitmap_index = 63537, .adv_w = 378, .box_w = 21, .box_h = 22, .ofs_x = 2, .ofs_y = -2},
    {.bitmap_index = 63666, .adv_w = 378, .box_w = 19, .box_h = 22, .ofs_x = 2, .ofs_y = -3},
    {.bitmap_index = 63791, .adv_w = 378, .box_w = 21, .box_h = 23, .ofs_x = 2, .ofs_y = -3},
    {.bitmap_index = 63944, .adv_w = 378, .box_w = 22, .box_h = 22, .ofs_x = 1, .ofs_y = -3},
    {.bitmap_index = 64088, .adv_w = 378, .box_w = 22, .box_h = 21, .ofs_x = 1, .ofs_y = -2},
    {.bitmap_index = 64214, .adv_w = 378, .box_w = 22, .box_h = 22, .ofs_x = 1, .ofs_y = -2},
    {.bitmap_index = 64359, .adv_w = 378, .box_w = 22, .box_h = 22, .ofs_x = 1, .ofs_y = -2},
    {.bitmap_index = 64530, .adv_w = 378, .box_w = 21, .box_h = 22, .ofs_x = 2, .ofs_y = -2},
    {.bitmap_index = 64683, .adv_w = 378, .box_w = 22, .box_h = 22, .ofs_x = 1, .ofs_y = -3},
    {.bitmap_index = 64840, .adv_w = 378, .box_w = 23, .box_h = 22, .ofs_x = 0, .ofs_y = -2},
    {.bitmap_index = 65024, .adv_w = 378, .box_w = 23, .box_h = 21, .ofs_x = 0, .ofs_y = -2},
    {.bitmap_index = 65184, .adv_w = 378, .box_w = 23, .box_h = 22, .ofs_x = 0, .ofs_y = -2},
    {.bitmap_index = 65316, .adv_w = 378, .box_w = 23, .box_h = 22, .ofs_x = 0, .ofs_y = -3},
    {.bitmap_index = 65489, .adv_w = 378, .box_w = 22, .box_h = 22, .ofs_x = 0, .ofs_y = -3},
    {.bitmap_index = 65661, .adv_w = 378, .box_w = 23, .box_h = 22, .ofs_x = 0, .ofs_y = -2},
    {.bitmap_index = 65798, .adv_w = 378, .box_w = 23, .box_h = 22, .ofs_x = 0, .ofs_y = -2},
    {.bitmap_index = 65934, .adv_w = 378, .box_w = 23, .box_h = 22, .ofs_x = 0, .ofs_y = -2},
    {.bitmap_index = 66076, .adv_w = 378, .box_w = 23, .box_h = 23, .ofs_x = 0, .ofs_y = -3},
    {.bitmap_index = 66235, .adv_w = 378, .box_w = 23, .box_h = 22, .ofs_x = 0, .ofs_y = -2},
    {.bitmap_index = 66374, .adv_w = 378, .box_w = 23, .box_h = 23, .ofs_x = 0, .ofs_y = -3},
    {.bitmap_index = 66571, .adv_w = 378, .box_w = 23, .box_h = 22, .ofs_x = 0, .ofs_y = -2},
    {.bitmap_index = 66736, .adv_w = 378, .box_w = 23, .box_h = 23, .ofs_x = 0, .ofs_y = -3},
    {.bitmap_index = 66945, .adv_w = 378, .box_w = 23, .box_h = 23, .ofs_x = 0, .ofs_y = -3},
    {.bitmap_index = 67155, .adv_w = 378, .box_w = 22, .box_h = 24, .ofs_x = 0, .ofs_y = -3},
    {.bitmap_index = 67345, .adv_w = 378, .box_w = 23, .box_h = 23, .ofs_x = 0, .ofs_y = -3},
    {.bitmap_index = 67541, .adv_w = 378, .box_w = 23, .box_h = 20, .ofs_x = 0, .ofs_y = -2},
    {.bitmap_index = 67689, .adv_w = 378, .box_w = 24, .box_h = 22, .ofs_x = 0, .ofs_y = -2},
    {.bitmap_index = 67860, .adv_w = 378, .box_w = 23, .box_h = 22, .ofs_x = 0, .ofs_y = -2},
    {.bitmap_index = 68051, .adv_w = 378, .box_w = 23, .box_h = 22, .ofs_x = 0, .ofs_y = -2},
    {.bitmap_index = 68197, .adv_w = 378, .box_w = 23, .box_h = 22, .ofs_x = 0, .ofs_y = -2},
    {.bitmap_index = 68366, .adv_w = 378, .box_w = 23, .box_h = 22, .ofs_x = 0, .ofs_y = -2},
    {.bitmap_index = 68576, .adv_w = 378, .box_w = 23, .box_h = 22, .ofs_x = 0, .ofs_y = -2},
    {.bitmap_index = 68728, .adv_w = 378, .box_w = 23, .box_h = 22, .ofs_x = 0, .ofs_y = -2},
    {.bitmap_index = 68916, .adv_w = 378, .box_w = 23, .box_h = 23, .ofs_x = 0, .ofs_y = -3},
    {.bitmap_index = 69079, .adv_w = 378, .box_w = 23, .box_h = 24, .ofs_x = 0, .ofs_y = -3},
    {.bitmap_index = 69291, .adv_w = 378, .box_w = 23, .box_h = 23, .ofs_x = 0, .ofs_y = -3},
    {.bitmap_index = 69467, .adv_w = 378, .box_w = 23, .box_h = 23, .ofs_x = 0, .ofs_y = -3},
    {.bitmap_index = 69642, .adv_w = 378, .box_w = 23, .box_h = 22, .ofs_x = 0, .ofs_y = -2},
    {.bitmap_index = 69785, .adv_w = 378, .box_w = 23, .box_h = 22, .ofs_x = 0, .ofs_y = -2},
    {.bitmap_index = 69973, .adv_w = 378, .box_w = 22, .box_h = 22, .ofs_x = 0, .ofs_y = -2},
    {.bitmap_index = 70134, .adv_w = 378, .box_w = 24, .box_h = 23, .ofs_x = 0, .ofs_y = -3},
    {.bitmap_index = 70328, .adv_w = 378, .box_w = 24, .box_h = 22, .ofs_x = 0, .ofs_y = -2},
    {.bitmap_index = 70529, .adv_w = 378, .box_w = 24, .box_h = 23, .ofs_x = 0, .ofs_y = -3},
    {.bitmap_index = 70726, .adv_w = 378, .box_w = 24, .box_h = 23, .ofs_x = 0, .ofs_y = -3},
    {.bitmap_index = 70934, .adv_w = 378, .box_w = 23, .box_h = 23, .ofs_x = 0, .ofs_y = -3},
    {.bitmap_index = 71151, .adv_w = 378, .box_w = 22, .box_h = 23, .ofs_x = 1, .ofs_y = -3},
    {.bitmap_index = 71343, .adv_w = 378, .box_w = 23, .box_h = 23, .ofs_x = 0, .ofs_y = -3},
    {.bitmap_index = 71545, .adv_w = 378, .box_w = 22, .box_h = 22, .ofs_x = 1, .ofs_y = -2},
    {.bitmap_index = 71610, .adv_w = 378, .box_w = 22, .box_h = 19, .ofs_x = 1, .ofs_y = -1},
    {.bitmap_index = 71675, .adv_w = 378, .box_w = 22, .box_h = 23, .ofs_x = 1, .ofs_y = -3},
    {.bitmap_index = 71806, .adv_w = 378, .box_w = 22, .box_h = 23, .ofs_x = 1, .ofs_y = -3},
    {.bitmap_index = 71955, .adv_w = 378, .box_w = 23, .box_h = 21, .ofs_x = 0, .ofs_y = -3},
    {.bitmap_index = 72134, .adv_w = 378, .box_w = 23, .box_h = 22, .ofs_x = 0, .ofs_y = -3},
    {.bitmap_index = 72323, .adv_w = 378, .box_w = 23, .box_h = 23, .ofs_x = 0, .ofs_y = -3},
    {.bitmap_index = 72521, .adv_w = 378, .box_w = 22, .box_h = 23, .ofs_x = 1, .ofs_y = -3},
    {.bitmap_index = 72697, .adv_w = 378, .box_w = 23, .box_h = 23, .ofs_x = 0, .ofs_y = -3},
    {.bitmap_index = 72873, .adv_w = 378, .box_w = 22, .box_h = 23, .ofs_x = 1, .ofs_y = -3},
    {.bitmap_index = 73055, .adv_w = 378, .box_w = 22, .box_h = 22, .ofs_x = 1, .ofs_y = -3},
    {.bitmap_index = 73218, .adv_w = 378, .box_w = 22, .box_h = 22, .ofs_x = 1, .ofs_y = -3},
    {.bitmap_index = 73407, .adv_w = 378, .box_w = 22, .box_h = 21, .ofs_x = 1, .ofs_y = -2},
    {.bitmap_index = 73556, .adv_w = 378, .box_w = 23, .box_h = 23, .ofs_x = 0, .ofs_y = -3},
    {.bitmap_index = 73747, .adv_w = 378, .box_w = 23, .box_h = 23, .ofs_x = 0, .ofs_y = -3},
    {.bitmap_index = 73932, .adv_w = 378, .box_w = 22, .box_h = 23, .ofs_x = 1, .ofs_y = -3},
    {.bitmap_index = 74083, .adv_w = 378, .box_w = 23, .box_h = 21, .ofs_x = 0, .ofs_y = -2},
    {.bitmap_index = 74242, .adv_w = 378, .box_w = 22, .box_h = 23, .ofs_x = 1, .ofs_y = -3},
    {.bitmap_index = 74455, .adv_w = 378, .box_w = 23, .box_h = 23, .ofs_x = 0, .ofs_y = -3},
    {.bitmap_index = 74659, .adv_w = 378, .box_w = 22, .box_h = 22, .ofs_x = 1, .ofs_y = -2},
    {.bitmap_index = 74875, .adv_w = 378, .box_w = 22, .box_h = 22, .ofs_x = 0, .ofs_y = -3},
    {.bitmap_index = 75041, .adv_w = 378, .box_w = 23, .box_h = 22, .ofs_x = 0, .ofs_y = -3},
    {.bitmap_index = 75235, .adv_w = 378, .box_w = 23, .box_h = 22, .ofs_x = 1, .ofs_y = -3},
    {.bitmap_index = 75441, .adv_w = 378, .box_w = 21, .box_h = 23, .ofs_x = 0, .ofs_y = -3},
    {.bitmap_index = 75619, .adv_w = 378, .box_w = 22, .box_h = 21, .ofs_x = 1, .ofs_y = -2},
    {.bitmap_index = 75803, .adv_w = 378, .box_w = 22, .box_h = 22, .ofs_x = 1, .ofs_y = -3},
    {.bitmap_index = 75988, .adv_w = 378, .box_w = 22, .box_h = 23, .ofs_x = 1, .ofs_y = -3},
    {.bitmap_index = 76167, .adv_w = 378, .box_w = 23, .box_h = 23, .ofs_x = 0, .ofs_y = -3},
    {.bitmap_index = 76370, .adv_w = 378, .box_w = 23, .box_h = 23, .ofs_x = 0, .ofs_y = -3},
    {.bitmap_index = 76533, .adv_w = 378, .box_w = 23, .box_h = 23, .ofs_x = 0, .ofs_y = -3},
    {.bitmap_index = 76758, .adv_w = 378, .box_w = 23, .box_h = 22, .ofs_x = 0, .ofs_y = -3},
    {.bitmap_index = 76953, .adv_w = 378, .box_w = 22, .box_h = 22, .ofs_x = 0, .ofs_y = -3},
    {.bitmap_index = 77125, .adv_w = 378, .box_w = 22, .box_h = 23, .ofs_x = 1, .ofs_y = -3},
    {.bitmap_index = 77346, .adv_w = 378, .box_w = 23, .box_h = 23, .ofs_x = 0, .ofs_y = -3},
    {.bitmap_index = 77565, .adv_w = 378, .box_w = 23, .box_h = 22, .ofs_x = 0, .ofs_y = -3},
    {.bitmap_index = 77762, .adv_w = 378, .box_w = 22, .box_h = 22, .ofs_x = 1, .ofs_y = -2},
    {.bitmap_index = 77967, .adv_w = 378, .box_w = 22, .box_h = 23, .ofs_x = 1, .ofs_y = -3},
    {.bitmap_index = 78133, .adv_w = 378, .box_w = 23, .box_h = 21, .ofs_x = 0, .ofs_y = -3},
    {.bitmap_index = 78296, .adv_w = 378, .box_w = 23, .box_h = 23, .ofs_x = 0, .ofs_y = -3},
    {.bitmap_index = 78485, .adv_w = 378, .box_w = 23, .box_h = 22, .ofs_x = 0, .ofs_y = -3},
    {.bitmap_index = 78627, .adv_w = 378, .box_w = 23, .box_h = 23, .ofs_x = 0, .ofs_y = -3},
    {.bitmap_index = 78811, .adv_w = 378, .box_w = 23, .box_h = 23, .ofs_x = 0, .ofs_y = -3},
    {.bitmap_index = 79041, .adv_w = 378, .box_w = 22, .box_h = 23, .ofs_x = 1, .ofs_y = -3},
    {.bitmap_index = 79250, .adv_w = 378, .box_w = 23, .box_h = 23, .ofs_x = 0, .ofs_y = -3},
    {.bitmap_index = 79442, .adv_w = 378, .box_w = 22, .box_h = 23, .ofs_x = 1, .ofs_y = -3},
    {.bitmap_index = 79665, .adv_w = 378, .box_w = 21, .box_h = 22, .ofs_x = 1, .ofs_y = -3},
    {.bitmap_index = 79841, .adv_w = 378, .box_w = 23, .box_h = 23, .ofs_x = 0, .ofs_y = -3},
    {.bitmap_index = 80043, .adv_w = 378, .box_w = 21, .box_h = 23, .ofs_x = 1, .ofs_y = -3},
    {.bitmap_index = 80141, .adv_w = 378, .box_w = 23, .box_h = 23, .ofs_x = 0, .ofs_y = -3},
    {.bitmap_index = 80337, .adv_w = 378, .box_w = 23, .box_h = 23, .ofs_x = 0, .ofs_y = -3},
    {.bitmap_index = 80515, .adv_w = 378, .box_w = 22, .box_h = 20, .ofs_x = 1, .ofs_y = -2},
    {.bitmap_index = 80643, .adv_w = 378, .box_w = 23, .box_h = 23, .ofs_x = 0, .ofs_y = -3},
    {.bitmap_index = 80827, .adv_w = 378, .box_w = 23, .box_h = 23, .ofs_x = 0, .ofs_y = -3},
    {.bitmap_index = 81022, .adv_w = 378, .box_w = 23, .box_h = 20, .ofs_x = 0, .ofs_y = -2},
    {.bitmap_index = 81170, .adv_w = 378, .box_w = 23, .box_h = 22, .ofs_x = 0, .ofs_y = -3},
    {.bitmap_index = 81335, .adv_w = 378, .box_w = 21, .box_h = 23, .ofs_x = 0, .ofs_y = -3},
    {.bitmap_index = 81466, .adv_w = 378, .box_w = 23, .box_h = 20, .ofs_x = 0, .ofs_y = -2},
    {.bitmap_index = 81621, .adv_w = 378, .box_w = 23, .box_h = 23, .ofs_x = 0, .ofs_y = -3},
    {.bitmap_index = 81827, .adv_w = 378, .box_w = 22, .box_h = 22, .ofs_x = 1, .ofs_y = -2},
    {.bitmap_index = 81942, .adv_w = 378, .box_w = 20, .box_h = 21, .ofs_x = 1, .ofs_y = -3},
    {.bitmap_index = 82055, .adv_w = 378, .box_w = 18, .box_h = 22, .ofs_x = 3, .ofs_y = -2},
    {.bitmap_index = 82138, .adv_w = 378, .box_w = 20, .box_h = 23, .ofs_x = 3, .ofs_y = -3},
    {.bitmap_index = 82250, .adv_w = 378, .box_w = 22, .box_h = 20, .ofs_x = 1, .ofs_y = -2},
    {.bitmap_index = 82359, .adv_w = 378, .box_w = 23, .box_h = 22, .ofs_x = 0, .ofs_y = -3},
    {.bitmap_index = 82517, .adv_w = 378, .box_w = 20, .box_h = 22, .ofs_x = 2, .ofs_y = -2},
    {.bitmap_index = 82686, .adv_w = 378, .box_w = 21, .box_h = 22, .ofs_x = 2, .ofs_y = -2},
    {.bitmap_index = 82844, .adv_w = 378, .box_w = 23, .box_h = 22, .ofs_x = 0, .ofs_y = -2},
    {.bitmap_index = 83018, .adv_w = 378, .box_w = 17, .box_h = 23, .ofs_x = 3, .ofs_y = -3},
    {.bitmap_index = 83096, .adv_w = 378, .box_w = 20, .box_h = 23, .ofs_x = 2, .ofs_y = -3},
    {.bitmap_index = 83247, .adv_w = 378, .box_w = 22, .box_h = 22, .ofs_x = 1, .ofs_y = -2},
    {.bitmap_index = 83387, .adv_w = 378, .box_w = 22, .box_h = 22, .ofs_x = 1, .ofs_y = -2},
    {.bitmap_index = 83522, .adv_w = 378, .box_w = 17, .box_h = 21, .ofs_x = 3, .ofs_y = -3},
    {.bitmap_index = 83593, .adv_w = 378, .box_w = 22, .box_h = 21, .ofs_x = 1, .ofs_y = -2},
    {.bitmap_index = 83713, .adv_w = 378, .box_w = 22, .box_h = 22, .ofs_x = 0, .ofs_y = -2},
    {.bitmap_index = 83850, .adv_w = 378, .box_w = 23, .box_h = 23, .ofs_x = 0, .ofs_y = -3},
    {.bitmap_index = 84013, .adv_w = 378, .box_w = 22, .box_h = 22, .ofs_x = 0, .ofs_y = -3},
    {.bitmap_index = 84171, .adv_w = 378, .box_w = 22, .box_h = 23, .ofs_x = 1, .ofs_y = -3},
    {.bitmap_index = 84326, .adv_w = 378, .box_w = 23, .box_h = 24, .ofs_x = 0, .ofs_y = -3},
    {.bitmap_index = 84491, .adv_w = 378, .box_w = 22, .box_h = 22, .ofs_x = 1, .ofs_y = -3},
    {.bitmap_index = 84691, .adv_w = 378, .box_w = 20, .box_h = 23, .ofs_x = 1, .ofs_y = -3},
    {.bitmap_index = 84838, .adv_w = 378, .box_w = 23, .box_h = 23, .ofs_x = 0, .ofs_y = -3},
    {.bitmap_index = 85021, .adv_w = 378, .box_w = 22, .box_h = 22, .ofs_x = 0, .ofs_y = -3},
    {.bitmap_index = 85188, .adv_w = 378, .box_w = 23, .box_h = 23, .ofs_x = 0, .ofs_y = -3},
    {.bitmap_index = 85384, .adv_w = 378, .box_w = 23, .box_h = 22, .ofs_x = 0, .ofs_y = -3},
    {.bitmap_index = 85571, .adv_w = 378, .box_w = 22, .box_h = 23, .ofs_x = 0, .ofs_y = -3},
    {.bitmap_index = 85759, .adv_w = 378, .box_w = 23, .box_h = 22, .ofs_x = 0, .ofs_y = -3},
    {.bitmap_index = 85933, .adv_w = 378, .box_w = 23, .box_h = 21, .ofs_x = 0, .ofs_y = -3},
    {.bitmap_index = 86061, .adv_w = 378, .box_w = 22, .box_h = 22, .ofs_x = 0, .ofs_y = -2},
    {.bitmap_index = 86208, .adv_w = 378, .box_w = 24, .box_h = 23, .ofs_x = 0, .ofs_y = -3},
    {.bitmap_index = 86412, .adv_w = 378, .box_w = 23, .box_h = 22, .ofs_x = 0, .ofs_y = -2},
    {.bitmap_index = 86606, .adv_w = 378, .box_w = 22, .box_h = 23, .ofs_x = 0, .ofs_y = -3},
    {.bitmap_index = 86814, .adv_w = 378, .box_w = 23, .box_h = 21, .ofs_x = 0, .ofs_y = -2},
    {.bitmap_index = 86972, .adv_w = 378, .box_w = 23, .box_h = 22, .ofs_x = 0, .ofs_y = -2},
    {.bitmap_index = 87175, .adv_w = 378, .box_w = 21, .box_h = 22, .ofs_x = 1, .ofs_y = -2},
    {.bitmap_index = 87306, .adv_w = 378, .box_w = 22, .box_h = 23, .ofs_x = 1, .ofs_y = -3},
    {.bitmap_index = 87492, .adv_w = 378, .box_w = 22, .box_h = 22, .ofs_x = 1, .ofs_y = -2},
    {.bitmap_index = 87632, .adv_w = 378, .box_w = 22, .box_h = 22, .ofs_x = 1, .ofs_y = -2},
    {.bitmap_index = 87798, .adv_w = 378, .box_w = 22, .box_h = 23, .ofs_x = 1, .ofs_y = -3},
    {.bitmap_index = 87954, .adv_w = 378, .box_w = 23, .box_h = 23, .ofs_x = 0, .ofs_y = -3},
    {.bitmap_index = 88142, .adv_w = 378, .box_w = 23, .box_h = 22, .ofs_x = 0, .ofs_y = -2},
    {.bitmap_index = 88322, .adv_w = 378, .box_w = 22, .box_h = 23, .ofs_x = 1, .ofs_y = -3},
    {.bitmap_index = 88501, .adv_w = 378, .box_w = 23, .box_h = 22, .ofs_x = 0, .ofs_y = -2},
    {.bitmap_index = 88694, .adv_w = 378, .box_w = 23, .box_h = 21, .ofs_x = 0, .ofs_y = -2},
    {.bitmap_index = 88890, .adv_w = 378, .box_w = 22, .box_h = 23, .ofs_x = 1, .ofs_y = -3},
    {.bitmap_index = 89049, .adv_w = 378, .box_w = 22, .box_h = 23, .ofs_x = 1, .ofs_y = -3},
    {.bitmap_index = 89215, .adv_w = 378, .box_w = 21, .box_h = 23, .ofs_x = 1, .ofs_y = -3},
    {.bitmap_index = 89368, .adv_w = 378, .box_w = 23, .box_h = 22, .ofs_x = 0, .ofs_y = -2},
    {.bitmap_index = 89552, .adv_w = 378, .box_w = 23, .box_h = 23, .ofs_x = 0, .ofs_y = -3},
    {.bitmap_index = 89749, .adv_w = 378, .box_w = 23, .box_h = 22, .ofs_x = 0, .ofs_y = -2},
    {.bitmap_index = 89948, .adv_w = 378, .box_w = 23, .box_h = 22, .ofs_x = 0, .ofs_y = -2},
    {.bitmap_index = 90115, .adv_w = 378, .box_w = 23, .box_h = 23, .ofs_x = 0, .ofs_y = -3},
    {.bitmap_index = 90311, .adv_w = 378, .box_w = 23, .box_h = 23, .ofs_x = 0, .ofs_y = -3},
    {.bitmap_index = 90509, .adv_w = 378, .box_w = 23, .box_h = 22, .ofs_x = 0, .ofs_y = -3},
    {.bitmap_index = 90719, .adv_w = 378, .box_w = 20, .box_h = 22, .ofs_x = 1, .ofs_y = -2},
    {.bitmap_index = 90876, .adv_w = 378, .box_w = 23, .box_h = 22, .ofs_x = 0, .ofs_y = -2},
    {.bitmap_index = 91032, .adv_w = 378, .box_w = 20, .box_h = 22, .ofs_x = 1, .ofs_y = -2},
    {.bitmap_index = 91211, .adv_w = 378, .box_w = 23, .box_h = 23, .ofs_x = 0, .ofs_y = -3},
    {.bitmap_index = 91433, .adv_w = 378, .box_w = 22, .box_h = 23, .ofs_x = 1, .ofs_y = -3},
    {.bitmap_index = 91610, .adv_w = 378, .box_w = 23, .box_h = 23, .ofs_x = 0, .ofs_y = -3},
    {.bitmap_index = 91830, .adv_w = 378, .box_w = 23, .box_h = 22, .ofs_x = 0, .ofs_y = -2},
    {.bitmap_index = 92055, .adv_w = 378, .box_w = 23, .box_h = 21, .ofs_x = 0, .ofs_y = -2},
    {.bitmap_index = 92217, .adv_w = 378, .box_w = 22, .box_h = 22, .ofs_x = 0, .ofs_y = -2},
    {.bitmap_index = 92382, .adv_w = 378, .box_w = 23, .box_h = 22, .ofs_x = 0, .ofs_y = -2},
    {.bitmap_index = 92570, .adv_w = 378, .box_w = 23, .box_h = 22, .ofs_x = 0, .ofs_y = -2},
    {.bitmap_index = 92734, .adv_w = 378, .box_w = 23, .box_h = 23, .ofs_x = 0, .ofs_y = -3},
    {.bitmap_index = 92937, .adv_w = 378, .box_w = 23, .box_h = 23, .ofs_x = 0, .ofs_y = -3},
    {.bitmap_index = 93132, .adv_w = 378, .box_w = 23, .box_h = 22, .ofs_x = 0, .ofs_y = -2},
    {.bitmap_index = 93326, .adv_w = 378, .box_w = 23, .box_h = 23, .ofs_x = 0, .ofs_y = -3},
    {.bitmap_index = 93548, .adv_w = 378, .box_w = 23, .box_h = 22, .ofs_x = 0, .ofs_y = -2},
    {.bitmap_index = 93747, .adv_w = 378, .box_w = 23, .box_h = 23, .ofs_x = 0, .ofs_y = -3},
    {.bitmap_index = 93966, .adv_w = 378, .box_w = 23, .box_h = 23, .ofs_x = 0, .ofs_y = -3},
    {.bitmap_index = 94170, .adv_w = 378, .box_w = 23, .box_h = 23, .ofs_x = 0, .ofs_y = -3},
    {.bitmap_index = 94398, .adv_w = 378, .box_w = 22, .box_h = 23, .ofs_x = 0, .ofs_y = -3},
    {.bitmap_index = 94593, .adv_w = 378, .box_w = 23, .box_h = 23, .ofs_x = 0, .ofs_y = -3},
    {.bitmap_index = 94816, .adv_w = 378, .box_w = 22, .box_h = 22, .ofs_x = 1, .ofs_y = -2},
    {.bitmap_index = 95003, .adv_w = 378, .box_w = 23, .box_h = 23, .ofs_x = 0, .ofs_y = -3},
    {.bitmap_index = 95191, .adv_w = 378, .box_w = 19, .box_h = 22, .ofs_x = 2, .ofs_y = -3},
    {.bitmap_index = 95349, .adv_w = 378, .box_w = 22, .box_h = 21, .ofs_x = 1, .ofs_y = -2},
    {.bitmap_index = 95484, .adv_w = 378, .box_w = 22, .box_h = 20, .ofs_x = 1, .ofs_y = -2},
    {.bitmap_index = 95615, .adv_w = 378, .box_w = 22, .box_h = 22, .ofs_x = 0, .ofs_y = -3},
    {.bitmap_index = 95822, .adv_w = 378, .box_w = 23, .box_h = 22, .ofs_x = 0, .ofs_y = -3},
    {.bitmap_index = 95981, .adv_w = 378, .box_w = 23, .box_h = 22, .ofs_x = 0, .ofs_y = -2},
    {.bitmap_index = 96134, .adv_w = 378, .box_w = 21, .box_h = 21, .ofs_x = 1, .ofs_y = -3},
    {.bitmap_index = 96223, .adv_w = 378, .box_w = 23, .box_h = 23, .ofs_x = 0, .ofs_y = -3},
    {.bitmap_index = 96431, .adv_w = 378, .box_w = 22, .box_h = 22, .ofs_x = 0, .ofs_y = -2},
    {.bitmap_index = 96622, .adv_w = 378, .box_w = 23, .box_h = 23, .ofs_x = 0, .ofs_y = -3},
    {.bitmap_index = 96813, .adv_w = 378, .box_w = 23, .box_h = 22, .ofs_x = 0, .ofs_y = -2},
    {.bitmap_index = 96988, .adv_w = 378, .box_w = 22, .box_h = 23, .ofs_x = 1, .ofs_y = -3},
    {.bitmap_index = 97193, .adv_w = 378, .box_w = 22, .box_h = 22, .ofs_x = 0, .ofs_y = -2},
    {.bitmap_index = 97364, .adv_w = 378, .box_w = 22, .box_h = 23, .ofs_x = 0, .ofs_y = -3},
    {.bitmap_index = 97539, .adv_w = 378, .box_w = 17, .box_h = 23, .ofs_x = 3, .ofs_y = -3},
    {.bitmap_index = 97632, .adv_w = 378, .box_w = 22, .box_h = 20, .ofs_x = 1, .ofs_y = -2},
    {.bitmap_index = 97763, .adv_w = 378, .box_w = 23, .box_h = 23, .ofs_x = 0, .ofs_y = -3},
    {.bitmap_index = 97970, .adv_w = 378, .box_w = 23, .box_h = 23, .ofs_x = 0, .ofs_y = -3},
    {.bitmap_index = 98158, .adv_w = 378, .box_w = 21, .box_h = 23, .ofs_x = 1, .ofs_y = -3},
    {.bitmap_index = 98298, .adv_w = 378, .box_w = 22, .box_h = 22, .ofs_x = 1, .ofs_y = -2},
    {.bitmap_index = 98420, .adv_w = 378, .box_w = 22, .box_h = 22, .ofs_x = 0, .ofs_y = -2},
    {.bitmap_index = 98564, .adv_w = 378, .box_w = 22, .box_h = 22, .ofs_x = 1, .ofs_y = -3},
    {.bitmap_index = 98723, .adv_w = 378, .box_w = 22, .box_h = 22, .ofs_x = 1, .ofs_y = -2},
    {.bitmap_index = 98918, .adv_w = 378, .box_w = 23, .box_h = 22, .ofs_x = 0, .ofs_y = -2},
    {.bitmap_index = 99114, .adv_w = 378, .box_w = 22, .box_h = 22, .ofs_x = 1, .ofs_y = -2},
    {.bitmap_index = 99273, .adv_w = 378, .box_w = 23, .box_h = 23, .ofs_x = 0, .ofs_y = -3},
    {.bitmap_index = 99497, .adv_w = 378, .box_w = 23, .box_h = 22, .ofs_x = 0, .ofs_y = -2},
    {.bitmap_index = 99618, .adv_w = 378, .box_w = 23, .box_h = 22, .ofs_x = 0, .ofs_y = -2},
    {.bitmap_index = 99754, .adv_w = 378, .box_w = 23, .box_h = 23, .ofs_x = 0, .ofs_y = -3},
    {.bitmap_index = 99930, .adv_w = 378, .box_w = 23, .box_h = 23, .ofs_x = 0, .ofs_y = -3},
    {.bitmap_index = 100140, .adv_w = 378, .box_w = 23, .box_h = 23, .ofs_x = 0, .ofs_y = -3},
    {.bitmap_index = 100341, .adv_w = 378, .box_w = 23, .box_h = 23, .ofs_x = 0, .ofs_y = -3},
    {.bitmap_index = 100537, .adv_w = 378, .box_w = 22, .box_h = 22, .ofs_x = 1, .ofs_y = -3},
    {.bitmap_index = 100714, .adv_w = 378, .box_w = 23, .box_h = 22, .ofs_x = 0, .ofs_y = -3},
    {.bitmap_index = 100905, .adv_w = 378, .box_w = 22, .box_h = 22, .ofs_x = 1, .ofs_y = -3},
    {.bitmap_index = 101037, .adv_w = 378, .box_w = 23, .box_h = 22, .ofs_x = 0, .ofs_y = -3},
    {.bitmap_index = 101218, .adv_w = 378, .box_w = 22, .box_h = 23, .ofs_x = 1, .ofs_y = -3},
    {.bitmap_index = 101394, .adv_w = 378, .box_w = 23, .box_h = 23, .ofs_x = 0, .ofs_y = -3},
    {.bitmap_index = 101573, .adv_w = 378, .box_w = 22, .box_h = 23, .ofs_x = 1, .ofs_y = -3},
    {.bitmap_index = 101749, .adv_w = 378, .box_w = 21, .box_h = 23, .ofs_x = 1, .ofs_y = -3},
    {.bitmap_index = 101918, .adv_w = 378, .box_w = 20, .box_h = 23, .ofs_x = 1, .ofs_y = -3},
    {.bitmap_index = 102069, .adv_w = 378, .box_w = 23, .box_h = 23, .ofs_x = 0, .ofs_y = -3},
    {.bitmap_index = 102269, .adv_w = 378, .box_w = 22, .box_h = 22, .ofs_x = 1, .ofs_y = -2},
    {.bitmap_index = 102371, .adv_w = 378, .box_w = 23, .box_h = 22, .ofs_x = 0, .ofs_y = -2},
    {.bitmap_index = 102553, .adv_w = 378, .box_w = 23, .box_h = 22, .ofs_x = 0, .ofs_y = -2},
    {.bitmap_index = 102664, .adv_w = 378, .box_w = 23, .box_h = 23, .ofs_x = 0, .ofs_y = -3},
    {.bitmap_index = 102790, .adv_w = 378, .box_w = 23, .box_h = 23, .ofs_x = 0, .ofs_y = -3},
    {.bitmap_index = 102962, .adv_w = 378, .box_w = 22, .box_h = 22, .ofs_x = 1, .ofs_y = -2},
    {.bitmap_index = 103073, .adv_w = 378, .box_w = 22, .box_h = 23, .ofs_x = 1, .ofs_y = -3},
    {.bitmap_index = 103270, .adv_w = 378, .box_w = 22, .box_h = 21, .ofs_x = 1, .ofs_y = -2},
    {.bitmap_index = 103398, .adv_w = 378, .box_w = 22, .box_h = 22, .ofs_x = 1, .ofs_y = -2},
    {.bitmap_index = 103543, .adv_w = 378, .box_w = 23, .box_h = 22, .ofs_x = 0, .ofs_y = -3},
    {.bitmap_index = 103727, .adv_w = 378, .box_w = 23, .box_h = 21, .ofs_x = 0, .ofs_y = -2},
    {.bitmap_index = 103854, .adv_w = 378, .box_w = 22, .box_h = 22, .ofs_x = 1, .ofs_y = -3},
    {.bitmap_index = 104003, .adv_w = 378, .box_w = 23, .box_h = 22, .ofs_x = 0, .ofs_y = -2},
    {.bitmap_index = 104181, .adv_w = 378, .box_w = 22, .box_h = 21, .ofs_x = 1, .ofs_y = -2},
    {.bitmap_index = 104325, .adv_w = 378, .box_w = 21, .box_h = 23, .ofs_x = 1, .ofs_y = -3},
    {.bitmap_index = 104481, .adv_w = 378, .box_w = 22, .box_h = 23, .ofs_x = 1, .ofs_y = -3},
    {.bitmap_index = 104680, .adv_w = 378, .box_w = 22, .box_h = 21, .ofs_x = 1, .ofs_y = -2},
    {.bitmap_index = 104832, .adv_w = 378, .box_w = 23, .box_h = 22, .ofs_x = 0, .ofs_y = -3},
    {.bitmap_index = 104997, .adv_w = 378, .box_w = 22, .box_h = 23, .ofs_x = 1, .ofs_y = -3},
    {.bitmap_index = 105181, .adv_w = 378, .box_w = 22, .box_h = 22, .ofs_x = 1, .ofs_y = -2},
    {.bitmap_index = 105343, .adv_w = 378, .box_w = 22, .box_h = 23, .ofs_x = 1, .ofs_y = -3},
    {.bitmap_index = 105538, .adv_w = 378, .box_w = 22, .box_h = 22, .ofs_x = 0, .ofs_y = -3},
    {.bitmap_index = 105706, .adv_w = 378, .box_w = 23, .box_h = 23, .ofs_x = 1, .ofs_y = -3},
    {.bitmap_index = 105917, .adv_w = 378, .box_w = 22, .box_h = 22, .ofs_x = 1, .ofs_y = -2},
    {.bitmap_index = 106103, .adv_w = 378, .box_w = 22, .box_h = 23, .ofs_x = 1, .ofs_y = -3},
    {.bitmap_index = 106307, .adv_w = 378, .box_w = 21, .box_h = 21, .ofs_x = 1, .ofs_y = -3},
    {.bitmap_index = 106423, .adv_w = 378, .box_w = 21, .box_h = 23, .ofs_x = 1, .ofs_y = -3},
    {.bitmap_index = 106575, .adv_w = 378, .box_w = 22, .box_h = 23, .ofs_x = 1, .ofs_y = -3},
    {.bitmap_index = 106732, .adv_w = 378, .box_w = 23, .box_h = 23, .ofs_x = 0, .ofs_y = -3},
    {.bitmap_index = 106927, .adv_w = 378, .box_w = 23, .box_h = 23, .ofs_x = 0, .ofs_y = -3},
    {.bitmap_index = 107066, .adv_w = 378, .box_w = 21, .box_h = 23, .ofs_x = 1, .ofs_y = -3},
    {.bitmap_index = 107263, .adv_w = 378, .box_w = 23, .box_h = 23, .ofs_x = 0, .ofs_y = -3},
    {.bitmap_index = 107462, .adv_w = 378, .box_w = 23, .box_h = 23, .ofs_x = 0, .ofs_y = -3},
    {.bitmap_index = 107658, .adv_w = 378, .box_w = 23, .box_h = 24, .ofs_x = 0, .ofs_y = -4},
    {.bitmap_index = 107797, .adv_w = 378, .box_w = 23, .box_h = 22, .ofs_x = 0, .ofs_y = -3},
    {.bitmap_index = 107972, .adv_w = 378, .box_w = 23, .box_h = 23, .ofs_x = 0, .ofs_y = -3},
    {.bitmap_index = 108163, .adv_w = 378, .box_w = 23, .box_h = 22, .ofs_x = 0, .ofs_y = -3},
    {.bitmap_index = 108290, .adv_w = 378, .box_w = 23, .box_h = 23, .ofs_x = 0, .ofs_y = -3},
    {.bitmap_index = 108469, .adv_w = 378, .box_w = 23, .box_h = 23, .ofs_x = 0, .ofs_y = -3},
    {.bitmap_index = 108657, .adv_w = 378, .box_w = 23, .box_h = 22, .ofs_x = 0, .ofs_y = -2},
    {.bitmap_index = 108834, .adv_w = 378, .box_w = 23, .box_h = 22, .ofs_x = 0, .ofs_y = -3},
    {.bitmap_index = 109023, .adv_w = 378, .box_w = 24, .box_h = 21, .ofs_x = 0, .ofs_y = -2},
    {.bitmap_index = 109216, .adv_w = 378, .box_w = 23, .box_h = 23, .ofs_x = 0, .ofs_y = -3},
    {.bitmap_index = 109391, .adv_w = 378, .box_w = 23, .box_h = 23, .ofs_x = 0, .ofs_y = -3},
    {.bitmap_index = 109550, .adv_w = 378, .box_w = 23, .box_h = 22, .ofs_x = 0, .ofs_y = -2},
    {.bitmap_index = 109728, .adv_w = 378, .box_w = 22, .box_h = 23, .ofs_x = 1, .ofs_y = -3},
    {.bitmap_index = 109919, .adv_w = 378, .box_w = 24, .box_h = 23, .ofs_x = 0, .ofs_y = -3},
    {.bitmap_index = 110130, .adv_w = 378, .box_w = 23, .box_h = 22, .ofs_x = 0, .ofs_y = -2},
    {.bitmap_index = 110349, .adv_w = 378, .box_w = 23, .box_h = 22, .ofs_x = 0, .ofs_y = -3},
    {.bitmap_index = 110536, .adv_w = 378, .box_w = 23, .box_h = 23, .ofs_x = 0, .ofs_y = -3},
    {.bitmap_index = 110715, .adv_w = 378, .box_w = 23, .box_h = 22, .ofs_x = 0, .ofs_y = -3},
    {.bitmap_index = 110877, .adv_w = 378, .box_w = 23, .box_h = 22, .ofs_x = 0, .ofs_y = -3},
    {.bitmap_index = 111057, .adv_w = 378, .box_w = 23, .box_h = 22, .ofs_x = 0, .ofs_y = -3},
    {.bitmap_index = 111224, .adv_w = 378, .box_w = 23, .box_h = 22, .ofs_x = 0, .ofs_y = -3},
    {.bitmap_index = 111426, .adv_w = 378, .box_w = 23, .box_h = 23, .ofs_x = 0, .ofs_y = -3},
    {.bitmap_index = 111609, .adv_w = 378, .box_w = 23, .box_h = 23, .ofs_x = 0, .ofs_y = -3},
    {.bitmap_index = 111803, .adv_w = 378, .box_w = 23, .box_h = 23, .ofs_x = 0, .ofs_y = -3},
    {.bitmap_index = 111986, .adv_w = 378, .box_w = 23, .box_h = 22, .ofs_x = 0, .ofs_y = -3},
    {.bitmap_index = 112154, .adv_w = 378, .box_w = 23, .box_h = 23, .ofs_x = 0, .ofs_y = -3},
    {.bitmap_index = 112332, .adv_w = 378, .box_w = 23, .box_h = 22, .ofs_x = 0, .ofs_y = -3},
    {.bitmap_index = 112500, .adv_w = 378, .box_w = 23, .box_h = 23, .ofs_x = 0, .ofs_y = -3},
    {.bitmap_index = 112657, .adv_w = 378, .box_w = 23, .box_h = 22, .ofs_x = 0, .ofs_y = -3},
    {.bitmap_index = 112835, .adv_w = 378, .box_w = 23, .box_h = 23, .ofs_x = 0, .ofs_y = -3},
    {.bitmap_index = 113035, .adv_w = 378, .box_w = 23, .box_h = 23, .ofs_x = 0, .ofs_y = -3},
    {.bitmap_index = 113213, .adv_w = 378, .box_w = 23, .box_h = 23, .ofs_x = 0, .ofs_y = -3},
    {.bitmap_index = 113407, .adv_w = 378, .box_w = 24, .box_h = 22, .ofs_x = 0, .ofs_y = -3},
    {.bitmap_index = 113625, .adv_w = 378, .box_w = 24, .box_h = 22, .ofs_x = 0, .ofs_y = -3},
    {.bitmap_index = 113839, .adv_w = 378, .box_w = 23, .box_h = 23, .ofs_x = 0, .ofs_y = -3},
    {.bitmap_index = 114042, .adv_w = 378, .box_w = 23, .box_h = 22, .ofs_x = 0, .ofs_y = -3},
    {.bitmap_index = 114240, .adv_w = 378, .box_w = 24, .box_h = 22, .ofs_x = 0, .ofs_y = -3},
    {.bitmap_index = 114438, .adv_w = 378, .box_w = 22, .box_h = 23, .ofs_x = 1, .ofs_y = -3},
    {.bitmap_index = 114617, .adv_w = 378, .box_w = 23, .box_h = 23, .ofs_x = 0, .ofs_y = -3},
    {.bitmap_index = 114809, .adv_w = 378, .box_w = 23, .box_h = 23, .ofs_x = 0, .ofs_y = -3},
    {.bitmap_index = 115018, .adv_w = 378, .box_w = 23, .box_h = 23, .ofs_x = 0, .ofs_y = -3},
    {.bitmap_index = 115228, .adv_w = 378, .box_w = 22, .box_h = 21, .ofs_x = 1, .ofs_y = -2},
    {.bitmap_index = 115390, .adv_w = 378, .box_w = 22, .box_h = 22, .ofs_x = 1, .ofs_y = -2},
    {.bitmap_index = 115549, .adv_w = 378, .box_w = 22, .box_h = 22, .ofs_x = 0, .ofs_y = -2},
    {.bitmap_index = 115720, .adv_w = 378, .box_w = 22, .box_h = 21, .ofs_x = 1, .ofs_y = -3},
    {.bitmap_index = 115869, .adv_w = 378, .box_w = 23, .box_h = 21, .ofs_x = 0, .ofs_y = -2},
    {.bitmap_index = 116054, .adv_w = 378, .box_w = 23, .box_h = 21, .ofs_x = 0, .ofs_y = -2},
    {.bitmap_index = 116238, .adv_w = 378, .box_w = 23, .box_h = 22, .ofs_x = 0, .ofs_y = -3},
    {.bitmap_index = 116434, .adv_w = 378, .box_w = 22, .box_h = 21, .ofs_x = 1, .ofs_y = -2},
    {.bitmap_index = 116541, .adv_w = 378, .box_w = 22, .box_h = 21, .ofs_x = 1, .ofs_y = -2},
    {.bitmap_index = 116694, .adv_w = 378, .box_w = 22, .box_h = 21, .ofs_x = 1, .ofs_y = -2},
    {.bitmap_index = 116830, .adv_w = 378, .box_w = 23, .box_h = 22, .ofs_x = 0, .ofs_y = -2},
    {.bitmap_index = 116974, .adv_w = 378, .box_w = 22, .box_h = 22, .ofs_x = 0, .ofs_y = -2},
    {.bitmap_index = 117125, .adv_w = 378, .box_w = 22, .box_h = 23, .ofs_x = 0, .ofs_y = -3},
    {.bitmap_index = 117325, .adv_w = 378, .box_w = 23, .box_h = 22, .ofs_x = 0, .ofs_y = -2},
    {.bitmap_index = 117510, .adv_w = 378, .box_w = 23, .box_h = 23, .ofs_x = 0, .ofs_y = -3},
    {.bitmap_index = 117723, .adv_w = 378, .box_w = 22, .box_h = 23, .ofs_x = 0, .ofs_y = -3},
    {.bitmap_index = 117907, .adv_w = 378, .box_w = 23, .box_h = 23, .ofs_x = 0, .ofs_y = -3},
    {.bitmap_index = 118111, .adv_w = 378, .box_w = 23, .box_h = 22, .ofs_x = 0, .ofs_y = -2},
    {.bitmap_index = 118290, .adv_w = 378, .box_w = 23, .box_h = 22, .ofs_x = 0, .ofs_y = -2},
    {.bitmap_index = 118470, .adv_w = 378, .box_w = 23, .box_h = 23, .ofs_x = 0, .ofs_y = -3},
    {.bitmap_index = 118702, .adv_w = 378, .box_w = 22, .box_h = 22, .ofs_x = 1, .ofs_y = -3},
    {.bitmap_index = 118854, .adv_w = 378, .box_w = 20, .box_h = 23, .ofs_x = 2, .ofs_y = -3},
    {.bitmap_index = 118928, .adv_w = 378, .box_w = 20, .box_h = 23, .ofs_x = 2, .ofs_y = -3},
    {.bitmap_index = 119066, .adv_w = 378, .box_w = 20, .box_h = 23, .ofs_x = 2, .ofs_y = -3},
    {.bitmap_index = 119208, .adv_w = 378, .box_w = 20, .box_h = 23, .ofs_x = 2, .ofs_y = -3},
    {.bitmap_index = 119310, .adv_w = 378, .box_w = 19, .box_h = 23, .ofs_x = 2, .ofs_y = -3},
    {.bitmap_index = 119416, .adv_w = 378, .box_w = 19, .box_h = 23, .ofs_x = 2, .ofs_y = -3},
    {.bitmap_index = 119532, .adv_w = 378, .box_w = 19, .box_h = 22, .ofs_x = 2, .ofs_y = -3},
    {.bitmap_index = 119674, .adv_w = 378, .box_w = 19, .box_h = 23, .ofs_x = 2, .ofs_y = -3},
    {.bitmap_index = 119838, .adv_w = 378, .box_w = 21, .box_h = 23, .ofs_x = 2, .ofs_y = -3},
    {.bitmap_index = 120015, .adv_w = 378, .box_w = 21, .box_h = 21, .ofs_x = 2, .ofs_y = -2},
    {.bitmap_index = 120143, .adv_w = 378, .box_w = 21, .box_h = 23, .ofs_x = 2, .ofs_y = -3},
    {.bitmap_index = 120321, .adv_w = 378, .box_w = 21, .box_h = 22, .ofs_x = 2, .ofs_y = -3},
    {.bitmap_index = 120482, .adv_w = 378, .box_w = 21, .box_h = 21, .ofs_x = 2, .ofs_y = -2},
    {.bitmap_index = 120660, .adv_w = 378, .box_w = 21, .box_h = 22, .ofs_x = 2, .ofs_y = -2},
    {.bitmap_index = 120844, .adv_w = 378, .box_w = 21, .box_h = 23, .ofs_x = 2, .ofs_y = -3},
    {.bitmap_index = 121036, .adv_w = 378, .box_w = 21, .box_h = 23, .ofs_x = 2, .ofs_y = -3},
    {.bitmap_index = 121221, .adv_w = 378, .box_w = 23, .box_h = 22, .ofs_x = 0, .ofs_y = -2},
    {.bitmap_index = 121400, .adv_w = 378, .box_w = 23, .box_h = 22, .ofs_x = 0, .ofs_y = -3},
    {.bitmap_index = 121584, .adv_w = 378, .box_w = 21, .box_h = 22, .ofs_x = 1, .ofs_y = -3},
    {.bitmap_index = 121729, .adv_w = 378, .box_w = 23, .box_h = 21, .ofs_x = 0, .ofs_y = -2},
    {.bitmap_index = 121921, .adv_w = 378, .box_w = 23, .box_h = 22, .ofs_x = 0, .ofs_y = -2},
    {.bitmap_index = 122116, .adv_w = 378, .box_w = 22, .box_h = 22, .ofs_x = 1, .ofs_y = -2},
    {.bitmap_index = 122205, .adv_w = 378, .box_w = 22, .box_h = 22, .ofs_x = 1, .ofs_y = -2},
    {.bitmap_index = 122361, .adv_w = 378, .box_w = 21, .box_h = 21, .ofs_x = 1, .ofs_y = -2},
    {.bitmap_index = 122478, .adv_w = 378, .box_w = 22, .box_h = 22, .ofs_x = 1, .ofs_y = -2},
    {.bitmap_index = 122600, .adv_w = 378, .box_w = 21, .box_h = 22, .ofs_x = 1, .ofs_y = -3},
    {.bitmap_index = 122734, .adv_w = 378, .box_w = 22, .box_h = 22, .ofs_x = 1, .ofs_y = -3},
    {.bitmap_index = 122872, .adv_w = 378, .box_w = 23, .box_h = 21, .ofs_x = 0, .ofs_y = -3},
    {.bitmap_index = 123019, .adv_w = 378, .box_w = 23, .box_h = 22, .ofs_x = 0, .ofs_y = -3},
    {.bitmap_index = 123172, .adv_w = 378, .box_w = 23, .box_h = 22, .ofs_x = 0, .ofs_y = -3},
    {.bitmap_index = 123360, .adv_w = 378, .box_w = 22, .box_h = 22, .ofs_x = 1, .ofs_y = -3},
    {.bitmap_index = 123536, .adv_w = 378, .box_w = 23, .box_h = 23, .ofs_x = 0, .ofs_y = -3},
    {.bitmap_index = 123735, .adv_w = 378, .box_w = 23, .box_h = 22, .ofs_x = 0, .ofs_y = -3},
    {.bitmap_index = 123929, .adv_w = 378, .box_w = 23, .box_h = 23, .ofs_x = 0, .ofs_y = -3},
    {.bitmap_index = 124138, .adv_w = 378, .box_w = 23, .box_h = 22, .ofs_x = 0, .ofs_y = -2},
    {.bitmap_index = 124294, .adv_w = 378, .box_w = 23, .box_h = 23, .ofs_x = 0, .ofs_y = -3},
    {.bitmap_index = 124490, .adv_w = 378, .box_w = 22, .box_h = 23, .ofs_x = 1, .ofs_y = -3},
    {.bitmap_index = 124617, .adv_w = 378, .box_w = 23, .box_h = 23, .ofs_x = 0, .ofs_y = -3},
    {.bitmap_index = 124799, .adv_w = 378, .box_w = 23, .box_h = 22, .ofs_x = 0, .ofs_y = -3},
    {.bitmap_index = 125016, .adv_w = 378, .box_w = 20, .box_h = 22, .ofs_x = 2, .ofs_y = -3},
    {.bitmap_index = 125146, .adv_w = 378, .box_w = 22, .box_h = 23, .ofs_x = 1, .ofs_y = -3},
    {.bitmap_index = 125277, .adv_w = 378, .box_w = 22, .box_h = 22, .ofs_x = 1, .ofs_y = -3},
    {.bitmap_index = 125452, .adv_w = 378, .box_w = 24, .box_h = 23, .ofs_x = 0, .ofs_y = -3},
    {.bitmap_index = 125673, .adv_w = 378, .box_w = 23, .box_h = 23, .ofs_x = 0, .ofs_y = -3},
    {.bitmap_index = 125842, .adv_w = 378, .box_w = 4, .box_h = 18, .ofs_x = 4, .ofs_y = -1},
    {.bitmap_index = 125870, .adv_w = 378, .box_w = 18, .box_h = 18, .ofs_x = 3, .ofs_y = -1},
    {.bitmap_index = 126007, .adv_w = 378, .box_w = 7, .box_h = 22, .ofs_x = 13, .ofs_y = -2},
    {.bitmap_index = 126071, .adv_w = 378, .box_w = 6, .box_h = 22, .ofs_x = 4, .ofs_y = -2},
    {.bitmap_index = 126131, .adv_w = 378, .box_w = 5, .box_h = 8, .ofs_x = 3, .ofs_y = -4},
    {.bitmap_index = 126150, .adv_w = 378, .box_w = 4, .box_h = 15, .ofs_x = 4, .ofs_y = -1},
    {.bitmap_index = 126172, .adv_w = 378, .box_w = 6, .box_h = 18, .ofs_x = 3, .ofs_y = -4},
    {.bitmap_index = 126208, .adv_w = 378, .box_w = 10, .box_h = 18, .ofs_x = 2, .ofs_y = -1}
};

/*---------------------
 *  CHARACTER MAPPING
 *--------------------*/

static const uint16_t unicode_list_1[] = {
    0x0, 0x9, 0xa, 0x10, 0x30, 0x50, 0x1f6d, 0x1f7f,
    0x1f92, 0x1f93, 0x205c, 0x20ea, 0x20ec, 0x21ba, 0x24e6, 0x250b,
    0x2527, 0x2528, 0x2f5a, 0x2f5b, 0x2f63, 0x2f64, 0x2f65, 0x2f66,
    0x2f67, 0x2f68, 0x2f69, 0x2f6a, 0x4d59, 0x4d62, 0x4d63, 0x4d64,
    0x4d66, 0x4d67, 0x4d6c, 0x4d6d, 0x4d7b, 0x4d7d, 0x4d83, 0x4d86,
    0x4d8b, 0x4d93, 0x4d94, 0x4d97, 0x4d9e, 0x4da2, 0x4da4, 0x4da9,
    0x4db8, 0x4ddf, 0x4de4, 0x4de5, 0x4de7, 0x4dea, 0x4deb, 0x4dee,
    0x4dfd, 0x4e00, 0x4e04, 0x4e07, 0x4e13, 0x4e1e, 0x4e26, 0x4e27,
    0x4e3c, 0x4e3d, 0x4e3e, 0x4e4f, 0x4e54, 0x4e56, 0x4e71, 0x4e73,
    0x4e79, 0x4e89, 0x4e95, 0x4ea6, 0x4ea8, 0x4eac, 0x4eae, 0x4eb2,
    0x4eb5, 0x4ecc, 0x4ee4, 0x4ef4, 0x4ef6, 0x4f00, 0x4f36, 0x4f3a,
    0x4f95, 0x4fa0, 0x4fa8, 0x4fb3, 0x4fb5, 0x5001, 0x509a, 0x509c,
    0x509d, 0x509e, 0x50a1, 0x50a6, 0x50b5, 0x50be, 0x50c1, 0x50c6,
    0x50ca, 0x50cc, 0x50cf, 0x50d0, 0x50d5, 0x50de, 0x50e5, 0x50e6,
    0x50eb, 0x50f2, 0x510b, 0x510e, 0x5119, 0x5128, 0x5146, 0x5153,
    0x5154, 0x515f, 0x5160, 0x516b, 0x5170, 0x5172, 0x5173, 0x5174,
    0x5176, 0x5179, 0x517d, 0x5184, 0x5189, 0x518f, 0x5190, 0x5194,
    0x51a6, 0x51f7, 0x51f8, 0x51f9, 0x51fa, 0x5201, 0x5218, 0x523d,
    0x5258, 0x525e, 0x526f, 0x5292, 0x5293, 0x5298, 0x52a3, 0x52a8,
    0x52ae, 0x52b9, 0x52ba, 0x52cc, 0x52d1, 0x52df, 0x52e4, 0x52f8,
    0x5314, 0x531b, 0x5321, 0x5322, 0x5323, 0x5325, 0x5326, 0x532a,
    0x532f, 0x5330, 0x5331, 0x5339, 0x533c, 0x533f, 0x5343, 0x5346,
    0x5348, 0x5349, 0x534b, 0x534c, 0x5350, 0x535c, 0x535d, 0x5361,
    0x5365, 0x5366, 0x5367, 0x536a, 0x5370, 0x5377, 0x537f, 0x5384,
    0x5385, 0x5388, 0x5391, 0x53a3, 0x53c1, 0x53d5, 0x53d6, 0x53e5,
    0x5426, 0x547d, 0x5488, 0x54db, 0x54e0, 0x55c1, 0x55c3, 0x5634,
    0x5637, 0x5639, 0x5653, 0x5657, 0x565f, 0x5681, 0x5689, 0x5693,
    0x5699, 0x56a0, 0x56a8, 0x56b0, 0x56e4, 0x5738, 0x5753, 0x575f,
    0x57b7, 0x57c4, 0x57f7, 0x5801, 0x5849, 0x585d, 0x5860, 0x5866,
    0x586f, 0x5873, 0x5878, 0x5880, 0x5882, 0x5883, 0x588a, 0x588d,
    0x58b0, 0x58db, 0x5924, 0x5aa9, 0x5ab0, 0x5ab1, 0x5adc, 0x5ae2,
    0x5ae5, 0x5af3, 0x5af7, 0x5b0c, 0x5b12, 0x5b16, 0x5b52, 0x5b55,
    0x5b5a, 0x5b5d, 0x5b5f, 0x5b68, 0x5b73, 0x5b8a, 0x5b97, 0x5b99,
    0x5b9b, 0x5ba8, 0x5bae, 0x5bb7, 0x5bca, 0x5ca5, 0x5d3e, 0x5d3f,
    0x5d47, 0x5d4a, 0x5d4b, 0x5d5c, 0x5d7f, 0x5d80, 0x5d91, 0x5d9b,
    0x5d9e, 0x5dae, 0x5dcb, 0x5dcc, 0x5dcf, 0x5de8, 0x5ded, 0x5dee,
    0x5df8, 0x5dff, 0x5e4f, 0x5e53, 0x5e59, 0x5e5b, 0x5e5c, 0x5e68,
    0x5e6e, 0x5e78, 0x5e79, 0x5e92, 0x5e93, 0x5eab, 0x5eac, 0x5eae,
    0x5ebb, 0x5eca, 0x5ed2, 0x5ed9, 0x5edd, 0x5ede, 0x5ee4, 0x5ef0,
    0x5f07, 0x5f1c, 0x5f1e, 0x5f30, 0x5f31, 0x5f44, 0x5f5a, 0x5f80,
    0x5fbb, 0x5fc8, 0x6005, 0x601e, 0x6048, 0x6049, 0x604c, 0x6068,
    0x6078, 0x612b, 0x6169, 0x616a, 0x616f, 0x6183, 0x6190, 0x6199,
    0x61a4, 0x61a6, 0x61ac, 0x61c0, 0x61c2, 0x61c4, 0x61c5, 0x61c9,
    0x61d7, 0x61d8, 0x61e3, 0x61ea, 0x61fb, 0x61fd, 0x61fe, 0x6222,
    0x622f, 0x623e, 0x623f, 0x6250, 0x6256, 0x6258, 0x625a, 0x625b,
    0x6260, 0x6262, 0x627a, 0x62bb, 0x62c7, 0x62d0, 0x62e2, 0x62eb,
    0x62fe, 0x6300, 0x6301, 0x6328, 0x6329, 0x63b1, 0x63d1, 0x63ea,
    0x6406, 0x6426, 0x6488, 0x648f, 0x6492, 0x6497, 0x649e, 0x64a1,
    0x64b4, 0x64c9, 0x64cd, 0x64e0, 0x64f5, 0x64fe, 0x6506, 0x6509,
    0x6512, 0x6539, 0x653b, 0x653e, 0x653f, 0x6540, 0x654f, 0x6567,
    0x6579, 0x6588, 0x6597, 0x65c7, 0x65db, 0x65f0, 0x664d, 0x6658,
    0x6659, 0x6662, 0x6666, 0x6678, 0x6683, 0x6684, 0x6685, 0x6693,
    0x66b8, 0x66ba, 0x66be, 0x66d7, 0x66d8, 0x66dd, 0x66f3, 0x66f5,
    0x670f, 0x672c, 0x673e, 0x6760, 0x6761, 0x6768, 0x676a, 0x6790,
    0x6791, 0x6792, 0x6795, 0x679f, 0x67a1, 0x67bc, 0x67be, 0x6819,
    0x684e, 0x697a, 0x6983, 0x6a7a, 0x6a97, 0x6abb, 0x6abc, 0x6abd,
    0x6abe, 0x6ad4, 0x6b0e, 0x6b1a, 0x6b28, 0x6b91, 0x6b9b, 0x6be2,
    0x6bfa, 0x6c18, 0x6c2e, 0x6c3a, 0x6c41, 0x6c94, 0x6c97, 0x6c9a,
    0x6c9e, 0x6ca4, 0x6cc7, 0x6cdb, 0x6ce1, 0x6d4a, 0x6d50, 0x6d5e,
    0x6d69, 0x6d8b, 0x6d91, 0x6de9, 0x6e2a, 0x6e33, 0x6e3a, 0x6e68,
    0x6fa5, 0x6fc4, 0x6fc6, 0x6fc9, 0x7012, 0x7031, 0x7040, 0x7046,
    0x7072, 0x708f, 0x70c0, 0x70dd, 0x71a0, 0x71a1, 0x71a5, 0x71b2,
    0x720f, 0x7245, 0x7308, 0x7309, 0x7319, 0x735f, 0x737e, 0x7478,
    0x7481, 0x748a, 0x748e, 0x7494, 0x74a5, 0x74b2, 0x74be, 0x75d4,
    0x75d6, 0x75dd, 0x762a, 0x762f, 0x7647, 0x764d, 0x7651, 0x765a,
    0x7664, 0x7678, 0x7699, 0x7705, 0x773e, 0x7746, 0x775a, 0x778d,
    0x77c5, 0x77c7, 0x77e6, 0x7893, 0x7926, 0x792b, 0x7949, 0x7954,
    0x7964, 0x798c, 0x79d3, 0x79da, 0x7a24, 0x7a2f, 0x7a37, 0x7a48,
    0x7a85, 0x7aa2, 0x7aaf, 0x7ad7, 0x7ad9, 0x7af0, 0x7afa, 0x7b0a,
    0x7bd4, 0x7beb, 0x7bf0, 0x7c17, 0x7c79, 0x7c80, 0x7df9, 0x7dfb,
    0x7dff, 0x7e00, 0x7e08, 0x7e0e, 0x7e18, 0x7e1d, 0x7e1f, 0x7e28,
    0x7e2c, 0x7e31, 0x7e32, 0x7e35, 0x7e38, 0x7e40, 0x7e46, 0x7e58,
    0x7e6c, 0x7e6f, 0x7e71, 0x7e82, 0x7e93, 0x7eaa, 0x7ec2, 0x7ec7,
    0x7f54, 0x7f5c, 0x7f5e, 0x7f65, 0x7f70, 0x7f7f, 0x7f9f, 0x7fad,
    0x8056, 0x8073, 0x811b, 0x8143, 0x814c, 0x814d, 0x8183, 0x81cb,
    0x81db, 0x823e, 0x824a, 0x8335, 0x8396, 0x8436, 0x8528, 0x87a5,
    0x87be, 0x87c1, 0x8804, 0x881e, 0x8851, 0x88da, 0x88df, 0x891a,
    0x891b, 0x891d, 0x891f, 0x8921, 0x8922, 0x892b, 0x893f, 0x8959,
    0x8abf, 0x8afa, 0x8afb, 0x8afd, 0x8b02, 0x8b07, 0x8b09, 0x8b11,
    0x8b17, 0x8b1a, 0x8b1f, 0x8b2e, 0x8b36, 0x8b3b, 0x8b3e, 0x8b46,
    0x8b48, 0x8b4d, 0x8b50, 0x8b54, 0x8b5c, 0x8b61, 0x8b9a, 0x8bba,
    0x8c76, 0x8c78, 0x8c7c, 0x8c7e, 0x8c8d, 0x8c92, 0x8c9d, 0x8caf,
    0x8cc9, 0x8cd0, 0x8cde, 0x8d0c, 0x8d2a, 0x8d41, 0x8d48, 0x8d4c,
    0x8d82, 0x8d83, 0x8e04, 0x8ec1, 0x8ec5, 0x8ec7, 0x8ed6, 0x8f12,
    0x8f17, 0x8f20, 0x8f29, 0x8f2a, 0x8f2d, 0x8f31, 0x8f32, 0x8f34,
    0x8f35, 0x8f37, 0x8f38, 0x8f56, 0x8f59, 0x8f5a, 0x8f5f, 0x8f62,
    0x8f68, 0x8f69, 0x8f6b, 0x8f6d, 0x8f73, 0x8fac, 0x8fb0, 0x8fc7,
    0x8fd8, 0x8ffc, 0x9041, 0x9056, 0x90a6, 0x90eb, 0x9120, 0x9123,
    0x9125, 0x9126, 0x9128, 0x93e1, 0x93f8, 0x9402, 0x9407, 0x9457,
    0x9459, 0x945a, 0x9472, 0x9473, 0x9487, 0x94d8, 0x9541, 0x9543,
    0x9546, 0x9547, 0x954d, 0x9551, 0x955e, 0x9561, 0x958b, 0x9594,
    0x95a6, 0x95a9, 0x95bd, 0x95c2, 0x95e8, 0x95e9, 0x961f, 0x964f,
    0x9659, 0x968b, 0x96b2, 0x96b7, 0x96b9, 0x96bb, 0x974c, 0x97ce,
    0x97cf, 0x97d2, 0x97d3, 0x97d4, 0x97dd, 0x97ea, 0x97f1, 0x97f5,
    0x98c9, 0x98e1, 0x98ef, 0x99d4, 0x99e5, 0x9a01, 0x9a31, 0x9e2a,
    0x9e31, 0x9ea9, 0xfe5a, 0xfe5e, 0xfe61, 0xfe62, 0xfe65, 0xfe73,
    0xfe74, 0xfe78
};

/*Collect the unicode lists and glyph_id offsets*/
static const lv_font_fmt_txt_cmap_t cmaps[] =
{
    {
        .range_start = 32, .range_length = 95, .glyph_id_start = 1,
        .unicode_list = NULL, .glyph_id_ofs_list = NULL, .list_length = 0, .type = LV_FONT_FMT_TXT_CMAP_FORMAT0_TINY
    },
    {
        .range_start = 167, .range_length = 65145, .glyph_id_start = 96,
        .unicode_list = unicode_list_1, .glyph_id_ofs_list = NULL, .list_length = 770, .type = LV_FONT_FMT_TXT_CMAP_SPARSE_TINY
    }
};

/*-----------------
 *    KERNING
 *----------------*/


/*Pair left and right glyphs for kerning*/
static const uint16_t kern_pair_glyph_ids[] =
{
    3, 3,
    3, 8,
    3, 13,
    3, 15,
    3, 103,
    8, 3,
    8, 8,
    8, 13,
    8, 15,
    8, 103,
    9, 75,
    13, 3,
    13, 8,
    13, 18,
    13, 24,
    13, 26,
    15, 3,
    15, 8,
    15, 18,
    15, 24,
    15, 26,
    16, 16,
    18, 13,
    18, 15,
    18, 27,
    18, 28,
    18, 103,
    24, 13,
    24, 15,
    24, 27,
    24, 28,
    24, 103,
    27, 18,
    27, 24,
    28, 18,
    28, 24,
    34, 3,
    34, 8,
    34, 36,
    34, 40,
    34, 48,
    34, 50,
    34, 53,
    34, 54,
    34, 55,
    34, 56,
    34, 58,
    34, 71,
    34, 77,
    34, 85,
    34, 87,
    34, 90,
    35, 36,
    35, 40,
    35, 48,
    35, 50,
    35, 53,
    35, 55,
    35, 57,
    35, 58,
    37, 13,
    37, 15,
    37, 34,
    37, 53,
    37, 55,
    37, 56,
    37, 57,
    37, 58,
    37, 59,
    37, 66,
    37, 103,
    38, 75,
    39, 13,
    39, 15,
    39, 34,
    39, 66,
    39, 73,
    39, 76,
    39, 103,
    39, 104,
    39, 105,
    40, 55,
    40, 58,
    43, 43,
    44, 34,
    44, 36,
    44, 40,
    44, 48,
    44, 50,
    44, 53,
    44, 54,
    44, 55,
    44, 56,
    44, 58,
    44, 68,
    44, 69,
    44, 70,
    44, 72,
    44, 77,
    44, 80,
    44, 82,
    44, 84,
    44, 85,
    44, 86,
    44, 87,
    44, 88,
    44, 90,
    45, 3,
    45, 8,
    45, 34,
    45, 36,
    45, 40,
    45, 48,
    45, 50,
    45, 53,
    45, 54,
    45, 55,
    45, 56,
    45, 58,
    45, 87,
    45, 88,
    45, 90,
    45, 99,
    48, 13,
    48, 15,
    48, 34,
    48, 53,
    48, 55,
    48, 56,
    48, 57,
    48, 58,
    48, 59,
    48, 66,
    48, 103,
    49, 13,
    49, 15,
    49, 34,
    49, 53,
    49, 55,
    49, 56,
    49, 57,
    49, 58,
    49, 59,
    49, 66,
    49, 103,
    50, 13,
    50, 15,
    50, 34,
    50, 43,
    50, 53,
    50, 55,
    50, 56,
    50, 57,
    50, 58,
    50, 59,
    50, 66,
    50, 103,
    51, 36,
    51, 40,
    51, 48,
    51, 50,
    51, 53,
    51, 54,
    51, 55,
    51, 56,
    51, 57,
    51, 58,
    51, 68,
    51, 69,
    51, 70,
    51, 72,
    51, 80,
    51, 82,
    51, 85,
    51, 86,
    51, 87,
    51, 89,
    51, 90,
    52, 13,
    52, 15,
    52, 52,
    52, 53,
    52, 55,
    52, 56,
    52, 58,
    52, 85,
    52, 87,
    52, 88,
    52, 89,
    52, 90,
    52, 103,
    53, 3,
    53, 8,
    53, 13,
    53, 15,
    53, 34,
    53, 36,
    53, 40,
    53, 48,
    53, 50,
    53, 52,
    53, 66,
    53, 68,
    53, 69,
    53, 70,
    53, 72,
    53, 74,
    53, 75,
    53, 78,
    53, 79,
    53, 80,
    53, 81,
    53, 82,
    53, 83,
    53, 84,
    53, 85,
    53, 86,
    53, 87,
    53, 88,
    53, 89,
    53, 90,
    53, 91,
    53, 103,
    53, 104,
    53, 105,
    54, 34,
    54, 57,
    54, 89,
    55, 13,
    55, 15,
    55, 27,
    55, 28,
    55, 34,
    55, 36,
    55, 40,
    55, 48,
    55, 50,
    55, 52,
    55, 66,
    55, 68,
    55, 69,
    55, 70,
    55, 72,
    55, 73,
    55, 76,
    55, 80,
    55, 82,
    55, 84,
    55, 87,
    55, 90,
    55, 103,
    55, 104,
    55, 105,
    56, 13,
    56, 15,
    56, 27,
    56, 28,
    56, 34,
    56, 36,
    56, 40,
    56, 48,
    56, 50,
    56, 66,
    56, 68,
    56, 69,
    56, 70,
    56, 72,
    56, 80,
    56, 82,
    56, 84,
    56, 103,
    56, 104,
    56, 105,
    57, 34,
    57, 36,
    57, 40,
    57, 48,
    57, 50,
    57, 53,
    57, 54,
    57, 55,
    57, 56,
    57, 58,
    57, 68,
    57, 69,
    57, 70,
    57, 72,
    57, 77,
    57, 80,
    57, 82,
    57, 84,
    57, 85,
    57, 86,
    57, 87,
    57, 88,
    57, 90,
    58, 3,
    58, 8,
    58, 13,
    58, 15,
    58, 27,
    58, 28,
    58, 34,
    58, 36,
    58, 40,
    58, 48,
    58, 50,
    58, 52,
    58, 66,
    58, 68,
    58, 69,
    58, 70,
    58, 71,
    58, 72,
    58, 73,
    58, 74,
    58, 76,
    58, 78,
    58, 79,
    58, 80,
    58, 81,
    58, 82,
    58, 83,
    58, 84,
    58, 85,
    58, 86,
    58, 87,
    58, 89,
    58, 90,
    58, 91,
    58, 103,
    58, 104,
    58, 105,
    59, 36,
    59, 40,
    59, 48,
    59, 50,
    60, 75,
    66, 53,
    66, 55,
    66, 58,
    66, 87,
    66, 88,
    66, 90,
    67, 13,
    67, 15,
    67, 53,
    67, 55,
    67, 56,
    67, 57,
    67, 58,
    67, 87,
    67, 89,
    67, 90,
    67, 103,
    70, 13,
    70, 15,
    70, 53,
    70, 58,
    70, 75,
    70, 103,
    71, 3,
    71, 8,
    71, 10,
    71, 11,
    71, 13,
    71, 15,
    71, 32,
    71, 53,
    71, 55,
    71, 56,
    71, 57,
    71, 58,
    71, 62,
    71, 66,
    71, 68,
    71, 69,
    71, 70,
    71, 71,
    71, 72,
    71, 73,
    71, 74,
    71, 75,
    71, 76,
    71, 77,
    71, 80,
    71, 82,
    71, 84,
    71, 85,
    71, 94,
    71, 103,
    73, 53,
    73, 58,
    73, 87,
    73, 90,
    74, 3,
    74, 8,
    74, 10,
    74, 32,
    74, 53,
    74, 62,
    74, 94,
    75, 53,
    76, 53,
    76, 54,
    76, 56,
    76, 66,
    76, 68,
    76, 69,
    76, 70,
    76, 72,
    76, 77,
    76, 80,
    76, 82,
    76, 86,
    77, 71,
    77, 87,
    77, 88,
    77, 90,
    77, 99,
    78, 53,
    78, 58,
    78, 87,
    78, 90,
    79, 53,
    79, 58,
    79, 87,
    79, 90,
    80, 13,
    80, 15,
    80, 53,
    80, 55,
    80, 56,
    80, 57,
    80, 58,
    80, 87,
    80, 89,
    80, 90,
    80, 103,
    81, 13,
    81, 15,
    81, 53,
    81, 55,
    81, 56,
    81, 57,
    81, 58,
    81, 87,
    81, 89,
    81, 90,
    81, 103,
    82, 53,
    82, 58,
    82, 75,
    83, 3,
    83, 8,
    83, 13,
    83, 15,
    83, 66,
    83, 68,
    83, 69,
    83, 70,
    83, 71,
    83, 80,
    83, 82,
    83, 85,
    83, 103,
    83, 104,
    84, 53,
    84, 55,
    84, 56,
    84, 57,
    84, 58,
    84, 87,
    84, 89,
    84, 90,
    85, 71,
    86, 53,
    86, 58,
    87, 13,
    87, 15,
    87, 53,
    87, 57,
    87, 66,
    87, 68,
    87, 69,
    87, 70,
    87, 80,
    87, 82,
    87, 103,
    88, 13,
    88, 15,
    88, 53,
    88, 57,
    88, 66,
    88, 103,
    89, 53,
    89, 54,
    89, 56,
    89, 66,
    89, 68,
    89, 69,
    89, 70,
    89, 72,
    89, 77,
    89, 80,
    89, 82,
    89, 86,
    90, 13,
    90, 15,
    90, 53,
    90, 57,
    90, 66,
    90, 68,
    90, 69,
    90, 70,
    90, 80,
    90, 82,
    90, 103,
    91, 53,
    92, 73,
    92, 75,
    92, 76,
    99, 35,
    99, 37,
    99, 38,
    99, 39,
    99, 41,
    99, 42,
    99, 44,
    99, 45,
    99, 46,
    99, 47,
    99, 49,
    99, 51,
    99, 77,
    103, 3,
    103, 8,
    103, 18,
    103, 24,
    103, 26,
    104, 43,
    104, 53,
    104, 58,
    105, 53,
    105, 55,
    105, 58
};

/* Kerning between the respective left and right glyphs
 * 4.4 format which needs to scaled with `kern_scale`*/
static const int8_t kern_pair_values[] =
{
    -22, -22, -69, -69, -69, -22, -22, -69,
    -69, -69, 23, -61, -61, -54, -16, -15,
    -61, -61, -54, -16, -15, -46, -38, -38,
    -38, -38, -38, -61, -61, -38, -38, -61,
    -30, -23, -30, -23, -38, -38, -8, -8,
    -8, -8, -31, -4, -27, -15, -31, -8,
    -4, -8, -8, -8, -4, -4, -4, -4,
    -15, -8, -8, -8, -23, -23, -8, -14,
    -12, -7, -8, -15, -8, -15, -23, 7,
    -61, -61, -15, -23, 0, 0, -61, -8,
    -1, -4, -8, 3, -7, -8, -8, -8,
    -8, -7, -15, -15, -15, -15, -15, -15,
    -15, -15, -15, -15, -15, -7, -4, -15,
    -23, -15, -23, -38, -38, 8, -23, -23,
    -23, -23, -30, -7, -30, -15, -38, -16,
    -8, -16, -99, -23, -23, -8, -14, -12,
    -7, -8, -15, -8, -15, -23, -76, -76,
    -23, -11, -4, -4, -19, -8, -15, -23,
    -76, -23, -23, -8, 3, -14, -12, -7,
    -8, -15, -8, -15, -23, -6, -6, -6,
    -6, -15, -4, -8, -4, -11, -16, -8,
    -8, -8, -8, -8, -8, -8, -4, -4,
    8, -4, -8, -8, 0, 0, -8, -4,
    -8, 0, -8, -4, 0, -8, -8, 1,
    1, -59, -59, -31, -8, -8, -8, -8,
    0, -31, -23, -23, -23, -23, -8, -7,
    -23, -23, -23, -22, -23, -23, -23, 8,
    -30, -15, -7, -15, -15, -23, -59, -30,
    -23, -4, -7, 0, -54, -54, -16, -16,
    -27, -12, -12, -12, -12, -4, -16, -8,
    -8, -8, -8, 0, 0, -8, -8, -8,
    0, 0, -54, -23, -15, -30, -30, -15,
    -15, -15, -7, -7, -7, -7, -15, -8,
    -8, -8, -8, -8, -8, -8, -30, -8,
    -8, -7, -8, -8, -8, -8, -7, -15,
    -15, -15, -15, -15, -15, -15, -15, -15,
    -15, -15, -7, -4, -15, -23, -15, -23,
    0, 0, -54, -54, -23, -23, -31, -15,
    -15, -15, -15, 0, -39, -23, -23, -23,
    0, -23, 0, -7, 0, -16, -16, -23,
    -15, -23, -16, -23, 0, -15, -15, -16,
    -15, -16, -54, -31, -31, -8, -8, -8,
    -8, 31, -23, -8, -23, -4, -4, -4,
    -15, -15, -23, -8, -8, -15, -23, -4,
    -8, -4, -15, -8, -8, -23, -15, 8,
    -8, 1, 1, 0, 23, 0, 0, 15,
    15, 8, 8, 8, 0, 8, -11, -7,
    -7, -7, 0, -15, -7, -7, -7, -7,
    -7, -7, -7, -7, 0, 1, 0, -22,
    -15, -4, -4, 1, 1, 1, 1, -8,
    16, 8, -8, -15, 0, -8, -8, -8,
    -8, -8, -8, -8, -8, -8, -4, -8,
    -7, -4, -7, -53, -22, -15, -4, -4,
    -22, -15, -4, -4, -15, -15, -23, -8,
    -8, -15, -23, -4, -8, -4, -15, -15,
    -15, -23, -8, -8, -15, -23, -4, -8,
    -4, -15, -7, -7, 8, 1, 1, -35,
    -35, -19, -7, -7, -7, 0, -7, -7,
    8, -35, -15, -23, -8, -8, -7, -23,
    -7, -4, -7, 0, -15, -7, -35, -35,
    -15, -15, -13, -4, -4, -4, -4, -4,
    -35, -19, -19, -7, -15, -12, -19, -15,
    0, -8, -8, -8, -8, -8, -8, -8,
    -8, -8, -4, -35, -35, -15, -15, -13,
    -4, -4, -4, -4, -4, -35, -23, 1,
    30, 1, -15, -15, -15, -15, -15, -15,
    -15, -15, -15, -15, -15, -15, -38, -61,
    -61, -54, -16, -15, 0, -1, -1, -31,
    -16, -31
};

/*Collect the kern pair's data in one place*/
static const lv_font_fmt_txt_kern_pair_t kern_pairs =
{
    .glyph_ids = kern_pair_glyph_ids,
    .values = kern_pair_values,
    .pair_cnt = 546,
    .glyph_ids_size = 1
};

/*--------------------
 *  ALL CUSTOM DATA
 *--------------------*/

#if LVGL_VERSION_MAJOR == 8
/*Store all the custom data of the font*/
static  lv_font_fmt_txt_glyph_cache_t cache;
#endif

#if LVGL_VERSION_MAJOR >= 8
static const lv_font_fmt_txt_dsc_t font_dsc = {
#else
static lv_font_fmt_txt_dsc_t font_dsc = {
#endif
    .glyph_bitmap = glyph_bitmap,
    .glyph_dsc = glyph_dsc,
    .cmaps = cmaps,
    .kern_dsc = &kern_pairs,
    .kern_scale = 16,
    .cmap_num = 2,
    .bpp = 4,
    .kern_classes = 0,
    .bitmap_format = 1,
#if LVGL_VERSION_MAJOR == 8
    .cache = &cache
#endif
};



/*-----------------
 *  PUBLIC FONT
 *----------------*/

/*Initialize a public general font descriptor*/
#if LVGL_VERSION_MAJOR >= 8
const lv_font_t font_puhui_24_4 = {
#else
lv_font_t font_puhui_24_4 = {
#endif
    .get_glyph_dsc = lv_font_get_glyph_dsc_fmt_txt,    /*Function pointer to get glyph's data*/
    .get_glyph_bitmap = lv_font_get_bitmap_fmt_txt,    /*Function pointer to get glyph's bitmap*/
    .line_height = 26,          /*The maximum line height required by the font*/
    .base_line = 5,             /*Baseline measured from the bottom of the line*/
#if !(LVGL_VERSION_MAJOR == 6 && LVGL_VERSION_MINOR == 0)
    .subpx = LV_FONT_SUBPX_NONE,
#endif
#if LV_VERSION_CHECK(7, 4, 0) || LVGL_VERSION_MAJOR >= 8
    .underline_position = -2,
    .underline_thickness = 1,
#endif
    .dsc = &font_dsc,          /*The custom font data. Will be accessed by `get_glyph_bitmap/dsc` */
#if LV_VERSION_CHECK(8, 2, 0) || LVGL_VERSION_MAJOR >= 9
    .fallback = NULL,
#endif
    .user_data = NULL,
};



#endif /*#if FONT_PUHUI_24_4*/

