/*******************************************************************************
 * Size: 16 px
 * Bpp: 4
 * Opts: --font /Users/dev/Code/esp32/MetalioClaw6/main/display/font/lucide/lucide.ttf --format lvgl --lv-include lvgl.h --bpp 4 --size 16 -r 0xe038,0xe03f,0xe042,0xe048,0xe049,0xe04a,0xe04e,0xe051,0xe052,0xe053,0xe054,0xe055,0xe056,0xe057,0xe059,0xe05c,0xe05f,0xe060,0xe063,0xe064,0xe06b,0xe06c,0xe06d,0xe06e,0xe06f,0xe070,0xe076,0xe077,0xe07e,0xe081,0xe084,0xe085,0xe087,0xe088,0xe08a,0xe08c,0xe08e,0xe090,0xe093,0xe096,0xe09b,0xe09e,0xe0a9,0xe0aa,0xe0ad,0xe0b1,0xe0b2,0xe0b4,0xe0b5,0xe0b9,0xe0ba,0xe0c0,0xe0cc,0xe0d0,0xe0d1,0xe0d2,0xe0d7,0xe0dc,0xe0df,0xe0e1,0xe0e8,0xe0ec,0xe0ed,0xe0ef,0xe0f0,0xe0f1,0xe0f2,0xe0f5,0xe0f6,0xe0f9,0xe0fd,0xe0fe,0xe0ff,0xe102,0xe106,0xe10b,0xe10f,0xe110,0xe111,0xe115,0xe116,0xe118,0xe119,0xe11c,0xe11d,0xe11e,0xe122,0xe123,0xe129,0xe12d,0xe12e,0xe132,0xe133,0xe13c,0xe13d,0xe140,0xe142,0xe145,0xe146,0xe14d,0xe14e,0xe151,0xe152,0xe153,0xe154,0xe156,0xe158,0xe15e,0xe15f,0xe160,0xe163,0xe165,0xe167,0xe176,0xe178,0xe179,0xe17a,0xe17d,0xe17f,0xe181,0xe186,0xe18e,0xe190,0xe191,0xe193,0xe194,0xe195,0xe199,0xe19e,0xe19f,0xe1a4,0xe1aa,0xe1ab,0xe1ac,0xe1ae,0xe1b0,0xe1b1,0xe1b2,0xe1b4,0xe1bb,0xe1bc,0xe1bf,0xe1c2,0xe1d2,0xe1d5,0xe1d6,0xe1de,0xe1df,0xe1e0,0xe1e7,0xe1f9,0xe204,0xe20c,0xe214,0xe216,0xe217,0xe218,0xe226,0xe241,0xe242,0xe247,0xe259,0xe25f,0xe286,0xe296,0xe29a,0xe2a3,0xe2a5,0xe2b2,0xe2de,0xe2e0,0xe2f6,0xe354,0xe356,0xe36a,0xe36f,0xe373,0xe37f,0xe3c6,0xe410,0xe412,0xe45c,0xe461,0xe4c2,0xe506,0xe529 -o /Users/dev/Code/esp32/MetalioClaw6/main/display/font/font_pi_icons_16.c
 ******************************************************************************/

#ifdef LV_LVGL_H_INCLUDE_SIMPLE
#include "lvgl.h"
#else
#include "lvgl.h"
#endif

#ifndef FONT_PI_ICONS_16
#define FONT_PI_ICONS_16 1
#endif

#if FONT_PI_ICONS_16

/*-----------------
 *    BITMAPS
 *----------------*/

/*Store the image of the glyphs*/
static LV_ATTRIBUTE_LARGE_CONST const uint8_t glyph_bitmap[] = {
    /* U+E038 "" */
    0x0, 0xff, 0xe4, 0xe6, 0x0, 0x3f, 0xf8, 0x22,
    0x66, 0x10, 0xf, 0xfe, 0x3, 0x80, 0x10, 0x3,
    0xff, 0x81, 0x88, 0x8f, 0x0, 0xff, 0xe0, 0x26,
    0x61, 0x0, 0x3f, 0xe3, 0x15, 0x50, 0x98, 0x7,
    0xe7, 0x77, 0x91, 0x42, 0x80, 0x12, 0xbb, 0x80,
    0xaa, 0x81, 0xc0, 0x7, 0xb0, 0x5, 0x56, 0x32,
    0xdd, 0x61, 0x80, 0x30, 0xc0, 0x56, 0xb7, 0x46,
    0x1, 0xf2, 0x2, 0xa0, 0x20, 0x7, 0xf8, 0x4f,
    0x30, 0x62, 0x1, 0xff, 0x5b, 0xba, 0xc0, 0x3f,
    0xf8, 0x8, 0x22, 0x40, 0xf, 0xfe, 0x1, 0x88,
    0x8c, 0x3, 0xff, 0x83, 0x54, 0x0, 0xe0,

    /* U+E03F "" */
    0x0, 0xf2, 0x10, 0x7, 0xfd, 0x97, 0xac, 0x1,
    0xfc, 0x47, 0x6b, 0xa0, 0x1f, 0xc4, 0x4a, 0x5d,
    0x0, 0xff, 0x60, 0x3b, 0x0, 0x7f, 0x84, 0xf8,
    0x3, 0xfc, 0xb0, 0x5b, 0x4, 0x1, 0xaa, 0x4,
    0x31, 0x1, 0x50, 0x41, 0x2d, 0x1d, 0xd6, 0x13,
    0x85, 0x18, 0x63, 0x68, 0x4e, 0x74, 0x1, 0xf0,
    0xe0, 0x2f, 0x19, 0x80, 0x3f, 0x49, 0x99, 0x11,
    0xc2, 0x1, 0xe6, 0x58, 0x0, 0x50, 0x7b, 0x0,
    0x45, 0x53, 0x8, 0x0, 0x1d, 0x79, 0xf2, 0x9d,
    0x7b, 0x70, 0xe, 0x9f, 0xa1, 0x6c, 0xd4, 0x0,
    0xfc, 0xbf, 0x26, 0x1, 0xc0,

    /* U+E042 "" */
    0x0, 0xf1, 0x0, 0x7f, 0x9b, 0xc0, 0x3f, 0xfb,
    0xd0, 0x20, 0x1, 0x0, 0xce, 0x60, 0x98, 0x20,
    0x1d, 0x10, 0x70, 0xd1, 0xc1, 0x0, 0xa1, 0xe9,
    0x0, 0x74, 0x73, 0x8e, 0x1e, 0x94, 0x2, 0x1d,
    0x16, 0x17, 0xa5, 0x0, 0xe1, 0xd3, 0xa, 0x50,
    0xf, 0x87, 0x30, 0xa0, 0x18,

    /* U+E048 "" */
    0x0, 0xff, 0xe2, 0xe, 0x40, 0x7, 0xe1, 0xc1,
    0x90, 0xf, 0x87, 0x3, 0x4, 0x3, 0xc3, 0x81,
    0x82, 0x1, 0xe1, 0xc2, 0x47, 0x66, 0xf0, 0x11,
    0x1, 0xe2, 0x2b, 0xbc, 0x66, 0xa0, 0x6e, 0xeb,
    0x77, 0x18, 0x2d, 0x3c, 0x0, 0x7f, 0x2d, 0x3c,
    0x0, 0x7f, 0x2d, 0x3b, 0x80, 0x3f, 0x96, 0xd0,
    0x3, 0x80,

    /* U+E049 "" */
    0x0, 0xe4, 0x40, 0x7, 0xf8, 0xed, 0x40, 0x3f,
    0x9d, 0xd4, 0xa0, 0x1f, 0xd0, 0xf4, 0xa0, 0x1f,
    0xd0, 0xf4, 0xa0, 0x5b, 0xbf, 0x30, 0x51, 0x9a,
    0xef, 0x55, 0x4e, 0x6, 0x61, 0x66, 0xce, 0xe6,
    0x43, 0xd0, 0xf, 0x87, 0x7, 0x44, 0x3, 0xc3,
    0x83, 0xa2, 0x1, 0xf4, 0xe, 0x88, 0x7, 0xe9,
    0xc1, 0x0, 0xc0,

    /* U+E04A "" */
    0x0, 0xe3, 0x0, 0xff, 0x2e, 0x60, 0x40, 0x3e,
    0x5a, 0x3, 0xd1, 0x0, 0xe5, 0xa7, 0x16, 0x1d,
    0x10, 0x9, 0x69, 0xe0, 0x3f, 0x7, 0x44, 0x12,
    0x9e, 0x0, 0x21, 0xc1, 0xd0, 0x78, 0x80, 0x7,
    0xe, 0x28, 0x1b, 0x80, 0x46, 0x1, 0xc, 0x80,
    0x7f, 0xf7, 0xb9, 0xc0, 0x38,

    /* U+E04E "" */
    0x0, 0xf0, 0xa2, 0xc, 0x3, 0xfc, 0xb9, 0xd7,
    0x6c, 0xe7, 0x0, 0xfa, 0xe9, 0x73, 0xfd, 0xb3,
    0x2c, 0x10, 0xd, 0x6b, 0x92, 0x60, 0x2, 0x7f,
    0xd, 0x0, 0x99, 0x34, 0xc0, 0x59, 0xcd, 0xf,
    0x49, 0xc0, 0x16, 0xc6, 0x7, 0xf3, 0x19, 0x74,
    0x33, 0x20, 0x22, 0x50, 0x3, 0xd7, 0xb5, 0x0,
    0x25, 0x12, 0x60, 0x30, 0x13, 0xa1, 0x2a, 0x1,
    0x2, 0x6, 0x0, 0xc2, 0x1, 0xfe, 0x16, 0x4,
    0x0, 0x35, 0x8, 0xa8, 0x1d, 0x20, 0x10, 0x8f,
    0x80, 0x12, 0x5d, 0xc6, 0xb5, 0xb7, 0xa1, 0x9,
    0x54, 0x0, 0x4f, 0x73, 0x52, 0xfb, 0xd4, 0x0,
    0xad, 0x6a, 0x0, 0x11, 0x0, 0x10, 0x80, 0x3a,
    0x5a, 0xb1, 0x8c, 0xcd, 0x96, 0x80, 0x1e, 0x9c,
    0x69, 0xcc, 0x4b, 0xe3, 0x80, 0x7c, 0x75, 0xfd,
    0xcf, 0xb3, 0x0, 0xc0,

    /* U+E051 "" */
    0x0, 0xf1, 0x22, 0x8, 0x3, 0xfc, 0xdb, 0xab,
    0xb6, 0xe9, 0x80, 0x3e, 0xb9, 0x4b, 0xff, 0x62,
    0x4d, 0x80, 0x75, 0xa3, 0x4a, 0x0, 0xe, 0x71,
    0x6c, 0x2, 0x64, 0x76, 0x60, 0x7, 0x1e, 0xa3,
    0x0, 0x2d, 0xa2, 0x12, 0xc0, 0x1c, 0x6d, 0x60,
    0x44, 0xa0, 0x78, 0x96, 0x0, 0xea, 0x22, 0x30,
    0x18, 0x1, 0xe2, 0x58, 0x3, 0x18, 0x30, 0x7,
    0x9e, 0x25, 0x80, 0x3c, 0xc0, 0x60, 0x19, 0xe2,
    0x58, 0x0, 0x60, 0xc4, 0x4a, 0x0, 0xe7, 0x89,
    0x60, 0xa2, 0x20, 0x5b, 0x18, 0x7, 0x3c, 0x4c,
    0x9a, 0xc0, 0xc, 0x9a, 0x60, 0x1c, 0xee, 0x64,
    0x60, 0xa, 0xd7, 0x24, 0xc0, 0x7, 0x2e, 0x96,
    0x1, 0xd7, 0x29, 0x9f, 0xec, 0x49, 0xb0, 0xf,
    0x9b, 0x75, 0x76, 0xdd, 0x30, 0x6,

    /* U+E052 "" */
    0x1, 0x66, 0xff, 0xe0, 0x8, 0xf, 0xcc, 0x47,
    0xfa, 0x7c, 0x54, 0x7f, 0xbb, 0xfd, 0xe2, 0xa2,
    0x1, 0xc9, 0xba, 0x40, 0xe, 0x10, 0x8, 0x8c,
    0x28, 0x1, 0x40, 0x46, 0x1, 0xe4, 0xb0, 0x2,
    0xa8, 0x0, 0x96, 0x1, 0xe6, 0x80, 0xa5, 0x55,
    0x3, 0x40, 0x7, 0xf2, 0x6e, 0x90, 0x3, 0xce,
    0x10, 0xec, 0xdf, 0x9e, 0x1, 0x8a, 0x56, 0xae,
    0xff, 0x52, 0xc1, 0x80,

    /* U+E053 "" */
    0x1, 0x66, 0xfe, 0x10, 0xc, 0x3f, 0x31, 0x1f,
    0xb8, 0x40, 0x25, 0x1f, 0xee, 0xfc, 0x2e, 0x1,
    0x8, 0x7, 0xff, 0x7, 0x4c, 0x3, 0xff, 0x84,
    0x4c, 0x1, 0xff, 0xd2, 0x26, 0x0, 0xff, 0xe1,
    0x69, 0xb8, 0x43, 0xb3, 0x67, 0x74, 0x9, 0x0,
    0x45, 0x2b, 0x57, 0x7a, 0xa8, 0xb0, 0x80, 0x10,

    /* U+E054 "" */
    0x1, 0x67, 0x60, 0xc, 0xae, 0x40, 0x18, 0x7e,
    0x2a, 0xc5, 0x24, 0x3a, 0x74, 0x40, 0x25, 0x1e,
    0xdd, 0xd, 0x0, 0x2f, 0x85, 0xc0, 0x21, 0x0,
    0xd0, 0x10, 0x1, 0xed, 0x30, 0xc, 0x4e, 0x4c,
    0x40, 0x1c, 0x4c, 0x1, 0x98, 0x89, 0x8, 0x1,
    0xff, 0x26, 0xa1, 0x30, 0x7, 0x13, 0x0, 0x72,
    0x2c, 0x80, 0x7b, 0x4d, 0xc2, 0x54, 0x39, 0x51,
    0x9e, 0x4, 0x80, 0x22, 0x94, 0x90, 0xba, 0x1b,
    0xa5, 0x74, 0x0, 0x80,

    /* U+E055 "" */
    0x1, 0x66, 0xfe, 0x20, 0xc, 0x3f, 0x31, 0x1f,
    0xb4, 0x40, 0x25, 0x1f, 0xee, 0xfc, 0x2e, 0x1,
    0x8, 0x2, 0x4c, 0x34, 0xca, 0x80, 0x36, 0x98,
    0x4, 0x8a, 0x4, 0xce, 0xa0, 0x18, 0x98, 0x3,
    0xff, 0x94, 0x4c, 0x20, 0x1c, 0x4c, 0x1, 0x63,
    0x6, 0x9a, 0x70, 0x6, 0xd3, 0x70, 0x86, 0x6e,
    0x76, 0x81, 0x20, 0x8, 0xa1, 0x6a, 0xef, 0x55,
    0x16, 0x10, 0x2,

    /* U+E056 "" */
    0x1, 0x66, 0xfe, 0x10, 0xc, 0x3f, 0x31, 0x1f,
    0xb8, 0x40, 0x25, 0x1f, 0xee, 0xfc, 0x2e, 0x1,
    0x8, 0x2, 0x4c, 0x3, 0xfb, 0x4c, 0x2, 0x45,
    0x0, 0xfe, 0x26, 0x0, 0xff, 0xe9, 0x13, 0x0,
    0x58, 0xc0, 0x1f, 0xda, 0x6e, 0x10, 0xcd, 0xce,
    0xe8, 0x12, 0x0, 0x8a, 0x16, 0xae, 0xf5, 0x51,
    0x61, 0x0, 0x20,

    /* U+E057 "" */
    0x1, 0x66, 0xfe, 0x10, 0xc, 0x3f, 0x31, 0x1f,
    0xb8, 0x40, 0x25, 0x1f, 0xee, 0xfc, 0x2e, 0x1,
    0x8, 0x2, 0x4c, 0x34, 0xc0, 0x3d, 0xa6, 0x1,
    0x22, 0x81, 0x30, 0x7, 0x89, 0x80, 0x3f, 0xf9,
    0x44, 0xc0, 0x1e, 0x26, 0x0, 0xb1, 0x83, 0x4c,
    0x3, 0xda, 0x6e, 0x10, 0xcd, 0xce, 0xe8, 0x12,
    0x0, 0x8a, 0x16, 0xae, 0xf5, 0x51, 0x61, 0x0,
    0x20,

    /* U+E059 "" */
    0x0, 0xe1, 0x44, 0x0, 0x7f, 0xa7, 0xae, 0xde,
    0xe0, 0x1f, 0x5b, 0xd7, 0xf4, 0x44, 0x1, 0xca,
    0x9a, 0xa0, 0x2f, 0x4e, 0x40, 0x1b, 0xd0, 0xc0,
    0x32, 0x8a, 0x80, 0x66, 0x20, 0xf, 0x17, 0x80,
    0x61, 0x10, 0x7, 0x9c, 0x80, 0x31, 0x68, 0x7,
    0x8d, 0xc0, 0x26, 0x4, 0x0, 0xf5, 0x91, 0x81,
    0xcb, 0x88, 0x7, 0x8d, 0x38, 0x64, 0x75, 0x57,
    0xf6, 0x93, 0x78, 0xd5, 0x7f, 0x48, 0xa2, 0xff,
    0xff, 0xdc, 0x60, 0x1c, 0xe6, 0xaa, 0x0, 0xff,
    0x6e, 0x51, 0x0, 0x7f, 0xab, 0x35, 0xc0, 0x38,

    /* U+E05C "" */
    0x0, 0xc6, 0x1, 0xfb, 0xb0, 0x40, 0x3e, 0x3d,
    0x10, 0xf, 0x30, 0xe0, 0x8b, 0x90, 0x1, 0xfe,
    0x2b, 0x14, 0xb4, 0x1, 0x80, 0xe0, 0xa5, 0xb2,
    0x95, 0xb4, 0x0, 0x52, 0x80, 0xda, 0x0, 0x7f,
    0xf0, 0x29, 0x40, 0x6d, 0x0, 0x14, 0xb6, 0x52,
    0xb6, 0x62, 0x96, 0x80, 0x30, 0x12, 0x3c, 0x80,
    0xf, 0xf1, 0x58, 0x7, 0x30, 0x60, 0x80, 0x71,
    0xe0, 0x80, 0x77, 0x60, 0x80, 0x0,

    /* U+E05F "" */
    0x4, 0x66, 0xc4, 0x0, 0x46, 0x63, 0xb0, 0x9d,
    0xda, 0x21, 0x3a, 0xf9, 0x71, 0xa, 0x8d, 0x60,
    0xde, 0xe7, 0xbc, 0x16, 0xf7, 0x36, 0x44, 0x3,
    0xd0, 0xc, 0x40, 0x1f, 0xfc, 0x1, 0xf0, 0xf,
    0xfe, 0x88, 0x80, 0x7f, 0xfa, 0x59, 0xb2, 0x87,
    0xb3, 0x6c, 0x5, 0x48, 0x8d, 0x42, 0xd1, 0x19,
    0xac, 0x2f, 0xbb, 0x60, 0x27, 0x76, 0xd6, 0x0,
    0xf1, 0xaf, 0x80, 0x78,

    /* U+E060 "" */
    0x1, 0x66, 0xfc, 0x20, 0x3f, 0x31, 0x1e, 0x9f,
    0x15, 0x1f, 0xee, 0xf7, 0x8a, 0x88, 0x7, 0xf8,
    0x40, 0x3f, 0xff, 0xe0, 0x6, 0x50, 0xf, 0xcb,
    0xd3, 0x5c, 0xa0, 0x10, 0x86, 0x53, 0xf7, 0x1e,
    0xb0, 0x5, 0x15, 0xf2, 0x44, 0x53, 0x8e, 0xa8,

    /* U+E063 "" */
    0x0, 0x84, 0x80, 0x31, 0x80, 0x7d, 0x3c, 0x1,
    0x1e, 0x8, 0x4, 0x7b, 0xee, 0x7f, 0xf6, 0x7,
    0x7d, 0x7, 0x8d, 0x21, 0x55, 0x50, 0x13, 0x25,
    0x41, 0xb5, 0xfb, 0x55, 0x99, 0xb0, 0x90, 0x4,
    0x8c, 0x1, 0xc, 0x80, 0x74, 0x7f, 0xff, 0x84,
    0x0, 0xb5, 0x5f, 0xe0, 0xb, 0x55, 0x7f, 0xc2,
    0x1, 0xff, 0xcf, 0x10, 0xf, 0xfe, 0x97, 0x80,
    0x7f, 0x8, 0x1d, 0x3f, 0xff, 0xf7, 0x12, 0xbe,
    0x55, 0x7f, 0x5e, 0x80,

    /* U+E064 "" */
    0x0, 0xe8, 0xff, 0xd0, 0x1, 0xfc, 0xaf, 0x15,
    0x48, 0x75, 0x0, 0xe8, 0xff, 0x53, 0x3a, 0xa9,
    0xdd, 0x5f, 0xe8, 0x3, 0x78, 0xac, 0x90, 0xd,
    0x19, 0x50, 0xe6, 0xc0, 0xea, 0x60, 0xfd, 0xc7,
    0x3, 0x57, 0x6, 0x0, 0xe4, 0x86, 0x64, 0x20,
    0x7, 0xfb, 0xe, 0x20, 0x58, 0x1, 0xfe, 0xe3,
    0x23, 0x2e, 0x0, 0xff, 0x31, 0xee, 0x1b, 0x0,
    0x7f, 0xd9, 0x79, 0x80, 0xf, 0x30, 0x3a, 0xae,
    0x16, 0x55, 0xce, 0xc, 0x6f, 0x15, 0x5f, 0xe8,
    0x73,

    /* U+E06B "" */
    0x0, 0xf8, 0x9d, 0x40, 0x3f, 0x8b, 0x28, 0x3a,
    0x6b, 0xdc, 0x3, 0xc9, 0xa1, 0x20, 0x31, 0xd1,
    0xb, 0x0, 0xc5, 0x6d, 0x86, 0x1, 0xb, 0xea,
    0xd0, 0x5, 0x27, 0x20, 0x1f, 0x15, 0x2a, 0x1,
    0x24, 0x0, 0x7f, 0x22, 0x38, 0x10, 0x50, 0x3,
    0xfd, 0xaa, 0x1c, 0x60, 0x1c, 0x31, 0xbb, 0xa0,
    0x1, 0xe0, 0x1e, 0xd8, 0xbb, 0xd1, 0x80, 0x44,
    0x10, 0xc, 0x2c, 0xdc, 0xe4, 0xa, 0xc, 0x1,
    0xfe, 0xc6, 0x0, 0x44, 0x8, 0x3, 0xf4, 0x93,
    0x0, 0x1c, 0xf0, 0xc0, 0x3d, 0xd, 0x42, 0x1,
    0x62, 0x65, 0xb2, 0x22, 0x39, 0xe9, 0x40, 0x3a,
    0xac, 0x26, 0xec, 0xcc, 0xe5, 0x0, 0xf9, 0x2f,
    0xfb, 0xfa, 0x4, 0x3, 0x0,

    /* U+E06C "" */
    0x0, 0xff, 0x14, 0x0, 0x7f, 0x16, 0x18, 0x7,
    0xe2, 0xc5, 0xb0, 0xf, 0x8b, 0x16, 0xc2, 0x8,
    0x3, 0x16, 0x2d, 0x80, 0xf, 0xc, 0x0, 0x58,
    0xb6, 0x1, 0x5a, 0xe9, 0x96, 0x2d, 0x80, 0x75,
    0xae, 0xe2, 0xd8, 0x7, 0xd6, 0xaa, 0xb0, 0xf,
    0x0,

    /* U+E06D "" */
    0x64, 0x0, 0xf3, 0xa0, 0xda, 0x80, 0x68, 0x80,
    0x3b, 0x52, 0x80, 0x21, 0xe9, 0x2, 0x5a, 0x96,
    0x1e, 0x94, 0x2, 0x96, 0xa7, 0xa5, 0x0, 0xe9,
    0x8a, 0x50, 0x8,

    /* U+E06E "" */
    0x0, 0xc6, 0x60, 0x9, 0x32, 0xc0, 0x9, 0x6b,
    0x0, 0x96, 0xb4, 0x9, 0x6b, 0x40, 0xc, 0xe,
    0x0, 0xa1, 0x6d, 0x0, 0x2a, 0x5b, 0x40, 0xa,
    0x96, 0xd0, 0x2, 0xa6, 0x30,

    /* U+E06F "" */
    0x33, 0x0, 0x6b, 0xc4, 0x0, 0xa1, 0x6d, 0x0,
    0x2a, 0x5b, 0x40, 0xa, 0x96, 0xd0, 0x2, 0xe0,
    0xc0, 0x2, 0x5a, 0xc0, 0x25, 0xad, 0x2, 0x5a,
    0xd0, 0x0, 0xda, 0x80, 0x20,

    /* U+E070 "" */
    0x0, 0xce, 0x80, 0x1f, 0x44, 0x2d, 0x40, 0x3a,
    0x1e, 0x9e, 0x94, 0x2, 0x87, 0xa5, 0x87, 0xa5,
    0x7, 0x75, 0x28, 0x2, 0x1e, 0x90, 0x69, 0x40,
    0x34, 0x40, 0x0,

    /* U+E076 "" */
    0x0, 0xf1, 0x22, 0x8, 0x3, 0xfc, 0xdb, 0xab,
    0xb6, 0xe9, 0x80, 0x3e, 0xb9, 0x4b, 0xff, 0x62,
    0x4d, 0x80, 0x75, 0xae, 0x4a, 0x0, 0xe, 0x71,
    0x6c, 0x2, 0x64, 0xd3, 0x0, 0xf1, 0xea, 0x30,
    0x2, 0xd8, 0xc0, 0x3f, 0x1b, 0x58, 0x11, 0x28,
    0x3, 0xfd, 0x44, 0x46, 0x3, 0x0, 0xff, 0x18,
    0x30, 0x7, 0xff, 0x11, 0x80, 0xc0, 0x3f, 0xc6,
    0xc, 0x44, 0xa0, 0xf, 0xf5, 0x11, 0x2, 0xd8,
    0xc0, 0x3f, 0x1b, 0x58, 0x1, 0x93, 0x4c, 0x3,
    0xc7, 0xa8, 0xc0, 0x15, 0xae, 0x49, 0x80, 0xe,
    0x71, 0x6c, 0x3, 0xae, 0x53, 0x3f, 0xd8, 0x93,
    0x60, 0x1f, 0x36, 0xea, 0xed, 0xba, 0x60, 0xc,

    /* U+E077 "" */
    0x0, 0xf1, 0x22, 0x8, 0x3, 0xfc, 0xdb, 0xab,
    0xb6, 0xe9, 0x80, 0x3e, 0xb9, 0x5c, 0xfe, 0xb6,
    0x9b, 0x0, 0xeb, 0x6d, 0x83, 0x1, 0x4b, 0xa4,
    0xb0, 0x9, 0x93, 0xc8, 0x0, 0x60, 0x12, 0xca,
    0x30, 0x2, 0xdc, 0x80, 0x2e, 0x60, 0x9, 0x8e,
    0xc0, 0x89, 0x60, 0x1f, 0xeb, 0x22, 0x30, 0x18,
    0x7, 0xf8, 0xc1, 0x80, 0x3e, 0xa5, 0x0, 0xf9,
    0x80, 0xc0, 0x33, 0x98, 0x6, 0x30, 0x62, 0x25,
    0x0, 0x6b, 0x50, 0xd, 0x64, 0x40, 0xb6, 0x20,
    0xa, 0x14, 0x2, 0x53, 0xb0, 0x3, 0x26, 0x10,
    0x0, 0xc0, 0x25, 0xa4, 0x60, 0xa, 0xd7, 0x60,
    0xc0, 0x9, 0x54, 0x4b, 0x0, 0xeb, 0x95, 0xcf,
    0xf5, 0xbc, 0xd8, 0x7, 0xcd, 0xba, 0xbb, 0x6e,
    0x98, 0x3, 0x0,

    /* U+E07E "" */
    0x0, 0xf1, 0x22, 0x8, 0x3, 0xfc, 0xdb, 0xab,
    0xb6, 0xe9, 0x80, 0x3e, 0xb9, 0x4b, 0xff, 0x62,
    0x4d, 0x80, 0x75, 0xae, 0x4a, 0x0, 0xe, 0x71,
    0x6c, 0x2, 0x64, 0xd3, 0x0, 0xf1, 0xea, 0x30,
    0x2, 0xd8, 0xc0, 0x3f, 0x1b, 0x58, 0x11, 0x28,
    0x3, 0xfd, 0x44, 0x46, 0x3, 0x0, 0x33, 0x78,
    0x0, 0x60, 0xc0, 0x18, 0xae, 0xfc, 0x60, 0x19,
    0x80, 0xc0, 0xb7, 0x7c, 0x60, 0x60, 0xc4, 0x4a,
    0x0, 0xff, 0x51, 0x10, 0x2d, 0x8c, 0x3, 0xf1,
    0xb5, 0x80, 0x19, 0x34, 0xc0, 0x3c, 0x7a, 0x8c,
    0x1, 0x5a, 0xe4, 0x98, 0x0, 0xe7, 0x16, 0xc0,
    0x3a, 0xe5, 0x33, 0xfd, 0x89, 0x36, 0x1, 0xf3,
    0x6e, 0xae, 0xdb, 0xa6, 0x0, 0xc0,

    /* U+E081 "" */
    0x0, 0xf1, 0x22, 0x8, 0x3, 0xfc, 0xdb, 0xab,
    0xb6, 0xe9, 0x80, 0x3e, 0xb9, 0x5c, 0xff, 0x5b,
    0xcd, 0x80, 0x75, 0xb6, 0xc1, 0x80, 0x12, 0xb1,
    0x6c, 0x2, 0x64, 0xf2, 0x0, 0xf1, 0xea, 0x30,
    0x2, 0xdc, 0x80, 0x2d, 0x60, 0x8, 0xda, 0xc0,
    0x89, 0x60, 0x1f, 0xed, 0x22, 0x30, 0x18, 0xb,
    0x30, 0xf1, 0x98, 0x0, 0x40, 0x60, 0xc, 0xb7,
    0x61, 0x4b, 0xb1, 0x80, 0x66, 0x3, 0x4, 0xdd,
    0x14, 0x6e, 0x8c, 0xc, 0x18, 0x89, 0x40, 0x1f,
    0xea, 0x22, 0x5, 0xb1, 0x80, 0x5c, 0xe0, 0x11,
    0xb5, 0x80, 0x19, 0x34, 0xc0, 0x6, 0x20, 0x3,
    0xd4, 0x60, 0xa, 0xd7, 0x24, 0xc0, 0x7, 0x38,
    0xb6, 0x1, 0xd7, 0x29, 0x9f, 0xec, 0x49, 0xb0,
    0xf, 0x9b, 0x75, 0x76, 0xdd, 0x30, 0x6,

    /* U+E084 "" */
    0x0, 0xf1, 0x22, 0x8, 0x3, 0xfc, 0xdb, 0xab,
    0xb6, 0xe9, 0x80, 0x3e, 0xb9, 0x4c, 0xff, 0x63,
    0xcd, 0x80, 0x75, 0xae, 0xc9, 0x80, 0xe, 0xad,
    0x2c, 0x2, 0x64, 0xc2, 0x0, 0xf2, 0x5a, 0x30,
    0x2, 0xdc, 0x80, 0xc8, 0x0, 0x84, 0x8, 0x8b,
    0x2, 0x25, 0x80, 0x2b, 0xd, 0xad, 0x0, 0x1c,
    0x44, 0x60, 0x30, 0x4, 0xae, 0x4b, 0xb0, 0x1,
    0xc1, 0x80, 0x3d, 0xa0, 0xb, 0x0, 0xf3, 0x1,
    0x80, 0x16, 0x5d, 0x34, 0x80, 0xe, 0xc, 0x44,
    0xa0, 0x6, 0x3c, 0x5a, 0x38, 0x3, 0xc8, 0x81,
    0x6c, 0x41, 0x30, 0x0, 0xa5, 0x4, 0x5b, 0x0,
    0x32, 0x61, 0x0, 0x78, 0xe9, 0x18, 0x2, 0xb5,
    0xd8, 0x30, 0x1, 0xce, 0x2d, 0x80, 0x75, 0xca,
    0xe7, 0xfb, 0x12, 0x6c, 0x3, 0xe6, 0xdd, 0x5d,
    0xb7, 0x4c, 0x1, 0x80,

    /* U+E085 "" */
    0x0, 0x8d, 0x57, 0x10, 0x7, 0x16, 0x55, 0x6d,
    0x20, 0x2, 0x76, 0x87, 0xfe, 0xd, 0xe4, 0xa3,
    0x40, 0x66, 0xc0, 0x87, 0x43, 0x16, 0x97, 0x79,
    0x2e, 0x4, 0x2, 0xbd, 0xdd, 0x60, 0x1f, 0xff,
    0xf0, 0xf, 0xfe, 0x9, 0x80, 0x7e, 0x30, 0x79,
    0xff, 0xfd, 0x2f, 0x19, 0x55, 0xfb, 0x20,

    /* U+E087 "" */
    0x0, 0xf1, 0x22, 0x8, 0x3, 0xfc, 0xdb, 0xab,
    0xb6, 0xe9, 0x80, 0x3e, 0xb9, 0x5c, 0xfe, 0xb6,
    0x9b, 0x0, 0xeb, 0x6d, 0x83, 0x72, 0x4b, 0xa4,
    0xb0, 0x9, 0x93, 0xc8, 0x1, 0x48, 0x0, 0x59,
    0x46, 0x0, 0x5b, 0x90, 0x7, 0xe6, 0x3b, 0x2,
    0x25, 0x80, 0x7f, 0xac, 0x88, 0xc0, 0x60, 0x1d,
    0xc0, 0x18, 0xc1, 0x80, 0x3e, 0x56, 0xd5, 0x0,
    0xe6, 0x3, 0x0, 0xd1, 0xa9, 0x60, 0x3, 0x6,
    0x22, 0x50, 0x7, 0x14, 0xf0, 0x2, 0xc8, 0x81,
    0x6c, 0x40, 0x1f, 0x94, 0xec, 0x0, 0xc9, 0x84,
    0x1, 0xe5, 0xa4, 0x60, 0xa, 0xd7, 0x60, 0xc0,
    0x9, 0x54, 0x4b, 0x0, 0xeb, 0x95, 0xcf, 0xf5,
    0xbc, 0xd8, 0x7, 0xcd, 0xba, 0xbb, 0x6e, 0x98,
    0x3, 0x0,

    /* U+E088 "" */
    0x0, 0xc2, 0x88, 0x10, 0xf, 0xf0, 0xd7, 0x5d,
    0xba, 0x84, 0x3, 0xe1, 0xf7, 0xaf, 0xea, 0x4f,
    0x10, 0xf, 0x59, 0xe2, 0x80, 0xaf, 0x9d, 0x80,
    0x70, 0xac, 0x8, 0x6, 0x18, 0x5f, 0xd6, 0x0,
    0x28, 0x20, 0x7, 0x96, 0xe9, 0x26, 0x0, 0x3f,
    0xe4, 0x59, 0x93, 0x8a, 0x82, 0x0, 0x7f, 0x98,
    0x14, 0x56, 0x4, 0x3, 0xf8, 0xc1, 0xc2, 0xcf,
    0x14, 0x3, 0xe2, 0xe3, 0x30, 0xf, 0xbd, 0x7f,
    0xfd, 0xa3, 0xa0, 0x10, 0xd7, 0x5d, 0x57, 0xb3,
    0x2, 0x0,

    /* U+E08A "" */
    0x0, 0xc8, 0xee, 0x40, 0xf, 0xf1, 0xed, 0xcc,
    0xaf, 0x4c, 0x3, 0xe3, 0xc6, 0xde, 0xe6, 0xb6,
    0x18, 0x7, 0xbc, 0xec, 0x80, 0x5, 0x69, 0xca,
    0x60, 0x11, 0x1f, 0x80, 0x7a, 0x4a, 0xb3, 0x2,
    0xc, 0x6, 0x1, 0xe2, 0xff, 0x60, 0xe8, 0x38,
    0x10, 0x7, 0xf1, 0xf1, 0x9c, 0x34, 0x0, 0x30,
    0xc, 0xa0, 0x3, 0x7, 0x8, 0x72, 0x5c, 0x0,
    0xd4, 0xa0, 0xa0, 0xa0, 0xd4, 0x4e, 0xe0, 0xb7,
    0x9, 0x42, 0xa6, 0x10, 0x2, 0x81, 0x48, 0x19,
    0x3, 0x89, 0xcc, 0x80, 0x39, 0x38, 0x21, 0x43,
    0x90, 0x58, 0x3, 0xcc, 0xa1, 0xa, 0x8, 0xc0,
    0x1f, 0x8a, 0x80, 0xc8, 0x2c, 0x80, 0x3f, 0xeb,
    0x70, 0xf, 0x80,

    /* U+E08C "" */
    0x0, 0xc6, 0xec, 0x80, 0x1f, 0xe3, 0xdc, 0x98,
    0xbd, 0x30, 0xf, 0x8f, 0x7, 0x3b, 0x9a, 0xd8,
    0x60, 0x1e, 0xf3, 0xc3, 0x0, 0x15, 0xa7, 0x29,
    0x80, 0x42, 0x7e, 0x1, 0xe9, 0x2a, 0xcc, 0x8,
    0x28, 0x18, 0x7, 0x8b, 0xfd, 0x83, 0xa0, 0x10,
    0x80, 0x74, 0x8, 0x0, 0xfc, 0xcc, 0x80, 0xc0,
    0x19, 0x9c, 0xc0, 0x23, 0x7, 0x7, 0x84, 0x0,
    0xc, 0x39, 0x0, 0x4e, 0xa, 0x10, 0xb6, 0xc1,
    0x3, 0xc6, 0x5, 0x12, 0xc2, 0x0, 0xaa, 0x10,
    0x20, 0x4e, 0x85, 0x2c, 0x48, 0x6, 0x54, 0xd,
    0xd0, 0x40, 0x46, 0xb8, 0x7, 0xf4, 0x9b, 0x0,
    0x7f, 0xf0, 0xd, 0x3c, 0x3, 0xff, 0x82, 0x78,
    0x60, 0x1f, 0x0,

    /* U+E08E "" */
    0x0, 0xc8, 0xee, 0x40, 0xf, 0xf1, 0xed, 0xcc,
    0xaf, 0x4c, 0x3, 0xe3, 0xc6, 0xde, 0xe6, 0xb6,
    0x18, 0x7, 0xbc, 0xec, 0x80, 0x5, 0x69, 0xca,
    0x60, 0x11, 0x1f, 0x80, 0x7a, 0x4a, 0xb3, 0x2,
    0xc, 0x6, 0x1, 0xe2, 0xff, 0x60, 0xe8, 0x38,
    0x10, 0x7, 0xf1, 0xf1, 0x9c, 0xa, 0x0, 0x30,
    0xc, 0x60, 0x3, 0x7, 0x8, 0x81, 0x2e, 0x0,
    0x6c, 0x40, 0x50, 0x50, 0x78, 0x30, 0xb, 0x14,
    0x0, 0x25, 0x4c, 0x20, 0x7, 0x10, 0x8, 0x4c,
    0x2, 0x39, 0x90, 0x7, 0xff, 0x4, 0x58, 0x3,
    0xcc, 0x40, 0x18, 0x98, 0x3, 0xf1, 0xe8, 0x6,
    0xd3, 0x0, 0xff, 0xb9, 0xc0, 0x3e,

    /* U+E090 "" */
    0x0, 0xc6, 0xee, 0x40, 0xf, 0xf1, 0x6e, 0x4c,
    0xaf, 0x4c, 0x3, 0xe2, 0xd6, 0xde, 0xe6, 0xb6,
    0x18, 0x7, 0xa4, 0xec, 0x80, 0x5, 0x69, 0xca,
    0x60, 0x10, 0xa4, 0x0, 0x7a, 0x4a, 0xb3, 0x2,
    0xa, 0x8, 0x1, 0xe2, 0xff, 0x60, 0xe8, 0x4,
    0x20, 0x1f, 0xc7, 0xc6, 0x65, 0x7, 0x0, 0xff,
    0x18, 0x38, 0xb4, 0x8, 0x28, 0x6, 0x51, 0x5,
    0x5, 0x9, 0x53, 0x2e, 0x0, 0xdc, 0x44, 0xa6,
    0x10, 0x5, 0x91, 0x2c, 0x26, 0x41, 0x66, 0x69,
    0x90, 0x7, 0x1e, 0x84, 0xc8, 0x34, 0xc5, 0x80,
    0x3c, 0x7c, 0x4, 0x61, 0xc6, 0x1, 0xfc, 0x60,
    0x96, 0x6, 0x1, 0xc0,

    /* U+E093 "" */
    0x0, 0xc5, 0x20, 0x19, 0xcc, 0x3, 0xe2, 0xc5,
    0x0, 0xdd, 0x86, 0x1, 0xc5, 0x85, 0x80, 0x1a,
    0x57, 0xc, 0x2, 0x2c, 0x2c, 0x0, 0xf5, 0x2e,
    0x18, 0xf, 0x96, 0x80, 0x7e, 0xa5, 0xc2, 0x0,
    0x84, 0x3, 0xff, 0x80, 0x3e, 0x58, 0x1, 0xfa,
    0x97, 0x8, 0xb, 0xb, 0x0, 0x3d, 0x4b, 0x86,
    0x1, 0x16, 0x16, 0x0, 0x69, 0x5c, 0x30, 0xe,
    0x2f, 0x40, 0xd, 0xd8, 0x60, 0x10,

    /* U+E096 "" */
    0x0, 0x10, 0x0, 0xc0, 0x4, 0x1, 0xfb, 0xd8,
    0xf0, 0x5b, 0x0, 0x3f, 0xf9, 0x7e, 0xc7, 0x82,
    0xda, 0x1, 0xf2, 0xba, 0xa9, 0x95, 0x4c, 0xaa,
    0x30, 0xa, 0xea, 0xbf, 0xd9, 0xa2, 0xd, 0x3f,
    0xff, 0x49, 0x68, 0x50, 0x7, 0xff, 0x0, 0xa5,
    0x4, 0x3, 0xff, 0x80, 0x20, 0x20, 0x1f, 0xe3,
    0x4b, 0x50, 0x0, 0x80, 0x7e, 0x1b, 0x4a, 0x0,
    0x78, 0x7, 0xc2, 0x5d, 0x40, 0x5, 0x63, 0x0,
    0xe3, 0x95, 0x10, 0xa, 0xb, 0x3b, 0x9b, 0xdc,
    0xc5, 0x80, 0xe, 0xcb, 0x88, 0x5c, 0x43, 0x2c,
    0x3, 0x80,

    /* U+E09B "" */
    0x0, 0xf1, 0x22, 0x8, 0x3, 0xfc, 0xdb, 0xab,
    0xb6, 0xe9, 0x80, 0x3e, 0xb9, 0x4b, 0xff, 0x62,
    0x4d, 0x80, 0x75, 0xae, 0x4a, 0x0, 0xe, 0x71,
    0x6c, 0x2, 0x64, 0xd3, 0x0, 0xc2, 0xc3, 0xa8,
    0xc0, 0xb, 0x63, 0x0, 0x9b, 0x3a, 0x50, 0xda,
    0xc0, 0x89, 0x40, 0x1, 0xe9, 0x66, 0x3, 0x85,
    0x11, 0x18, 0xc, 0x0, 0xe3, 0xd4, 0x66, 0x10,
    0x30, 0x60, 0xe, 0xa5, 0x11, 0x2d, 0x0, 0x73,
    0x1, 0x80, 0x99, 0xab, 0x85, 0xc0, 0x6, 0xc,
    0x44, 0xa0, 0x70, 0x66, 0x4f, 0x88, 0x2, 0x88,
    0x81, 0x6c, 0x6f, 0x3d, 0x8c, 0x20, 0x3, 0x6b,
    0x0, 0x32, 0x69, 0x30, 0x80, 0x63, 0xd4, 0x60,
    0xa, 0xd7, 0x24, 0xc0, 0x7, 0x38, 0xb6, 0x1,
    0xd7, 0x29, 0x9f, 0xec, 0x49, 0xb0, 0xf, 0x9b,
    0x75, 0x76, 0xdd, 0x30, 0x6,

    /* U+E09E "" */
    0x0, 0x22, 0xaf, 0x90, 0x3, 0xed, 0xba, 0xaf,
    0x5e, 0x80, 0x72, 0x16, 0xff, 0xfb, 0x89, 0x0,
    0x30, 0x81, 0x0, 0x78, 0x71, 0x0, 0x3f, 0xc8,
    0xab, 0x32, 0xa9, 0x0, 0x3e, 0xdb, 0xaa, 0xf5,
    0xe8, 0x7, 0x21, 0x6f, 0xff, 0xb4, 0x90, 0x3,
    0x8, 0x10, 0x7, 0x88, 0x4, 0x3, 0xff, 0x88,
    0x20, 0x20, 0x1f, 0xfc, 0x14, 0x2e, 0x30, 0xf,
    0xfe, 0xe, 0xd9, 0x80, 0x7f, 0xf0, 0x90, 0x3,
    0xff, 0x8a, 0x20, 0x40, 0x1e, 0x20, 0x10, 0xc,
    0x85, 0xbf, 0xfe, 0xd2, 0x40, 0xe, 0xdb, 0xaa,
    0xf5, 0xe8, 0x0,

    /* U+E0A9 "" */
    0x0, 0xc6, 0x0, 0x21, 0x0, 0x18, 0x7, 0xec,
    0x50, 0xe9, 0x5, 0xc0, 0xf, 0x27, 0x5, 0x79,
    0xbf, 0xd0, 0x72, 0x0, 0x6a, 0x4a, 0xaf, 0xc9,
    0x40, 0x3, 0xf1, 0xf5, 0x70, 0xc, 0xeb, 0xe3,
    0xe6, 0x6a, 0x0, 0x16, 0xd5, 0x6d, 0x20, 0x5,
    0x18, 0x28, 0x1, 0xc3, 0xff, 0x3, 0x80, 0x14,
    0x0, 0xe0, 0x1f, 0xfc, 0x7, 0x2, 0xa0, 0xf,
    0xfe, 0x5, 0x11, 0x34, 0x3, 0xff, 0x81, 0xa4,
    0xa, 0x0, 0x70, 0xff, 0xc0, 0xe0, 0x5, 0x3,
    0xa0, 0x1, 0x6d, 0x56, 0xd2, 0x0, 0x51, 0x9b,
    0xc7, 0xd5, 0xc0, 0x33, 0xaf, 0x8f, 0x98, 0x2,
    0x92, 0xab, 0xf2, 0x50, 0x6, 0x4e, 0xa, 0xf3,
    0x7f, 0xa0, 0xe4, 0x0, 0xf6, 0x28, 0x74, 0x82,
    0xe0, 0x6,

    /* U+E0AA "" */
    0x0, 0x22, 0xaf, 0xf9, 0x0, 0x2d, 0xba, 0xaf,
    0xf5, 0xe8, 0x21, 0x6f, 0xff, 0xfb, 0x49, 0x4,
    0x8, 0x3, 0xfc, 0x40, 0x20, 0xf, 0xff, 0xfe,
    0x0, 0x6, 0xaa, 0xff, 0xe0, 0x0, 0x65, 0x5f,
    0xfe, 0x0, 0x7, 0xff, 0x58, 0x40, 0x80, 0x3f,
    0xc4, 0x2, 0x85, 0xbf, 0xff, 0xed, 0x24, 0xd,
    0xba, 0xaf, 0xf5, 0xe8, 0x0,

    /* U+E0AD "" */
    0x0, 0xc2, 0x68, 0xa8, 0x40, 0x1c, 0x53, 0xbd,
    0x97, 0x57, 0xbf, 0x6c, 0x5, 0xa9, 0x59, 0xdf,
    0xee, 0xda, 0x19, 0x92, 0x7, 0x39, 0x88, 0x0,
    0x49, 0x69, 0x5c, 0x1, 0x98, 0x96, 0x55, 0x33,
    0xd7, 0xa8, 0x0, 0x6d, 0x55, 0x17, 0x51, 0x61,
    0x30, 0x1, 0x24, 0xe7, 0x73, 0xfb, 0x29, 0x84,
    0x3, 0xff, 0x88, 0x30, 0x40, 0x1f, 0x2d, 0x80,
    0x4d, 0xbd, 0x97, 0x57, 0xbf, 0x46, 0x0, 0x2e,
    0xc8, 0x51, 0x2, 0x5a, 0xe8, 0x0, 0xc6, 0xd3,
    0x54, 0x98, 0x51, 0x0, 0x8c, 0x3, 0xfc, 0x20,
    0x83, 0xae, 0x62, 0x1, 0x12, 0xd4, 0x39, 0x6a,
    0x4e, 0x77, 0xfd, 0xb4, 0x35, 0x20, 0x53, 0xdc,
    0xcb, 0xb6, 0x6f, 0xda, 0x80,

    /* U+E0B1 "" */
    0x0, 0xe2, 0x0, 0xfe, 0x6c, 0x0, 0xf8, 0x97,
    0xc5, 0x54, 0x80, 0x14, 0x6d, 0x30, 0x55, 0x2c,
    0x81, 0x1e, 0x7e, 0x47, 0xfe, 0x20, 0xc2, 0x60,
    0xf, 0xde, 0x60, 0x1f, 0xcc, 0x1a, 0xf8, 0x2e,
    0xc2, 0x0, 0x1c, 0x7a, 0x40, 0xa9, 0xe4, 0x0,
    0x15, 0x6c, 0xe, 0xfa, 0xd0, 0x7, 0xf7, 0x8,
    0x80, 0x3e, 0x1f, 0x21, 0x6f, 0xfa, 0x47, 0xf9,
    0xb8, 0x1e, 0xaa, 0x60, 0xab, 0xd3, 0x1, 0x55,
    0xbc, 0x55, 0x0, 0x3e, 0x6d, 0x0, 0xe0,

    /* U+E0B2 "" */
    0x0, 0xf2, 0x8, 0x7, 0xff, 0x2, 0x9c, 0x3,
    0xff, 0xb2, 0x20, 0x1e, 0x10, 0xe, 0x2e, 0x50,
    0xd, 0x96, 0x1, 0xc4, 0xd4, 0x80, 0xc, 0x28,
    0x0, 0xf4, 0xa5, 0x8c, 0x1e, 0x90, 0x4, 0xc4,
    0x0, 0xb3, 0x1, 0xb3, 0x0, 0x31, 0x5a, 0x80,
    0x58, 0x94, 0x80, 0x14, 0x20, 0x7, 0xad, 0x40,
    0x3e, 0xf0, 0xf, 0xf0, 0x82, 0xbf, 0x73, 0x77,
    0xbb, 0xa0, 0x78, 0xb8, 0x85, 0xdf, 0x44, 0x5c,
    0x20,

    /* U+E0B4 "" */
    0x0, 0xe5, 0x50, 0x7, 0xfa, 0x20, 0x1, 0xfc,
    0x64, 0x44, 0x0, 0xfd, 0xc8, 0x89, 0x0, 0xfa,
    0xce, 0xa8, 0x76, 0x1, 0xd8, 0xba, 0x22, 0xd5,
    0xc0, 0xa, 0x4b, 0xc, 0x0, 0x7a, 0x50, 0x2,
    0xd0, 0x40, 0x18, 0xe1, 0xc1, 0x41, 0xc0, 0x3c,
    0xe0, 0x80, 0x1, 0x0, 0xfe, 0x50, 0x50, 0xf,
    0x20, 0x28, 0xac, 0x8, 0x6, 0x18, 0x51, 0xb,
    0x3c, 0x50, 0x2, 0xe1, 0xd8, 0x0, 0x7d, 0xeb,
    0xfd, 0x4f, 0xe2, 0x1, 0xd, 0x75, 0xdb, 0xa8,
    0x40, 0x0,

    /* U+E0B5 "" */
    0x0, 0xf8, 0xe0, 0x3, 0xf0, 0x80, 0x54, 0xe4,
    0x1, 0xe1, 0xe5, 0x1, 0x60, 0xa0, 0xf, 0x30,
    0x48, 0x29, 0x43, 0x90, 0x6, 0x58, 0x63, 0xa4,
    0xd7, 0x4c, 0x20, 0x1, 0x54, 0x4d, 0x2b, 0x80,
    0x2c, 0xb0, 0x82, 0xcd, 0xc1, 0x5a, 0x40, 0x2c,
    0x2f, 0x0, 0x38, 0x4, 0x20, 0x1d, 0xc4, 0xb8,
    0x88, 0x2, 0x64, 0x0, 0xc4, 0x7a, 0xaf, 0x7d,
    0xa7, 0x60, 0x1c, 0x20, 0x8, 0xc9, 0xad, 0x10,
    0xc, 0x25, 0xa0, 0x3, 0x77, 0x10, 0x7, 0x50,
    0xa8, 0x6, 0xad, 0x72, 0x14, 0xc4, 0xd0, 0xe,
    0x88, 0x4e, 0xf5, 0x86, 0x98, 0x7, 0x9f, 0xb2,
    0xfb, 0x8, 0x0,

    /* U+E0B9 "" */
    0x0, 0xfc, 0x6c, 0xd9, 0x40, 0x3f, 0x25, 0xda,
    0x26, 0xc0, 0x99, 0xb2, 0x83, 0xee, 0x18, 0x0,
    0x76, 0x23, 0x48, 0x0, 0x70, 0x20, 0x1c, 0x7b,
    0xb6, 0x0, 0xe0, 0x61, 0x0, 0x7e, 0x1c, 0xc,
    0x17, 0x60, 0xf, 0xe, 0x6, 0x8, 0x14, 0x0,
    0x70, 0xe0, 0x60, 0xa6, 0x80, 0x7d, 0x1, 0x82,
    0x4, 0x60, 0x1f, 0x46, 0x88, 0x7, 0xfc, 0x20,
    0x1f, 0xfc, 0x61, 0x0, 0x9c, 0x7b, 0xad, 0xdb,
    0xb9, 0xc, 0x0, 0x1e, 0x88, 0xae, 0xe8, 0x85,
    0xc0, 0x0,

    /* U+E0BA "" */
    0x0, 0xf1, 0x22, 0x8, 0x3, 0xfc, 0xdb, 0xab,
    0xb6, 0xf4, 0x0, 0x78, 0x72, 0x57, 0x3f, 0xd9,
    0x2d, 0xc4, 0x1, 0xb0, 0x3a, 0x1e, 0xf1, 0x5f,
    0x97, 0x8, 0x1, 0x21, 0xa2, 0x76, 0x2b, 0x2c,
    0x16, 0xbc, 0x2, 0xd2, 0x21, 0x65, 0x52, 0xba,
    0x0, 0xa3, 0x43, 0x3, 0x0, 0x79, 0x88, 0x30,
    0x80, 0x14, 0x0, 0x4d, 0x4, 0xe, 0x7d, 0xc2,
    0x80, 0x19, 0x34, 0x9, 0x2c, 0x20, 0xd9, 0x8f,
    0x21, 0xd3, 0xe0, 0xb, 0xb, 0x64, 0xd9, 0x85,
    0x1c, 0x5a, 0x40, 0x10, 0xe4, 0xa6, 0x7f, 0xb1,
    0x9f, 0xcc, 0x3, 0xcd, 0xbd, 0x75, 0xbd, 0x2,
    0x1, 0x0,

    /* U+E0C0 "" */
    0x3, 0x55, 0xe4, 0x0, 0xd1, 0x95, 0x5d, 0x7c,
    0x40, 0x7, 0x8f, 0xfd, 0x40, 0xb8, 0x40, 0x2,
    0x0, 0xf5, 0xae, 0x10, 0x7, 0xe5, 0xd0, 0xe0,
    0xf, 0x21, 0x54, 0x89, 0x80, 0x78, 0x77, 0xfd,
    0x40, 0x1f, 0xff, 0xe2, 0x0, 0xfc, 0x40, 0xf1,
    0xff, 0xfa, 0x1e, 0x32, 0xab, 0xf6, 0x40,

    /* U+E0CC "" */
    0x3, 0x55, 0xe4, 0x0, 0xd1, 0x95, 0x5d, 0x7c,
    0x40, 0x7, 0x8f, 0xfd, 0x40, 0x78, 0x40, 0x2,
    0x0, 0xf6, 0x1e, 0x10, 0x7, 0xe3, 0x90, 0xe0,
    0x9, 0x98, 0x2e, 0x1b, 0x62, 0x60, 0x1, 0xbb,
    0x29, 0x76, 0x62, 0x0, 0x21, 0xdd, 0x20, 0x9,
    0x98, 0x80, 0x22, 0xff, 0xf1, 0x80, 0x62, 0xba,
    0xad, 0x66, 0x1, 0xfe, 0x10, 0xe, 0x2b, 0xaa,
    0xe3, 0x0, 0xc5, 0xff, 0xe3, 0x0, 0x88, 0x3,
    0xf1, 0x3, 0xc7, 0xff, 0xe8, 0x78, 0xca, 0xaf,
    0xd9, 0x0,

    /* U+E0D0 "" */
    0x2, 0x66, 0xff, 0x28, 0x16, 0xc4, 0xc5, 0xde,
    0x89, 0x8a, 0x94, 0x1e, 0x18, 0xdd, 0xde, 0x1b,
    0x2e, 0x0, 0x61, 0x0, 0xfa, 0xf0, 0x40, 0x6c,
    0x3, 0xf3, 0x20, 0x0, 0xb4, 0x40, 0x3e, 0xdb,
    0x0, 0x1b, 0xe, 0x33, 0x69, 0xb, 0xf0, 0x0,
    0xd8, 0x25, 0xde, 0x60, 0x64, 0x0, 0x16, 0x8c,
    0x6e, 0xef, 0xd, 0xb0, 0x1, 0xb0, 0x80, 0x7d,
    0x7e, 0x0, 0x1b, 0x0, 0xfc, 0xc8, 0x0, 0x1d,
    0x10, 0xf, 0xb6, 0x5, 0xc7, 0x86, 0x37, 0x77,
    0x86, 0xcb, 0x8f, 0x44, 0xc5, 0xde, 0x89, 0x8b,
    0x90,

    /* U+E0D1 "" */
    0x0, 0x1a, 0x10, 0x7, 0xcb, 0xd9, 0x7b, 0xa7,
    0x20, 0x39, 0x4a, 0x4d, 0xfc, 0x59, 0xdf, 0xc7,
    0xb0, 0xf2, 0x3, 0x8e, 0xcb, 0xdb, 0x0, 0xfc,
    0x68, 0x40, 0x1f, 0xfd, 0xc3, 0x42, 0x0, 0xfd,
    0x59, 0x7b, 0xd0, 0x40, 0x5e, 0x0, 0x5d, 0xfc,
    0x66, 0x6f, 0xea, 0x58, 0x79, 0x1, 0xc7, 0x6d,
    0xe7, 0x20, 0x7, 0xc4, 0x86, 0x1, 0xff, 0xc3,
    0x10, 0xf, 0xf6, 0x20, 0x7, 0xf8,

    /* U+E0D2 "" */
    0x0, 0xe9, 0x70, 0xf, 0xe9, 0x69, 0x0, 0xfc,
    0x2d, 0x2, 0xc0, 0x1f, 0x20, 0x3b, 0x40, 0x80,
    0x79, 0xc1, 0x24, 0xf0, 0x40, 0x38, 0x93, 0xc3,
    0x3, 0x4, 0x1, 0xe, 0x1a, 0xa0, 0x38, 0x76,
    0x2, 0xf2, 0x9a, 0x60, 0x1, 0xb5, 0x15, 0x2,
    0xb5, 0x90, 0x9, 0x41, 0x40, 0x1b, 0xdc, 0x40,
    0x8, 0x40, 0x8, 0xe, 0x20, 0x1c, 0xe0, 0x80,
    0xd0, 0x40, 0x18, 0xa1, 0x80, 0x12, 0x5b, 0x6,
    0x91, 0xa5, 0x20, 0x16, 0x43, 0x65, 0xb4, 0x60,
    0x7, 0x3f, 0x76, 0x70, 0x8,

    /* U+E0D7 "" */
    0x1, 0x66, 0xc2, 0x1, 0xfe, 0xf9, 0x88, 0x4f,
    0x88, 0x7, 0xe4, 0x1f, 0xee, 0x83, 0x5d, 0xf9,
    0x84, 0x4, 0x3, 0xe, 0x5, 0x52, 0x67, 0x78,
    0x7, 0xc5, 0x9b, 0xae, 0xeb, 0xc5, 0x0, 0x3f,
    0xf8, 0x62, 0x1, 0xff, 0xff, 0x0, 0xe6, 0x7,
    0x55, 0xff, 0x38, 0x31, 0xb4, 0x55, 0x7f, 0xa1,
    0xcc,

    /* U+E0DC "" */
    0x4, 0x66, 0xff, 0xe0, 0x20, 0x1d, 0xc5, 0xdf,
    0xfa, 0x2c, 0xc4, 0x1b, 0x77, 0xfc, 0xc0, 0x25,
    0x4e, 0xe0, 0xf, 0xce, 0xea, 0x20, 0x59, 0x85,
    0x0, 0xf3, 0x44, 0xa8, 0x4, 0xcf, 0x48, 0x1,
    0x92, 0x5d, 0x80, 0x3a, 0x1a, 0xcc, 0x0, 0x76,
    0xd0, 0x1, 0xf4, 0xa6, 0x88, 0xb5, 0x24, 0x3,
    0xfa, 0xc5, 0x54, 0x36, 0x1, 0xff, 0xc0, 0x11,
    0x0, 0x7f, 0xf8, 0xb4, 0x3, 0xff, 0x84, 0xee,
    0xa1, 0x0, 0xff, 0xe0, 0x46, 0xbe, 0x80, 0x78,

    /* U+E0DF "" */
    0x0, 0x89, 0x57, 0xf1, 0x0, 0x75, 0x6d, 0x57,
    0xed, 0xa0, 0x9, 0xd6, 0xbf, 0xff, 0x5a, 0xb8,
    0x2, 0x95, 0x42, 0xe0, 0x1e, 0x47, 0xa0, 0x1,
    0x68, 0x34, 0x10, 0x6, 0x88, 0x71, 0x0, 0x81,
    0x4c, 0x6, 0x98, 0x11, 0xcd, 0x10, 0x9, 0x80,
    0xcc, 0x6, 0x18, 0x25, 0x89, 0x30, 0x1b, 0x3,
    0x3, 0x49, 0x80, 0x1a, 0x0, 0x6, 0xc, 0x20,
    0x60, 0x3f, 0xfd, 0x40, 0x1, 0x1, 0x70, 0x61,
    0xa7, 0x9a, 0xa4, 0xa6, 0xb, 0x3, 0x93, 0xc7,
    0x26, 0x32, 0xa9, 0xb0, 0xba, 0x5c, 0x82, 0x36,
    0xf8, 0x80, 0x31, 0x75, 0xec, 0x0,

    /* U+E0E1 "" */
    0x0, 0x90, 0xc0, 0x32, 0x18, 0x6, 0x1d, 0xbc,
    0xb0, 0x2e, 0xbc, 0xa0, 0x9, 0x8f, 0xad, 0x2f,
    0x13, 0x9d, 0x48, 0x3, 0x92, 0x10, 0x28, 0x7c,
    0x2, 0x78, 0x1e, 0xf8, 0x1, 0xff, 0x40, 0x61,
    0xd2, 0xd5, 0x60, 0x6a, 0xac, 0x74, 0x1, 0xff,
    0xc2, 0x55, 0x55, 0x60, 0x6a, 0xac, 0x5b, 0x61,
    0xdf, 0xf0, 0xcf, 0xfd, 0x22, 0x80, 0x1f, 0xfe,
    0x3, 0x0, 0xfc, 0x20, 0x3, 0x2d, 0xee, 0x86,
    0x3b, 0xa8, 0x60, 0x6, 0xcc, 0x45, 0x31, 0x1a,
    0xe0, 0x0,

    /* U+E0E8 "" */
    0x0, 0xf8, 0x44, 0x1, 0xff, 0x1d, 0x77, 0x6a,
    0x30, 0xf, 0xa3, 0x1c, 0xc4, 0x46, 0xd9, 0x0,
    0x1d, 0x2f, 0x3e, 0x51, 0x65, 0xd2, 0xf0, 0x1,
    0x23, 0x53, 0x59, 0x32, 0x95, 0xb5, 0x3a, 0x0,
    0x21, 0x14, 0x1e, 0xc0, 0x14, 0xe0, 0xa9, 0x0,
    0x27, 0xe0, 0x42, 0x80, 0x4, 0x12, 0xf, 0x31,
    0x20, 0x36, 0xb0, 0x56, 0x62, 0x5, 0xb1, 0x81,
    0x38, 0x4c, 0x38, 0x4d, 0xda, 0x41, 0xee, 0x41,
    0xdc, 0x19, 0xda, 0x1f, 0xba, 0xc0, 0xdd, 0x60,
    0x31, 0x8a, 0x81, 0x82, 0x0, 0x1c, 0x8, 0x14,
    0x48, 0x1a, 0x4, 0xf, 0xc0, 0x1e, 0x82, 0x28,
    0x60, 0x4, 0x16, 0x8c, 0xa9, 0x11, 0x78, 0x34,
    0xa0, 0x2, 0xf1, 0xc0, 0x29, 0x91, 0x7, 0x17,
    0x80, 0x62, 0xc4, 0xa2, 0x44, 0x15, 0x27, 0x90,
    0x7, 0xc, 0xf4, 0xbc, 0x4f, 0x50, 0x80, 0x40,

    /* U+E0EC "" */
    0x0, 0xe4, 0x77, 0x90, 0x3, 0xfe, 0xd8, 0x84,
    0xde, 0x98, 0x7, 0xf4, 0xa0, 0xf6, 0xb6, 0x18,
    0x7, 0xf5, 0xa, 0x95, 0xa6, 0x88, 0x7, 0xe1,
    0x3d, 0x0, 0x50, 0xa8, 0x7, 0xe5, 0x32, 0x0,
    0x9, 0x40, 0x80, 0x79, 0x69, 0x16, 0x58, 0x3c,
    0xb8, 0x80, 0x32, 0xd3, 0xdb, 0x32, 0x71, 0x5,
    0xc8, 0x2, 0x5a, 0x78, 0x56, 0x7d, 0x29, 0x78,
    0x0, 0x96, 0x9e, 0x16, 0x9e, 0x9, 0x9e, 0x0,
    0x25, 0xa7, 0x85, 0xa7, 0x80, 0x4, 0x40, 0x2,
    0x2a, 0x68, 0x5a, 0x78, 0x0, 0xfc, 0xe1, 0x2b,
    0x4f, 0x0, 0x1f, 0xc8, 0x3d, 0x4f, 0x0, 0x1f,
    0xe1, 0xc9, 0xb8, 0x0, 0xff, 0x80,

    /* U+E0ED "" */
    0x0, 0x9b, 0xbf, 0xfd, 0xcc, 0x1, 0xc5, 0x2d,
    0x55, 0xe6, 0x92, 0x0, 0xd0, 0x50, 0xab, 0xe8,
    0x28, 0x0, 0x89, 0x6c, 0x3, 0xf5, 0xa9, 0x0,
    0x20, 0x58, 0x3, 0xf3, 0xc, 0x1, 0x2a, 0x9d,
    0x9b, 0xf3, 0xaa, 0x89, 0xc1, 0x66, 0x23, 0xf4,
    0xa8, 0x38, 0x3, 0xbb, 0xff, 0x80, 0x1, 0xd1,
    0x0, 0xd3, 0x0, 0xff, 0xa6, 0x41, 0xc6, 0x1,
    0xf9, 0x81, 0xd1, 0xa, 0xca, 0xbe, 0x70, 0x63,
    0x78, 0xaa, 0xff, 0x43, 0x98,

    /* U+E0EF "" */
    0x0, 0xca, 0x1, 0x28, 0x7, 0xd4, 0x80, 0xa,
    0x40, 0xe, 0x20, 0x70, 0x20, 0x70, 0xe, 0x60,
    0x20, 0x60, 0x20, 0x2, 0xb3, 0x38, 0x19, 0x9c,
    0xc, 0xc5, 0x9b, 0xb2, 0x84, 0xc2, 0x84, 0xc4,
    0xe6, 0xe9, 0x93, 0xb8, 0xc9, 0xdc, 0xc0, 0x8,
    0x84, 0x0, 0x42, 0x1, 0x2b, 0x3a, 0x8b, 0x3a,
    0x8b, 0x31, 0x66, 0xe8, 0x56, 0xe8, 0x56, 0xed,
    0x39, 0xba, 0xa, 0xdd, 0x5, 0x6e, 0xb0, 0x0,
    0x40, 0xe0, 0x40, 0xe0, 0x1c, 0xc0, 0x40, 0xc0,
    0x40, 0x1c, 0xe8, 0x20, 0xe8, 0x20, 0x10,

    /* U+E0F0 "" */
    0x0, 0xfa, 0x14, 0x3, 0xff, 0x84, 0x9a, 0x1,
    0xfe, 0x30, 0x9, 0xc0, 0x31, 0x80, 0x70, 0xe4,
    0x80, 0x2a, 0x0, 0x13, 0x82, 0x1, 0x86, 0x94,
    0x5, 0xd8, 0x41, 0x68, 0x40, 0x39, 0x71, 0x7a,
    0x65, 0xcb, 0x8a, 0x1, 0xf0, 0xd3, 0x7f, 0x96,
    0x80, 0x39, 0x7f, 0xc2, 0xa1, 0x0, 0xb, 0x4,
    0x5f, 0xf0, 0xad, 0x58, 0xac, 0x88, 0x0, 0x65,
    0x55, 0x56, 0x20, 0x1, 0x54, 0x35, 0x5c, 0x68,
    0xa0, 0x12, 0xd5, 0x7f, 0xf0, 0x6c, 0x57, 0xff,
    0xff, 0x84, 0x22, 0x66, 0xff, 0xe1, 0x2, 0xdd,
    0xff, 0xf0, 0x84,

    /* U+E0F1 "" */
    0x0, 0xe3, 0x67, 0x51, 0x0, 0xf9, 0x7b, 0x22,
    0x6b, 0xa4, 0x3, 0xa2, 0x93, 0x7b, 0x9f, 0x2f,
    0xa2, 0x0, 0x57, 0x9a, 0x20, 0x9, 0xbc, 0x74,
    0x1, 0x6c, 0xc0, 0xf, 0xf, 0x1b, 0x18, 0xd8,
    0x7, 0xe2, 0x5d, 0x50, 0x20, 0xf, 0xec, 0x50,
    0x15, 0x40, 0xf, 0x12, 0xf8, 0x0, 0x6a, 0xf0,
    0x3, 0x36, 0xd3, 0x0, 0x7, 0xf0, 0xc8, 0x2,
    0x87, 0xfa, 0x0, 0xc4, 0x2, 0x1, 0xb8, 0xc,
    0x3, 0xff, 0x86, 0x43, 0x16, 0x4, 0x1, 0x15,
    0x3d, 0x12, 0x42, 0xbd, 0x8, 0x5, 0xcf, 0x4f,
    0xc0,

    /* U+E0F2 "" */
    0x0, 0xff, 0xe3, 0x15, 0x7f, 0xa8, 0x89, 0x5d,
    0xca, 0x30, 0x9, 0x35, 0xa6, 0x4d, 0xba, 0x1b,
    0xb0, 0xe2, 0x0, 0x29, 0x71, 0x99, 0x91, 0x36,
    0xaa, 0xb5, 0x90, 0x31, 0x80, 0xc, 0xec, 0x1,
    0xa0, 0x8d, 0xc0, 0x80, 0x3f, 0xc4, 0xe, 0xa0,
    0xa0, 0x1f, 0xe5, 0x5, 0x15, 0xb1, 0x0, 0xfc,
    0x36, 0xa2, 0x16, 0x78, 0x20, 0x1e, 0x1c, 0x3b,
    0x0, 0xe, 0x6, 0x8, 0x6, 0x1c, 0xc, 0x10,
    0x8, 0x70, 0x30, 0x80, 0x5, 0x81, 0x82, 0x1,
    0xc3, 0x83, 0x84, 0x4c, 0x1c, 0x10, 0xf, 0x87,
    0xb, 0x74, 0x58, 0x20, 0x1f, 0xec, 0xaa, 0x60,
    0x7, 0x80,

    /* U+E0F5 "" */
    0x0, 0xff, 0xe3, 0xa7, 0x7d, 0x0, 0x7f, 0x35,
    0xa5, 0x26, 0x8, 0x7, 0xa2, 0x62, 0x97, 0xc7,
    0xc8, 0x3, 0x53, 0x5b, 0x80, 0x7, 0x53, 0x50,
    0x1, 0x8f, 0x88, 0x1, 0xd5, 0x16, 0xac, 0x78,
    0x40, 0x1f, 0x3b, 0xac, 0x4, 0x40, 0x5, 0x66,
    0x88, 0x1, 0xc2, 0x1, 0x92, 0xae, 0xd1, 0xe0,
    0x3, 0x0, 0xe2, 0x1d, 0xd4, 0x18, 0x7, 0xff,
    0x4c, 0x40, 0x3f, 0xf8, 0x6, 0x8, 0x3d, 0xc8,
    0x1d, 0xd4, 0xe, 0xf4, 0xb9, 0x74, 0x45, 0x37,
    0x68, 0x9b, 0x8b, 0x90,

    /* U+E0F6 "" */
    0x2, 0x66, 0xff, 0x28, 0x16, 0xc4, 0x7f, 0xaa,
    0x50, 0x7b, 0xbf, 0xd2, 0xe0, 0x11, 0x67, 0x30,
    0x7, 0x18, 0x80, 0x50, 0x4b, 0x22, 0x1, 0xfe,
    0x30, 0xe, 0x10, 0xf, 0x40, 0xac, 0x89, 0xf7,
    0x28, 0xc0, 0x31, 0x67, 0x32, 0x62, 0xd2, 0xc0,
    0x7, 0xc9, 0x6b, 0x6b, 0x80, 0x1f, 0x2d, 0xb5,
    0x0, 0xe, 0x0, 0x39, 0xa9, 0xe4, 0x3, 0x18,
    0x6, 0x69, 0x88, 0x0, 0x71, 0xb, 0x8f, 0x48,
    0x56, 0xee, 0xee, 0x43, 0x8f, 0x44, 0xca, 0xef,
    0xa2, 0x17, 0x20,

    /* U+E0F9 "" */
    0x0, 0xf1, 0x22, 0x8, 0x3, 0xfc, 0xdb, 0xab,
    0xb6, 0xe9, 0x80, 0x3e, 0xb9, 0x5c, 0xfe, 0xb6,
    0x9b, 0x0, 0xeb, 0x6d, 0x83, 0x1, 0x4b, 0xa4,
    0xb0, 0x9, 0x93, 0xc8, 0x0, 0x22, 0x0, 0x2c,
    0xa3, 0x0, 0x2d, 0xc8, 0x2, 0x99, 0x0, 0x4c,
    0x76, 0x4, 0x4b, 0x0, 0xd1, 0x0, 0xd, 0x64,
    0x46, 0x3, 0x0, 0xd2, 0x80, 0x18, 0xc1, 0x80,
    0x3e, 0x42, 0x0, 0xf9, 0x80, 0xc0, 0x3f, 0xc6,
    0xc, 0x44, 0xa0, 0xf, 0xf5, 0x91, 0x2, 0xd8,
    0x80, 0x2c, 0x60, 0x9, 0x4e, 0xc0, 0xc, 0x98,
    0x40, 0x1, 0x0, 0x96, 0x91, 0x80, 0x2b, 0x5d,
    0x83, 0x0, 0x25, 0x51, 0x2c, 0x3, 0xae, 0x57,
    0x3f, 0xd6, 0xf3, 0x60, 0x1f, 0x36, 0xea, 0xed,
    0xba, 0x60, 0xc,

    /* U+E0FD "" */
    0x0, 0xff, 0xe0, 0x88, 0x80, 0x3f, 0xf8, 0x25,
    0xf2, 0x1, 0xff, 0xc0, 0x2c, 0x38, 0x0, 0xff,
    0x8b, 0xc, 0x98, 0x3, 0xfc, 0x78, 0xba, 0xf2,
    0x1, 0xfc, 0x7a, 0x20, 0x6c, 0x80, 0x11, 0x5f,
    0xfa, 0xd7, 0x57, 0x17, 0x16, 0xc0, 0x9, 0xaf,
    0x32, 0x7a, 0x2b, 0x3c, 0xab, 0x0, 0xa9, 0x71,
    0x99, 0x88, 0x40, 0x2, 0x50, 0x8, 0xc6, 0x0,
    0x34, 0x89, 0x80, 0x79, 0xc0, 0x80, 0x31, 0x3,
    0x80, 0x79, 0x81, 0x0, 0x32, 0x3, 0x0, 0x78,
    0x92, 0x48, 0x0, 0x52, 0x84, 0x1, 0xf5, 0xe,
    0xdd, 0xb4, 0x68, 0x3, 0xf0, 0xe5, 0x11, 0x2b,
    0x4, 0x3, 0xe0,

    /* U+E0FE "" */
    0x0, 0xc6, 0x60, 0xf, 0xfe, 0x17, 0x70, 0x3,
    0xfe, 0x45, 0x54, 0x41, 0x56, 0x30, 0xf, 0x1d,
    0xd5, 0x7d, 0xc0, 0x1e, 0x3f, 0xf5, 0xff, 0x98,
    0x7b, 0x40, 0x3f, 0x15, 0xc4, 0x1a, 0x84, 0x3,
    0xf8, 0xa9, 0xdd, 0x48, 0x1, 0xff, 0x78, 0x3,
    0xc0, 0x23, 0xc0, 0xf, 0x52, 0xdd, 0x96, 0x40,
    0x1e, 0x6c, 0x1, 0xeb, 0x44, 0x58, 0x1, 0xd,
    0x20, 0x3, 0xa9, 0x0, 0x9, 0x21, 0x9, 0x42,
    0xc0, 0x1f, 0xe4, 0x35, 0xc0, 0x80, 0xf, 0xf4,
    0x1c, 0x5c, 0xb, 0x0, 0x7e, 0x43, 0xf6, 0x63,
    0xb4, 0x0, 0x7e, 0xd4, 0x30, 0xa, 0x4, 0xc0,
    0x3e, 0x9b, 0x0, 0xc3, 0xe6,

    /* U+E0FF "" */
    0x16, 0x6c, 0x60, 0x4, 0x66, 0x94, 0x36, 0x2e,
    0xd1, 0x80, 0xb7, 0x7a, 0x90, 0x63, 0x76, 0x1,
    0x31, 0xdd, 0x84, 0x80, 0x3f, 0xfa, 0xd, 0x3f,
    0xec, 0x11, 0x10, 0xff, 0xc2, 0xb5, 0x5d, 0xe0,
    0x99, 0x55, 0x61, 0x88, 0x7, 0xff, 0x6, 0xea,
    0xb7, 0x82, 0x65, 0x55, 0x86, 0xd3, 0xfe, 0xc1,
    0x11, 0xf, 0xfc, 0x2a, 0x1, 0xff, 0xd1, 0xc6,
    0x65, 0x80, 0x42, 0xcd, 0x9, 0xdb, 0xc4, 0x15,
    0x85, 0xd2, 0x22, 0x34,

    /* U+E102 "" */
    0x0, 0xff, 0x12, 0x0, 0x7f, 0xf0, 0xf, 0x75,
    0x7f, 0x0, 0x1f, 0xc7, 0xa3, 0x9d, 0x2f, 0x0,
    0x1f, 0xa1, 0x70, 0xc5, 0xa5, 0xc4, 0x3, 0xeb,
    0xb0, 0x6, 0x70, 0x50, 0xc, 0x2f, 0x50, 0x40,
    0x18, 0xc1, 0x80, 0x23, 0xf9, 0x15, 0xd6, 0x0,
    0xa4, 0x88, 0x0, 0x3c, 0x5e, 0xbd, 0x8b, 0x0,
    0x5a, 0x70, 0x0, 0xf1, 0x2c, 0x35, 0xdd, 0xa1,
    0x69, 0x86, 0x0, 0xe4, 0xb0, 0x5, 0x46, 0xdf,
    0x2e, 0x18, 0x0, 0xca, 0x40, 0x27, 0xc5, 0x19,
    0xf3, 0x0, 0x9c, 0xc, 0x3, 0x1c, 0x53, 0x88,
    0x6, 0x50, 0x70, 0xd, 0x76, 0x0, 0xf8, 0x5a,
    0x54, 0x4f, 0x16, 0x0, 0x3f, 0x4b, 0x57, 0x60,
    0xe1, 0x80, 0x7f, 0x4f, 0x66, 0xe8, 0x80, 0x3f,
    0x0,

    /* U+E106 "" */
    0x11, 0x0, 0x11, 0x57, 0xf1, 0x4c, 0x80, 0xae,
    0xab, 0xf5, 0xc4, 0x0, 0xbf, 0xff, 0xa4, 0x3,
    0xff, 0xa0, 0x46, 0x0, 0x67, 0x7f, 0xc6, 0x96,
    0x3, 0x75, 0x5f, 0xad, 0xa0, 0x7, 0x77, 0xfa,
    0x0, 0x3f, 0xfa, 0x11, 0x0, 0x2f, 0xff, 0xe9,
    0x95, 0x1, 0x5d, 0x57, 0xeb,

    /* U+E10B "" */
    0x0, 0xe1, 0x43, 0x0, 0xff, 0x47, 0x5e, 0x72,
    0x80, 0x7d, 0xf, 0x3f, 0xcf, 0x48, 0x1, 0xe7,
    0x96, 0x1, 0x94, 0xf0, 0xe, 0x30, 0x40, 0xd,
    0xaa, 0x1, 0xf1, 0x80, 0x7f, 0x8d, 0x1, 0xd5,
    0x77, 0x8a, 0x88, 0x36, 0x40, 0x4d, 0x56, 0x60,
    0xaf, 0x1b, 0x7f, 0xff, 0xf0, 0xb8, 0x78, 0x7,
    0xf8, 0x40, 0x3f, 0xfc, 0x1e, 0x1, 0xfe, 0x10,
    0xa7, 0xff, 0xff, 0xb, 0xbb, 0x2a, 0xbf, 0xaf,
    0x84,

    /* U+E10F "" */
    0x8, 0xff, 0xff, 0xe0, 0x40, 0x1b, 0xc5, 0x57,
    0xfa, 0x1c, 0xd8, 0x5, 0x57, 0xfc, 0x20, 0xc0,
    0x9, 0xc2, 0x0, 0xf1, 0x5c, 0x80, 0x6c, 0x1d,
    0x70, 0xc, 0xfa, 0xd8, 0x1, 0x8f, 0x62, 0x1a,
    0x66, 0xc8, 0x86, 0x98, 0x7, 0x9f, 0x5b, 0x30,
    0xfa, 0xe0, 0x1f, 0xc5, 0x79, 0x8b, 0x20, 0xf,
    0xfe, 0x1, 0x98, 0x3, 0xff, 0x96, 0xc0, 0xea,
    0xbf, 0xe7, 0x6, 0x37, 0x8a, 0xaf, 0xf4, 0x39,
    0x80,

    /* U+E110 "" */
    0x0, 0xca, 0x60, 0x1f, 0xe7, 0xea, 0xcb, 0x30,
    0x3, 0xf7, 0x92, 0xf4, 0xc8, 0x58, 0x33, 0x1f,
    0x32, 0x4, 0x84, 0xe7, 0xf, 0xbc, 0x36, 0xe7,
    0x10, 0x6, 0x0, 0x71, 0x8f, 0x80, 0x7f, 0xff,
    0xc4, 0x2, 0x10, 0xe, 0x11, 0x0, 0x4f, 0xc3,
    0x16, 0x60, 0x31, 0xc2, 0x8d, 0x12, 0xdd, 0x81,
    0x83, 0xd, 0x1c, 0x55, 0x4e, 0x81, 0x3b, 0xc6,
    0x8e, 0x70, 0x0,

    /* U+E111 "" */
    0x0, 0xc2, 0x88, 0x10, 0xf, 0x8a, 0xfa, 0xed,
    0xd8, 0x60, 0x18, 0xf5, 0xef, 0xfd, 0x61, 0x8a,
    0x1, 0x6a, 0xe2, 0x0, 0x13, 0x16, 0x88, 0x1c,
    0x28, 0x1b, 0xb9, 0x1, 0x43, 0x61, 0x6c, 0x9,
    0x2d, 0x2e, 0xe0, 0x67, 0x2, 0xd0, 0xc2, 0x87,
    0x6c, 0xe, 0x10, 0x32, 0xe, 0x23, 0x14, 0x20,
    0x10, 0x2, 0x60, 0x31, 0xe7, 0x4, 0x6, 0x20,
    0x52, 0x18, 0x66, 0x2f, 0x44, 0xd3, 0x80, 0xd7,
    0xc0, 0x6, 0x80, 0xf, 0x25, 0x0, 0x59, 0x48,
    0x6, 0x93, 0xe0, 0x8, 0x69, 0x9c, 0x0, 0xed,
    0x26, 0x1, 0x92, 0xa1, 0xdd, 0x10, 0x60, 0xf,
    0x2d, 0x44, 0x4e, 0x1, 0xf9, 0x77, 0x1c, 0x3,
    0x80,

    /* U+E115 "" */
    0x3, 0x55, 0xff, 0x18, 0x3, 0xaa, 0xbf, 0xdc,
    0x0, 0xdf, 0xff, 0xf6, 0x80, 0x7f, 0xf4, 0x95,
    0x9b, 0xfc, 0xa0, 0x9, 0xbb, 0xff, 0x48, 0x3,
    0x37, 0x7f, 0xd8, 0x1, 0xff, 0xd2, 0xdf, 0xff,
    0xf6, 0x80, 0x3a, 0xab, 0xfd, 0xc0,

    /* U+E116 "" */
    0x0, 0xf1, 0x22, 0x8, 0x3, 0xfc, 0xdb, 0xab,
    0xb6, 0xe9, 0x40, 0x3e, 0xb9, 0x4c, 0xff, 0x62,
    0x55, 0x80, 0x75, 0xae, 0x49, 0x80, 0xe, 0x71,
    0x6c, 0x2, 0x64, 0xd3, 0x0, 0xf1, 0xea, 0x30,
    0x2, 0xd8, 0xc0, 0x3f, 0x1b, 0x58, 0x11, 0x28,
    0x3, 0xfd, 0x44, 0x46, 0x3, 0x0, 0xff, 0x18,
    0x30, 0x7, 0xff, 0x11, 0x80, 0xc0, 0x3f, 0xc6,
    0xc, 0x44, 0xb0, 0xf, 0xf5, 0x11, 0x1, 0xcc,
    0x3, 0xf8, 0xda, 0xc0, 0x9, 0x80, 0x1f, 0x8f,
    0x51, 0x80, 0xc4, 0x9e, 0xa0, 0xc0, 0x4e, 0x71,
    0x68, 0x3, 0x54, 0x8a, 0xe7, 0xf6, 0x25, 0x58,
    0x80, 0xf, 0x31, 0xd7, 0xba, 0xbb, 0x76, 0xa8,
    0x6,

    /* U+E118 "" */
    0x0, 0xe6, 0x60, 0x7, 0xf6, 0xcc, 0xb4, 0x3,
    0xe5, 0x2d, 0xe2, 0x50, 0xf, 0x18, 0x90, 0x88,
    0xc0, 0x3f, 0xf8, 0x82, 0x1, 0xf8, 0x41, 0x38,
    0x3, 0xf7, 0x20, 0x80, 0x7f, 0x84, 0x40, 0x26,
    0x24, 0x41, 0x31, 0x1, 0x50, 0x75, 0x3d, 0xd1,
    0xaa, 0x2, 0x8b, 0x40, 0xe4, 0xcb, 0x6, 0xd8,
    0x42, 0xb, 0xd5, 0x98, 0xb8, 0x70, 0x0, 0x1c,
    0x7a, 0xff, 0x52, 0x60, 0x80, 0x69, 0xe5, 0x57,
    0x48, 0x80, 0x78, 0x48, 0x82, 0x1, 0xfd, 0x32,
    0x0, 0xe0,

    /* U+E119 "" */
    0x5, 0x0, 0xe4, 0x20, 0xf, 0x86, 0xa8, 0x0,
    0x2e, 0xbd, 0xa0, 0xf, 0xd, 0xad, 0x5, 0x97,
    0x52, 0xa0, 0x7, 0x92, 0xd6, 0x65, 0x82, 0xa2,
    0x40, 0x1f, 0x25, 0xb4, 0x80, 0x7f, 0xf0, 0x52,
    0xda, 0x40, 0x6, 0x1, 0xf9, 0x3d, 0x1d, 0xa4,
    0x11, 0x43, 0xd0, 0x3, 0x8, 0x4, 0x2d, 0x32,
    0x30, 0x0, 0x80, 0x61, 0x1, 0xf0, 0xa6, 0x80,
    0x8, 0x40, 0x32, 0x3, 0xb8, 0xe8, 0x1e, 0x3,
    0x10, 0x3, 0x9e, 0xb, 0x66, 0xa1, 0xe0, 0xc0,
    0x3d, 0xb, 0x8e, 0xa3, 0xc0, 0xf0, 0x1, 0xf5,
    0xcc, 0xb2, 0xd2, 0x64, 0xf0, 0x1, 0xf3, 0xf2,
    0xbe, 0xb3, 0x25, 0xdc, 0x1, 0xf8, 0xfc, 0x2,
    0x69, 0x81, 0x0, 0xfa, 0x5c, 0x3, 0x37, 0x88,

    /* U+E11C "" */
    0x6, 0x6f, 0xf0, 0x15, 0xdf, 0xf8, 0xc0,

    /* U+E11D "" */
    0x1, 0x66, 0xff, 0xe0, 0x8, 0x3, 0xe6, 0x23,
    0xfd, 0x3e, 0x28, 0x3f, 0xdd, 0xfe, 0xf1, 0x51,
    0x0, 0xff, 0xe1, 0x8, 0x7, 0xff, 0xfc, 0x3,
    0x98, 0x1d, 0x57, 0xfc, 0xe0, 0xc6, 0xd1, 0x55,
    0xfe, 0x87, 0x30, 0x9f, 0xfe, 0x29, 0xff, 0xe8,
    0x0, 0xe1, 0x66, 0x1e, 0x33, 0x0, 0x3f, 0x96,
    0xec, 0x6f, 0x76, 0x10, 0xc,

    /* U+E11E "" */
    0x0, 0xc2, 0xf2, 0x80, 0x1f, 0xd1, 0xd2, 0xde,
    0x1, 0xfa, 0xda, 0x7c, 0x38, 0x3, 0xe8, 0x4c,
    0x62, 0x7, 0x0, 0xf0, 0xbc, 0x90, 0x10, 0x8,
    0x7, 0x90, 0x18, 0x0, 0x25, 0x0, 0x1e, 0xd3,
    0x0, 0xdc, 0x94, 0x40, 0x72, 0x80, 0x1e, 0x3c,
    0x7d, 0xfc, 0x6f, 0xe3, 0x0, 0xe3, 0xdc, 0xad,
    0x33, 0x38, 0x30, 0x7, 0x8d, 0x44, 0xec, 0x5e,
    0x8, 0x3, 0xc3, 0xc8, 0x61, 0x5, 0x8a, 0x1,
    0x93, 0x2, 0x80, 0x2c, 0x7a, 0xeb, 0xb7, 0x5b,
    0x60, 0x80, 0x69, 0xe9, 0x11, 0x4e, 0x58, 0x80,
    0x0,

    /* U+E122 "" */
    0x0, 0xfe, 0x13, 0x68, 0x70, 0xe, 0x68, 0xbe,
    0xe6, 0x4b, 0x48, 0x6, 0x69, 0x41, 0x9b, 0xdf,
    0x80, 0xf, 0xe, 0x53, 0xa1, 0x0, 0x7f, 0xfa,
    0x9b, 0x7e, 0xc0, 0x9, 0x79, 0x40, 0x12, 0x4a,
    0xc9, 0x81, 0x58, 0x29, 0x80, 0x58, 0x50, 0xd2,
    0x14, 0x57, 0x2e, 0x1, 0x71, 0x32, 0x51, 0x79,
    0x8, 0x11, 0x80, 0x19, 0x26, 0xcf, 0x9c, 0xbb,
    0x8b, 0x20, 0x15, 0xe5, 0xf1, 0x6, 0xd4, 0xea,
    0x0, 0x63, 0x40, 0x0,

    /* U+E123 "" */
    0x0, 0xff, 0xe0, 0xa0, 0x7, 0xff, 0x1, 0xb6,
    0xcc, 0x3, 0xf9, 0xba, 0x48, 0x86, 0x1, 0xf3,
    0xf4, 0xbe, 0x4, 0x0, 0x70, 0xc7, 0xcb, 0x74,
    0xd0, 0xa8, 0x4, 0x53, 0xcd, 0x1d, 0x2, 0x26,
    0x80, 0x1, 0x56, 0xbc, 0xf3, 0x80, 0x52, 0x2c,
    0x0, 0xa5, 0x2, 0x13, 0x0, 0xcd, 0x20, 0x14,
    0x6c, 0xb4, 0xe7, 0x0, 0x1c, 0x5c, 0x3, 0x13,
    0x57, 0x60, 0x98, 0x4b, 0x80, 0x7f, 0x18, 0xa3,
    0xc, 0x80, 0x7f, 0x92, 0xec, 0xc2, 0x1, 0xfe,
    0xc3, 0x2b, 0x0, 0xff, 0x90, 0x14, 0x80, 0x3f,
    0xe2, 0x78, 0x0, 0xf0,

    /* U+E129 "" */
    0x0, 0xf0, 0x80, 0x7f, 0xc7, 0x9d, 0xee, 0x1,
    0xf0, 0xce, 0x6, 0x62, 0xf5, 0x0, 0x33, 0xf2,
    0x11, 0xa1, 0xe4, 0x4d, 0x90, 0x44, 0xf, 0x75,
    0x10, 0xe5, 0x56, 0xbe, 0xa, 0x81, 0xe1, 0xbf,
    0x3d, 0x66, 0xc, 0x50, 0x22, 0x7, 0x92, 0x10,
    0x66, 0x7c, 0x0, 0xcf, 0xca, 0xdd, 0xc2, 0xab,
    0x30, 0xe, 0x1a, 0xc0, 0x5e, 0x50, 0xf, 0xe3,
    0x1c, 0x0, 0xff, 0xe4, 0x35, 0x90, 0x7, 0xe7,
    0x6, 0x90, 0xd9, 0x10, 0xc, 0xbb, 0x12, 0x65,
    0x92, 0xfe, 0xc3, 0xf7, 0x4f, 0xcc, 0x1, 0x37,
    0x34, 0x83, 0x3e, 0x50, 0x80, 0x7a, 0x3a, 0x2b,
    0xc, 0x3, 0x0,

    /* U+E12D "" */
    0x0, 0xfc, 0x28, 0x60, 0x1f, 0xf3, 0xf5, 0xe5,
    0x88, 0x7, 0xe8, 0x8b, 0xed, 0x60, 0x3, 0xe8,
    0x79, 0x79, 0x68, 0x70, 0xf, 0x3b, 0xa5, 0xb1,
    0xcc, 0x40, 0x3c, 0xf1, 0x2d, 0x85, 0x87, 0x2c,
    0x1, 0x9a, 0x25, 0xb0, 0xb0, 0x31, 0x60, 0x2,
    0x69, 0x86, 0xb2, 0xc0, 0xc2, 0xb5, 0xe0, 0x19,
    0x77, 0x5a, 0xe0, 0x61, 0x62, 0x53, 0x3, 0xc,
    0x52, 0xe0, 0x61, 0x62, 0x5b, 0x40, 0x6a, 0x82,
    0xc0, 0x61, 0x62, 0x5a, 0xc8, 0x0, 0xd8, 0x16,
    0x75, 0x70, 0xed, 0x68, 0x2, 0xd2, 0x4a, 0xaa,
    0xcf, 0x12, 0x80, 0x32, 0x2d, 0xb2, 0x21, 0xb1,
    0x2c, 0x3, 0xd4, 0xf3, 0xdc, 0x97, 0xb0, 0xf,
    0xd1, 0xf7, 0x6f, 0x80, 0xf, 0x80,

    /* U+E12E "" */
    0x4, 0x66, 0x20, 0x1, 0x19, 0x88, 0x7, 0x77,
    0x8c, 0xd7, 0x78, 0xd8, 0x37, 0x40, 0xcc, 0xd,
    0xd0, 0x30, 0x7, 0xff, 0xfc, 0x3, 0xff, 0xae,
    0xcc, 0x0, 0xcc, 0xc0, 0x2, 0xa5, 0xd9, 0x15,
    0x49, 0x76, 0x45,

    /* U+E132 "" */
    0x0, 0xff, 0xe1, 0x96, 0xfc, 0x80, 0x78, 0xc0,
    0x2e, 0x19, 0x66, 0x0, 0x67, 0xc3, 0x0, 0x1d,
    0x31, 0x70, 0x4, 0xf1, 0x26, 0x0, 0x59, 0xc2,
    0xb0, 0x3, 0xc4, 0x18, 0x2, 0xa8, 0x5b, 0x30,
    0x78, 0x83, 0x80, 0x73, 0xca, 0x3, 0xc4, 0x1c,
    0x3, 0xf9, 0xe2, 0xe, 0x1, 0xfc, 0xf1, 0x7,
    0x5, 0xa6, 0x0, 0xe7, 0x88, 0x38, 0x35, 0x34,
    0xc0, 0x4, 0xf1, 0x7, 0x0, 0x69, 0xe4, 0xa8,
    0x0, 0xe2, 0xe, 0x1, 0x19, 0x9a, 0x98, 0x0,
    0x78, 0xe0, 0x1a, 0x52, 0x42, 0x80,

    /* U+E133 "" */
    0x0, 0x22, 0xa0, 0x80, 0x7f, 0xdb, 0x75, 0x7e,
    0x20, 0x1f, 0xc8, 0x5d, 0xfe, 0x17, 0x0, 0xff,
    0xe1, 0x8, 0x7, 0xf9, 0x80, 0xc0, 0x3f, 0xf8,
    0x24, 0x8, 0xc, 0x24, 0x1, 0xfe, 0x4c, 0x8,
    0x64, 0x0, 0xff, 0x72, 0x93, 0xa0, 0x7, 0xfc,
    0xa5, 0x12, 0x74, 0x1, 0xff, 0x4a, 0xab, 0x56,
    0x80, 0x8, 0xee, 0x61, 0x0, 0x91, 0xa8, 0x31,
    0x36, 0xae, 0xa9, 0x1e, 0x20, 0x14, 0xa6, 0x37,
    0x23, 0xce, 0xeb, 0x85, 0x0, 0x35, 0xb5, 0x52,
    0xf5, 0x80, 0x3f, 0xd3, 0x6f, 0xb6, 0xc4, 0x4,
    0x2, 0x1, 0xe4, 0xda, 0x9, 0xdf, 0xd2, 0x40,
    0xf, 0xcb, 0x7f, 0xb7, 0x6d, 0x0,

    /* U+E13C "" */
    0x4, 0x96, 0x0, 0xfe, 0x2b, 0x59, 0xd4, 0x0,
    0xf9, 0xc3, 0x39, 0xee, 0xc4, 0x1, 0xf8, 0x6b,
    0x1f, 0x60, 0x3, 0xf8, 0xf2, 0x5b, 0x94, 0x3,
    0xf9, 0xbd, 0xea, 0xc0, 0x3f, 0x86, 0x71, 0x5c,
    0x3, 0xff, 0x92, 0x33, 0x8a, 0xe0, 0x1f, 0x37,
    0xbd, 0x58, 0x7, 0x8f, 0x25, 0xb9, 0x40, 0x38,
    0x6b, 0x1f, 0x60, 0x3, 0x38, 0x67, 0x3d, 0x59,
    0x0, 0x71, 0x62, 0xc6, 0xa8, 0x7, 0xc0,

    /* U+E13D "" */
    0x0, 0xff, 0xe2, 0xea, 0x80, 0x7f, 0xc6, 0x1,
    0xff, 0xd1, 0x26, 0x6c, 0x78, 0xcd, 0x81, 0x2e,
    0xf0, 0xa5, 0xde, 0x6, 0xdd, 0xc5, 0x1b, 0xb8,
    0x3, 0xff, 0xbd, 0x68, 0x1, 0xc0,

    /* U+E140 "" */
    0x0, 0xf8, 0xc0, 0x3f, 0xf8, 0xd, 0xa0, 0x1f,
    0xfc, 0xa1, 0x0, 0xfc, 0x40, 0x11, 0x73, 0x0,
    0x78, 0xb5, 0x40, 0x1c, 0x6c, 0x1, 0xe2, 0x6b,
    0x3, 0x37, 0x80, 0x7e, 0x81, 0x64, 0x13, 0x0,
    0xfc, 0x29, 0x9c, 0x40, 0x19, 0x18, 0x3, 0x10,
    0x8c, 0x1, 0x8a, 0x0, 0x31, 0x86, 0x11, 0x0,
    0x3f, 0x93, 0x10, 0x60, 0x3, 0xf3, 0xa, 0x85,
    0x2b, 0x80, 0x79, 0x25, 0xc8, 0x12, 0x62, 0xd0,
    0x41, 0x2a, 0xd6, 0x0, 0x26, 0xc7, 0xbe, 0xfb,
    0x7a, 0xa0, 0x7, 0x1e, 0x75, 0xdb, 0xb5, 0x40,
    0x20,

    /* U+E142 "" */
    0x0, 0x90, 0x3, 0xf1, 0x80, 0x75, 0xd0, 0x7,
    0xee, 0xc0, 0x9, 0x92, 0x85, 0x40, 0x32, 0x8f,
    0x1b, 0x0, 0x2d, 0x93, 0x64, 0x3, 0x4e, 0x9b,
    0x58, 0x11, 0x29, 0xf, 0x93, 0x74, 0x9c, 0x69,
    0x44, 0x2c, 0x7, 0x84, 0x4a, 0x77, 0x51, 0x13,
    0xc, 0x14, 0x3, 0xff, 0x88, 0xc0, 0x78, 0x44,
    0xa7, 0x75, 0x11, 0x30, 0xc1, 0x88, 0x94, 0x87,
    0xc9, 0xba, 0x4e, 0x34, 0xa2, 0x20, 0x5b, 0x26,
    0xc8, 0x6, 0x9d, 0x36, 0xb0, 0x3, 0x25, 0xa,
    0x80, 0x65, 0x1e, 0x46, 0x0, 0xae, 0x80, 0x3f,
    0x75, 0x80, 0x0,

    /* U+E145 "" */
    0x0, 0xc2, 0xae, 0xc8, 0x1, 0x28, 0x80, 0x53,
    0xd5, 0x31, 0x7c, 0xc1, 0x6e, 0x3, 0x8f, 0x3f,
    0xdd, 0x4c, 0xac, 0x40, 0x16, 0x58, 0xc0, 0x10,
    0x9b, 0xa0, 0x0, 0xd6, 0x88, 0x3, 0x15, 0xb8,
    0x0, 0xac, 0x90, 0x3, 0x8b, 0xff, 0x21, 0xa0,
    0x7, 0xf9, 0xcb, 0x74, 0x1, 0xfe, 0x87, 0x64,
    0x0, 0xfe, 0x20, 0x7a, 0xff, 0xac, 0x3, 0xd6,
    0x44, 0x10, 0x1a, 0x80, 0xe, 0x46, 0x80, 0x1,
    0x8c, 0x80, 0x73, 0xdb, 0x28, 0x1, 0x35, 0xf3,
    0x6e, 0xdf, 0x10, 0x90, 0x6, 0xe1, 0x5e, 0x50,
    0x94, 0xf3, 0x80, 0x40,

    /* U+E146 "" */
    0x0, 0xff, 0xe5, 0xaf, 0x18, 0x7, 0xfc, 0xaa,
    0xd3, 0x0, 0x8d, 0x9b, 0xec, 0x1d, 0x20, 0xac,
    0x88, 0xeb, 0xb5, 0x0, 0xa3, 0x2d, 0xf7, 0x76,
    0xea, 0x1, 0xdb, 0x55, 0x0, 0x3c, 0x74, 0xf0,
    0x0, 0x20, 0xf, 0x86, 0x60, 0x1, 0x50, 0x1,
    0xf1, 0x30, 0x3a, 0x8, 0x2f, 0x88, 0x7, 0xd7,
    0x80, 0xb4, 0xe2, 0x1, 0xe1, 0x3e, 0x5a, 0x1f,
    0x77, 0xfb, 0xc9, 0xbc, 0x6, 0xab, 0xf3, 0xe0,
    0x51, 0x8f, 0x6e, 0xfd, 0x22, 0x0, 0xc5, 0xd1,
    0x0, 0xff, 0xae, 0x44, 0x3, 0xf8,

    /* U+E14D "" */
    0x2, 0x66, 0xfc, 0x20, 0x11, 0x6c, 0x4c, 0x5c,
    0x46, 0xe3, 0x0, 0x20, 0xf0, 0xc6, 0xf7, 0x64,
    0xc4, 0x0, 0xef, 0x55, 0xc5, 0x6b, 0x68, 0x1,
    0x33, 0x2a, 0xb4, 0x85, 0x2d, 0x0, 0x51, 0xff,
    0xd6, 0x0, 0xf1, 0x0, 0xff, 0xe2, 0xc7, 0xff,
    0xb0, 0x3, 0xcc, 0xca, 0xad, 0x26, 0x60, 0xf,
    0x7a, 0xae, 0x70, 0xf, 0xfe, 0x28, 0x80, 0x7f,
    0xf0, 0xc, 0x1c, 0x78, 0x63, 0x77, 0x78, 0x6c,
    0xb8, 0xf4, 0x4c, 0x5d, 0xe8, 0x98, 0xb9,

    /* U+E14E "" */
    0x4, 0xbc, 0x60, 0xf, 0x84, 0xe, 0xc5, 0x65,
    0x80, 0x39, 0xf8, 0x2c, 0xaa, 0x57, 0x40, 0x34,
    0x42, 0x83, 0xcc, 0x41, 0x84, 0x2, 0x87, 0xa5,
    0x7, 0x3e, 0xe1, 0x88, 0x2, 0x1e, 0x94, 0x2,
    0xd9, 0x8b, 0x5b, 0x87, 0xa5, 0x0, 0xe6, 0x62,
    0x6a, 0x3d, 0x28, 0x7, 0xf5, 0x84, 0xa8, 0x7,
    0x92, 0xf2, 0x9e, 0x5a, 0x18, 0x3, 0x1d, 0x8a,
    0xa9, 0x98, 0x1d, 0x2e, 0x1, 0x59, 0x54, 0xa9,
    0x0, 0x1a, 0x20, 0xe0, 0xf, 0x31, 0x6, 0x10,
    0x9, 0xe2, 0xc, 0xe, 0x7d, 0xc2, 0x80, 0xc,
    0xf3, 0x60, 0xd, 0x98, 0xf2, 0x0, 0xe6, 0xd0,

    /* U+E151 "" */
    0x0, 0xc4, 0xce, 0xc2, 0x1, 0xf0, 0xd6, 0xcd,
    0x4f, 0x48, 0x7, 0xf, 0xbd, 0xfe, 0xfd, 0x3e,
    0x0, 0x6a, 0x3c, 0x40, 0x9, 0x70, 0xa4, 0x0,
    0x69, 0xc2, 0x1, 0xc5, 0xc, 0x0, 0x41, 0x30,
    0xf, 0x98, 0x10, 0x3c, 0x80, 0x3f, 0xc4, 0x1e,
    0x40, 0x1f, 0x84, 0x8, 0x14, 0x4c, 0x3, 0xe7,
    0x5, 0x2, 0x4e, 0x0, 0xf1, 0x43, 0x8, 0x2,
    0x8f, 0x50, 0x2, 0x5c, 0x1f, 0x0, 0x87, 0xda,
    0xfb, 0x7e, 0x91, 0xe5, 0x40, 0x21, 0xbd, 0x8a,
    0x9e, 0xa8, 0x7a, 0x50, 0xc, 0x4c, 0xec, 0x20,
    0x8, 0x86, 0x80,

    /* U+E152 "" */
    0x0, 0xff, 0xe0, 0x8a, 0x0, 0x7f, 0xc2, 0xd9,
    0xd6, 0x80, 0x1f, 0xb, 0x5f, 0x49, 0x80, 0x14,
    0x3, 0x96, 0xfa, 0x46, 0xa0, 0x0, 0x62, 0x0,
    0x5a, 0xfa, 0xa, 0xfa, 0x28, 0x80, 0x50, 0x17,
    0x50, 0xcf, 0x5a, 0x83, 0xc4, 0x8, 0x1c, 0x0,
    0x20, 0x2a, 0x20, 0x7, 0x88, 0x3f, 0xa0, 0x81,
    0x7c, 0xbe, 0x6b, 0x3c, 0x41, 0xc1, 0x74, 0x3,
    0x36, 0xe2, 0x4c, 0x41, 0xc1, 0x41, 0xc0, 0x3c,
    0x73, 0xc0, 0x20, 0xe, 0x41, 0x0, 0xfc, 0x2d,
    0x60, 0x29, 0xa0, 0x1f, 0xea, 0x23, 0x70, 0x60,
    0xf, 0xf1, 0x9a, 0xb5, 0x0, 0x3f, 0xf8, 0x14,
    0xc9, 0xc0, 0x1f, 0xfc, 0x6, 0x1, 0x50, 0xf,
    0xfe, 0xe, 0xe0, 0x7, 0x0,

    /* U+E153 "" */
    0x0, 0x22, 0xaf, 0xf9, 0x0, 0x2d, 0xba, 0xaf,
    0xf5, 0xe8, 0x21, 0x6f, 0xff, 0xfb, 0x49, 0x4,
    0x8, 0x86, 0x1, 0xf8, 0x80, 0x40, 0x24, 0xb0,
    0xf, 0xfe, 0x8, 0xb4, 0x0, 0x7e, 0x10, 0x2,
    0x97, 0x7f, 0xff, 0xb8, 0x94, 0x36, 0xea, 0xbf,
    0xd7, 0xa0, 0x1f, 0xfc, 0x6c, 0xba, 0xaf, 0xf5,
    0xe8, 0x21, 0xef, 0xff, 0xfb, 0x49, 0x4, 0x8,
    0x86, 0x1, 0xf8, 0x80, 0x40, 0x24, 0xb0, 0xf,
    0xfe, 0x8, 0xb4, 0x0, 0x7e, 0x10, 0x2, 0x97,
    0x7f, 0xff, 0xb8, 0x94, 0x36, 0xea, 0xbf, 0xd7,
    0xa0,

    /* U+E154 "" */
    0x0, 0xf1, 0x8, 0x7, 0xfd, 0x3b, 0xd0, 0x1,
    0xfc, 0x4d, 0x32, 0x72, 0x0, 0xe5, 0xa8, 0x91,
    0x66, 0xc, 0xc5, 0x28, 0x2d, 0x2, 0x3e, 0x80,
    0x35, 0xd0, 0x29, 0x30, 0xeb, 0x30, 0x31, 0x23,
    0x98, 0xa3, 0xdc, 0x35, 0x2, 0xc5, 0x7c, 0x10,
    0x53, 0xc5, 0x6b, 0xa, 0xd, 0xe0, 0x60, 0xb6,
    0x50, 0x10, 0xf, 0xbc, 0x0, 0x20, 0x8f, 0x1,
    0x43, 0x98, 0x19, 0x8, 0x74, 0xd3, 0x60, 0x2c,
    0x66, 0x60, 0x83, 0x1e, 0xe1, 0xc5, 0xd0, 0xd5,
    0xa, 0x6e, 0xf, 0xd6, 0xc, 0x9b, 0xc0, 0x18,
    0x80, 0xae, 0xc0, 0xf7, 0x3c, 0x4a, 0x85, 0xd7,
    0xb0, 0x1, 0xc4, 0xb5, 0x6a, 0x60, 0x1f, 0xd5,
    0x98, 0xa0, 0xe,

    /* U+E156 "" */
    0x0, 0xff, 0x1a, 0x0, 0x7f, 0xd7, 0x97, 0xa2,
    0x1, 0xf9, 0x93, 0x34, 0x20, 0x3, 0xf7, 0x11,
    0x92, 0x10, 0x7, 0xca, 0xc5, 0xe, 0xd8, 0x5,
    0x12, 0x65, 0x74, 0x90, 0xd2, 0xee, 0x1c, 0x55,
    0x66, 0xbe, 0x53, 0xf7, 0x20, 0x24, 0x37, 0x10,
    0xf0, 0xc0, 0x3f, 0xf9, 0x12, 0x1b, 0x88, 0x78,
    0x60, 0x1e, 0x1f, 0x45, 0xcd, 0x7c, 0xa7, 0xee,
    0x40, 0x0, 0x66, 0x46, 0x57, 0x49, 0xd, 0x2e,
    0xe0, 0xf, 0x95, 0x8a, 0x1d, 0xb0, 0x3, 0xf7,
    0x11, 0x8a, 0x10, 0x7, 0xe6, 0x4c, 0xe0, 0x80,
    0xf, 0xeb, 0xcb, 0xd1,

    /* U+E158 "" */
    0x0, 0xe3, 0x20, 0xf, 0xe9, 0xcd, 0x90, 0xc,
    0x2b, 0x1c, 0xf5, 0x47, 0xe8, 0x51, 0xca, 0x56,
    0xf5, 0x57, 0xca, 0xd6, 0x15, 0x6c, 0x8, 0x0,
    0x5f, 0x68, 0x80, 0x3f, 0xfc, 0x82, 0x60, 0x1f,
    0x8c, 0x57, 0x0, 0x3f, 0x6a, 0xfa, 0x98, 0x7,
    0x91, 0x1c, 0x88, 0xd4, 0x0, 0xc9, 0x48, 0xa1,
    0x69, 0x74, 0x66, 0xab, 0x4b, 0x0, 0xaa, 0x8f,
    0x98, 0x7a, 0xa0, 0x7, 0x2e, 0xe6, 0x35, 0x40,
    0x20,

    /* U+E15E "" */
    0x0, 0xff, 0xe7, 0xbe, 0x90, 0x7, 0xff, 0x5,
    0x87, 0x8, 0x0, 0xce, 0xa0, 0x1c, 0x4e, 0xc8,
    0x38, 0x22, 0xba, 0xa7, 0x10, 0x2, 0x36, 0x69,
    0x40, 0x54, 0x77, 0x5c, 0x52, 0xa, 0xf3, 0xdb,
    0x41, 0x28, 0x1, 0xe, 0xc8, 0x5b, 0x30, 0x1a,
    0x25, 0x80, 0x38, 0x4a, 0x42, 0x0, 0x9, 0x6c,
    0x1, 0xf1, 0xb5, 0x88, 0x0, 0x90, 0x3, 0xf7,
    0x22, 0x80, 0x4f, 0xa2, 0x1, 0xe8, 0x29, 0x4d,
    0x10, 0x61, 0xc1, 0x0, 0x33, 0xd3, 0xc9, 0x20,
    0x7c, 0x32, 0x16, 0x8, 0xae, 0x9a, 0x98, 0x1,
    0x8c, 0xb4, 0xa0, 0x4a, 0x3b, 0xac, 0x50, 0x8,
    0x63, 0x75, 0x41, 0x28, 0x1, 0xff, 0x2c, 0x4b,
    0x0, 0x7f, 0xf0, 0x1a, 0xd8, 0x0,

    /* U+E15F "" */
    0x0, 0xff, 0xe1, 0x62, 0x80, 0x7c, 0x77, 0xf2,
    0x2, 0x60, 0x1c, 0x33, 0x8f, 0x2c, 0x80, 0x1e,
    0x6f, 0x7a, 0xc6, 0x12, 0x0, 0xc5, 0x92, 0xfe,
    0xa0, 0x1f, 0x3e, 0x86, 0x48, 0x80, 0x7c, 0x51,
    0xc, 0x30, 0xf, 0xfe, 0x59, 0x44, 0x30, 0x80,
    0x3f, 0xcf, 0x81, 0xb2, 0x1, 0xfe, 0x3c, 0x97,
    0xe5, 0x0, 0xff, 0x37, 0xbd, 0x63, 0x9, 0x9,
    0x80, 0x70, 0xce, 0x3c, 0x32, 0x62, 0x80, 0x7c,
    0x77, 0xd2, 0x0,

    /* U+E160 "" */
    0x0, 0xff, 0xe1, 0xcf, 0xd9, 0x0, 0x7c, 0x98,
    0xad, 0xf, 0xb0, 0x1, 0xe2, 0x21, 0x8b, 0xe4,
    0xb7, 0x28, 0x7, 0xf9, 0xbd, 0xeb, 0x8, 0x3,
    0xf8, 0x67, 0x3, 0x5c, 0x3, 0xfc, 0x79, 0x30,
    0x20, 0x1f, 0xfc, 0xb2, 0xc9, 0x90, 0x80, 0x7e,
    0x9d, 0xd, 0x60, 0xf, 0x9b, 0x9e, 0xb0, 0x80,
    0x31, 0x8b, 0x64, 0xbf, 0x28, 0x7, 0x95, 0x52,
    0xfb, 0x20, 0x1e, 0x22, 0x5, 0x7d, 0x90, 0x7,
    0xc9, 0x80,

    /* U+E163 "" */
    0x0, 0x22, 0xaf, 0xc2, 0x0, 0xdb, 0xaa, 0xfb,
    0xc9, 0xb, 0x7f, 0xfe, 0x3a, 0x10, 0x20, 0xf,
    0x84, 0x3, 0xff, 0xfe, 0x1, 0xff, 0xc3, 0x23,
    0x0, 0xff, 0x25, 0x80, 0x7c, 0x40, 0x6, 0x80,
    0x8, 0x41, 0x4b, 0x7f, 0xfe, 0x2a, 0xd, 0xba,
    0xaf, 0xb8, 0x80,

    /* U+E165 "" */
    0x0, 0xca, 0x1, 0xc2, 0x80, 0x1f, 0xa9, 0xe8,
    0x4e, 0x6e, 0x0, 0x3e, 0x33, 0x42, 0x8, 0x32,
    0xb1, 0x0, 0x7a, 0xc8, 0x1c, 0xc, 0x81, 0xdc,
    0x1, 0xe8, 0xe8, 0x76, 0x72, 0xcd, 0x50, 0xe,
    0xe3, 0x1, 0x15, 0xc8, 0x8, 0x35, 0x80, 0x5,
    0xc7, 0x9a, 0xd7, 0x78, 0xa5, 0xe5, 0x98, 0xb,
    0x40, 0x56, 0x5a, 0x0, 0x64, 0x90, 0x2b, 0x14,
    0xd1, 0xad, 0x89, 0x67, 0x4b, 0xe7, 0x4d, 0x10,
    0x7, 0x28, 0x8, 0xae, 0x41, 0xc2, 0x2c, 0x3,
    0x96, 0xa1, 0x77, 0x8b, 0x68, 0xc0, 0x3d, 0x88,
    0x2c, 0x0, 0x31, 0x76, 0x0, 0xf4, 0x99, 0xc4,
    0xa0, 0x48, 0xa0, 0x1f, 0xf, 0x70, 0x97, 0xe0,
    0xc0, 0x30,

    /* U+E167 "" */
    0x2, 0x66, 0xff, 0x28, 0x16, 0xc4, 0x7f, 0xaa,
    0x50, 0x7b, 0xbf, 0xd2, 0xe0, 0x1f, 0xfc, 0x3,
    0x10, 0xf, 0xff, 0xf8, 0x7, 0xff, 0x5c, 0x85,
    0xc7, 0xba, 0xdd, 0xee, 0xe4, 0x38, 0xf4, 0x45,
    0x77, 0xd1, 0xb, 0x90,

    /* U+E176 "" */
    0x0, 0xf8, 0x88, 0x1, 0xff, 0xc1, 0x1d, 0xd0,
    0x80, 0x7f, 0xf0, 0x24, 0x45, 0x20, 0x1f, 0xf0,
    0xbc, 0xc9, 0xc4, 0x3, 0xf8, 0xac, 0x5d, 0xc3,
    0x64, 0x1, 0x86, 0xb7, 0xf5, 0x28, 0x1, 0x6b,
    0xbf, 0xb4, 0x2a, 0xa1, 0xad, 0xe4, 0x0, 0x2f,
    0xed, 0xa, 0x92, 0x39, 0x98, 0x80, 0x3c, 0x46,
    0x67, 0x30, 0x88, 0x4b, 0x0, 0x79, 0xa6, 0x20,
    0x1, 0x3b, 0xa0, 0x3, 0xd0, 0xee, 0x0, 0xee,
    0x10, 0xf, 0xf, 0x0, 0x7b, 0xcc, 0x0, 0xaa,
    0x0, 0x1f, 0x80, 0x78, 0x99, 0x9d, 0x54, 0xe6,
    0x61, 0x0, 0x79, 0x96, 0x5f, 0xb8, 0xf2, 0xac,
    0x1, 0xeb, 0x6d, 0x91, 0x14, 0xeb, 0x58, 0x4,

    /* U+E178 "" */
    0x0, 0xf8, 0xd0, 0x3, 0xff, 0x85, 0x7e, 0x1,
    0xfc, 0x2e, 0x1, 0xf9, 0x0, 0x38, 0xe2, 0x80,
    0x11, 0x60, 0x6, 0xb3, 0x0, 0xc5, 0x84, 0x2,
    0xce, 0x41, 0x92, 0x60, 0x1c, 0x70, 0x9d, 0x31,
    0xad, 0x4c, 0x1, 0xfa, 0x93, 0xb5, 0x24, 0x80,
    0x30, 0xe6, 0x99, 0x86, 0x84, 0xa8, 0x10, 0x73,
    0x4c, 0x6e, 0x88, 0x40, 0x3c, 0x63, 0x74, 0x40,
    0xee, 0x12, 0x4a, 0x11, 0x50, 0xa8, 0x3b, 0x84,
    0x3, 0xa8, 0x3b, 0x8f, 0x80, 0x1f, 0x9a, 0x86,
    0xfb, 0x98, 0x54, 0xc0, 0x1c, 0x73, 0x80, 0x2,
    0x50, 0x6, 0xc9, 0x80, 0x63, 0xc6, 0x0, 0x5f,
    0x80, 0x1f, 0xc, 0x3, 0x8c, 0x3, 0xf1, 0x80,
    0x7f, 0xa2, 0xc0, 0x3e,

    /* U+E179 "" */
    0x0, 0xf8, 0x48, 0x3, 0xff, 0x82, 0x5f, 0xa6,
    0x1, 0xff, 0x16, 0x8, 0x61, 0x80, 0x7f, 0xf,
    0x92, 0x9a, 0xe1, 0x0, 0x7f, 0x26, 0x9b, 0xd3,
    0x80, 0x7f, 0xc, 0x88, 0x80, 0x10, 0x40, 0x1f,
    0x20, 0x7, 0xe4, 0x0, 0xe2, 0xb8, 0x0, 0x4c,
    0x80, 0xd, 0x66, 0x1, 0x8a, 0x8c, 0x0, 0x4c,
    0x0, 0xc9, 0x30, 0xe, 0x5b, 0x1c, 0xc5, 0xf1,
    0xd3, 0x0, 0x7e, 0xd1, 0xcd, 0x5d, 0x0, 0xf3,
    0x30, 0x48, 0xf8, 0xca, 0x85, 0x41, 0x98, 0x22,
    0xbb, 0x29, 0xa9, 0x80, 0x5, 0x98, 0x37, 0x65,
    0x1d, 0xd2, 0xd, 0x0, 0x69, 0x31, 0xdd, 0x21,
    0x7f, 0xff, 0xf0, 0x90, 0xae, 0xab, 0xff, 0x82,
    0x80,

    /* U+E17A "" */
    0x0, 0xf8, 0x48, 0x3, 0xff, 0x85, 0x32, 0x0,
    0xff, 0xe7, 0x8c, 0x88, 0x80, 0x10, 0x40, 0x1f,
    0xcf, 0xa6, 0xf4, 0xe0, 0x1f, 0xc3, 0x84, 0xa6,
    0xb8, 0x40, 0x1f, 0x20, 0x16, 0x8, 0x61, 0x82,
    0x0, 0x71, 0x5c, 0x1, 0x7e, 0x98, 0x35, 0x98,
    0x6, 0x2a, 0x30, 0x1, 0x30, 0x3, 0x24, 0xc0,
    0x39, 0x6c, 0x73, 0x17, 0xc7, 0x4c, 0x1, 0xfb,
    0x47, 0x35, 0x74, 0x3, 0xcc, 0xc1, 0x23, 0xe3,
    0x2a, 0x15, 0x6, 0x60, 0x8a, 0xec, 0xa6, 0xa6,
    0x0, 0x16, 0x60, 0xdd, 0x94, 0x77, 0x48, 0x34,
    0x1, 0xa4, 0xc7, 0x74, 0x85, 0xff, 0xff, 0xc2,
    0x42, 0xba, 0xaf, 0xfe, 0xa, 0x0,

    /* U+E17D "" */
    0x2, 0x66, 0xff, 0x28, 0x16, 0xc4, 0x57, 0x13,
    0x11, 0xaa, 0x50, 0x7b, 0xad, 0x81, 0xee, 0xd2,
    0xc0, 0x1f, 0xfc, 0x3, 0x0, 0x99, 0xb6, 0xb,
    0x36, 0xf0, 0x0, 0xdd, 0xe4, 0xb, 0xbc, 0x80,
    0x2, 0xdd, 0xd0, 0x3b, 0xba, 0xc0, 0x3f, 0xf8,
    0x86, 0xcd, 0xb0, 0x59, 0xb7, 0x80, 0x6, 0xef,
    0x20, 0x5d, 0xe4, 0x0, 0xe, 0xee, 0x81, 0xdd,
    0xd6, 0x1, 0xff, 0xc1, 0x30, 0x71, 0xee, 0x6e,
    0xa0, 0x77, 0x6e, 0x96, 0x1e, 0x88, 0x5d, 0xa2,
    0x6e, 0xe8, 0xa9,

    /* U+E17F "" */
    0x0, 0x22, 0xae, 0x40, 0xf, 0xed, 0xba, 0xad,
    0x7c, 0x40, 0x1e, 0x42, 0xef, 0xfe, 0x2c, 0x20,
    0xe, 0x10, 0x10, 0xe, 0xc5, 0xc2, 0x0, 0xfd,
    0x96, 0x1, 0x5a, 0xe1, 0x0, 0x7e, 0x70, 0xd,
    0x6b, 0x84, 0x1, 0xec, 0xc0, 0x7, 0x5a, 0xe1,
    0x0, 0x80, 0x7f, 0xd6, 0xb8, 0xa, 0x36, 0x1,
    0xfe, 0xa1, 0x41, 0xc5, 0xb0, 0xf, 0xe6, 0x6,
    0x2, 0xc5, 0xb0, 0xf, 0x9e, 0x24, 0x80, 0x5,
    0x8b, 0x60, 0x1c, 0xf1, 0x6, 0x0, 0xc5, 0xab,
    0x60, 0x13, 0xc4, 0x1c, 0x3, 0xc7, 0x8b, 0x62,
    0xf1, 0x2e, 0x1, 0xf8, 0xb1, 0x7a, 0x25, 0x80,
    0x3f, 0xc5, 0xd7, 0xac, 0x1, 0xc0,

    /* U+E181 "" */
    0x3, 0x0, 0xff, 0xe0, 0xed, 0x80, 0x7f, 0xf0,
    0x35, 0x6c, 0x3, 0xfe, 0x3c, 0x5b, 0x0, 0xff,
    0x8b, 0x16, 0xc0, 0x3f, 0xe2, 0x64, 0x30, 0xf,
    0xf3, 0xba, 0xc, 0x3, 0xf9, 0xe2, 0xe, 0x1,
    0xfc, 0xd1, 0x7, 0x0, 0xff, 0x5c, 0xb8, 0x7,
    0xfd, 0xac, 0x1, 0x47, 0xff, 0x68, 0x7, 0xd3,
    0x55, 0xdc, 0x0,

    /* U+E186 "" */
    0x0, 0x8c, 0xc0, 0x1d, 0x19, 0x89, 0x0, 0xcf,
    0x10, 0x60, 0xe, 0x22, 0x0, 0x7f, 0xf8, 0xc,
    0x3, 0x18, 0x3, 0x51, 0x54, 0x9a, 0x8, 0x34,
    0x0, 0xa1, 0x30, 0xf, 0x9d, 0x6, 0x84, 0x54,
    0x28, 0x1a, 0xbd, 0xc6, 0xd0, 0x1, 0xf5, 0xdb,
    0x4c, 0x0,

    /* U+E18E "" */
    0x0, 0xe4, 0x55, 0x20, 0x7, 0xe1, 0xdb, 0xaa,
    0x5d, 0x80, 0x3e, 0x72, 0xef, 0xf5, 0xa1, 0x0,
    0x46, 0xcc, 0xd0, 0x76, 0x61, 0x85, 0xb3, 0xa,
    0xa2, 0x58, 0xae, 0xea, 0x27, 0x98, 0x49, 0x90,
    0xee, 0xfd, 0xe1, 0xac, 0x1, 0xc2, 0x0, 0x10,
    0xf, 0xe1, 0xe2, 0x6c, 0x0, 0xff, 0x84, 0x46,
    0x1, 0xff, 0xdb, 0x11, 0x18, 0x7, 0xf0, 0xf9,
    0x36, 0x80, 0x78, 0x46, 0x0, 0xf1, 0x0, 0x67,
    0x1e, 0xff, 0xf6, 0x19, 0x80, 0x3, 0xf5, 0x5f,
    0x5e, 0x0, 0x0,

    /* U+E190 "" */
    0x3e, 0x20, 0xf, 0xfe, 0x9, 0xae, 0x18, 0x6,
    0xbb, 0x0, 0x7d, 0x6b, 0xa6, 0x0, 0xb5, 0x55,
    0x80, 0x46, 0x1, 0x5a, 0xe9, 0xda, 0xee, 0x2d,
    0x80, 0x31, 0x40, 0x2b, 0x5c, 0x5d, 0x32, 0xc5,
    0xb0, 0xf, 0xad, 0xf0, 0xc0, 0x5, 0x8b, 0x60,
    0x1f, 0x41, 0x0, 0x46, 0xec, 0x80, 0x1f, 0xfc,
    0xe, 0xa7, 0x0, 0x30,

    /* U+E191 "" */
    0x0, 0xff, 0x6f, 0xfe, 0x30, 0xf, 0xf7, 0x53,
    0x80, 0x18, 0x3, 0xa0, 0x80, 0x23, 0x76, 0x40,
    0xf, 0x5b, 0xe1, 0x0, 0xb, 0x16, 0xc0, 0x3a,
    0xd7, 0x17, 0x8, 0x98, 0xb6, 0x1, 0xd6, 0xba,
    0x76, 0xb9, 0x85, 0xb0, 0x6, 0x28, 0x5a, 0xe9,
    0x80, 0x2d, 0x55, 0x60, 0x11, 0x81, 0xae, 0x98,
    0x6, 0xbb, 0x0, 0x78, 0xf8, 0xc0, 0x3f, 0xf8,
    0x20,

    /* U+E193 "" */
    0x0, 0xf1, 0xe5, 0x90, 0x7, 0xff, 0x3, 0x5d,
    0xd8, 0x1, 0xff, 0x40, 0x5e, 0x8c, 0x0, 0x7f,
    0x13, 0xc0, 0xc, 0x38, 0x80, 0x7e, 0x82, 0x69,
    0x47, 0x1b, 0x0, 0xf8, 0xd6, 0x41, 0x8, 0x2d,
    0x4c, 0x3, 0xde, 0x88, 0x0, 0xca, 0x7e, 0x1,
    0xcc, 0x72, 0x1, 0xef, 0x35, 0x0, 0xd0, 0xe4,
    0x0, 0xc6, 0x0, 0x1a, 0xd8, 0x5, 0x1, 0x20,
    0x11, 0x18, 0x5, 0x3, 0x0, 0x2f, 0x2, 0x1,
    0x2a, 0x80, 0x22, 0x77, 0xa, 0x83, 0x80, 0x66,
    0x60, 0x6, 0xa0, 0x55, 0xf, 0xf7, 0x7f, 0xb4,
    0x54, 0x7e, 0x23, 0xfe, 0x9f, 0x10,

    /* U+E194 "" */
    0x8, 0xff, 0xf6, 0xa0, 0x7, 0x8d, 0xe2, 0xab,
    0x9e, 0x80, 0x3c, 0xc0, 0xea, 0xbd, 0xe2, 0xaa,
    0x10, 0xf, 0xfe, 0xd, 0x53, 0x4, 0x3, 0xff,
    0x81, 0xfc, 0x14, 0x1, 0xff, 0xc1, 0x1e, 0x48,
    0x0, 0xff, 0xe0, 0x9c, 0xb9, 0x80, 0x7f, 0xf0,
    0x58, 0x18, 0x2, 0x5c, 0x90, 0xd, 0x38, 0xc0,
    0x1d, 0x14, 0xcc, 0xa7, 0xf0, 0x4b, 0x98, 0x0,
    0x2a, 0x30, 0x71, 0x25, 0x38, 0x80, 0x4c, 0x8a,
    0x17, 0xcd, 0x63, 0x9b, 0xac, 0x38, 0x3e, 0xb0,
    0xd, 0x3f, 0x84, 0x0, 0x2e, 0xdc, 0x0, 0x80,

    /* U+E195 "" */
    0x0, 0xc6, 0x1, 0xe3, 0x0, 0xfd, 0xb6, 0x1,
    0xaf, 0x40, 0x3f, 0x62, 0xd8, 0x2, 0xd7, 0x0,
    0x3f, 0x16, 0x2d, 0xd9, 0x70, 0x80, 0x3a, 0x3f,
    0xed, 0x14, 0x40, 0xef, 0xfd, 0x0, 0x6f, 0x15,
    0x5f, 0xe8, 0x73, 0x60, 0x75, 0x5f, 0xf3, 0x83,
    0x0, 0x7f, 0xff, 0xc0, 0x3f, 0xf9, 0x22, 0x4,
    0x1, 0xfe, 0x20, 0x14, 0x2d, 0xff, 0xff, 0x69,
    0x20, 0x6d, 0xd5, 0x7f, 0xaf, 0x40,

    /* U+E199 "" */
    0x0, 0xf8, 0x84, 0x3, 0xff, 0x85, 0x32, 0x0,
    0xff, 0x8a, 0x75, 0x1f, 0x20, 0x40, 0x3e, 0x8d,
    0x45, 0xa9, 0x56, 0xe6, 0x0, 0xea, 0x79, 0xd8,
    0x56, 0x9e, 0x79, 0x70, 0x9, 0x96, 0xd8, 0x3,
    0xd1, 0x30, 0x60, 0x8, 0x74, 0x0, 0xfc, 0xc9,
    0xe0, 0xa3, 0x20, 0x1f, 0xef, 0x32, 0x10, 0xef,
    0xff, 0xf5, 0x81, 0xa6, 0x55, 0x71, 0x25, 0x57,
    0x68, 0x81, 0xaa, 0xf3, 0x1a, 0xaf, 0x10, 0x7,
    0xff, 0x34, 0x40, 0xc0, 0x3f, 0xf8, 0x26, 0x6c,
    0x30, 0xf, 0xfb, 0x97, 0xc, 0xc0, 0x1f, 0xf2,
    0xed, 0xe0, 0x7, 0x0,

    /* U+E19E "" */
    0x0, 0xe1, 0xc6, 0x0, 0xff, 0xe, 0x1c, 0xb0,
    0x7, 0xe1, 0xc0, 0x1, 0x4b, 0x0, 0x7d, 0x81,
    0x83, 0x71, 0x2a, 0x1, 0xc2, 0xf8, 0x20, 0x7,
    0x83, 0x0, 0xe1, 0xa1, 0x0, 0xce, 0xc0, 0x1f,
    0xfd, 0x3a, 0x40, 0xf, 0xf5, 0x9b, 0x98, 0x6,
    0xa7, 0x0, 0xc8, 0xc0, 0x1e, 0x41, 0x0, 0xfb,
    0xc0, 0x3f, 0xf8, 0x14, 0xfd, 0xcd, 0xde, 0xee,
    0x78, 0xa3, 0xdc, 0x42, 0xef, 0xa2, 0x13, 0xe2,

    /* U+E19F "" */
    0x0, 0xc4, 0xcc, 0x10, 0xf, 0x97, 0x62, 0x1c,
    0x80, 0x1c, 0x34, 0xdd, 0xc6, 0xb1, 0x0, 0xca,
    0x12, 0x0, 0x90, 0x50, 0xc, 0xe0, 0x60, 0x3,
    0x7, 0x0, 0xc6, 0x9a, 0xcc, 0xd4, 0x30, 0xe,
    0xb7, 0x89, 0x7b, 0x0, 0xfa, 0x7b, 0xe4, 0x3,
    0xc2, 0xac, 0xdc, 0x20, 0x12, 0x75, 0x44, 0x69,
    0xe4, 0x0, 0x52, 0xff, 0x76, 0xf5, 0xa0, 0x41,
    0xb0, 0xf, 0x58, 0xa0, 0x80, 0x80, 0x78, 0x40,
    0x59, 0x0, 0x3f, 0x23, 0x0,

    /* U+E1A4 "" */
    0x0, 0xc4, 0xcc, 0x10, 0x2, 0x98, 0x7, 0xcb,
    0xb1, 0xe, 0x40, 0x9c, 0x60, 0xe, 0x1a, 0x6e,
    0xe3, 0x58, 0xe3, 0xc8, 0x80, 0x65, 0x9, 0x0,
    0x48, 0x28, 0x40, 0x28, 0x6, 0x70, 0x30, 0x1,
    0x83, 0x81, 0x83, 0x0, 0x63, 0x4d, 0x66, 0x6a,
    0x1a, 0xea, 0x10, 0x7, 0x5b, 0xc4, 0xbd, 0x84,
    0xa5, 0x0, 0x7d, 0x3d, 0xf2, 0x0, 0xca, 0x10,
    0xe, 0x15, 0x66, 0xe1, 0x0, 0x18, 0x80, 0x49,
    0xd5, 0x11, 0xa7, 0x90, 0x3b, 0x88, 0x0, 0xa5,
    0xfe, 0xed, 0xeb, 0x41, 0xad, 0x40, 0x83, 0x60,
    0x1e, 0xb1, 0x40, 0x81, 0x41, 0x1, 0x0, 0xf0,
    0x80, 0x80, 0x80, 0xb2, 0x0, 0x7e, 0x46, 0x0,
    0x23, 0x0,

    /* U+E1AA "" */
    0x0, 0xe2, 0xda, 0x0, 0xfe, 0x2c, 0x35, 0x0,
    0xf1, 0xab, 0x62, 0xc0, 0x7, 0x8f, 0x2a, 0x52,
    0xcc, 0x2, 0x82, 0x6, 0xf, 0xf5, 0x0, 0x72,
    0x40, 0x7, 0xfd, 0x48, 0x1, 0xff, 0xcc, 0xa4,
    0x7, 0xf, 0xf5, 0x0, 0x72, 0x40, 0x16, 0xd4,
    0xa5, 0x98, 0x5, 0x4, 0x0, 0x25, 0x6d, 0x58,
    0x0, 0xff, 0x1e, 0x1a, 0x0, 0x7f, 0x8b, 0x6c,
    0x3, 0x80,

    /* U+E1AB "" */
    0x0, 0xe2, 0xda, 0x0, 0xff, 0xe0, 0x16, 0x1a,
    0x80, 0x69, 0x80, 0x8, 0xd5, 0xb1, 0x60, 0x3,
    0xb1, 0xd0, 0xf, 0x2a, 0x52, 0xcc, 0x2, 0x82,
    0x55, 0x48, 0x30, 0x7f, 0xa8, 0x3, 0x92, 0x3,
    0x88, 0x40, 0x3f, 0xd4, 0x80, 0x80, 0xa0, 0x1f,
    0xfc, 0xea, 0x40, 0x40, 0x57, 0xf, 0xf5, 0x0,
    0x72, 0x40, 0x71, 0x9, 0x6d, 0x4a, 0x59, 0x80,
    0x50, 0x4a, 0xa9, 0x0, 0x12, 0xb6, 0xac, 0x0,
    0x76, 0xba, 0x0, 0x71, 0xe1, 0xa0, 0x6, 0x88,
    0x0, 0x7c, 0x5b, 0x60, 0x1f, 0x80,

    /* U+E1AC "" */
    0x0, 0xe2, 0xda, 0x0, 0xff, 0xe0, 0x16, 0x1a,
    0x80, 0x7f, 0x1a, 0xb6, 0x2c, 0x0, 0x7f, 0x1e,
    0x54, 0xa5, 0x98, 0x5, 0x4, 0x0, 0x81, 0x60,
    0xff, 0x50, 0x7, 0x1e, 0x1d, 0xb1, 0x80, 0x7f,
    0xad, 0x71, 0x74, 0x80, 0x3f, 0xf9, 0xd6, 0xb8,
    0xba, 0x4e, 0x1f, 0xea, 0x0, 0xe3, 0xc3, 0xb6,
    0x32, 0xda, 0x94, 0xb3, 0x0, 0xa0, 0x80, 0x10,
    0x20, 0x4a, 0xda, 0xb0, 0x1, 0xff, 0xc1, 0x3c,
    0x34, 0x0, 0xff, 0xe0, 0x96, 0xd8, 0x7, 0xe0,

    /* U+E1AE "" */
    0x0, 0xf1, 0x22, 0xc, 0x3, 0xf8, 0xeb, 0xf6,
    0xed, 0x9f, 0x68, 0x1, 0x86, 0xf0, 0x67, 0x7f,
    0xdb, 0x43, 0x78, 0x40, 0x3e, 0xd9, 0x6c, 0x40,
    0x2, 0x5a, 0xd0, 0xd3, 0x19, 0xd3, 0x18, 0xcf,
    0xf6, 0xc1, 0x13, 0x24, 0x81, 0xc1, 0x79, 0x96,
    0x64, 0xad, 0xb0, 0xc, 0x20, 0x2, 0xa6, 0xe9,
    0x66, 0x47, 0x43, 0xa8, 0x6, 0x2d, 0x90, 0x59,
    0x92, 0x83, 0xea, 0x80, 0x71, 0x5, 0xd2, 0xaa,
    0xac, 0x8, 0x3, 0xf6, 0x67, 0x80, 0x3f, 0xce,
    0x62, 0x23, 0x70, 0xf, 0xfe, 0x4, 0xc8, 0x3,
    0xe0,

    /* U+E1B0 "" */
    0x0, 0xf6, 0x7c, 0x80, 0x7f, 0xf0, 0x6e, 0x18,
    0xc0, 0x3e, 0x55, 0xe2, 0x0, 0xcd, 0xdc, 0x60,
    0x3a, 0xaf, 0x43, 0x98, 0x5b, 0x3c, 0x91, 0xff,
    0xfd, 0x0, 0xd, 0x89, 0x6, 0x6, 0x69, 0xdf,
    0xfa, 0xc1, 0x4e, 0xee, 0xaa, 0xfe, 0x7b, 0x13,
    0xdd, 0xff, 0xe0, 0x62, 0x1, 0xff, 0xff, 0x40,
    0x7, 0x1d, 0xd5, 0x7d, 0xe, 0x60, 0x1c, 0x8a,
    0xbe, 0x20, 0xf, 0xfe, 0x1d, 0xc3, 0x18, 0x6,

    /* U+E1B1 "" */
    0x0, 0xfe, 0x25, 0x30, 0xf, 0xf8, 0xb3, 0x6b,
    0x20, 0x3, 0xf8, 0x70, 0x6e, 0x3, 0x40, 0x3f,
    0xa0, 0x34, 0xa2, 0xa, 0xa8, 0x0, 0xf9, 0xd8,
    0x25, 0xde, 0xa7, 0x30, 0xf, 0xe, 0x82, 0x34,
    0x44, 0xe, 0x1, 0xe2, 0xd0, 0xb5, 0x79, 0x40,
    0x60, 0xe, 0x72, 0xe0, 0x5, 0xfb, 0x72, 0x10,
    0x6, 0x78, 0x83, 0x32, 0x19, 0xf8, 0xe4, 0x3,
    0x3c, 0x41, 0xdd, 0x2b, 0x32, 0x7f, 0x20, 0x9,
    0xa2, 0xe, 0xe8, 0x86, 0xff, 0x48, 0x80, 0x4d,
    0x30, 0xee, 0x88, 0x38, 0x7, 0xc5, 0x30, 0xee,
    0x88, 0x38, 0x7, 0xe6, 0x5, 0x78, 0x97, 0x0,
    0xfe, 0x42, 0xd8, 0x96, 0x0, 0xff, 0xb6, 0xf5,
    0x80, 0x3f, 0xe0,

    /* U+E1B2 "" */
    0x8b, 0x0, 0xf5, 0xc5, 0xa5, 0x0, 0x6a, 0x4b,
    0x3b, 0x59, 0x0, 0x4a, 0xd9, 0x82, 0x53, 0x44,
    0x1a, 0x90, 0x2, 0x59, 0x77, 0x4a, 0x80, 0x7f,
    0xf0, 0x96, 0x5d, 0xd2, 0xa0, 0x12, 0x53, 0x44,
    0x1a, 0x90, 0xe, 0xd6, 0x40, 0x12, 0xb6, 0x76,
    0x94, 0x1, 0xa9, 0x2c,

    /* U+E1B4 "" */
    0x0, 0xf8, 0x88, 0x1, 0xff, 0x26, 0xe0, 0x7,
    0xf8, 0xec, 0x8, 0x3, 0xf8, 0xf1, 0x42, 0xc0,
    0x3f, 0x1e, 0x2f, 0x2, 0x80, 0x7c, 0x5a, 0x95,
    0x84, 0x40, 0xf, 0x16, 0x2d, 0x80, 0xb, 0xff,
    0x90, 0xb0, 0xac, 0x1, 0x17, 0x55, 0x48, 0x6d,
    0x8d, 0x2a, 0xc8, 0x85, 0x5a, 0x86, 0xf4, 0x26,
    0xaa, 0xb8, 0x0, 0x59, 0x61, 0x27, 0xff, 0x10,
    0x2, 0xd7, 0x8, 0x3, 0xc4, 0x4c, 0xb4, 0xd2,
    0x0, 0xf9, 0x43, 0x93, 0xc, 0x3, 0xf5, 0x82,
    0xe1, 0x80, 0x7f, 0x10, 0x59, 0x80, 0x7f, 0xb3,
    0x50, 0x3, 0xc0,

    /* U+E1BB "" */
    0x0, 0xc7, 0xff, 0x38, 0x7, 0xfc, 0x75, 0x42,
    0xf0, 0xf, 0xf1, 0xa8, 0x4, 0x6a, 0xb1, 0x80,
    0x74, 0x65, 0x54, 0x49, 0x55, 0x64, 0x0, 0x67,
    0x8f, 0xff, 0xd0, 0xe0, 0x1c, 0x40, 0x1f, 0x88,
    0x3, 0x28, 0x5, 0x4c, 0x0, 0xa6, 0x0, 0x94,
    0xe, 0x80, 0x26, 0xe0, 0x3, 0x70, 0x5, 0x46,
    0x6f, 0x0, 0xab, 0x0, 0x15, 0x80, 0x17, 0x98,
    0x7, 0x32, 0x0, 0x19, 0x0, 0x3e, 0x1f, 0x55,
    0xfd, 0xe2, 0x1, 0xa9, 0x2a, 0xbf, 0x25, 0x0,
    0x0,

    /* U+E1BC "" */
    0x3, 0x55, 0xfc, 0x61, 0x19, 0x55, 0xfb, 0x21,
    0xe3, 0xff, 0xf4, 0x38, 0x10, 0x33, 0x78, 0x8,
    0x2, 0x2b, 0xbf, 0x18, 0x6, 0x2d, 0xdf, 0x18,
    0x6, 0x3d, 0x8, 0x80, 0x69, 0x80, 0x63, 0xe0,
    0x9a, 0xe, 0x30, 0xe, 0x30, 0x12, 0x3, 0x0,
    0xe3, 0xe0, 0x99, 0x7, 0x20, 0x6, 0x3f, 0x9,
    0x90, 0x8, 0x80, 0x39, 0x0, 0x8c, 0x3, 0xe2,
    0xe0, 0x4b, 0x4, 0x60, 0x8, 0x89, 0x60, 0xd0,
    0x16, 0x64, 0xf, 0x1f, 0xff, 0xa1, 0xe3, 0x2a,
    0xbf, 0x64, 0x0,

    /* U+E1BF "" */
    0x0, 0xff, 0xe4, 0x14, 0x6f, 0xf6, 0x38, 0x80,
    0x7c, 0xfa, 0xaa, 0x98, 0x59, 0xe5, 0x0, 0xe8,
    0x84, 0xec, 0x33, 0x27, 0x9e, 0x98, 0x2, 0x47,
    0xa6, 0x0, 0xf4, 0x3c, 0x90, 0x2, 0x15, 0x40,
    0x1c, 0x7c, 0x50, 0x56, 0x4, 0x72, 0x1, 0xc7,
    0x88, 0x41, 0x6c, 0xe, 0x6, 0x1, 0x8f, 0x16,
    0x80, 0xa, 0x4, 0x60, 0x1e, 0xa5, 0xa0, 0x8,
    0x40, 0x48, 0x4, 0x3, 0x4d, 0x0, 0x61, 0x2,
    0x50, 0x40, 0xf, 0xf5, 0x90, 0x89, 0x78, 0x3,
    0xfc, 0xd4, 0x0, 0xb9, 0x0, 0xff, 0x6b, 0x80,

    /* U+E1C2 "" */
    0x0, 0x85, 0xc, 0x3, 0xd5, 0xd7, 0x9e, 0xe0,
    0x16, 0x25, 0x7f, 0x44, 0x40, 0xa7, 0x8a, 0x2,
    0xf2, 0xe5, 0xe8, 0x40, 0x19, 0x85, 0x44, 0x80,
    0x3c, 0x7e, 0x48, 0x1, 0xc2, 0x5b, 0x65, 0x20,
    0x1a, 0x85, 0x4a, 0xd9, 0x0, 0xc, 0x9a, 0x0,
    0x44, 0x10, 0x3, 0x58, 0xc0, 0x2b, 0x60, 0x5,
    0xc8, 0x6, 0x36, 0x6c, 0x40, 0x1a, 0xae, 0xf2,
    0x0, 0x69, 0xdd, 0xcc, 0x1, 0xdf, 0xf6, 0x0,
    0x7a, 0xea, 0x9e, 0x1, 0x0,

    /* U+E1D2 "" */
    0x0, 0xff, 0xe6, 0x16, 0xe0, 0x7, 0xff, 0x5,
    0xc8, 0xc8, 0x3, 0xff, 0x80, 0x2f, 0x4, 0x1,
    0xfe, 0x1b, 0xb7, 0xb8, 0x7, 0xf8, 0xf1, 0x5a,
    0x18, 0xc0, 0x3f, 0xa4, 0xb6, 0x4e, 0x7c, 0x3,
    0xc2, 0x85, 0x47, 0xa5, 0x9f, 0xc8, 0x20, 0x13,
    0x75, 0xec, 0xe9, 0xd0, 0x5e, 0xdf, 0x20, 0x14,
    0xbf, 0xd3, 0x23, 0x4, 0x2e, 0x72, 0xd0, 0x38,
    0x40, 0x29, 0xe8, 0x0, 0xdc, 0xc6, 0x4, 0xd8,
    0x14, 0xc, 0xdb, 0x50, 0x6e, 0x21, 0x40, 0x46,
    0xd5, 0xd8, 0x8a, 0x21, 0x27, 0xdc, 0x79, 0x10,
    0x9c, 0x8b, 0xb0, 0x4, 0x3b, 0x51, 0xac, 0x0,

    /* U+E1D5 "" */
    0x0, 0x5f, 0xff, 0x73, 0x0, 0x7c, 0xe9, 0x55,
    0xcd, 0x2e, 0x1, 0xe9, 0x75, 0x5e, 0x89, 0x8d,
    0x95, 0x0, 0x20, 0xc8, 0x7, 0x9a, 0xd5, 0x55,
    0x80, 0x20, 0x20, 0x1f, 0x24, 0x66, 0x9a, 0x0,
    0x47, 0x2e, 0x1, 0x9e, 0x4c, 0x80, 0x40, 0xd,
    0x8b, 0x12, 0xaa, 0x98, 0x5c, 0x60, 0x2, 0x14,
    0x87, 0x1b, 0x55, 0x18, 0xf8, 0x24, 0x90, 0x77,
    0xcb, 0x4e, 0xff, 0xd6, 0x7a, 0x5f, 0xa2, 0x1,
    0x6d, 0xea, 0x0, 0x13, 0x6f, 0x40, 0x20,

    /* U+E1D6 "" */
    0x0, 0xf9, 0x98, 0x1, 0xff, 0xc1, 0x39, 0x91,
    0x80, 0x78, 0xbe, 0x80, 0x28, 0x33, 0x40, 0x5,
    0x5e, 0x42, 0xb, 0x82, 0x88, 0xff, 0x22, 0x7,
    0x14, 0x4, 0xc5, 0x87, 0x25, 0xc, 0xc9, 0x3e,
    0x2c, 0x26, 0x8, 0x58, 0xe1, 0x20, 0x9, 0x4,
    0xc2, 0x40, 0x6, 0x20, 0xd6, 0x90, 0x0, 0xb6,
    0x85, 0x30, 0x0, 0xe0, 0x80, 0x1f, 0x90, 0x1c,
    0x0, 0x25, 0x80, 0x1f, 0xb0, 0x84, 0x2, 0x55,
    0xff, 0xe0, 0x0, 0x6a, 0x3a, 0xaf, 0xc7, 0x40,
    0x18, 0xbb, 0xff, 0xf7, 0x10, 0x7, 0x33, 0x7f,
    0x80, 0x38, 0xae, 0xff, 0xc6, 0x0,

    /* U+E1DE "" */
    0x0, 0xff, 0x26, 0x6a, 0x0, 0x7f, 0x4d, 0xb0,
    0x70, 0x3b, 0x90, 0x40, 0x29, 0x6a, 0xa1, 0xeb,
    0x44, 0x2f, 0xb6, 0x69, 0xa9, 0x64, 0x58, 0x42,
    0xb2, 0x5d, 0x16, 0x96, 0x1a, 0x45, 0xd6, 0xa5,
    0xeb, 0x7d, 0x5d, 0xd2, 0xc0, 0xa, 0xa2, 0x79,
    0x80, 0x50, 0xec, 0x1, 0x96, 0x85, 0x40, 0x21,
    0xf0, 0xc, 0xcf, 0x6, 0xc8, 0x40, 0xba, 0x1,
    0x4c, 0xc3, 0x15, 0x7e, 0x18, 0x80, 0x16, 0x1,
    0xff, 0x92, 0x8a, 0xc, 0x44, 0x0, 0x5d, 0x1f,
    0x76, 0x59, 0x70, 0x2, 0x0, 0x45, 0xa4, 0x60,
    0x6, 0x4a, 0x0, 0xf0, 0xd2, 0x48, 0x2, 0x9e,
    0x14, 0x0,

    /* U+E1DF "" */
    0x16, 0x68, 0x81, 0x4, 0xd, 0x98, 0xa1, 0xb1,
    0x71, 0xe1, 0xca, 0x39, 0x17, 0x4a, 0x31, 0xb0,
    0x61, 0x48, 0x41, 0xfa, 0x46, 0x18, 0xbe, 0x0,
    0xc5, 0x0, 0x3a, 0x98, 0x2a, 0xa9, 0x98, 0x2,
    0x67, 0x4d, 0x2, 0x47, 0xfd, 0x0, 0x60, 0xc,
    0xff, 0x71, 0x20, 0x83, 0x3c, 0x9, 0x3, 0x20,
    0x20, 0xf2, 0x8d, 0x51, 0x61, 0x6, 0xf0, 0x39,
    0x69, 0x7, 0x37, 0x4e, 0x3, 0xb0, 0x14, 0x8f,
    0xff, 0x40, 0x5a, 0x3, 0x77, 0xf9, 0x29, 0x69,
    0x98, 0x10, 0x83, 0x2d, 0x54, 0x40, 0xc5, 0xf0,
    0x1, 0x81, 0x4, 0xaa, 0x80, 0x1a, 0xf8, 0x0,
    0xd6, 0x0, 0xc8, 0x30, 0xd4, 0xf0, 0xe, 0x44,
    0x31, 0xe, 0x50,

    /* U+E1E0 "" */
    0x0, 0xc6, 0xaa, 0x30, 0xf, 0xee, 0xaa, 0x70,
    0x7, 0xf6, 0xff, 0xb4, 0x3, 0xf0, 0xbd, 0x4b,
    0x8, 0x7, 0xa3, 0xa0, 0x4a, 0x3a, 0x0, 0x34,
    0x3c, 0x7d, 0xdb, 0xa1, 0xe4, 0x0, 0x6f, 0x4e,
    0x1, 0x13, 0x53, 0x20, 0x49, 0xa8, 0x4, 0x59,
    0x2a, 0x9e, 0x9, 0x60, 0x11, 0x62, 0xc0, 0x63,
    0x0, 0x90, 0x5, 0x4b, 0x60, 0x1, 0x20, 0x2d,
    0x0, 0xa2, 0xc0, 0x2e, 0x20, 0x46, 0x0, 0xfc,
    0xc8, 0x10, 0x32, 0x1, 0xe9, 0x18, 0x1, 0xb6,
    0xc4, 0x0, 0x25, 0xb5, 0x88, 0x1, 0x30, 0x2f,
    0xfd, 0x6f, 0x88, 0x1, 0x8f, 0x3a, 0xed, 0xd8,
    0x60, 0x10,

    /* U+E1E7 "" */
    0x0, 0x84, 0x40, 0x1e, 0x11, 0x0, 0x62, 0xce,
    0xe6, 0x98, 0x0, 0xf3, 0xb9, 0x62, 0x0, 0xf1,
    0xbb, 0x36, 0x2a, 0xb1, 0xee, 0xcd, 0x80, 0x65,
    0xe8, 0x8b, 0x7a, 0xa3, 0xda, 0x23, 0xc8, 0xdc,
    0xc, 0x2, 0xb0, 0x5, 0x80, 0x44, 0xe, 0xa1,
    0x0, 0x5, 0xc5, 0x56, 0x28, 0x2, 0x41, 0x6,
    0x9b, 0xb9, 0x4f, 0x54, 0x6a, 0xee, 0x35, 0x0,
    0x17, 0x66, 0x5b, 0x0, 0x9, 0xd8, 0x86, 0xa8,
    0x0,

    /* U+E1F9 "" */
    0x0, 0xff, 0xe0, 0x21, 0x0, 0x7f, 0xf0, 0xb,
    0xaf, 0x64, 0x3, 0xfc, 0x58, 0xbd, 0x4c, 0x60,
    0x1f, 0x8b, 0x6, 0x5, 0x1, 0xc0, 0x3e, 0x2c,
    0x54, 0xd3, 0xa1, 0x40, 0xf, 0x16, 0x2d, 0xd9,
    0x71, 0x70, 0x3, 0xc5, 0x85, 0x60, 0x7, 0x1c,
    0x20, 0xe, 0x2c, 0x2c, 0x0, 0x61, 0x61, 0x0,
    0x71, 0x61, 0x60, 0x3, 0xb, 0x8, 0x3, 0x8b,
    0xb, 0x0, 0x18, 0x58, 0x40, 0x1c, 0x38, 0x58,
    0x0, 0xc2, 0xc2, 0x0, 0xf4, 0x86, 0x0, 0x2c,
    0xb0, 0x80, 0x3e, 0x56, 0x0, 0x62, 0xe1, 0x0,
    0x7c, 0x24, 0x13, 0xc5, 0x84, 0x1, 0xf9, 0x41,
    0xd1, 0xbc, 0x80, 0x3f, 0x92, 0xfb, 0x60, 0x40,
    0x3f, 0xc0,

    /* U+E204 "" */
    0x2, 0x66, 0xfe, 0x50, 0x8, 0xb6, 0x23, 0xae,
    0xf5, 0x40, 0x1, 0x3, 0xfb, 0xb6, 0xee, 0x31,
    0x0, 0xdd, 0xff, 0xf8, 0xda, 0x0, 0x3, 0x55,
    0xfe, 0x66, 0x0, 0x4a, 0xbf, 0xef, 0x0, 0xff,
    0xe0, 0x23, 0xe0, 0x80, 0x7f, 0x9e, 0xe5, 0xc2,
    0x0, 0x3f, 0xb1, 0x7b, 0x50, 0x40, 0x3f, 0xb5,
    0x7f, 0xc9, 0xe0, 0x1f, 0xcd, 0xb4, 0xc2, 0xc0,
    0x1f, 0xe2, 0x5f, 0x0, 0x10, 0xc3, 0xb9, 0x9b,
    0xec, 0x0, 0x24, 0x2d, 0x52, 0xef, 0xe7, 0x80,

    /* U+E20C "" */
    0x0, 0xe3, 0x0, 0xc6, 0x1, 0xfc, 0xb9, 0x13,
    0x36, 0x10, 0x7, 0x10, 0x82, 0xa9, 0xd5, 0x1a,
    0x8, 0x8, 0x40, 0x13, 0x0, 0x12, 0x66, 0x88,
    0x5, 0xd2, 0x0, 0x37, 0x14, 0x4b, 0xfc, 0x34,
    0x46, 0x6d, 0x0, 0x41, 0xfd, 0xad, 0x55, 0x23,
    0x98, 0x55, 0x0, 0x5a, 0x47, 0x6a, 0xe8, 0xda,
    0xb, 0x40, 0x1c, 0xea, 0x0, 0x99, 0x0, 0x91,
    0x0, 0x25, 0xff, 0x20, 0x4, 0xe2, 0x1, 0x3f,
    0xf8, 0x96, 0xa8, 0x40, 0x1f, 0x92, 0xac, 0x81,
    0x54, 0xe8, 0x1, 0xe3, 0xc5, 0x40, 0xa, 0x54,
    0x98, 0x3, 0x48, 0x43, 0x0, 0x4a, 0xd4, 0xf3,
    0x42, 0xb8, 0xd4, 0xf2, 0x40, 0xf, 0x55, 0x45,
    0x89, 0x11, 0xb1, 0x60, 0x94, 0x1, 0x9c, 0x0,
    0x4b, 0xfe, 0xa3, 0x0, 0x59, 0x80,

    /* U+E214 "" */
    0x0, 0xc8, 0xee, 0x40, 0xf, 0xf1, 0xed, 0xcc,
    0xaf, 0x4c, 0x3, 0xe3, 0xc6, 0xde, 0xe6, 0xb6,
    0x18, 0x7, 0xbc, 0xec, 0x80, 0x5, 0x69, 0xca,
    0x60, 0x11, 0x1f, 0x80, 0x7a, 0x4a, 0xb3, 0x2,
    0xc, 0x6, 0x1, 0xe2, 0xff, 0x60, 0xe8, 0x38,
    0x10, 0x7, 0xf1, 0xf1, 0x9c, 0xa, 0x1, 0xfe,
    0x30, 0x70, 0x88, 0x10, 0x7, 0xf2, 0x82, 0x83,
    0xc1, 0x99, 0x57, 0xc0, 0x54, 0xc2, 0x0, 0x71,
    0xea, 0xaf, 0x19, 0xa6, 0x40, 0x1d, 0xbf, 0xfe,
    0x31, 0x60, 0xf, 0x8d, 0x9b, 0x94, 0x3, 0xf9,
    0x2e, 0xfa, 0x40, 0x30,

    /* U+E216 "" */
    0x0, 0xf8, 0x80, 0x3f, 0xf8, 0x7e, 0xc0, 0x1f,
    0xc2, 0x40, 0x1f, 0x90, 0x3, 0x9b, 0x50, 0x1,
    0xec, 0x0, 0x6b, 0x30, 0xc, 0xec, 0x60, 0x2c,
    0x60, 0xc, 0x93, 0x0, 0xe9, 0x71, 0xeb, 0xcc,
    0xd, 0x30, 0x7, 0xe1, 0x9c, 0xb2, 0xb0, 0xf,
    0xc8, 0xc8, 0xc6, 0x90, 0xa0, 0x4c, 0xc0, 0x1,
    0xec, 0xed, 0x69, 0x2, 0x80, 0x1e, 0xec, 0x3,
    0xa9, 0xb7, 0xcf, 0x80, 0x7a, 0xb, 0xba, 0x7,
    0x9, 0x0, 0xac, 0x7e, 0xcc, 0x3, 0xb8, 0xc0,
    0x30, 0xe5, 0x36, 0x80, 0x76, 0x90, 0x80, 0x63,
    0x59, 0x31, 0x0, 0xca, 0x58, 0x60, 0x1d, 0xa2,
    0x20, 0xe, 0xc1, 0xcf, 0xfe, 0x6b, 0x0, 0xf0,
    0xe6, 0xd5, 0x77, 0x28, 0x7, 0x0,

    /* U+E217 "" */
    0x0, 0xf2, 0x3a, 0x88, 0x7, 0xf8, 0xb6, 0xe6,
    0xb9, 0x80, 0x3f, 0xe, 0x37, 0x73, 0xe2, 0x54,
    0x3, 0xe9, 0x14, 0xec, 0x47, 0x5a, 0xfd, 0x30,
    0xa, 0x5d, 0x66, 0x4d, 0x73, 0x75, 0x46, 0xc1,
    0x6, 0x65, 0xd3, 0x32, 0xad, 0x9d, 0x55, 0x6c,
    0x0, 0x98, 0x40, 0xc, 0x8d, 0xe, 0xa1, 0x22,
    0x60, 0xc0, 0x1e, 0x83, 0xaa, 0x71, 0x83, 0x80,
    0x80, 0x78, 0x77, 0x5c, 0xba, 0xc, 0x8, 0x1,
    0xfc, 0x34, 0x28, 0x47, 0x0, 0x1f, 0xfc, 0x2f,
    0x3c, 0x30, 0xf, 0x86, 0x85, 0x0, 0xf4, 0x33,
    0xbb, 0xf2, 0xe8, 0x4, 0x59, 0xb1, 0x1f, 0x57,
    0x18, 0x0,

    /* U+E218 "" */
    0x9f, 0xff, 0xfe, 0x3, 0x5d, 0x57, 0xff, 0x1,
    0xc9, 0x5c, 0x3, 0xf2, 0x28, 0x80, 0x2e, 0xab,
    0xf3, 0x80, 0x69, 0xff, 0xfc, 0xc0, 0x1e, 0x36,
    0x6f, 0x80, 0x3d, 0x57, 0x7f, 0x8, 0x7, 0x4e,
    0xef, 0xc2, 0x1, 0xee, 0xff, 0xc4, 0x1, 0xfa,
    0xab, 0x59, 0x0, 0x7c, 0x42, 0xca, 0xa4, 0x0,
    0xfd, 0x75, 0xe0, 0x1f, 0x0,

    /* U+E226 "" */
    0x0, 0xf1, 0x22, 0x8, 0x3, 0xfc, 0xdb, 0xab,
    0xb6, 0xe9, 0x80, 0x3e, 0xb9, 0x4b, 0xff, 0x62,
    0x4d, 0x80, 0x75, 0xae, 0x4a, 0x0, 0xe, 0x71,
    0x6c, 0x2, 0x64, 0xd3, 0x0, 0xf1, 0xea, 0x30,
    0x2, 0xd8, 0xc0, 0x3f, 0x1b, 0x58, 0x11, 0x28,
    0x3, 0xd7, 0x0, 0xa, 0x22, 0x30, 0x18, 0x1,
    0x58, 0x2d, 0x68, 0x0, 0x60, 0xc0, 0x1c, 0x73,
    0xab, 0xa4, 0x1, 0xcc, 0x6, 0x0, 0x68, 0x3d,
    0x30, 0x8, 0xc1, 0x88, 0x94, 0x1, 0x3f, 0x18,
    0x6, 0xa2, 0x20, 0x5b, 0x18, 0x7, 0xe3, 0x6b,
    0x0, 0x32, 0x69, 0x80, 0x78, 0xf5, 0x18, 0x2,
    0xb5, 0xc9, 0x30, 0x1, 0xce, 0x2d, 0x80, 0x75,
    0xca, 0x67, 0xfb, 0x12, 0x6c, 0x3, 0xe6, 0xdd,
    0x5d, 0xb7, 0x4c, 0x1, 0x80,

    /* U+E241 "" */
    0x0, 0xf8, 0x44, 0x1, 0xff, 0xc0, 0x1b, 0xee,
    0x58, 0x80, 0x7e, 0x8e, 0xe3, 0x5d, 0x9b, 0xb8,
    0xe0, 0x1d, 0x2e, 0xd3, 0x88, 0x8c, 0x96, 0x88,
    0x0, 0x66, 0x98, 0x61, 0x0, 0xb, 0x44, 0x1c,
    0x2, 0x30, 0x50, 0xf, 0xc8, 0x6, 0x0, 0xe3,
    0x30, 0x7, 0x43, 0x81, 0x97, 0x1, 0x97, 0x0,
    0xc, 0xc1, 0x2e, 0x60, 0xf, 0x23, 0x70, 0x20,
    0x2, 0x65, 0xb5, 0x20, 0x0, 0xc1, 0xd4, 0x24,
    0x0, 0xec, 0x94, 0xa0, 0x14, 0x2, 0xc, 0xb1,
    0x80, 0x27, 0x94, 0x2, 0x36, 0xa0, 0x3, 0x83,
    0x80, 0x42, 0x1, 0x9c, 0x10, 0x0, 0x27, 0x24,
    0x1, 0xe2, 0x93, 0x10, 0xb, 0x83, 0x7e, 0x0,
    0x13, 0xfa, 0x1c, 0x1, 0x8b, 0x72, 0x1f, 0xbd,
    0xa3, 0x34, 0x80, 0x3c, 0x6f, 0xb3, 0x1a, 0xe6,
    0x1, 0x80,

    /* U+E242 "" */
    0x0, 0xcc, 0xc7, 0x79, 0x9a, 0x20, 0xe, 0x1d,
    0x98, 0x8a, 0x65, 0x10, 0xd2, 0x0, 0xd4, 0x7d,
    0x81, 0x7e, 0x17, 0xc7, 0xe0, 0x13, 0xa6, 0x8d,
    0x92, 0xa, 0xc8, 0x69, 0xd0, 0xc, 0x1a, 0x3b,
    0xb, 0xb8, 0xe, 0x19, 0x54, 0x84, 0x7, 0x32,
    0x2, 0x99, 0x20, 0x34, 0xa8, 0x9, 0x98, 0xbb,
    0x82, 0xdd, 0xcb, 0xf, 0xe4, 0x15, 0xd, 0x39,
    0x7, 0x50, 0x7, 0x98, 0xb2, 0xe8, 0x0, 0x6d,
    0x97, 0x48, 0x80, 0x96, 0x52, 0xe6, 0x1, 0x2b,
    0x5b, 0xa, 0x20, 0x53, 0xce, 0x0, 0x3a, 0x4f,
    0x92, 0xb4, 0xa8, 0xb8, 0x3, 0xef, 0x37, 0x37,
    0x6, 0xa2, 0x0, 0xf8, 0xa4, 0x80, 0x49, 0x94,
    0x3, 0xf9, 0x94, 0x0, 0x52, 0x1, 0xff, 0x54,
    0xc6, 0x0, 0x78,

    /* U+E247 "" */
    0x1, 0x66, 0xc2, 0x1, 0xfe, 0xf9, 0x88, 0x4f,
    0x88, 0x7, 0xe4, 0x1f, 0xee, 0x83, 0x5d, 0xcc,
    0xc5, 0x0, 0x84, 0x3, 0xe, 0x85, 0x4c, 0x42,
    0xa8, 0x1, 0xf8, 0xf3, 0x7b, 0xa9, 0x50, 0xf,
    0x16, 0xff, 0xfa, 0x42, 0x0, 0x3b, 0x86, 0xab,
    0xe8, 0x73, 0x0, 0x94, 0xf9, 0x57, 0xe6, 0x7,
    0x0, 0xb5, 0x88, 0x3, 0xe4, 0x4, 0x0, 0xa2,
    0x40, 0x3f, 0x79, 0x80, 0x7f, 0xf0, 0x92, 0xc1,
    0x81, 0xd5, 0x7f, 0x9c, 0x50, 0xd, 0xa2, 0xab,
    0xfa, 0x1c, 0xc0,

    /* U+E259 "" */
    0x0, 0x12, 0xaf, 0x84, 0x2, 0x4d, 0xaa, 0xf7,
    0x18, 0x3, 0x97, 0xff, 0xc3, 0x20, 0xf, 0x5c,
    0x10, 0x3, 0x70, 0xf8, 0x1, 0x6c, 0x9c, 0x1,
    0x69, 0x8a, 0x1, 0x20, 0x7, 0x61, 0x80, 0x7f,
    0x84, 0x3, 0x8c, 0x40, 0x21, 0xc1, 0x0, 0xa3,
    0xd, 0x80, 0x10, 0xbc, 0xe0, 0x6f, 0x18, 0x1,
    0x27, 0xbc, 0x1b, 0x1, 0x2a, 0xf2, 0x68, 0x32,
    0x15, 0x57, 0xe2, 0x41, 0xdf, 0xf8, 0xa7, 0xfe,
    0xd1, 0x0, 0xff, 0xe8, 0xf3, 0x80, 0x70,

    /* U+E25F "" */
    0x0, 0xff, 0xe9, 0x69, 0x80, 0x7f, 0xf0, 0x89,
    0x80, 0x3f, 0xe3, 0x0, 0xff, 0xe1, 0x26, 0x0,
    0x7f, 0xf0, 0x84, 0x3, 0xff, 0x80, 0xe6, 0x1,
    0xff, 0xc2, 0xa5, 0x0, 0xff, 0xe7, 0xe9, 0x80,
    0x7f, 0xf0, 0x89, 0x80, 0x3f, 0xe3, 0x0, 0xff,
    0xe1, 0x1f, 0x0, 0x9, 0x80, 0x4c, 0x18, 0x80,
    0x4, 0xc7, 0xa0, 0xd, 0x30, 0xc5, 0x3, 0xd0,
    0x6, 0x98,

    /* U+E286 "" */
    0x0, 0xff, 0x84, 0xd0, 0x3, 0xfc, 0x99, 0xd9,
    0x68, 0x1, 0xf0, 0xdd, 0x9e, 0xb4, 0x3, 0xf0,
    0xe2, 0xdd, 0x95, 0x81, 0x40, 0x26, 0x75, 0xd3,
    0xc4, 0x0, 0x69, 0x88, 0x3, 0x66, 0xa8, 0x74,
    0x40, 0x1, 0x6a, 0x0, 0x39, 0xf6, 0x8a, 0x20,
    0x2, 0xa2, 0x60, 0x5, 0x13, 0x50, 0xc8, 0x5,
    0x49, 0xc0, 0x10, 0x8a, 0x90, 0x10, 0xb, 0x16,
    0xcc, 0x2, 0xcd, 0xd7, 0x34, 0xde, 0x9b, 0x20,
    0x6, 0x3b, 0xa2, 0x96, 0x4a, 0x62, 0x0, 0xc3,
    0x86, 0x1e, 0x1e, 0x2a, 0x62, 0x1, 0x98, 0xa0,
    0x88, 0x1, 0x4a, 0xf8, 0x6, 0xb0, 0xd7, 0x70,
    0x0, 0x52, 0x94, 0x3, 0x19, 0xc, 0xc0, 0x36,
    0xe9, 0x40, 0x3b, 0x7b, 0x18, 0x2, 0x20, 0xf,
    0x80,

    /* U+E296 "" */
    0x4, 0x55, 0xfe, 0x3, 0xba, 0xaf, 0xe3, 0x37,
    0x85, 0x7f, 0xea, 0xf, 0x30, 0xf, 0xfe, 0x10,
    0xe8, 0x6, 0xd1, 0x0, 0xd0, 0xee, 0x0, 0x3b,
    0xa0, 0x3, 0x34, 0x41, 0xdd, 0x10, 0x60, 0xe,
    0x78, 0x8c, 0xe0, 0x1f, 0xfc, 0x67, 0x88, 0xce,
    0x1, 0xcd, 0x10, 0x77, 0x44, 0x18, 0x3, 0x43,
    0xb8, 0x0, 0xee, 0x80, 0xc, 0x3a, 0x1, 0xb4,
    0x40, 0x3f, 0xf8, 0x47, 0xe1, 0x5f, 0xfa, 0x83,
    0xcc, 0xd5, 0x5f, 0xd6, 0x60,

    /* U+E29A "" */
    0x0, 0xf8, 0x50, 0x3, 0x85, 0x57, 0x20, 0x35,
    0x2a, 0xe1, 0x9a, 0xad, 0x64, 0x3, 0x55, 0x9e,
    0x3f, 0xf8, 0x84, 0xbf, 0xf3, 0x0, 0x7c, 0xdc,
    0x1, 0xf8, 0xa8, 0x2, 0x30, 0xe, 0x36, 0x64,
    0x28, 0x1b, 0x37, 0x89, 0x2e, 0xc8, 0x0, 0xab,
    0xbf, 0x23, 0xee, 0xa8, 0x1, 0x3b, 0xbe, 0x60,
    0x9, 0x38, 0x3, 0x10, 0x7, 0xe1, 0x0, 0x87,
    0x4c, 0x2, 0x8f, 0xff, 0x30, 0x3, 0x3f, 0xcd,
    0x35, 0x5e, 0x70, 0x4, 0x55, 0x1c, 0x55, 0x7c,
    0x22, 0x76, 0x55, 0x8,

    /* U+E2A3 "" */
    0x73, 0x0, 0xff, 0xe0, 0x52, 0x80, 0x71, 0x80,
    0x7f, 0xf0, 0xf, 0x4, 0x3, 0xc2, 0x1, 0xff,
    0xca, 0x72, 0x0, 0xff, 0xe0, 0x4a, 0x0, 0x7f,
    0xf2, 0xc, 0x3, 0xff, 0x80, 0xda, 0x1, 0xff,
    0xce, 0x22, 0x0, 0x8c, 0x4, 0x40, 0xe, 0x4c,
    0x2, 0xe0, 0x6, 0x20, 0x1, 0x63, 0xbb, 0xfb,
    0x74, 0x71, 0x71, 0x1f, 0xd7, 0x62,

    /* U+E2A5 "" */
    0xa4, 0x0, 0xff, 0xe0, 0x39, 0x0, 0x7f, 0xf3,
    0xc4, 0x3, 0xff, 0x8a, 0x40, 0x18, 0xf0, 0x3,
    0xd1, 0xae, 0x0, 0x3c, 0x60, 0xe, 0x87, 0x58,
    0x73, 0xc5, 0xa0, 0xc, 0x4f, 0x54, 0x88, 0x62,
    0xd0, 0x7, 0x17, 0xa8, 0x3c, 0xb5, 0x0, 0x7f,
    0xcd, 0x20, 0x1f, 0xfc, 0x8f, 0x0, 0xff, 0xe0,
    0x53, 0xf7, 0x7f, 0x6e, 0x91, 0xee, 0x23, 0xfa,
    0xec, 0xa0,

    /* U+E2B2 "" */
    0x0, 0xff, 0xe4, 0xae, 0x80, 0x7f, 0xf0, 0x4c,
    0xc0, 0x1f, 0xfc, 0x17, 0x80, 0x1, 0x73, 0x0,
    0x7f, 0x10, 0x85, 0x13, 0x0, 0x70, 0xa0, 0x25,
    0xf2, 0xc6, 0x0, 0x74, 0xf5, 0xaa, 0xbd, 0xa8,
    0x40, 0x3a, 0x9e, 0x0, 0x34, 0x8b, 0x83, 0x30,
    0x4d, 0x75, 0x0, 0x40, 0x28, 0x51, 0xbb, 0x2d,
    0x91, 0x98, 0x7c, 0x2, 0x63, 0x1d, 0xd2, 0x8,
    0x80, 0x16, 0x9d, 0xbf, 0x0, 0x1d, 0xe6, 0x20,
    0xbb, 0x2a, 0x4, 0x1, 0xcc, 0x34, 0x0, 0x27,
    0x0, 0x48, 0x7, 0xb5, 0x36, 0x21, 0xaf, 0x6,
    0x1, 0xe3, 0xe5, 0x59, 0xf1, 0xc0, 0x3c,

    /* U+E2DE "" */
    0x0, 0xff, 0xe0, 0x18, 0x7, 0xff, 0x5, 0xf1,
    0x80, 0x3f, 0xcb, 0x90, 0x56, 0x1, 0xe5, 0x9d,
    0xfa, 0x7c, 0x92, 0x20, 0x4, 0x5b, 0x4a, 0xab,
    0xeb, 0x34, 0x4, 0x0, 0xe, 0xf, 0x64, 0x20,
    0x80, 0x44, 0x20, 0x8, 0xc, 0x10, 0xf, 0x87,
    0xc0, 0xf, 0x20, 0x10, 0xc8, 0x80, 0x42, 0x1,
    0x9, 0x80, 0x1b, 0xd0, 0x2, 0x12, 0xc0, 0xb,
    0x6b, 0xe5, 0xf0, 0x40, 0x12, 0x28, 0x2, 0x26,
    0x18, 0xe9, 0x10, 0x2, 0x3c, 0x0, 0x28, 0x1,
    0x8e, 0x20, 0x13, 0x5b, 0x30, 0x9, 0x2a, 0x63,
    0x19, 0x63, 0x65, 0xe4, 0x0, 0xe0, 0x8d, 0x8d,
    0x14, 0xa9, 0xb0, 0x1, 0x3c, 0x0, 0xe, 0xbb,
    0xf6, 0x48, 0x3, 0x0,

    /* U+E2E0 "" */
    0x15, 0x5f, 0xe0, 0x1, 0x4, 0xd5, 0x7f, 0x20,
    0x7b, 0x47, 0xff, 0xf2, 0x0, 0x7f, 0xf4, 0xd6,
    0xab, 0xa0, 0x3, 0xff, 0x88, 0xfd, 0xa4, 0xb,
    0x55, 0xd0, 0x9, 0xc, 0x80, 0x1f, 0xec, 0x38,
    0x90, 0xf, 0xf7, 0x19, 0x20, 0x14, 0x7f, 0xf6,
    0x83, 0x1e, 0xda, 0xa4, 0xd5, 0x77, 0x0, 0x32,
    0xf2, 0x80,

    /* U+E2F6 "" */
    0x20, 0xf, 0xf8, 0x43, 0xd8, 0xbc, 0x57, 0x80,
    0x26, 0xee, 0x28, 0x0, 0x40, 0x6, 0x1, 0x34,
    0xb0, 0x18, 0x7, 0xf4, 0x44, 0x20, 0x1f, 0xc4,
    0x2a, 0x1, 0x84, 0x3, 0xc2, 0x1, 0xc3, 0x88,
    0xf, 0xa6, 0x1, 0xf7, 0xb4, 0x4, 0xb7, 0x0,
    0x46, 0x1, 0x1e, 0xe0, 0x76, 0x98, 0x4, 0x60,
    0x1f, 0xf1, 0x4, 0x38, 0x80, 0x7f, 0xd, 0x3d,
    0x0, 0x7f, 0xcb, 0xba, 0x10, 0xf, 0xff, 0x9,
    0xc8, 0x80, 0x7d, 0xe,

    /* U+E354 "" */
    0x0, 0xff, 0x20, 0x80, 0x7f, 0xc3, 0x3f, 0x78,
    0x1, 0xfe, 0x8e, 0x49, 0xb2, 0x20, 0x7, 0xc3,
    0x6f, 0x3a, 0xf8, 0xa, 0x1, 0xe1, 0xc5, 0xd7,
    0x9e, 0x52, 0xc0, 0xf, 0x68, 0x78, 0xfb, 0xd6,
    0xda, 0x0, 0x74, 0x1f, 0x96, 0xaf, 0xa9, 0xc0,
    0x20, 0x4, 0x4f, 0x27, 0xab, 0x62, 0x1e, 0xa5,
    0xa0, 0x14, 0x13, 0x40, 0x50, 0x88, 0xf, 0xd5,
    0x0, 0x25, 0xb2, 0x6b, 0x3f, 0x90, 0x1, 0x59,
    0x10, 0x10, 0xa, 0x89, 0x4d, 0xa0, 0x1e, 0x50,
    0x10, 0x14, 0xad, 0xc1, 0x42, 0x9, 0x21, 0xa0,
    0x30, 0x7, 0x72, 0x6, 0xbb, 0x31, 0x1, 0x3f,
    0xa, 0x1, 0x1b, 0xe7, 0xd2, 0x99, 0xbe, 0xd8,
    0xc0, 0xc0, 0x3c, 0xb3, 0xba, 0x90, 0x9b, 0x1,
    0x0, 0xfe, 0x26, 0xbf, 0xcd, 0x20,

    /* U+E356 "" */
    0x0, 0xff, 0x8e, 0x14, 0x3, 0xfd, 0x18, 0xfa,
    0x1, 0x86, 0x50, 0x3, 0xd6, 0x1, 0xa1, 0xa8,
    0x0, 0xef, 0x8c, 0x2, 0x37, 0x7, 0x7, 0x88,
    0xc0, 0x11, 0x6a, 0xfc, 0xbc, 0x41, 0xcc, 0x2,
    0x1c, 0x5b, 0x7, 0x88, 0x3b, 0x65, 0x80, 0xc,
    0x7c, 0x1e, 0x20, 0xe1, 0x40, 0x18, 0x8f, 0x9e,
    0x3, 0x52, 0xca, 0xac, 0x2, 0xa5, 0x88, 0x4b,
    0x5a, 0xe2, 0x80, 0x61, 0x8, 0x76, 0xcd, 0xf2,
    0x0, 0x97, 0xe2, 0xe, 0x1, 0x10, 0x80, 0x6c,
    0x0, 0x38, 0x7, 0xfa, 0x1a, 0xc0, 0x3f, 0xe0,

    /* U+E36A "" */
    0x0, 0x13, 0xa0, 0x6, 0x66, 0x0, 0x62, 0xd9,
    0xe0, 0xd, 0x53, 0xa0, 0x12, 0xf, 0x50, 0x6,
    0xcd, 0x23, 0x0, 0x8, 0x7, 0xe3, 0x0, 0xff,
    0xe9, 0x9d, 0x28, 0x7, 0xc2, 0x28, 0x2a, 0x22,
    0x0, 0x7e, 0x34, 0x79, 0x84, 0x0, 0xf8, 0x4a,
    0xd4, 0x0, 0x60, 0x1f, 0xce, 0x1, 0xff, 0xd2,
    0x31, 0x84, 0x0, 0xcd, 0x0, 0x40, 0x4, 0x85,
    0xe0, 0xd, 0x49, 0x42, 0x0,

    /* U+E36F "" */
    0x0, 0x8d, 0x57, 0xf1, 0x80, 0x74, 0xe5, 0x57,
    0xec, 0x90, 0x9, 0x58, 0x8f, 0xff, 0xc4, 0x46,
    0x50, 0x5, 0xb7, 0x9b, 0x0, 0x66, 0x2f, 0x6b,
    0x0, 0xf, 0x93, 0xcf, 0xfe, 0x97, 0x2f, 0x10,
    0x3, 0xc0, 0x40, 0x9d, 0x50, 0x86, 0x2, 0x1c,
    0x1, 0x21, 0x1, 0x66, 0xe2, 0x54, 0x10, 0x12,
    0x0, 0x18, 0x72, 0x52, 0xfa, 0x34, 0x27, 0x81,
    0x0, 0x98, 0xa6, 0xc9, 0x88, 0xef, 0x89, 0x80,
    0x3a, 0x51, 0x19, 0x79, 0x84, 0x39, 0x0, 0xf2,
    0xb, 0x9f, 0xb1, 0xb8, 0xa0, 0x7, 0xc3, 0xa0,
    0x7c, 0x1c, 0x20, 0x1f, 0x8f, 0xc2, 0xb0, 0x30,
    0xc0, 0x3f, 0x4a, 0xc3, 0xac, 0x2c, 0x0, 0x7e,
    0x59, 0x7e, 0xe3, 0xca, 0x0, 0x7f, 0x37, 0xdd,
    0xbd, 0x80, 0x38,

    /* U+E373 "" */
    0x0, 0xc8, 0xab, 0xe4, 0x0, 0xfa, 0x6e, 0xab,
    0xd6, 0xc0, 0x19, 0xb9, 0x9f, 0xff, 0xc7, 0x3a,
    0x60, 0x72, 0xc4, 0x1, 0xf9, 0x1f, 0x1, 0x46,
    0x4, 0x3, 0xf1, 0xc8, 0x1a, 0xd, 0x8, 0x7,
    0xe4, 0x81, 0x32, 0xa6, 0x22, 0x0, 0x78, 0x48,
    0x34, 0x0, 0xb8, 0xea, 0x20, 0x19, 0xa, 0xec,
    0x60, 0x1a, 0x47, 0x4c, 0x0, 0x94, 0x6a, 0x1,
    0xe1, 0xc0, 0xce, 0xe5, 0xae, 0x80, 0x7e, 0x2d,
    0x7, 0x41, 0xb1, 0x0, 0xfe, 0xb0, 0x99, 0xb,
    0x0, 0x7f, 0x3a, 0xd8, 0x1b, 0xca, 0x0, 0x7e,
    0x97, 0x40, 0x4, 0x27, 0x80, 0x7b, 0xfc, 0x2f,
    0xff, 0x91, 0x1f, 0x80, 0x1a, 0xea, 0xbf, 0xde,
    0x0,

    /* U+E37F "" */
    0x0, 0x18, 0x4, 0x60, 0x1d, 0xac, 0x0, 0xd6,
    0x0, 0xff, 0xe5, 0xa8, 0x7a, 0xa8, 0x7c, 0xc2,
    0xe8, 0x5a, 0xa8, 0xd, 0x86, 0xd3, 0xff, 0xe1,
    0x50, 0xf, 0xf8, 0x40, 0x3c, 0x20, 0xd8, 0x1,
    0xc4, 0xb, 0xe9, 0x4a, 0xb3, 0x61, 0x99, 0x2d,
    0xea, 0xa9, 0x7d, 0x0, 0x26, 0xf8, 0xcf, 0xc8,
    0x80, 0x7f, 0xf3, 0x75, 0x80, 0x30,

    /* U+E3C6 "" */
    0x0, 0xe6, 0x60, 0x83, 0x30, 0x40, 0x3e, 0x1d,
    0x98, 0xee, 0x4c, 0x79, 0x0, 0x7a, 0x4f, 0xb8,
    0x61, 0xdc, 0x28, 0x0, 0xe8, 0x73, 0x10, 0x52,
    0x10, 0x65, 0xa0, 0x9, 0x1d, 0xcc, 0x1, 0xe3,
    0x85, 0x60, 0x6, 0x14, 0x58, 0x7, 0xa5, 0xd7,
    0x40, 0x22, 0x30, 0x8, 0x88, 0x1, 0xa, 0x8,
    0x0, 0xc8, 0x80, 0x8, 0x41, 0xa1, 0x1, 0x27,
    0x2, 0x4e, 0x10, 0x77, 0x10, 0xa5, 0x80, 0x34,
    0x90, 0x40, 0x40, 0xf, 0xca, 0x5d, 0x40, 0x1,
    0x1, 0x31, 0x80, 0x8, 0x44, 0x1, 0xd0, 0x8,
    0x14, 0xbf, 0x0, 0x1e, 0x6e, 0x79, 0x10, 0x42,
    0x26, 0x0, 0x8, 0x80, 0x5, 0x50, 0x30, 0x5,
    0x64, 0x66, 0x84, 0x1a, 0x36, 0x46, 0x0, 0xcc,
    0xf1, 0x8d, 0x36, 0x99, 0x4d, 0x20, 0x1d, 0x1f,
    0xbc, 0xc9, 0xdb, 0xf2, 0x1, 0x0,

    /* U+E410 "" */
    0x0, 0xc2, 0xf2, 0x80, 0x10, 0xc8, 0x7, 0x47,
    0x4b, 0x78, 0x0, 0x59, 0xa0, 0xa, 0xda, 0x7c,
    0x38, 0x0, 0xf0, 0x12, 0x81, 0x9, 0x8c, 0x40,
    0xe0, 0x6, 0xc0, 0xe4, 0x17, 0x92, 0x2, 0x1,
    0x0, 0x8f, 0x4, 0x10, 0x18, 0x0, 0x25, 0x0,
    0x18, 0xc0, 0x1a, 0x60, 0x1b, 0x92, 0x88, 0xe,
    0x50, 0x3, 0xe3, 0xc7, 0xdf, 0xc6, 0xf0, 0xe3,
    0x0, 0xe3, 0xdc, 0xad, 0x33, 0x3, 0x83, 0x0,
    0x78, 0xd4, 0x4e, 0xc0, 0x5e, 0x8, 0x3, 0xc3,
    0xc8, 0x60, 0x8, 0x2c, 0x50, 0xc, 0x98, 0x14,
    0x1, 0xb1, 0xeb, 0xae, 0xdd, 0x6d, 0x82, 0x1,
    0xd3, 0xd2, 0x22, 0x9c, 0xb1, 0x0, 0x80,

    /* U+E412 "" */
    0x0, 0xf8, 0x8c, 0x3, 0x18, 0x7, 0xe2, 0xdc,
    0x30, 0x2, 0xe0, 0x7, 0xe5, 0x11, 0x20, 0x45,
    0x7, 0x98, 0x7, 0xb5, 0x55, 0xa1, 0x4c, 0x14,
    0x60, 0x1e, 0x73, 0x33, 0x81, 0x5b, 0xa8, 0x7,
    0x84, 0xb7, 0x44, 0x20, 0x50, 0x1, 0x13, 0xd6,
    0xf1, 0x2a, 0x8b, 0xb6, 0x9c, 0xc0, 0xb6, 0x45,
    0x6b, 0x40, 0x1b, 0x4a, 0x33, 0x84, 0x1, 0xff,
    0xc4, 0x2c, 0x91, 0x5a, 0xd0, 0x6, 0xd2, 0x8c,
    0xe1, 0x1, 0xbd, 0x6f, 0x12, 0xa8, 0xbb, 0x69,
    0xcc, 0x0, 0x72, 0xc0, 0x25, 0xba, 0x21, 0x0,
    0xe1, 0xc5, 0x96, 0x7, 0x33, 0x38, 0x7, 0x94,
    0x38, 0xfc, 0x35, 0x55, 0xa0, 0x1e, 0x42, 0xd3,
    0xa0, 0x41, 0x12, 0x0, 0x7d, 0xb7, 0xc6, 0x7,
    0xba, 0x30, 0xf, 0x0,

    /* U+E45C "" */
    0x0, 0xff, 0x95, 0x40, 0x1f, 0xfc, 0x7, 0xa3,
    0x0, 0xff, 0x9e, 0x20, 0xc0, 0x1f, 0xe3, 0x80,
    0x8f, 0xd0, 0xf, 0xe3, 0xaa, 0x20, 0x58, 0x7,
    0xc6, 0x0, 0x52, 0x48, 0x60, 0xc, 0xcc, 0x7c,
    0x30, 0x5, 0x43, 0x80, 0x67, 0x99, 0x44, 0xc,
    0xc1, 0xae, 0x1, 0x92, 0x22, 0x1, 0x7c, 0x30,
    0xf, 0x6a, 0x3b, 0xa2, 0x62, 0x6, 0x1, 0xee,
    0x43, 0x7, 0x80, 0x10, 0xf, 0x9c, 0xb4, 0xc0,
    0x3f, 0xe7, 0x23, 0xcb, 0x89, 0x60, 0xf, 0x1c,
    0x43, 0x60, 0xad, 0x80, 0x3e, 0x3c, 0x70, 0x79,
    0x40, 0xf, 0xc0,

    /* U+E461 "" */
    0x0, 0xf1, 0x22, 0x8, 0x3, 0xfc, 0xdb, 0xab,
    0xb6, 0xe9, 0x80, 0x3e, 0xb9, 0x4b, 0xff, 0x62,
    0x4d, 0x80, 0x75, 0xae, 0x4a, 0x0, 0xe, 0x71,
    0x6c, 0x2, 0x64, 0xd3, 0x7, 0xee, 0x38, 0x1d,
    0x23, 0x0, 0x2d, 0x8c, 0x12, 0x19, 0x90, 0x80,
    0x8b, 0x60, 0x44, 0xa0, 0x6, 0x1c, 0x40, 0xb0,
    0x1, 0xe4, 0x46, 0x3, 0x0, 0x71, 0x91, 0x97,
    0x0, 0x1c, 0x18, 0x3, 0x98, 0xf7, 0xd, 0x80,
    0x39, 0x80, 0xc0, 0x2c, 0xbc, 0xc0, 0x4, 0xe0,
    0xc4, 0x4a, 0x0, 0x1a, 0x8b, 0x29, 0x80, 0x3c,
    0x88, 0x16, 0xc5, 0x39, 0x55, 0xb1, 0xd1, 0x6c,
    0x0, 0xc9, 0x8c, 0xff, 0xf9, 0xe6, 0x91, 0x80,
    0x2b, 0x50, 0x34, 0x0, 0x21, 0x8a, 0xd8, 0x7,
    0x5c, 0xb5, 0xff, 0xad, 0xa6, 0xc0, 0x3e, 0x6d,
    0xd5, 0xdb, 0x74, 0xc0, 0x18,

    /* U+E4C2 "" */
    0x0, 0xff, 0xe4, 0xb, 0xe7, 0xfb, 0x64, 0x80,
    0x3e, 0x5e, 0x95, 0x9a, 0x54, 0xd7, 0x0, 0xe5,
    0xa5, 0xe9, 0x51, 0x9d, 0x88, 0x48, 0x4, 0x34,
    0xd4, 0xff, 0x97, 0xd2, 0xf4, 0xca, 0x0, 0x82,
    0x98, 0x83, 0xf7, 0xd3, 0xda, 0xaa, 0x0, 0xd,
    0x62, 0xf1, 0x5, 0x65, 0xd4, 0x59, 0x22, 0x81,
    0x1c, 0x1e, 0x2e, 0x70, 0xd3, 0xcc, 0x10, 0x4,
    0xb8, 0xc1, 0x23, 0xc, 0x4c, 0x40, 0xcc, 0x5c,
    0x11, 0xa1, 0xae, 0x7c, 0x31, 0x41, 0x8a,

    /* U+E506 "" */
    0x0, 0xc2, 0x88, 0x10, 0xf, 0x1e, 0x75, 0xdb,
    0xb0, 0xc0, 0x24, 0xc3, 0xbe, 0xfb, 0x3c, 0x40,
    0x1b, 0x20, 0x41, 0x4, 0x2, 0xb1, 0x91, 0xb0,
    0xf, 0x40, 0xca, 0xb2, 0x2, 0x0, 0x10, 0x1d,
    0x94, 0xb4, 0x92, 0x99, 0xe9, 0xb, 0x48, 0x2,
    0xb7, 0x89, 0x7b, 0x0, 0xf1, 0xcf, 0x72, 0x4c,
    0x3, 0x8f, 0x18, 0x0, 0xd8, 0x60, 0x3, 0xf3,
    0x93, 0x0, 0x1c, 0x9f, 0x9c, 0xab, 0xb9, 0x40,
    0xa, 0xee, 0x59, 0x59, 0x8e, 0xff, 0xdd, 0x12,
    0xa0, 0xe2, 0xb5, 0x59, 0x45, 0xc0, 0x10, 0x74,
    0xab, 0xa8, 0xe4, 0x1, 0x7e, 0x1, 0xef, 0xa0,

    /* U+E529 "" */
    0x0, 0xf8, 0x44, 0x1, 0xff, 0xc0, 0x3a, 0xee,
    0x5a, 0x0, 0x7e, 0x4b, 0xc7, 0xab, 0xb, 0xd5,
    0x0, 0xcb, 0xb6, 0x17, 0xaa, 0x97, 0x8f, 0x5c,
    0xe0, 0x54, 0xdb, 0x68, 0x1, 0x8e, 0xb9, 0xe1,
    0x4c, 0x52, 0x84, 0x3, 0xe6, 0x70, 0x61, 0xf8,
    0x6e, 0x92, 0x0, 0xc, 0x74, 0x3e, 0x98, 0x3b,
    0xba, 0x53, 0x6e, 0xb9, 0xa7, 0xa5, 0xc4, 0xa6,
    0x8d, 0xb6, 0xc0, 0x67, 0x9c, 0x22, 0x90, 0xad,
    0xf2, 0xd1, 0x17, 0x66, 0x3a, 0xe6, 0x95, 0x5,
    0xdb, 0xb, 0xd6, 0x5c, 0xc3, 0x57, 0x38, 0x27,
    0x22, 0x2f, 0x52, 0x69, 0xef, 0x15, 0x38, 0xd1,
    0x17, 0xaa, 0x53, 0xfd, 0x68, 0xbb, 0x68, 0x61,
    0x78, 0xf5, 0xce, 0x2, 0xfd, 0x4f, 0xb6, 0x1,
    0x1d, 0x73, 0x47, 0xfa, 0x1b, 0xa8, 0x80, 0x3c,
    0x31, 0xf3, 0x2e, 0x81, 0x0, 0xc0
};


/*---------------------
 *  GLYPH DESCRIPTION
 *--------------------*/

static const lv_font_fmt_txt_glyph_dsc_t glyph_dsc[] = {
    {.bitmap_index = 0, .adv_w = 0, .box_w = 0, .box_h = 0, .ofs_x = 0, .ofs_y = 0} /* id = 0 reserved */,
    {.bitmap_index = 0, .adv_w = 256, .box_w = 16, .box_h = 16, .ofs_x = 0, .ofs_y = 0},
    {.bitmap_index = 87, .adv_w = 256, .box_w = 14, .box_h = 16, .ofs_x = 1, .ofs_y = 0},
    {.bitmap_index = 172, .adv_w = 256, .box_w = 12, .box_h = 12, .ofs_x = 2, .ofs_y = 2},
    {.bitmap_index = 217, .adv_w = 256, .box_w = 12, .box_h = 12, .ofs_x = 2, .ofs_y = 2},
    {.bitmap_index = 267, .adv_w = 256, .box_w = 12, .box_h = 12, .ofs_x = 2, .ofs_y = 2},
    {.bitmap_index = 318, .adv_w = 256, .box_w = 12, .box_h = 12, .ofs_x = 2, .ofs_y = 2},
    {.bitmap_index = 363, .adv_w = 256, .box_w = 16, .box_h = 16, .ofs_x = 0, .ofs_y = 0},
    {.bitmap_index = 479, .adv_w = 256, .box_w = 16, .box_h = 16, .ofs_x = 0, .ofs_y = 0},
    {.bitmap_index = 589, .adv_w = 256, .box_w = 16, .box_h = 10, .ofs_x = 0, .ofs_y = 3},
    {.bitmap_index = 649, .adv_w = 256, .box_w = 16, .box_h = 10, .ofs_x = 0, .ofs_y = 3},
    {.bitmap_index = 697, .adv_w = 256, .box_w = 16, .box_h = 10, .ofs_x = 0, .ofs_y = 3},
    {.bitmap_index = 765, .adv_w = 256, .box_w = 16, .box_h = 10, .ofs_x = 0, .ofs_y = 3},
    {.bitmap_index = 824, .adv_w = 256, .box_w = 16, .box_h = 10, .ofs_x = 0, .ofs_y = 3},
    {.bitmap_index = 875, .adv_w = 256, .box_w = 16, .box_h = 10, .ofs_x = 0, .ofs_y = 3},
    {.bitmap_index = 932, .adv_w = 256, .box_w = 14, .box_h = 16, .ofs_x = 1, .ofs_y = 0},
    {.bitmap_index = 1012, .adv_w = 256, .box_w = 9, .box_h = 16, .ofs_x = 3, .ofs_y = 0},
    {.bitmap_index = 1074, .adv_w = 256, .box_w = 15, .box_h = 14, .ofs_x = 0, .ofs_y = 1},
    {.bitmap_index = 1134, .adv_w = 256, .box_w = 12, .box_h = 14, .ofs_x = 2, .ofs_y = 1},
    {.bitmap_index = 1174, .adv_w = 256, .box_w = 14, .box_h = 16, .ofs_x = 1, .ofs_y = 0},
    {.bitmap_index = 1242, .adv_w = 256, .box_w = 16, .box_h = 12, .ofs_x = 0, .ofs_y = 2},
    {.bitmap_index = 1315, .adv_w = 256, .box_w = 16, .box_h = 16, .ofs_x = 0, .ofs_y = 0},
    {.bitmap_index = 1416, .adv_w = 256, .box_w = 12, .box_h = 9, .ofs_x = 2, .ofs_y = 4},
    {.bitmap_index = 1457, .adv_w = 256, .box_w = 10, .box_h = 6, .ofs_x = 3, .ofs_y = 5},
    {.bitmap_index = 1484, .adv_w = 256, .box_w = 6, .box_h = 10, .ofs_x = 5, .ofs_y = 3},
    {.bitmap_index = 1513, .adv_w = 256, .box_w = 6, .box_h = 10, .ofs_x = 5, .ofs_y = 3},
    {.bitmap_index = 1542, .adv_w = 256, .box_w = 10, .box_h = 6, .ofs_x = 3, .ofs_y = 5},
    {.bitmap_index = 1569, .adv_w = 256, .box_w = 16, .box_h = 16, .ofs_x = 0, .ofs_y = 0},
    {.bitmap_index = 1665, .adv_w = 256, .box_w = 16, .box_h = 16, .ofs_x = 0, .ofs_y = 0},
    {.bitmap_index = 1772, .adv_w = 256, .box_w = 16, .box_h = 16, .ofs_x = 0, .ofs_y = 0},
    {.bitmap_index = 1874, .adv_w = 256, .box_w = 16, .box_h = 16, .ofs_x = 0, .ofs_y = 0},
    {.bitmap_index = 1985, .adv_w = 256, .box_w = 16, .box_h = 16, .ofs_x = 0, .ofs_y = 0},
    {.bitmap_index = 2101, .adv_w = 256, .box_w = 12, .box_h = 16, .ofs_x = 2, .ofs_y = 0},
    {.bitmap_index = 2148, .adv_w = 256, .box_w = 16, .box_h = 16, .ofs_x = 0, .ofs_y = 0},
    {.bitmap_index = 2254, .adv_w = 256, .box_w = 16, .box_h = 12, .ofs_x = 0, .ofs_y = 2},
    {.bitmap_index = 2328, .adv_w = 256, .box_w = 16, .box_h = 15, .ofs_x = 0, .ofs_y = 0},
    {.bitmap_index = 2427, .adv_w = 256, .box_w = 16, .box_h = 15, .ofs_x = 0, .ofs_y = 0},
    {.bitmap_index = 2526, .adv_w = 256, .box_w = 16, .box_h = 15, .ofs_x = 0, .ofs_y = 0},
    {.bitmap_index = 2620, .adv_w = 256, .box_w = 16, .box_h = 14, .ofs_x = 0, .ofs_y = 1},
    {.bitmap_index = 2712, .adv_w = 256, .box_w = 16, .box_h = 10, .ofs_x = 0, .ofs_y = 3},
    {.bitmap_index = 2774, .adv_w = 256, .box_w = 15, .box_h = 15, .ofs_x = 1, .ofs_y = 1},
    {.bitmap_index = 2856, .adv_w = 256, .box_w = 16, .box_h = 16, .ofs_x = 0, .ofs_y = 0},
    {.bitmap_index = 2973, .adv_w = 256, .box_w = 16, .box_h = 16, .ofs_x = 0, .ofs_y = 0},
    {.bitmap_index = 3056, .adv_w = 256, .box_w = 16, .box_h = 16, .ofs_x = 0, .ofs_y = 0},
    {.bitmap_index = 3162, .adv_w = 256, .box_w = 16, .box_h = 12, .ofs_x = 0, .ofs_y = 2},
    {.bitmap_index = 3215, .adv_w = 256, .box_w = 14, .box_h = 16, .ofs_x = 1, .ofs_y = 0},
    {.bitmap_index = 3316, .adv_w = 256, .box_w = 11, .box_h = 16, .ofs_x = 3, .ofs_y = 0},
    {.bitmap_index = 3387, .adv_w = 256, .box_w = 14, .box_h = 14, .ofs_x = 1, .ofs_y = 1},
    {.bitmap_index = 3452, .adv_w = 256, .box_w = 12, .box_h = 15, .ofs_x = 2, .ofs_y = 0},
    {.bitmap_index = 3526, .adv_w = 256, .box_w = 14, .box_h = 15, .ofs_x = 1, .ofs_y = 0},
    {.bitmap_index = 3617, .adv_w = 256, .box_w = 14, .box_h = 14, .ofs_x = 1, .ofs_y = 1},
    {.bitmap_index = 3691, .adv_w = 256, .box_w = 16, .box_h = 12, .ofs_x = 0, .ofs_y = 2},
    {.bitmap_index = 3781, .adv_w = 256, .box_w = 12, .box_h = 16, .ofs_x = 2, .ofs_y = 0},
    {.bitmap_index = 3828, .adv_w = 256, .box_w = 12, .box_h = 16, .ofs_x = 2, .ofs_y = 0},
    {.bitmap_index = 3902, .adv_w = 256, .box_w = 14, .box_h = 14, .ofs_x = 1, .ofs_y = 1},
    {.bitmap_index = 3983, .adv_w = 256, .box_w = 12, .box_h = 16, .ofs_x = 2, .ofs_y = 0},
    {.bitmap_index = 4045, .adv_w = 256, .box_w = 12, .box_h = 15, .ofs_x = 2, .ofs_y = 0},
    {.bitmap_index = 4122, .adv_w = 256, .box_w = 16, .box_h = 13, .ofs_x = 0, .ofs_y = 2},
    {.bitmap_index = 4171, .adv_w = 256, .box_w = 16, .box_h = 15, .ofs_x = 0, .ofs_y = 0},
    {.bitmap_index = 4243, .adv_w = 256, .box_w = 16, .box_h = 12, .ofs_x = 0, .ofs_y = 2},
    {.bitmap_index = 4329, .adv_w = 256, .box_w = 14, .box_h = 15, .ofs_x = 1, .ofs_y = 1},
    {.bitmap_index = 4403, .adv_w = 256, .box_w = 16, .box_h = 16, .ofs_x = 0, .ofs_y = 0},
    {.bitmap_index = 4523, .adv_w = 256, .box_w = 16, .box_h = 15, .ofs_x = 0, .ofs_y = 0},
    {.bitmap_index = 4617, .adv_w = 256, .box_w = 16, .box_h = 12, .ofs_x = 0, .ofs_y = 2},
    {.bitmap_index = 4686, .adv_w = 256, .box_w = 12, .box_h = 14, .ofs_x = 2, .ofs_y = 1},
    {.bitmap_index = 4765, .adv_w = 256, .box_w = 16, .box_h = 14, .ofs_x = 0, .ofs_y = 1},
    {.bitmap_index = 4848, .adv_w = 256, .box_w = 14, .box_h = 14, .ofs_x = 1, .ofs_y = 1},
    {.bitmap_index = 4929, .adv_w = 256, .box_w = 16, .box_h = 14, .ofs_x = 0, .ofs_y = 1},
    {.bitmap_index = 5019, .adv_w = 256, .box_w = 14, .box_h = 15, .ofs_x = 1, .ofs_y = 1},
    {.bitmap_index = 5095, .adv_w = 256, .box_w = 14, .box_h = 14, .ofs_x = 1, .ofs_y = 1},
    {.bitmap_index = 5170, .adv_w = 256, .box_w = 16, .box_h = 16, .ofs_x = 0, .ofs_y = 0},
    {.bitmap_index = 5277, .adv_w = 256, .box_w = 16, .box_h = 15, .ofs_x = 0, .ofs_y = 1},
    {.bitmap_index = 5368, .adv_w = 256, .box_w = 16, .box_h = 16, .ofs_x = 0, .ofs_y = 0},
    {.bitmap_index = 5461, .adv_w = 256, .box_w = 14, .box_h = 14, .ofs_x = 1, .ofs_y = 1},
    {.bitmap_index = 5529, .adv_w = 256, .box_w = 16, .box_h = 16, .ofs_x = 0, .ofs_y = 0},
    {.bitmap_index = 5634, .adv_w = 256, .box_w = 14, .box_h = 12, .ofs_x = 1, .ofs_y = 2},
    {.bitmap_index = 5679, .adv_w = 256, .box_w = 14, .box_h = 16, .ofs_x = 1, .ofs_y = 0},
    {.bitmap_index = 5744, .adv_w = 256, .box_w = 16, .box_h = 12, .ofs_x = 0, .ofs_y = 2},
    {.bitmap_index = 5809, .adv_w = 256, .box_w = 14, .box_h = 14, .ofs_x = 1, .ofs_y = 1},
    {.bitmap_index = 5868, .adv_w = 256, .box_w = 13, .box_h = 16, .ofs_x = 2, .ofs_y = 0},
    {.bitmap_index = 5965, .adv_w = 256, .box_w = 14, .box_h = 12, .ofs_x = 1, .ofs_y = 2},
    {.bitmap_index = 6003, .adv_w = 256, .box_w = 16, .box_h = 16, .ofs_x = 0, .ofs_y = 0},
    {.bitmap_index = 6100, .adv_w = 256, .box_w = 12, .box_h = 16, .ofs_x = 2, .ofs_y = 0},
    {.bitmap_index = 6174, .adv_w = 256, .box_w = 16, .box_h = 16, .ofs_x = 0, .ofs_y = 0},
    {.bitmap_index = 6278, .adv_w = 256, .box_w = 12, .box_h = 2, .ofs_x = 2, .ofs_y = 7},
    {.bitmap_index = 6285, .adv_w = 256, .box_w = 16, .box_h = 14, .ofs_x = 0, .ofs_y = 1},
    {.bitmap_index = 6338, .adv_w = 256, .box_w = 14, .box_h = 14, .ofs_x = 1, .ofs_y = 1},
    {.bitmap_index = 6419, .adv_w = 256, .box_w = 14, .box_h = 14, .ofs_x = 1, .ofs_y = 1},
    {.bitmap_index = 6487, .adv_w = 256, .box_w = 15, .box_h = 15, .ofs_x = 1, .ofs_y = 1},
    {.bitmap_index = 6571, .adv_w = 256, .box_w = 14, .box_h = 16, .ofs_x = 1, .ofs_y = 0},
    {.bitmap_index = 6662, .adv_w = 256, .box_w = 15, .box_h = 16, .ofs_x = 1, .ofs_y = 0},
    {.bitmap_index = 6764, .adv_w = 256, .box_w = 12, .box_h = 14, .ofs_x = 2, .ofs_y = 1},
    {.bitmap_index = 6799, .adv_w = 256, .box_w = 14, .box_h = 13, .ofs_x = 1, .ofs_y = 2},
    {.bitmap_index = 6877, .adv_w = 256, .box_w = 16, .box_h = 16, .ofs_x = 0, .ofs_y = 0},
    {.bitmap_index = 6971, .adv_w = 256, .box_w = 13, .box_h = 14, .ofs_x = 2, .ofs_y = 1},
    {.bitmap_index = 7034, .adv_w = 256, .box_w = 12, .box_h = 12, .ofs_x = 2, .ofs_y = 2},
    {.bitmap_index = 7064, .adv_w = 256, .box_w = 14, .box_h = 16, .ofs_x = 1, .ofs_y = 0},
    {.bitmap_index = 7145, .adv_w = 256, .box_w = 16, .box_h = 12, .ofs_x = 0, .ofs_y = 2},
    {.bitmap_index = 7228, .adv_w = 256, .box_w = 14, .box_h = 14, .ofs_x = 1, .ofs_y = 1},
    {.bitmap_index = 7312, .adv_w = 256, .box_w = 14, .box_h = 16, .ofs_x = 1, .ofs_y = 0},
    {.bitmap_index = 7390, .adv_w = 256, .box_w = 14, .box_h = 14, .ofs_x = 1, .ofs_y = 1},
    {.bitmap_index = 7461, .adv_w = 256, .box_w = 14, .box_h = 14, .ofs_x = 1, .ofs_y = 1},
    {.bitmap_index = 7549, .adv_w = 256, .box_w = 14, .box_h = 14, .ofs_x = 1, .ofs_y = 1},
    {.bitmap_index = 7632, .adv_w = 256, .box_w = 16, .box_h = 16, .ofs_x = 0, .ofs_y = 0},
    {.bitmap_index = 7733, .adv_w = 256, .box_w = 16, .box_h = 16, .ofs_x = 0, .ofs_y = 0},
    {.bitmap_index = 7814, .adv_w = 256, .box_w = 14, .box_h = 16, .ofs_x = 1, .ofs_y = 0},
    {.bitmap_index = 7913, .adv_w = 256, .box_w = 14, .box_h = 16, .ofs_x = 1, .ofs_y = 0},
    {.bitmap_index = 7997, .adv_w = 256, .box_w = 12, .box_h = 16, .ofs_x = 2, .ofs_y = 0},
    {.bitmap_index = 8062, .adv_w = 256, .box_w = 16, .box_h = 16, .ofs_x = 0, .ofs_y = 0},
    {.bitmap_index = 8164, .adv_w = 256, .box_w = 14, .box_h = 14, .ofs_x = 1, .ofs_y = 1},
    {.bitmap_index = 8231, .adv_w = 256, .box_w = 14, .box_h = 14, .ofs_x = 1, .ofs_y = 1},
    {.bitmap_index = 8297, .adv_w = 256, .box_w = 12, .box_h = 16, .ofs_x = 2, .ofs_y = 0},
    {.bitmap_index = 8340, .adv_w = 256, .box_w = 16, .box_h = 14, .ofs_x = 0, .ofs_y = 1},
    {.bitmap_index = 8438, .adv_w = 256, .box_w = 14, .box_h = 14, .ofs_x = 1, .ofs_y = 1},
    {.bitmap_index = 8474, .adv_w = 256, .box_w = 16, .box_h = 15, .ofs_x = 0, .ofs_y = 1},
    {.bitmap_index = 8570, .adv_w = 256, .box_w = 16, .box_h = 16, .ofs_x = 0, .ofs_y = 0},
    {.bitmap_index = 8670, .adv_w = 256, .box_w = 16, .box_h = 16, .ofs_x = 0, .ofs_y = 0},
    {.bitmap_index = 8767, .adv_w = 256, .box_w = 16, .box_h = 16, .ofs_x = 0, .ofs_y = 0},
    {.bitmap_index = 8861, .adv_w = 256, .box_w = 14, .box_h = 14, .ofs_x = 1, .ofs_y = 1},
    {.bitmap_index = 8936, .adv_w = 256, .box_w = 16, .box_h = 16, .ofs_x = 0, .ofs_y = 0},
    {.bitmap_index = 9030, .adv_w = 256, .box_w = 14, .box_h = 12, .ofs_x = 1, .ofs_y = 2},
    {.bitmap_index = 9081, .adv_w = 256, .box_w = 8, .box_h = 16, .ofs_x = 4, .ofs_y = 0},
    {.bitmap_index = 9123, .adv_w = 256, .box_w = 14, .box_h = 16, .ofs_x = 1, .ofs_y = 0},
    {.bitmap_index = 9198, .adv_w = 256, .box_w = 16, .box_h = 8, .ofs_x = 0, .ofs_y = 4},
    {.bitmap_index = 9250, .adv_w = 256, .box_w = 16, .box_h = 9, .ofs_x = 0, .ofs_y = 3},
    {.bitmap_index = 9307, .adv_w = 256, .box_w = 16, .box_h = 14, .ofs_x = 0, .ofs_y = 1},
    {.bitmap_index = 9393, .adv_w = 256, .box_w = 16, .box_h = 13, .ofs_x = 0, .ofs_y = 1},
    {.bitmap_index = 9473, .adv_w = 256, .box_w = 16, .box_h = 16, .ofs_x = 0, .ofs_y = 0},
    {.bitmap_index = 9535, .adv_w = 256, .box_w = 16, .box_h = 16, .ofs_x = 0, .ofs_y = 0},
    {.bitmap_index = 9619, .adv_w = 256, .box_w = 14, .box_h = 14, .ofs_x = 1, .ofs_y = 1},
    {.bitmap_index = 9683, .adv_w = 256, .box_w = 12, .box_h = 14, .ofs_x = 2, .ofs_y = 1},
    {.bitmap_index = 9752, .adv_w = 256, .box_w = 16, .box_h = 14, .ofs_x = 0, .ofs_y = 1},
    {.bitmap_index = 9850, .adv_w = 256, .box_w = 13, .box_h = 13, .ofs_x = 0, .ofs_y = 1},
    {.bitmap_index = 9908, .adv_w = 256, .box_w = 16, .box_h = 13, .ofs_x = 0, .ofs_y = 1},
    {.bitmap_index = 9986, .adv_w = 256, .box_w = 16, .box_h = 13, .ofs_x = 0, .ofs_y = 1},
    {.bitmap_index = 10058, .adv_w = 256, .box_w = 16, .box_h = 12, .ofs_x = 0, .ofs_y = 2},
    {.bitmap_index = 10139, .adv_w = 256, .box_w = 16, .box_h = 12, .ofs_x = 0, .ofs_y = 2},
    {.bitmap_index = 10203, .adv_w = 256, .box_w = 16, .box_h = 16, .ofs_x = 0, .ofs_y = 0},
    {.bitmap_index = 10302, .adv_w = 256, .box_w = 10, .box_h = 10, .ofs_x = 3, .ofs_y = 3},
    {.bitmap_index = 10346, .adv_w = 256, .box_w = 14, .box_h = 16, .ofs_x = 1, .ofs_y = 0},
    {.bitmap_index = 10429, .adv_w = 256, .box_w = 16, .box_h = 12, .ofs_x = 0, .ofs_y = 2},
    {.bitmap_index = 10502, .adv_w = 256, .box_w = 12, .box_h = 16, .ofs_x = 2, .ofs_y = 0},
    {.bitmap_index = 10577, .adv_w = 256, .box_w = 16, .box_h = 13, .ofs_x = 0, .ofs_y = 2},
    {.bitmap_index = 10657, .adv_w = 256, .box_w = 10, .box_h = 16, .ofs_x = 3, .ofs_y = 0},
    {.bitmap_index = 10726, .adv_w = 256, .box_w = 16, .box_h = 14, .ofs_x = 0, .ofs_y = 1},
    {.bitmap_index = 10814, .adv_w = 256, .box_w = 16, .box_h = 10, .ofs_x = 0, .ofs_y = 2},
    {.bitmap_index = 10885, .adv_w = 256, .box_w = 16, .box_h = 14, .ofs_x = 0, .ofs_y = 1},
    {.bitmap_index = 10971, .adv_w = 256, .box_w = 14, .box_h = 14, .ofs_x = 1, .ofs_y = 1},
    {.bitmap_index = 11061, .adv_w = 256, .box_w = 14, .box_h = 14, .ofs_x = 1, .ofs_y = 1},
    {.bitmap_index = 11160, .adv_w = 256, .box_w = 13, .box_h = 16, .ofs_x = 2, .ofs_y = 0},
    {.bitmap_index = 11250, .adv_w = 256, .box_w = 16, .box_h = 8, .ofs_x = 0, .ofs_y = 4},
    {.bitmap_index = 11315, .adv_w = 256, .box_w = 16, .box_h = 16, .ofs_x = 0, .ofs_y = 0},
    {.bitmap_index = 11413, .adv_w = 256, .box_w = 15, .box_h = 14, .ofs_x = 1, .ofs_y = 1},
    {.bitmap_index = 11485, .adv_w = 256, .box_w = 16, .box_h = 15, .ofs_x = 0, .ofs_y = 1},
    {.bitmap_index = 11595, .adv_w = 256, .box_w = 16, .box_h = 14, .ofs_x = 0, .ofs_y = 1},
    {.bitmap_index = 11679, .adv_w = 256, .box_w = 16, .box_h = 16, .ofs_x = 0, .ofs_y = 0},
    {.bitmap_index = 11781, .adv_w = 256, .box_w = 16, .box_h = 14, .ofs_x = 0, .ofs_y = 1},
    {.bitmap_index = 11871, .adv_w = 256, .box_w = 14, .box_h = 12, .ofs_x = 1, .ofs_y = 2},
    {.bitmap_index = 11924, .adv_w = 256, .box_w = 16, .box_h = 16, .ofs_x = 0, .ofs_y = 0},
    {.bitmap_index = 12033, .adv_w = 256, .box_w = 16, .box_h = 16, .ofs_x = 0, .ofs_y = 0},
    {.bitmap_index = 12147, .adv_w = 256, .box_w = 16, .box_h = 15, .ofs_x = 0, .ofs_y = 0},
    {.bitmap_index = 12254, .adv_w = 256, .box_w = 16, .box_h = 13, .ofs_x = 0, .ofs_y = 2},
    {.bitmap_index = 12329, .adv_w = 256, .box_w = 12, .box_h = 16, .ofs_x = 2, .ofs_y = 0},
    {.bitmap_index = 12400, .adv_w = 256, .box_w = 16, .box_h = 14, .ofs_x = 0, .ofs_y = 1},
    {.bitmap_index = 12458, .adv_w = 256, .box_w = 15, .box_h = 16, .ofs_x = 1, .ofs_y = 0},
    {.bitmap_index = 12563, .adv_w = 256, .box_w = 12, .box_h = 16, .ofs_x = 2, .ofs_y = 0},
    {.bitmap_index = 12632, .adv_w = 256, .box_w = 14, .box_h = 14, .ofs_x = 1, .ofs_y = 1},
    {.bitmap_index = 12708, .adv_w = 256, .box_w = 14, .box_h = 14, .ofs_x = 1, .ofs_y = 1},
    {.bitmap_index = 12762, .adv_w = 256, .box_w = 14, .box_h = 14, .ofs_x = 1, .ofs_y = 1},
    {.bitmap_index = 12820, .adv_w = 256, .box_w = 15, .box_h = 15, .ofs_x = 1, .ofs_y = 1},
    {.bitmap_index = 12907, .adv_w = 256, .box_w = 15, .box_h = 15, .ofs_x = 0, .ofs_y = 1},
    {.bitmap_index = 13007, .adv_w = 256, .box_w = 14, .box_h = 12, .ofs_x = 1, .ofs_y = 2},
    {.bitmap_index = 13057, .adv_w = 256, .box_w = 14, .box_h = 16, .ofs_x = 1, .ofs_y = 0},
    {.bitmap_index = 13125, .adv_w = 256, .box_w = 16, .box_h = 16, .ofs_x = 0, .ofs_y = 0},
    {.bitmap_index = 13235, .adv_w = 256, .box_w = 14, .box_h = 14, .ofs_x = 1, .ofs_y = 1},
    {.bitmap_index = 13315, .adv_w = 256, .box_w = 14, .box_h = 14, .ofs_x = 1, .ofs_y = 1},
    {.bitmap_index = 13376, .adv_w = 256, .box_w = 16, .box_h = 16, .ofs_x = 0, .ofs_y = 0},
    {.bitmap_index = 13483, .adv_w = 256, .box_w = 16, .box_h = 16, .ofs_x = 0, .ofs_y = 0},
    {.bitmap_index = 13580, .adv_w = 256, .box_w = 10, .box_h = 16, .ofs_x = 3, .ofs_y = 0},
    {.bitmap_index = 13634, .adv_w = 256, .box_w = 16, .box_h = 16, .ofs_x = 0, .ofs_y = 0},
    {.bitmap_index = 13752, .adv_w = 256, .box_w = 15, .box_h = 14, .ofs_x = 1, .ofs_y = 1},
    {.bitmap_index = 13847, .adv_w = 256, .box_w = 16, .box_h = 16, .ofs_x = 0, .ofs_y = 0},
    {.bitmap_index = 13955, .adv_w = 256, .box_w = 15, .box_h = 15, .ofs_x = 0, .ofs_y = 0},
    {.bitmap_index = 14038, .adv_w = 256, .box_w = 16, .box_h = 16, .ofs_x = 0, .ofs_y = 0},
    {.bitmap_index = 14155, .adv_w = 256, .box_w = 16, .box_h = 10, .ofs_x = 0, .ofs_y = 3},
    {.bitmap_index = 14226, .adv_w = 256, .box_w = 12, .box_h = 16, .ofs_x = 2, .ofs_y = 0},
    {.bitmap_index = 14314, .adv_w = 256, .box_w = 16, .box_h = 16, .ofs_x = 0, .ofs_y = 0}
};

/*---------------------
 *  CHARACTER MAPPING
 *--------------------*/

static const uint16_t unicode_list_0[] = {
    0x0, 0x7, 0xa, 0x10, 0x11, 0x12, 0x16, 0x19,
    0x1a, 0x1b, 0x1c, 0x1d, 0x1e, 0x1f, 0x21, 0x24,
    0x27, 0x28, 0x2b, 0x2c, 0x33, 0x34, 0x35, 0x36,
    0x37, 0x38, 0x3e, 0x3f, 0x46, 0x49, 0x4c, 0x4d,
    0x4f, 0x50, 0x52, 0x54, 0x56, 0x58, 0x5b, 0x5e,
    0x63, 0x66, 0x71, 0x72, 0x75, 0x79, 0x7a, 0x7c,
    0x7d, 0x81, 0x82, 0x88, 0x94, 0x98, 0x99, 0x9a,
    0x9f, 0xa4, 0xa7, 0xa9, 0xb0, 0xb4, 0xb5, 0xb7,
    0xb8, 0xb9, 0xba, 0xbd, 0xbe, 0xc1, 0xc5, 0xc6,
    0xc7, 0xca, 0xce, 0xd3, 0xd7, 0xd8, 0xd9, 0xdd,
    0xde, 0xe0, 0xe1, 0xe4, 0xe5, 0xe6, 0xea, 0xeb,
    0xf1, 0xf5, 0xf6, 0xfa, 0xfb, 0x104, 0x105, 0x108,
    0x10a, 0x10d, 0x10e, 0x115, 0x116, 0x119, 0x11a, 0x11b,
    0x11c, 0x11e, 0x120, 0x126, 0x127, 0x128, 0x12b, 0x12d,
    0x12f, 0x13e, 0x140, 0x141, 0x142, 0x145, 0x147, 0x149,
    0x14e, 0x156, 0x158, 0x159, 0x15b, 0x15c, 0x15d, 0x161,
    0x166, 0x167, 0x16c, 0x172, 0x173, 0x174, 0x176, 0x178,
    0x179, 0x17a, 0x17c, 0x183, 0x184, 0x187, 0x18a, 0x19a,
    0x19d, 0x19e, 0x1a6, 0x1a7, 0x1a8, 0x1af, 0x1c1, 0x1cc,
    0x1d4, 0x1dc, 0x1de, 0x1df, 0x1e0, 0x1ee, 0x209, 0x20a,
    0x20f, 0x221, 0x227, 0x24e, 0x25e, 0x262, 0x26b, 0x26d,
    0x27a, 0x2a6, 0x2a8, 0x2be, 0x31c, 0x31e, 0x332, 0x337,
    0x33b, 0x347, 0x38e, 0x3d8, 0x3da, 0x424, 0x429, 0x48a,
    0x4ce, 0x4f1
};

/*Collect the unicode lists and glyph_id offsets*/
static const lv_font_fmt_txt_cmap_t cmaps[] =
{
    {
        .range_start = 57400, .range_length = 1266, .glyph_id_start = 1,
        .unicode_list = unicode_list_0, .glyph_id_ofs_list = NULL, .list_length = 186, .type = LV_FONT_FMT_TXT_CMAP_SPARSE_TINY
    }
};



/*--------------------
 *  ALL CUSTOM DATA
 *--------------------*/

#if LVGL_VERSION_MAJOR == 8
/*Store all the custom data of the font*/
static  lv_font_fmt_txt_glyph_cache_t cache;
#endif

#if LVGL_VERSION_MAJOR >= 8
static const lv_font_fmt_txt_dsc_t font_dsc = {
#else
static lv_font_fmt_txt_dsc_t font_dsc = {
#endif
    .glyph_bitmap = glyph_bitmap,
    .glyph_dsc = glyph_dsc,
    .cmaps = cmaps,
    .kern_dsc = NULL,
    .kern_scale = 0,
    .cmap_num = 1,
    .bpp = 4,
    .kern_classes = 0,
    .bitmap_format = 1,
#if LVGL_VERSION_MAJOR == 8
    .cache = &cache
#endif
};



/*-----------------
 *  PUBLIC FONT
 *----------------*/

/*Initialize a public general font descriptor*/
#if LVGL_VERSION_MAJOR >= 8
const lv_font_t font_pi_icons_16 = {
#else
lv_font_t font_pi_icons_16 = {
#endif
    .get_glyph_dsc = lv_font_get_glyph_dsc_fmt_txt,    /*Function pointer to get glyph's data*/
    .get_glyph_bitmap = lv_font_get_bitmap_fmt_txt,    /*Function pointer to get glyph's bitmap*/
    .line_height = 16,          /*The maximum line height required by the font*/
    .base_line = 0,             /*Baseline measured from the bottom of the line*/
#if !(LVGL_VERSION_MAJOR == 6 && LVGL_VERSION_MINOR == 0)
    .subpx = LV_FONT_SUBPX_NONE,
#endif
#if LV_VERSION_CHECK(7, 4, 0) || LVGL_VERSION_MAJOR >= 8
    .underline_position = 0,
    .underline_thickness = 0,
#endif
    .dsc = &font_dsc,          /*The custom font data. Will be accessed by `get_glyph_bitmap/dsc` */
#if LV_VERSION_CHECK(8, 2, 0) || LVGL_VERSION_MAJOR >= 9
    .fallback = NULL,
#endif
    .user_data = NULL,
};



#endif /*#if FONT_PI_ICONS_16*/

