/*******************************************************************************
 * Size: 22 px
 * Bpp: 4
 * Opts: --font /Users/dev/Code/esp32/MetalioClaw6/main/display/font/lucide/lucide.ttf --format lvgl --lv-include lvgl.h --bpp 4 --size 22 -r 0xe038,0xe03f,0xe042,0xe048,0xe049,0xe04a,0xe04e,0xe051,0xe052,0xe053,0xe054,0xe055,0xe056,0xe057,0xe059,0xe05c,0xe05f,0xe060,0xe063,0xe064,0xe06b,0xe06c,0xe06d,0xe06e,0xe06f,0xe070,0xe076,0xe077,0xe07e,0xe081,0xe084,0xe085,0xe087,0xe088,0xe08a,0xe08c,0xe08e,0xe090,0xe093,0xe096,0xe09b,0xe09e,0xe0a9,0xe0aa,0xe0ad,0xe0b1,0xe0b2,0xe0b4,0xe0b5,0xe0b9,0xe0ba,0xe0c0,0xe0cc,0xe0d0,0xe0d1,0xe0d2,0xe0d7,0xe0dc,0xe0df,0xe0e1,0xe0e8,0xe0ec,0xe0ed,0xe0ef,0xe0f0,0xe0f1,0xe0f2,0xe0f5,0xe0f6,0xe0f9,0xe0fd,0xe0fe,0xe0ff,0xe102,0xe106,0xe10b,0xe10f,0xe110,0xe111,0xe115,0xe116,0xe118,0xe119,0xe11c,0xe11d,0xe11e,0xe122,0xe123,0xe129,0xe12d,0xe12e,0xe132,0xe133,0xe13c,0xe13d,0xe140,0xe142,0xe145,0xe146,0xe14d,0xe14e,0xe151,0xe152,0xe153,0xe154,0xe156,0xe158,0xe15e,0xe15f,0xe160,0xe163,0xe165,0xe167,0xe176,0xe178,0xe179,0xe17a,0xe17d,0xe17f,0xe181,0xe186,0xe18e,0xe190,0xe191,0xe193,0xe194,0xe195,0xe199,0xe19e,0xe19f,0xe1a4,0xe1aa,0xe1ab,0xe1ac,0xe1ae,0xe1b0,0xe1b1,0xe1b2,0xe1b4,0xe1bb,0xe1bc,0xe1bf,0xe1c2,0xe1d2,0xe1d5,0xe1d6,0xe1de,0xe1df,0xe1e0,0xe1e7,0xe1f9,0xe204,0xe20c,0xe214,0xe216,0xe217,0xe218,0xe226,0xe241,0xe242,0xe247,0xe259,0xe25f,0xe286,0xe296,0xe29a,0xe2a3,0xe2a5,0xe2b2,0xe2de,0xe2e0,0xe2f6,0xe354,0xe356,0xe36a,0xe36f,0xe373,0xe37f,0xe3c6,0xe410,0xe412,0xe45c,0xe461,0xe4c2,0xe506,0xe529 -o /Users/dev/Code/esp32/MetalioClaw6/main/display/font/font_pi_icons_22.c
 ******************************************************************************/

#ifdef LV_LVGL_H_INCLUDE_SIMPLE
#include "lvgl.h"
#else
#include "lvgl.h"
#endif

#ifndef FONT_PI_ICONS_22
#define FONT_PI_ICONS_22 1
#endif

#if FONT_PI_ICONS_22

/*-----------------
 *    BITMAPS
 *----------------*/

/*Store the image of the glyphs*/
static LV_ATTRIBUTE_LARGE_CONST const uint8_t glyph_bitmap[] = {
    /* U+E038 "" */
    0x0, 0xff, 0xe8, 0xd7, 0x98, 0x7, 0xff, 0x18,
    0x54, 0x2c, 0x3, 0xff, 0x8c, 0x80, 0x5, 0x0,
    0xff, 0xe3, 0x78, 0x0, 0x84, 0x3, 0xff, 0x8a,
    0x80, 0xe0, 0xe0, 0x1f, 0xfc, 0x43, 0x14, 0xb0,
    0xc0, 0xf, 0xfe, 0x22, 0x6, 0x98, 0xa8, 0x7,
    0xff, 0x12, 0xc1, 0x1, 0x0, 0xc0, 0x3f, 0xf8,
    0x44, 0x64, 0x40, 0xc0, 0xb0, 0xf, 0xfb, 0x3b,
    0x9a, 0x14, 0x0, 0x70, 0x40, 0xc, 0xfb, 0xdc,
    0xc0, 0xe, 0x28, 0x70, 0x0, 0x91, 0x88, 0x1,
    0xe0, 0x80, 0x3b, 0x3b, 0x9a, 0xe0, 0x19, 0x41,
    0x0, 0x14, 0x1d, 0xd6, 0x0, 0x7f, 0xd8, 0x1e,
    0x4, 0x44, 0x10, 0xf, 0xfe, 0x12, 0x2, 0x2,
    0x86, 0x0, 0x7f, 0xf1, 0x10, 0x4f, 0x1, 0x40,
    0x3f, 0xf8, 0x9a, 0x16, 0x82, 0x40, 0x1f, 0xfc,
    0x44, 0x7, 0x7, 0x0, 0xff, 0xe2, 0x91, 0x0,
    0x18, 0x1, 0xff, 0xc6, 0x50, 0x2, 0x80, 0x7f,
    0xf1, 0xac, 0x14, 0x3, 0xff, 0x8e, 0x7f, 0x40,
    0x1f, 0x0,

    /* U+E03F "" */
    0x0, 0xff, 0xe8, 0x4f, 0xfa, 0x0, 0x3f, 0xf8,
    0x6e, 0xc2, 0x27, 0x60, 0xf, 0xfe, 0x16, 0x6,
    0x60, 0x34, 0x3, 0xff, 0x84, 0x41, 0x10, 0x2,
    0x0, 0xff, 0xe1, 0x40, 0xaa, 0x8a, 0x0, 0x3f,
    0xf8, 0x43, 0xc0, 0x3a, 0x20, 0x1f, 0xfc, 0x41,
    0x0, 0xff, 0xec, 0x2e, 0xe8, 0x45, 0xba, 0x50,
    0xf, 0xe, 0x51, 0x0, 0x34, 0x88, 0x0, 0x22,
    0x80, 0x5, 0x58, 0x6, 0x65, 0xd4, 0x8, 0xff,
    0x8, 0xbf, 0xce, 0xb, 0xaa, 0x62, 0x40, 0x3,
    0x70, 0xf, 0xf3, 0x18, 0x0, 0x40, 0xc3, 0x4c,
    0x3, 0xfc, 0x7c, 0x6, 0x0, 0xb0, 0x80, 0xf,
    0xfe, 0x5, 0x85, 0x0, 0x18, 0x58, 0xc0, 0x3f,
    0xc8, 0xc2, 0xc0, 0x1, 0xa0, 0xc3, 0x0, 0xfc,
    0x96, 0x14, 0x1, 0x92, 0x43, 0x24, 0x80, 0x31,
    0x4d, 0x84, 0xa0, 0x7, 0x35, 0xb, 0x6e, 0x84,
    0x5b, 0xa6, 0x1b, 0x60, 0xf, 0x97, 0xa0, 0x88,
    0x0, 0x23, 0x8e, 0x40, 0xf, 0xf3, 0xef, 0x99,
    0xbf, 0x1c, 0x3, 0xff, 0x87, 0x98, 0x0, 0xfe,

    /* U+E042 "" */
    0x0, 0xf8, 0x84, 0x3, 0xff, 0x85, 0xf8, 0x1,
    0xff, 0xc2, 0x33, 0x0, 0x7f, 0xfe, 0xcb, 0x54,
    0x3, 0xfc, 0xba, 0x40, 0x54, 0xc0, 0x1f, 0x9a,
    0x88, 0xb, 0x2, 0x58, 0x3, 0xcd, 0x21, 0x84,
    0x7, 0x81, 0x2c, 0x1, 0x9a, 0x43, 0xc, 0x2,
    0x3c, 0x9, 0x50, 0x3, 0x48, 0x61, 0x80, 0x71,
    0xd8, 0x50, 0x8a, 0x43, 0xc, 0x3, 0xe4, 0xb0,
    0xd, 0x66, 0x1, 0xfc, 0x98, 0x0, 0xc4, 0x0,
    0xff, 0x8f, 0x74, 0x60, 0x1e,

    /* U+E048 "" */
    0x0, 0xf8, 0x44, 0x1, 0xff, 0xc1, 0x3f, 0xc0,
    0xf, 0xfe, 0x1, 0xe0, 0xd8, 0x7, 0xfc, 0x78,
    0x12, 0xc0, 0x1f, 0xe3, 0xc0, 0x96, 0x0, 0xff,
    0x1e, 0x4, 0xb0, 0x7, 0xf8, 0xf0, 0x25, 0x80,
    0x3f, 0xc5, 0x80, 0x8, 0xed, 0xdf, 0xe2, 0x0,
    0xc2, 0x22, 0x2c, 0x67, 0xc0, 0x56, 0x0, 0xaf,
    0xfe, 0xee, 0xe2, 0x4, 0xb0, 0xa5, 0x0, 0xff,
    0xe0, 0x25, 0x85, 0x28, 0x7, 0xff, 0x1, 0x2c,
    0x29, 0x40, 0x3f, 0xf8, 0x9, 0x61, 0x4a, 0x1,
    0xff, 0xc0, 0x4b, 0x8, 0x0, 0xff, 0xe0, 0xa6,
    0xf8, 0x7, 0xc0,

    /* U+E049 "" */
    0x0, 0xf8, 0x88, 0x1, 0xff, 0xc2, 0xfd, 0x40,
    0xf, 0xfe, 0xc, 0x5, 0xa0, 0x7, 0xff, 0x1,
    0x68, 0x2d, 0x0, 0x3f, 0xf8, 0xb, 0x41, 0x68,
    0x1, 0xff, 0xc0, 0x5a, 0xb, 0x40, 0xf, 0xfe,
    0x2, 0xd0, 0x5a, 0x1, 0x77, 0x7f, 0x7d, 0x0,
    0x2c, 0x80, 0xcf, 0x80, 0x30, 0x88, 0x3, 0x16,
    0xef, 0x77, 0x74, 0x0, 0x30, 0x80, 0x3f, 0xcd,
    0x21, 0x86, 0x1, 0xfe, 0x69, 0xc, 0x30, 0xf,
    0xf3, 0x48, 0x61, 0x80, 0x7f, 0x9a, 0x43, 0xc,
    0x3, 0xfe, 0xb1, 0xc3, 0x0, 0xff, 0xe0, 0x7f,
    0x8c, 0x3, 0xc0,

    /* U+E04A "" */
    0x0, 0xf8, 0x88, 0x1, 0xff, 0xc1, 0x4d, 0xd1,
    0x80, 0x7f, 0xc9, 0x60, 0xc, 0x40, 0xf, 0xe4,
    0xb0, 0xd, 0x66, 0x1, 0xf2, 0x58, 0x48, 0x8a,
    0x43, 0xc, 0x3, 0x8e, 0xc2, 0x58, 0x0, 0xd2,
    0x18, 0x60, 0x11, 0xe0, 0x4b, 0x0, 0x66, 0x90,
    0xc3, 0x2, 0xc0, 0x96, 0x0, 0xf3, 0x48, 0x61,
    0x1, 0x53, 0x0, 0x7e, 0x6a, 0x20, 0x2d, 0x50,
    0xf, 0xf2, 0xe9, 0x0, 0x7f, 0xfe, 0xcc, 0xc0,
    0x1f, 0xfc, 0x2f, 0xf0, 0x7, 0xc0,

    /* U+E04E "" */
    0x0, 0xff, 0xe8, 0xad, 0xf7, 0xfd, 0x8e, 0x20,
    0x1f, 0xf2, 0x75, 0x20, 0x99, 0x84, 0xe3, 0x9c,
    0x3, 0xfa, 0x2c, 0x5b, 0x3f, 0x31, 0xda, 0xe1,
    0x14, 0x1, 0xf4, 0x39, 0x64, 0x98, 0x6, 0x28,
    0xd2, 0x5a, 0x0, 0xe5, 0x71, 0xf3, 0x0, 0xfc,
    0x58, 0x2a, 0xc0, 0x1a, 0x3, 0x48, 0x3, 0x22,
    0x4, 0xc, 0x45, 0xa1, 0x0, 0x13, 0x12, 0x98,
    0x4, 0xdd, 0x76, 0xeb, 0xca, 0x3, 0x51, 0x60,
    0x6, 0x4, 0x80, 0x4d, 0x2b, 0x54, 0x44, 0x3,
    0x80, 0x24, 0x34, 0x0, 0x80, 0x60, 0x14, 0xa5,
    0xaa, 0xad, 0x0, 0x31, 0x82, 0x0, 0x4, 0xc0,
    0x24, 0xe, 0x0, 0xdc, 0x2, 0x1, 0x18, 0x7,
    0xe1, 0x0, 0xff, 0xe1, 0x8, 0x0, 0x80, 0x27,
    0xe, 0x0, 0xdc, 0x6, 0x1, 0x8, 0x8, 0x18,
    0x90, 0x0, 0x91, 0x16, 0xaa, 0xb4, 0x1, 0x71,
    0x62, 0x40, 0x5, 0x85, 0x0, 0x54, 0x49, 0x54,
    0x40, 0x70, 0x8e, 0x90, 0x80, 0x3, 0x3, 0x88,
    0x0, 0x76, 0x50, 0xdb, 0x63, 0x58, 0xd7, 0x4c,
    0x0, 0x2e, 0x14, 0x1, 0x9a, 0xf2, 0x48, 0xa,
    0x72, 0x88, 0x3, 0x41, 0xa5, 0x80, 0x7f, 0x90,
    0x3, 0xf6, 0x92, 0x6a, 0x80, 0x79, 0xba, 0xd4,
    0x3, 0xe1, 0xd6, 0x2a, 0xea, 0x88, 0x5f, 0xc8,
    0xaa, 0x80, 0x3f, 0xa7, 0x14, 0x55, 0xdc, 0x80,
    0xb9, 0x40, 0x1f, 0xf1, 0xd7, 0xed, 0xdb, 0x7e,
    0x8c, 0x3, 0xc0,

    /* U+E051 "" */
    0x0, 0xff, 0xe8, 0xb5, 0xf7, 0xfd, 0x6c, 0x1,
    0xff, 0xc0, 0x6e, 0x94, 0x3, 0x30, 0xa4, 0xf2,
    0x80, 0x7f, 0x54, 0x8b, 0x6f, 0x66, 0x3b, 0x58,
    0x6a, 0x80, 0x1f, 0x52, 0x86, 0x49, 0x0, 0x62,
    0x9d, 0x25, 0xa0, 0xe, 0x65, 0x0, 0x78, 0x7,
    0xe2, 0xc2, 0x56, 0x0, 0x86, 0x3, 0xc, 0xd8,
    0x1, 0xf8, 0x7c, 0x20, 0x40, 0xe, 0x2c, 0x78,
    0x66, 0xc0, 0xf, 0xc4, 0xe2, 0xe0, 0xd, 0xb,
    0x0, 0x61, 0x9b, 0x0, 0x3f, 0x50, 0x68, 0x1,
    0x44, 0x80, 0x2c, 0x33, 0x60, 0x7, 0xc4, 0x2a,
    0x0, 0x12, 0x0, 0xec, 0x33, 0x60, 0x7, 0xc4,
    0x20, 0x20, 0x1f, 0xb0, 0xcd, 0x80, 0x1f, 0xc2,
    0x22, 0x0, 0xfb, 0xc, 0xd8, 0x1, 0xc4, 0x20,
    0x5, 0x12, 0x0, 0xfb, 0xc, 0xd8, 0x1, 0x10,
    0xa8, 0x3, 0x42, 0x80, 0x3f, 0x61, 0x9b, 0x0,
    0x14, 0x1a, 0x0, 0x71, 0x72, 0x0, 0xfd, 0x86,
    0x6c, 0x27, 0x6, 0x0, 0xc, 0x7, 0x88, 0x7,
    0xec, 0x33, 0x68, 0x48, 0x6, 0x65, 0x2c, 0x20,
    0xf, 0xde, 0x0, 0x56, 0x0, 0xea, 0x52, 0xd8,
    0x20, 0xc, 0x53, 0x80, 0xb4, 0x1, 0xf5, 0x40,
    0x3e, 0xf6, 0x63, 0xb5, 0x86, 0x68, 0x3, 0xf9,
    0xfa, 0xc, 0x4c, 0xc0, 0x93, 0xec, 0x1, 0xff,
    0xb, 0xe7, 0xfd, 0xd6, 0xc2, 0x1, 0xe0,

    /* U+E052 "" */
    0x0, 0x88, 0xbf, 0xf8, 0x80, 0x18, 0xb7, 0x7f,
    0xf8, 0xc4, 0x0, 0xf2, 0x45, 0x5f, 0xfe, 0x12,
    0x17, 0x0, 0x8, 0xee, 0xab, 0xff, 0x85, 0x66,
    0x60, 0x10, 0xf, 0xc7, 0x54, 0x40, 0xf, 0xc2,
    0x1, 0xf8, 0xf1, 0x55, 0x68, 0x1, 0xff, 0xc0,
    0x1c, 0x50, 0x90, 0x77, 0x7, 0x0, 0xe2, 0x80,
    0x7f, 0xf4, 0x87, 0x14, 0x24, 0x1d, 0xc1, 0xc0,
    0x38, 0xa0, 0x1f, 0xfc, 0x3, 0xb5, 0x55, 0xa0,
    0x7, 0xe1, 0x0, 0xfc, 0x95, 0x44, 0x0, 0xfc,
    0x20, 0x47, 0x75, 0x54, 0xcf, 0xea, 0xaa, 0xcc,
    0x80, 0x1e, 0x48, 0xab, 0x33, 0x7e, 0x55, 0x90,
    0x78, 0x0, 0x5b, 0xbf, 0xfc, 0x5e, 0x30,

    /* U+E053 "" */
    0x0, 0x88, 0xbf, 0xf8, 0x0, 0x1f, 0x8f, 0xb7,
    0x7f, 0xf8, 0x1c, 0x80, 0x1e, 0xe1, 0x45, 0x5f,
    0xf8, 0x6c, 0x3, 0xc4, 0x77, 0x55, 0xff, 0x28,
    0x10, 0x6, 0x10, 0xf, 0xfe, 0x11, 0x80, 0x4b,
    0x20, 0x1f, 0xfc, 0x8e, 0x61, 0x0, 0xff, 0xe2,
    0x88, 0x7, 0xff, 0x7c, 0x40, 0x3f, 0xf9, 0x7c,
    0xc2, 0x20, 0xf, 0xfe, 0x11, 0x80, 0x4b, 0x20,
    0x2, 0x3b, 0xaa, 0x4c, 0xfa, 0xaa, 0x51, 0x20,
    0xe, 0xe2, 0x45, 0x53, 0x37, 0x95, 0x61, 0xa0,
    0xf, 0x1e, 0xef, 0xff, 0x7, 0x90, 0x3, 0x80,

    /* U+E054 "" */
    0x0, 0x2c, 0xcd, 0x0, 0x1c, 0x33, 0x26, 0x0,
    0xf9, 0xe9, 0x9a, 0x71, 0x4, 0x30, 0x46, 0x64,
    0xd0, 0x7, 0xa4, 0x2f, 0x31, 0xc2, 0x57, 0xe0,
    0xbb, 0x84, 0xa2, 0x1, 0xc2, 0x68, 0x66, 0x10,
    0x90, 0xa0, 0x1, 0x1a, 0x1, 0x80, 0x61, 0x0,
    0xf2, 0xa1, 0xb0, 0x7, 0xe5, 0x90, 0xf, 0xd6,
    0x1e, 0x1, 0xfd, 0xcc, 0x20, 0x1e, 0x71, 0xd,
    0xe8, 0x0, 0xff, 0xe2, 0x8, 0xf8, 0x3, 0xff,
    0x88, 0xdd, 0x80, 0x30, 0x1, 0xff, 0xc6, 0x90,
    0x81, 0x0, 0xfb, 0x98, 0x44, 0x1, 0xe5, 0x43,
    0x60, 0xc, 0x60, 0x12, 0xc8, 0x0, 0xcd, 0x72,
    0x61, 0xe1, 0xc1, 0x13, 0x54, 0x51, 0x20, 0xe,
    0xe2, 0x46, 0x40, 0xbd, 0x20, 0x76, 0x55, 0xd,
    0x0, 0x78, 0xb7, 0x67, 0x1, 0x20, 0x7, 0x6e,
    0xdc, 0x80, 0x1c,

    /* U+E055 "" */
    0x0, 0x88, 0xbf, 0xf8, 0x0, 0x1f, 0x8f, 0xb7,
    0x7f, 0xf8, 0x1e, 0xa0, 0x1e, 0xe1, 0x45, 0x5f,
    0xf8, 0x28, 0x3, 0xc4, 0x77, 0x55, 0xff, 0x28,
    0x10, 0x6, 0x10, 0xc, 0xc4, 0xb, 0x20, 0x6,
    0x30, 0x30, 0x9, 0x64, 0x3, 0x8a, 0x60, 0x39,
    0x84, 0x26, 0x0, 0x3b, 0x98, 0x40, 0x3f, 0xe1,
    0x7, 0x0, 0x84, 0x3, 0xff, 0xbe, 0x20, 0x1f,
    0x8c, 0xb0, 0x39, 0x84, 0x44, 0x80, 0x1d, 0xcc,
    0x22, 0x0, 0x87, 0x58, 0x16, 0x40, 0x1b, 0x0,
    0x60, 0x12, 0xc8, 0x0, 0x8e, 0xa9, 0x33, 0xf5,
    0x54, 0xa2, 0x40, 0x1d, 0xe4, 0xaa, 0x66, 0xf9,
    0x56, 0x1a, 0x0, 0xf1, 0x6e, 0xff, 0xf0, 0x79,
    0x0, 0x38,

    /* U+E056 "" */
    0x0, 0x88, 0xbf, 0xf8, 0x0, 0x1f, 0x8f, 0xb7,
    0x7f, 0xf8, 0x1c, 0x80, 0x1e, 0xe1, 0x45, 0x5f,
    0xf8, 0x6c, 0x3, 0xc4, 0x77, 0x55, 0xff, 0x28,
    0x10, 0x6, 0x10, 0xc, 0xc4, 0x1, 0xf8, 0xc0,
    0x25, 0x90, 0xe, 0x29, 0x80, 0xf, 0xfe, 0x7,
    0x30, 0x80, 0x7f, 0xf1, 0x44, 0x3, 0xff, 0xbe,
    0x20, 0x1f, 0x8c, 0xb0, 0x3, 0xff, 0x81, 0xcc,
    0x22, 0x0, 0x87, 0x58, 0x3, 0xf1, 0x80, 0x4b,
    0x20, 0x2, 0x3a, 0xa4, 0xcf, 0xd5, 0x52, 0x89,
    0x0, 0x77, 0x92, 0xa9, 0x9b, 0xe5, 0x58, 0x68,
    0x3, 0xc5, 0xbb, 0xff, 0xc1, 0xe4, 0x0, 0xe0,

    /* U+E057 "" */
    0x0, 0x88, 0xbf, 0xf8, 0x0, 0x1f, 0x8f, 0xb7,
    0x7f, 0xf8, 0x1c, 0x80, 0x1e, 0xe1, 0x45, 0x5f,
    0xf8, 0x6c, 0x3, 0xc4, 0x77, 0x55, 0xff, 0x28,
    0x10, 0x6, 0x10, 0xc, 0xc4, 0xb, 0x20, 0x1c,
    0x60, 0x12, 0xc8, 0x7, 0x14, 0xc0, 0x73, 0x8,
    0x7, 0xee, 0x61, 0x0, 0xff, 0xe2, 0x88, 0x7,
    0xff, 0x7c, 0x40, 0x3f, 0x19, 0x60, 0x73, 0x8,
    0x7, 0xee, 0x61, 0x10, 0x4, 0x3a, 0xc0, 0xb2,
    0x1, 0xc6, 0x1, 0x2c, 0x80, 0x8, 0xea, 0x93,
    0x3f, 0x55, 0x4a, 0x24, 0x1, 0xde, 0x4a, 0xa6,
    0x6f, 0x95, 0x61, 0xa0, 0xf, 0x16, 0xef, 0xff,
    0x7, 0x90, 0x3, 0x80,

    /* U+E059 "" */
    0x0, 0xff, 0xe6, 0x94, 0xf7, 0xfb, 0x58, 0x3,
    0xfe, 0x5d, 0x61, 0x32, 0x24, 0xe8, 0x80, 0x7e,
    0x4a, 0x9, 0xfc, 0xdd, 0x21, 0x60, 0x7, 0xe9,
    0xb, 0x60, 0x8, 0xad, 0x4a, 0x0, 0x3c, 0x84,
    0xa8, 0x1, 0xeb, 0x6, 0x0, 0xf1, 0x87, 0x80,
    0x7c, 0x28, 0x24, 0x1, 0xdc, 0x2, 0x1, 0xf8,
    0x80, 0x40, 0x38, 0xc1, 0x80, 0x3f, 0x8, 0x38,
    0x7, 0x30, 0x18, 0x7, 0xef, 0x2, 0x0, 0xe3,
    0x11, 0x0, 0x7e, 0x30, 0xf0, 0xc, 0xa0, 0xe0,
    0x1f, 0xc8, 0xe, 0x1, 0xa0, 0x28, 0x3, 0xfc,
    0xc3, 0x0, 0xb, 0x25, 0x30, 0xf, 0xf4, 0xb,
    0xaa, 0x20, 0xa0, 0x47, 0xfe, 0xb, 0xb, 0x60,
    0x2d, 0xee, 0xff, 0xe0, 0x50, 0x11, 0x29, 0x51,
    0x3f, 0xf8, 0x4b, 0xc0, 0xb5, 0x77, 0xff, 0xc2,
    0xa2, 0x0, 0xf8, 0xdc, 0xa, 0x0, 0x3f, 0xf8,
    0x55, 0x1b, 0xa7, 0x30, 0xf, 0xfe, 0xc, 0x21,
    0x4, 0x18, 0x7, 0xff, 0x4, 0x6f, 0xfc, 0xe0,
    0x1f, 0x0,

    /* U+E05C "" */
    0x0, 0xff, 0xe2, 0xe6, 0x88, 0x7, 0xf1, 0x13,
    0x4, 0x3, 0xfc, 0x58, 0x20, 0x1f, 0x85, 0x4b,
    0x4, 0x5, 0x80, 0x3a, 0x94, 0xb0, 0x5e, 0x70,
    0x3, 0xac, 0x49, 0xd8, 0xcd, 0x80, 0x1b, 0x45,
    0x18, 0x30, 0xcd, 0x82, 0x18, 0x69, 0x60, 0x16,
    0x19, 0x80, 0x4d, 0x2c, 0x3, 0xb0, 0xc0, 0x9,
    0x60, 0x1f, 0xfc, 0x6c, 0x30, 0x2, 0x58, 0x7,
    0x61, 0x98, 0x4, 0xd2, 0xc0, 0x2c, 0x33, 0x60,
    0x86, 0x1a, 0x58, 0x39, 0xa6, 0x0, 0x6d, 0x14,
    0x66, 0x4d, 0x80, 0x75, 0x89, 0x38, 0xb0, 0x7,
    0x52, 0x96, 0x8, 0x7, 0x85, 0x4b, 0x4, 0x3,
    0xf1, 0x60, 0x80, 0x7c, 0x44, 0xc1, 0x0, 0xfd,
    0x9a, 0x20, 0x18,

    /* U+E05F "" */
    0x0, 0xff, 0xe5, 0xbf, 0xff, 0xb5, 0xc0, 0xf,
    0xbf, 0xfe, 0x70, 0x4, 0x1, 0x9e, 0x22, 0x45,
    0xda, 0x8, 0x86, 0x78, 0x20, 0x4, 0x13, 0x33,
    0x6f, 0x1a, 0x20, 0xfb, 0x73, 0x31, 0x80, 0x7f,
    0x87, 0x80, 0x1c, 0x20, 0x1f, 0xfc, 0x52, 0x11,
    0x10, 0x7, 0xff, 0xfc, 0x3, 0xff, 0xfe, 0x1,
    0xff, 0xd9, 0x72, 0x2f, 0x0, 0x62, 0x2f, 0x0,
    0x42, 0x23, 0xdd, 0xf7, 0x8, 0xbb, 0x77, 0xc6,
    0x20, 0xc, 0x65, 0x5e, 0x41, 0x0, 0xa, 0x2a,
    0xf3, 0x60, 0x0, 0xa6, 0xab, 0xae, 0xc0, 0xc,
    0xba, 0xae, 0x92, 0x0, 0xff, 0x20, 0x88, 0xc0,
    0x3f, 0xf8, 0xfb, 0xa0, 0xf, 0xf0,

    /* U+E060 "" */
    0x0, 0xc2, 0x3f, 0xc0, 0x18, 0xb3, 0xfb, 0xbf,
    0xbe, 0x40, 0x1c, 0x66, 0x44, 0xfc, 0x62, 0xcc,
    0x13, 0x36, 0x5d, 0xfe, 0xcc, 0x6, 0x80, 0x1c,
    0x3, 0xfc, 0x60, 0xe0, 0x1f, 0xff, 0xf0, 0xf,
    0xff, 0xf8, 0x0, 0x40, 0x3f, 0xf8, 0x31, 0xfd,
    0xc5, 0x0, 0xfe, 0x6e, 0x71, 0x41, 0xac, 0x40,
    0xe, 0x5d, 0x91, 0x6f, 0xbc, 0x33, 0x5e, 0x83,
    0x89, 0x89, 0x2e, 0xc8, 0x81, 0xe5, 0x11, 0x86,
    0x86, 0x56, 0xd1, 0x0, 0x72, 0xed, 0xe3, 0x0,

    /* U+E063 "" */
    0x0, 0xe5, 0xc1, 0x0, 0xec, 0x60, 0xf, 0xf7,
    0x9a, 0x80, 0x63, 0x36, 0x80, 0x78, 0xb3, 0xfc,
    0xa1, 0x7f, 0xfb, 0x1, 0x3f, 0xd8, 0x40, 0xe,
    0x32, 0x31, 0x2, 0x33, 0xc4, 0x2, 0x64, 0x7c,
    0x0, 0x32, 0xdc, 0x70, 0xec, 0xcd, 0xe0, 0x99,
    0xa4, 0x60, 0x20, 0xc0, 0xb, 0x73, 0x0, 0xc5,
    0x12, 0x0, 0x60, 0x10, 0xe, 0x28, 0x0, 0xf3,
    0x98, 0x7, 0xc9, 0x99, 0xff, 0xc2, 0x40, 0xe,
    0x33, 0xff, 0xe1, 0x0, 0x72, 0x7f, 0xff, 0xf0,
    0x90, 0x3, 0xff, 0xfe, 0x1, 0x9c, 0x3, 0xff,
    0xc0, 0xe0, 0x1f, 0xfc, 0x71, 0x0, 0xff, 0xe1,
    0x8, 0x0, 0x4c, 0xb7, 0x33, 0xff, 0x81, 0xa4,
    0x82, 0x1a, 0x84, 0x67, 0xff, 0xc0, 0x24, 0xa0,
    0x0, 0xdf, 0xff, 0xff, 0xa, 0xc4, 0x0,

    /* U+E064 "" */
    0x0, 0xff, 0xe8, 0xb7, 0x7f, 0xee, 0x60, 0xf,
    0xfe, 0xa, 0x48, 0x99, 0xe1, 0x94, 0x0, 0xfc,
    0x2a, 0xb5, 0x6, 0x67, 0x82, 0x95, 0x61, 0x0,
    0x93, 0xaa, 0xa1, 0x73, 0x0, 0xc7, 0x3, 0x55,
    0x72, 0x0, 0x28, 0x22, 0x6b, 0x60, 0x3, 0xcf,
    0xb5, 0x30, 0x14, 0x2, 0x23, 0x76, 0x52, 0x0,
    0x35, 0x51, 0x80, 0x4, 0xac, 0xe6, 0x22, 0x0,
    0xfd, 0x52, 0xaa, 0x9a, 0x0, 0xff, 0xe1, 0xaa,
    0x8f, 0x30, 0x6a, 0xa0, 0xf, 0xfe, 0x16, 0x4,
    0x19, 0xa0, 0x30, 0x3, 0xff, 0x88, 0x40, 0x2,
    0x0, 0xff, 0xe2, 0x68, 0x4c, 0x4c, 0x83, 0x40,
    0x3f, 0xf8, 0x48, 0xe0, 0xec, 0xe, 0x80, 0x1f,
    0xfc, 0x38, 0xc7, 0x76, 0x40, 0x7, 0xe1, 0x1,
    0x0, 0xf1, 0xc4, 0xc, 0x3, 0xc2, 0x2, 0x6,
    0x5b, 0x99, 0xff, 0xc2, 0xd2, 0x30, 0x6, 0xa1,
    0x19, 0xff, 0xf0, 0x89, 0x34, 0x0, 0x37, 0xff,
    0xff, 0xc4, 0xb1, 0x0,

    /* U+E06B "" */
    0x0, 0xff, 0xe8, 0x9, 0x80, 0x17, 0xfd, 0x6c,
    0x1, 0xff, 0xc0, 0x6e, 0xc2, 0xb, 0x1, 0x49,
    0xe6, 0x0, 0xfe, 0xa9, 0x7, 0x20, 0x0, 0xf6,
    0x30, 0xcd, 0x0, 0x7d, 0x4a, 0x5b, 0x0, 0x1c,
    0x73, 0xa4, 0xb4, 0x1, 0xcc, 0xa7, 0x84, 0x1,
    0xf8, 0xb0, 0x95, 0x80, 0x21, 0x80, 0xe1, 0x0,
    0xff, 0xf, 0x4, 0x0, 0x4e, 0x2e, 0x40, 0x1f,
    0xfc, 0x3, 0x61, 0x60, 0x5, 0x5, 0x0, 0x7f,
    0xf0, 0xa8, 0x34, 0x0, 0x62, 0x40, 0x1f, 0xfc,
    0x23, 0x5, 0x0, 0x88, 0x3, 0xe3, 0x1e, 0xef,
    0x80, 0x40, 0x3f, 0xe9, 0x20, 0xf, 0x8a, 0x80,
    0x22, 0x0, 0xf9, 0x37, 0xbb, 0xed, 0x50, 0x1,
    0x89, 0x0, 0x7f, 0xf0, 0xd0, 0x2, 0xa0, 0xb0,
    0xf, 0xfe, 0x14, 0xda, 0x0, 0x1c, 0x18, 0x80,
    0x3f, 0xf8, 0x4, 0xc2, 0x80, 0x1, 0x90, 0xf1,
    0x0, 0xff, 0xf, 0x84, 0x0, 0x66, 0x52, 0xc2,
    0x0, 0xfc, 0x58, 0x4a, 0xc0, 0x1d, 0x4a, 0x5b,
    0x4, 0x1, 0x8e, 0x74, 0x9a, 0x80, 0x3e, 0xa9,
    0x17, 0xde, 0xcd, 0xec, 0x61, 0x99, 0x0, 0x7f,
    0x37, 0x4a, 0x1, 0x90, 0x24, 0xf3, 0x0, 0x7f,
    0xf0, 0x1a, 0xfb, 0xfd, 0xd6, 0xc0, 0x1f, 0x0,

    /* U+E06C "" */
    0x0, 0xff, 0xe1, 0x8a, 0x80, 0x7f, 0xf0, 0xc7,
    0x28, 0x80, 0x3f, 0xf8, 0x23, 0x84, 0xc4, 0x1,
    0xff, 0xc0, 0x1c, 0x26, 0x90, 0xf, 0xfe, 0x0,
    0xe1, 0x34, 0x80, 0x7f, 0xf0, 0x7, 0x9, 0xa4,
    0x2, 0x1d, 0x60, 0xf, 0xe, 0x13, 0x48, 0x7,
    0x1c, 0xb8, 0x6, 0x1c, 0x26, 0x90, 0xe, 0x1d,
    0x18, 0x70, 0x0, 0xe1, 0x34, 0x80, 0x7c, 0x7a,
    0x30, 0xe3, 0x84, 0xd2, 0x1, 0xfc, 0x7a, 0x31,
    0xe4, 0xd2, 0x1, 0xff, 0x1e, 0x88, 0x9a, 0x40,
    0x3f, 0xf8, 0x27, 0x93, 0x20, 0xf, 0xf0,

    /* U+E06D "" */
    0x8, 0x30, 0xf, 0xe9, 0x32, 0x7c, 0x30, 0xf,
    0xe, 0x32, 0x15, 0x6, 0x18, 0x6, 0x1d, 0x35,
    0x70, 0x59, 0xc, 0x40, 0x0, 0xe9, 0xa5, 0x0,
    0x4d, 0x21, 0x68, 0x3a, 0x69, 0x60, 0x1c, 0xd2,
    0x17, 0x86, 0x96, 0x1, 0xf3, 0x48, 0x12, 0xd8,
    0x7, 0xf3, 0x53, 0xd0, 0x7, 0x0,

    /* U+E06E "" */
    0x0, 0xf0, 0x80, 0x79, 0x7a, 0x40, 0x32, 0xd0,
    0x68, 0x4, 0xb4, 0x16, 0x80, 0x5, 0xa0, 0xb4,
    0x0, 0x2d, 0x5, 0xa0, 0x1, 0x28, 0x2d, 0x0,
    0x2c, 0x2, 0x40, 0xd, 0x8, 0x58, 0x1, 0xd6,
    0x87, 0x80, 0x1d, 0x68, 0x78, 0x1, 0xd6, 0x87,
    0x80, 0x1d, 0x68, 0x70, 0x1, 0xd6, 0xf6,

    /* U+E06F "" */
    0x38, 0x0, 0xf5, 0x3d, 0x80, 0x74, 0x9a, 0x58,
    0x7, 0x61, 0xa5, 0x80, 0x76, 0x1a, 0x58, 0x7,
    0x61, 0xa5, 0x80, 0x76, 0x12, 0x40, 0x6, 0x42,
    0xc, 0x0, 0x92, 0xc2, 0x90, 0x0, 0x96, 0x14,
    0xa0, 0x4, 0xb0, 0xa5, 0x0, 0x25, 0x85, 0x28,
    0x5, 0xa1, 0x4a, 0x1, 0xa7, 0x94, 0x3, 0x80,

    /* U+E070 "" */
    0x0, 0xf2, 0xc0, 0x7, 0xfc, 0xb4, 0xf4, 0x1,
    0xfc, 0xd4, 0x4, 0xb4, 0x1, 0xf3, 0x48, 0x5e,
    0x1a, 0xd8, 0x7, 0x34, 0x85, 0xa0, 0xe9, 0xa5,
    0x80, 0x4b, 0x21, 0x68, 0x0, 0x1d, 0x34, 0xa0,
    0x2a, 0xb, 0x40, 0xc, 0x3a, 0x6a, 0xe4, 0xd8,
    0x80, 0x1e, 0x1d, 0x64,

    /* U+E076 "" */
    0x0, 0xff, 0xe8, 0xb5, 0xf7, 0xfd, 0x6c, 0x1,
    0xff, 0xc0, 0x6e, 0x94, 0x3, 0x30, 0xa4, 0xf2,
    0x80, 0x7f, 0x54, 0x8b, 0x6f, 0x66, 0x3b, 0x58,
    0x6a, 0x80, 0x1f, 0x52, 0x96, 0xc9, 0x0, 0x62,
    0x9d, 0x25, 0xa0, 0xe, 0x65, 0x2c, 0x20, 0xf,
    0xc5, 0x84, 0xac, 0x1, 0xc, 0x7, 0x88, 0x7,
    0xf8, 0x7c, 0x20, 0x40, 0xe, 0x2c, 0x40, 0x1f,
    0xfc, 0x2, 0x71, 0x70, 0x6, 0x85, 0x80, 0x7f,
    0xf0, 0xa8, 0x34, 0x0, 0xa2, 0x40, 0x1f, 0xfc,
    0x22, 0x15, 0x0, 0x9, 0x0, 0x7f, 0xf1, 0x8,
    0x40, 0x40, 0x3f, 0xf9, 0x22, 0x22, 0x0, 0xff,
    0xe2, 0x10, 0x80, 0x14, 0x48, 0x3, 0xff, 0x84,
    0x42, 0xa0, 0xd, 0xa, 0x0, 0xff, 0xe1, 0x58,
    0x68, 0x1, 0xc5, 0xc8, 0x3, 0xff, 0x80, 0x4c,
    0xc, 0x0, 0x18, 0xf, 0x10, 0xf, 0xf0, 0xf8,
    0x48, 0x6, 0x65, 0x2c, 0x20, 0xf, 0xc5, 0x84,
    0xac, 0x1, 0xd4, 0xa5, 0xb2, 0x40, 0x18, 0xa7,
    0x49, 0x68, 0x3, 0xea, 0x80, 0x6d, 0xec, 0xc7,
    0x6b, 0xc, 0xd0, 0x7, 0xf3, 0xf4, 0x18, 0x99,
    0x81, 0x27, 0xd8, 0x3, 0xfe, 0x17, 0xcf, 0xfb,
    0xad, 0x84, 0x3, 0xc0,

    /* U+E077 "" */
    0x0, 0xff, 0xe8, 0xb5, 0xf7, 0xfd, 0x6c, 0x1,
    0xff, 0xc0, 0x6e, 0x94, 0x3, 0x30, 0xa4, 0xf2,
    0x80, 0x7f, 0x54, 0x8b, 0x6f, 0x66, 0x3b, 0x58,
    0x6a, 0x80, 0x1f, 0x52, 0x96, 0xc9, 0x0, 0x62,
    0x9d, 0x25, 0xa0, 0xe, 0x65, 0x2c, 0x20, 0xf,
    0xc5, 0x84, 0xac, 0x1, 0xc, 0x7, 0x88, 0x6,
    0x55, 0x0, 0x61, 0xf0, 0x81, 0x0, 0x38, 0xb1,
    0x0, 0x75, 0xd8, 0x3, 0x89, 0x85, 0xc0, 0x1a,
    0x16, 0x1, 0xff, 0xc2, 0xb0, 0xd0, 0x2, 0x89,
    0x0, 0x7f, 0xf0, 0x88, 0x54, 0x0, 0x24, 0x1,
    0xff, 0xc4, 0x21, 0x1, 0x0, 0xfe, 0x44, 0x0,
    0x7f, 0x84, 0x44, 0x1, 0xf5, 0x50, 0x3, 0xe3,
    0x10, 0x2, 0x89, 0x0, 0x78, 0x44, 0x1, 0xe3,
    0x5, 0x0, 0x68, 0x50, 0x7, 0xb3, 0x0, 0x1e,
    0xa0, 0xd0, 0x3, 0x8b, 0x90, 0x7, 0x44, 0x80,
    0x71, 0x30, 0x30, 0x0, 0x60, 0x3c, 0x40, 0x32,
    0xa0, 0x6, 0x1f, 0x9, 0x0, 0xcc, 0xa5, 0x84,
    0x1, 0xf8, 0xb0, 0x95, 0x80, 0x3a, 0x94, 0xb6,
    0x48, 0x3, 0x14, 0xe9, 0x2d, 0x0, 0x7d, 0x50,
    0xd, 0xbd, 0x98, 0xed, 0x61, 0x9a, 0x0, 0xfe,
    0x7e, 0x83, 0x13, 0x30, 0x24, 0xfb, 0x0, 0x7f,
    0xc2, 0xf9, 0xff, 0x75, 0xb0, 0x80, 0x78,

    /* U+E07E "" */
    0x0, 0xff, 0xe8, 0xb5, 0xf7, 0xfd, 0x6c, 0x1,
    0xff, 0xc0, 0x6e, 0x94, 0x3, 0x30, 0xa4, 0xf2,
    0x80, 0x7f, 0x54, 0x8b, 0x6f, 0x66, 0x3b, 0x58,
    0x6a, 0x80, 0x1f, 0x52, 0x96, 0xc9, 0x0, 0x62,
    0x9d, 0x25, 0xa0, 0xe, 0x65, 0x2c, 0x20, 0xf,
    0xc5, 0x84, 0xac, 0x1, 0xc, 0x7, 0x88, 0x7,
    0xf8, 0x7c, 0x20, 0x40, 0xe, 0x2c, 0x40, 0x1f,
    0xfc, 0x2, 0x71, 0x70, 0x6, 0x85, 0x80, 0x7f,
    0xf0, 0xa8, 0x34, 0x0, 0xa2, 0x40, 0x1f, 0xfc,
    0x22, 0x15, 0x0, 0x9, 0x0, 0x49, 0xbb, 0xf9,
    0x0, 0x22, 0x10, 0x10, 0xe, 0x22, 0xfe, 0x10,
    0xf, 0x8, 0x88, 0x2, 0x6f, 0xff, 0xca, 0x1,
    0x10, 0x80, 0x14, 0x48, 0x3, 0xff, 0x84, 0x42,
    0xa0, 0xd, 0xa, 0x0, 0xff, 0xe1, 0x58, 0x68,
    0x1, 0xc5, 0xc8, 0x3, 0xff, 0x80, 0x4c, 0xc,
    0x0, 0x18, 0xf, 0x10, 0xf, 0xf0, 0xf8, 0x48,
    0x6, 0x65, 0x2c, 0x20, 0xf, 0xc5, 0x84, 0xac,
    0x1, 0xd4, 0xa5, 0xb2, 0x40, 0x18, 0xa7, 0x49,
    0x68, 0x3, 0xea, 0x80, 0x6d, 0xec, 0xc7, 0x6b,
    0xc, 0xd0, 0x7, 0xf3, 0xf4, 0x18, 0x99, 0x81,
    0x27, 0xd8, 0x3, 0xfe, 0x17, 0xcf, 0xfb, 0xad,
    0x84, 0x3, 0xc0,

    /* U+E081 "" */
    0x0, 0xff, 0xe8, 0xb5, 0xf7, 0xfd, 0x6c, 0x1,
    0xff, 0xc0, 0x6e, 0x94, 0x3, 0x30, 0xa4, 0xf2,
    0x80, 0x7f, 0x54, 0x8b, 0x6f, 0x66, 0x3b, 0x58,
    0x6a, 0x80, 0x1f, 0x52, 0x96, 0xc9, 0x0, 0x62,
    0x9d, 0x25, 0xa0, 0xe, 0x65, 0x2c, 0x20, 0xf,
    0xc5, 0x84, 0xac, 0x1, 0xc, 0x7, 0x88, 0x6,
    0x44, 0x0, 0x61, 0xf0, 0x81, 0x0, 0x38, 0xb1,
    0x0, 0x75, 0x50, 0x3, 0x89, 0xc5, 0xc0, 0x1a,
    0x16, 0x1, 0xff, 0xc2, 0xa0, 0xd0, 0x2, 0x89,
    0x0, 0x7f, 0xf0, 0x88, 0x54, 0x0, 0x24, 0x1,
    0x26, 0xec, 0x22, 0xdd, 0x90, 0x2, 0x21, 0x1,
    0x0, 0xe2, 0x2c, 0x0, 0x22, 0x84, 0x3, 0xc2,
    0x22, 0x0, 0x9b, 0xfe, 0x11, 0x7f, 0xca, 0x1,
    0x10, 0x80, 0x14, 0x48, 0x3, 0xff, 0x84, 0x42,
    0xa0, 0xd, 0xa, 0x0, 0xff, 0xe1, 0x58, 0x68,
    0x1, 0xc5, 0xc8, 0x3, 0xae, 0xc0, 0x1c, 0x4c,
    0xc, 0x0, 0x18, 0xf, 0x10, 0xc, 0xaa, 0x0,
    0xc3, 0xe1, 0x20, 0x19, 0x94, 0xb0, 0x80, 0x3f,
    0x16, 0x12, 0xb0, 0x7, 0x52, 0x96, 0xc9, 0x0,
    0x62, 0x9d, 0x25, 0xa0, 0xf, 0xaa, 0x1, 0xb7,
    0xb3, 0x1d, 0xac, 0x33, 0x40, 0x1f, 0xcf, 0xd0,
    0x62, 0x66, 0x4, 0x9f, 0x60, 0xf, 0xf8, 0x5f,
    0x3f, 0xee, 0xb6, 0x10, 0xf, 0x0,

    /* U+E084 "" */
    0x0, 0xff, 0xe8, 0xb5, 0xf7, 0xfd, 0x6c, 0x1,
    0xff, 0xc0, 0x6e, 0x94, 0x3, 0x30, 0x24, 0xf2,
    0x80, 0x7f, 0x54, 0x8b, 0x6f, 0x66, 0x3f, 0x14,
    0x6a, 0x80, 0x1f, 0x52, 0x96, 0xc9, 0x0, 0x63,
    0xac, 0x15, 0xa0, 0xe, 0x65, 0x3d, 0x20, 0xf,
    0xc7, 0x82, 0xac, 0x1, 0xc, 0x7, 0x0, 0x7f,
    0xc5, 0xa1, 0x2, 0x0, 0x71, 0x72, 0x0, 0x12,
    0x0, 0x66, 0x10, 0x1, 0xa8, 0xb8, 0x3, 0x42,
    0x80, 0x29, 0xb7, 0x0, 0x5c, 0xb0, 0x5, 0xc1,
    0xa0, 0x5, 0x12, 0x0, 0xa4, 0x61, 0xed, 0x9,
    0x80, 0x24, 0x5, 0x0, 0x9, 0x0, 0x62, 0xc1,
    0x84, 0x2c, 0x10, 0xc, 0x22, 0x1, 0x0, 0xf8,
    0x94, 0x0, 0xa2, 0x1, 0xf8, 0x44, 0x40, 0x1d,
    0x48, 0x42, 0xee, 0x0, 0xe1, 0x10, 0x1, 0x44,
    0xc0, 0x29, 0x53, 0xcc, 0xc, 0x28, 0x4, 0x80,
    0xa0, 0xd, 0xa, 0x0, 0xb9, 0x34, 0x4b, 0xc,
    0x40, 0x2e, 0xd, 0x0, 0x38, 0xb1, 0x0, 0x1e,
    0xc4, 0x0, 0x58, 0x80, 0x3, 0x50, 0x60, 0x0,
    0xc0, 0x78, 0x80, 0x7f, 0x87, 0x42, 0x40, 0x33,
    0x29, 0x61, 0x0, 0x7e, 0x3f, 0x15, 0x60, 0xe,
    0xa5, 0x2d, 0x82, 0x0, 0xc7, 0x38, 0x2b, 0x40,
    0x1f, 0x54, 0x3, 0xef, 0x66, 0x3f, 0x18, 0x66,
    0x80, 0x3f, 0x9f, 0xa0, 0xc4, 0xcc, 0x29, 0x3e,
    0xc0, 0x1f, 0xf0, 0xbe, 0x7f, 0xdd, 0x6c, 0x20,
    0x1e,

    /* U+E085 "" */
    0x0, 0xff, 0xe5, 0xe, 0x7f, 0xfb, 0x44, 0x3,
    0xe3, 0x93, 0x23, 0x3c, 0x44, 0x83, 0x0, 0xc7,
    0xd8, 0xe1, 0x19, 0x9b, 0x81, 0xb3, 0x90, 0x1,
    0xc3, 0xa, 0x13, 0x3d, 0x0, 0xb2, 0x34, 0x2,
    0x46, 0xf6, 0x26, 0xcd, 0x90, 0x61, 0x94, 0x48,
    0x0, 0xe0, 0x3d, 0xbb, 0xee, 0x20, 0xf, 0xf1,
    0x17, 0x80, 0x3f, 0xff, 0xe0, 0x1f, 0xff, 0xf0,
    0xf, 0xfe, 0xc0, 0x83, 0x0, 0x7f, 0xf0, 0x4,
    0x2, 0x32, 0xdc, 0xcf, 0xf6, 0xa1, 0x10, 0x38,
    0xc8, 0xcf, 0xfc, 0x47, 0xe0, 0x2, 0xcf, 0xff,
    0xfe, 0x6, 0x10, 0x0,

    /* U+E087 "" */
    0x0, 0xff, 0xe8, 0xb5, 0xf7, 0xfd, 0x6c, 0x1,
    0xff, 0xc0, 0x6e, 0x94, 0x3, 0x30, 0xa4, 0xf2,
    0x80, 0x7f, 0x54, 0x8b, 0x6f, 0x66, 0x3b, 0x58,
    0x6a, 0x80, 0x1f, 0x52, 0x96, 0xc9, 0x1, 0x10,
    0xa, 0x74, 0x96, 0x80, 0x39, 0x94, 0xb0, 0x80,
    0x2c, 0xf0, 0x8, 0xb0, 0x95, 0x80, 0x21, 0x80,
    0xf1, 0x0, 0xe3, 0x0, 0xc3, 0xe1, 0x2, 0x0,
    0x71, 0x62, 0x0, 0xff, 0xe0, 0x13, 0xb, 0x80,
    0x34, 0x2c, 0x3, 0xff, 0x85, 0x61, 0xa0, 0x5,
    0x12, 0x0, 0xff, 0xe1, 0x10, 0xa8, 0x0, 0x48,
    0x3, 0xf0, 0xa0, 0x7, 0x88, 0x40, 0x40, 0x3f,
    0x90, 0x2f, 0xc, 0x3, 0xe1, 0x11, 0x0, 0x7d,
    0x56, 0x66, 0xc6, 0x0, 0x8c, 0x40, 0xa, 0x24,
    0x1, 0xf2, 0x65, 0xaa, 0x80, 0x6, 0xa, 0x0,
    0xd0, 0xa0, 0xf, 0xe4, 0xa3, 0x0, 0x50, 0x68,
    0x1, 0xc5, 0xc8, 0x3, 0xff, 0x80, 0x4c, 0xc,
    0x0, 0x18, 0xf, 0x10, 0xf, 0xf0, 0xf8, 0x48,
    0x6, 0x65, 0x2c, 0x20, 0xf, 0xc5, 0x84, 0xac,
    0x1, 0xd4, 0xa5, 0xb2, 0x40, 0x18, 0xa7, 0x49,
    0x68, 0x3, 0xea, 0x80, 0x6d, 0xec, 0xc7, 0x6b,
    0xc, 0xd0, 0x7, 0xf3, 0xf4, 0x18, 0x99, 0x81,
    0x27, 0xd8, 0x3, 0xfe, 0x17, 0xcf, 0xfb, 0xad,
    0x84, 0x3, 0xc0,

    /* U+E088 "" */
    0x0, 0xf2, 0x3b, 0x98, 0x80, 0x3f, 0xf8, 0x6f,
    0xd7, 0x10, 0x9d, 0xb2, 0x0, 0xff, 0xe0, 0x5c,
    0xa, 0x44, 0xb8, 0xa6, 0x18, 0x7, 0xfa, 0x90,
    0xb6, 0xdd, 0xa3, 0x9c, 0x74, 0x80, 0x3f, 0x22,
    0x8e, 0x10, 0x7, 0x44, 0x6, 0x0, 0x3f, 0x70,
    0x58, 0x80, 0x7c, 0xe2, 0xb7, 0x67, 0x10, 0xc,
    0x80, 0xa0, 0x1f, 0xd0, 0x8, 0x88, 0xe5, 0x0,
    0x84, 0xc0, 0x3f, 0xcd, 0xdc, 0xd7, 0xa, 0x30,
    0x8, 0x40, 0x3f, 0xe1, 0x11, 0x45, 0x4, 0x0,
    0x8, 0x82, 0x1, 0xff, 0xc2, 0x51, 0x40, 0x2,
    0x84, 0x80, 0x7f, 0xf0, 0xcc, 0x2, 0x90, 0x74,
    0x0, 0xff, 0xe0, 0x89, 0x10, 0x0, 0x34, 0x17,
    0x2, 0x1, 0xfe, 0x1d, 0xa, 0x0, 0x96, 0x81,
    0xfb, 0x2e, 0xff, 0x67, 0x1a, 0x38, 0x6, 0x5e,
    0x72, 0x34, 0x4f, 0xc6, 0x51, 0x60, 0x1e, 0x18,
    0xde, 0xef, 0xf6, 0xb8, 0x4,

    /* U+E08A "" */
    0x0, 0xf8, 0x44, 0x1, 0xff, 0xc5, 0x19, 0xee,
    0xbf, 0x18, 0x3, 0xff, 0x82, 0xbc, 0xc2, 0x68,
    0x47, 0x38, 0x20, 0x1f, 0xe5, 0xa0, 0x8f, 0xcb,
    0xdc, 0x33, 0x60, 0x80, 0x7e, 0x1a, 0xc, 0x70,
    0xc, 0x78, 0xa5, 0x60, 0x1f, 0xa0, 0x20, 0xc0,
    0x3e, 0xb1, 0x5c, 0xb8, 0x20, 0xc, 0x80, 0xe0,
    0x1f, 0x86, 0x0, 0xd1, 0xf5, 0x40, 0x22, 0x30,
    0xf, 0xf3, 0x7f, 0xba, 0x2, 0x8c, 0x3, 0xff,
    0x8a, 0x2f, 0x41, 0x0, 0x1, 0x20, 0xf, 0xfe,
    0x1a, 0x8a, 0x0, 0x10, 0x54, 0x3, 0xfc, 0x20,
    0x18, 0x80, 0x29, 0xb, 0x10, 0x6f, 0x20, 0xc,
    0x5c, 0xe0, 0x1, 0x31, 0x0, 0x1b, 0x8c, 0x87,
    0x80, 0x80, 0x88, 0x4, 0x38, 0x1, 0x40, 0xc0,
    0x14, 0x4c, 0x82, 0x98, 0xc3, 0x30, 0x6, 0xf6,
    0xe, 0x85, 0x0, 0x19, 0x84, 0xe, 0x40, 0x6,
    0x60, 0x4, 0x10, 0x2b, 0xe0, 0x7, 0xe1, 0x60,
    0x6, 0xe8, 0x0, 0xc2, 0x5, 0x2, 0x1, 0xfa,
    0x24, 0xc0, 0xcc, 0x7, 0x32, 0x0, 0xff, 0xe0,
    0x8, 0x8, 0x33, 0x0, 0x43, 0xc0, 0x3f, 0xf8,
    0x11, 0xa4, 0x11, 0x0, 0x2d, 0x70, 0xf, 0xfe,
    0x9, 0x0, 0x8, 0x80, 0x2, 0x0, 0xff, 0xe2,
    0xe6, 0x0, 0x3f, 0xc0,

    /* U+E08C "" */
    0x0, 0xf8, 0x44, 0x1, 0xff, 0xc5, 0x18, 0xee,
    0xbf, 0x14, 0x3, 0xff, 0x82, 0xbe, 0xe2, 0x68,
    0x47, 0x56, 0x20, 0x1f, 0xe5, 0xa1, 0x8f, 0xcb,
    0xdc, 0x34, 0xc0, 0xf, 0xe1, 0xa0, 0xb7, 0x0,
    0xc7, 0x8a, 0x52, 0x1, 0xfa, 0x41, 0xd0, 0x3,
    0xeb, 0x16, 0xba, 0x71, 0x0, 0xca, 0x12, 0x1,
    0xf8, 0x64, 0x11, 0x63, 0xd0, 0x2, 0x22, 0x8,
    0x7, 0xf3, 0xf6, 0xe3, 0x8d, 0x90, 0x4, 0x20,
    0x1f, 0xf0, 0x91, 0xc4, 0x84, 0x0, 0x44, 0x1,
    0xfa, 0xe0, 0x3, 0x98, 0x54, 0x0, 0x82, 0x60,
    0x1e, 0x64, 0x20, 0xf, 0x10, 0x8, 0x70, 0x70,
    0x7, 0xc, 0x4, 0x0, 0x78, 0x80, 0x41, 0x50,
    0xa8, 0x3, 0x40, 0xb1, 0x0, 0x73, 0x8a, 0x80,
    0x54, 0x4b, 0xa2, 0x4, 0xc1, 0x42, 0x1, 0x1c,
    0xc0, 0x40, 0x4, 0x3a, 0xa4, 0xa1, 0x0, 0xc,
    0xe9, 0x5, 0xc6, 0x1b, 0x20, 0xe, 0xaf, 0x40,
    0xf4, 0x40, 0x3, 0x81, 0x16, 0x3d, 0x0, 0x3f,
    0xcb, 0x7e, 0x4, 0xe0, 0x34, 0xe2, 0x1, 0xff,
    0xc1, 0x90, 0x90, 0xf, 0xfe, 0x33, 0x92, 0xa0,
    0x7, 0xff, 0x1a, 0xc2, 0xc0, 0x3f, 0xf8, 0xfb,
    0xa1, 0x0, 0xff, 0x0,

    /* U+E08E "" */
    0x0, 0xf8, 0x44, 0x1, 0xff, 0xc5, 0x18, 0xee,
    0xbf, 0x5c, 0x3, 0xff, 0x82, 0xbc, 0xe2, 0x68,
    0x44, 0x8d, 0x30, 0xf, 0xf2, 0xd0, 0x47, 0xe5,
    0xee, 0x94, 0xb0, 0x80, 0x3f, 0xd, 0x5, 0xb8,
    0x6, 0x2a, 0x70, 0xf0, 0xf, 0xd2, 0x10, 0x80,
    0x1f, 0x41, 0x96, 0xe4, 0x98, 0x6, 0x50, 0x60,
    0xf, 0xe8, 0x2, 0x36, 0xc8, 0x0, 0x88, 0xc4,
    0x3, 0xf9, 0x3f, 0xdd, 0x42, 0xec, 0x1, 0xff,
    0xc5, 0x15, 0xc0, 0x80, 0x0, 0x90, 0x7, 0xff,
    0xc, 0x90, 0x48, 0x10, 0x50, 0x3, 0xff, 0x86,
    0x20, 0x21, 0x21, 0x20, 0x9, 0xe0, 0xf, 0x74,
    0x80, 0x4e, 0x4, 0x6, 0xc5, 0x0, 0x42, 0x20,
    0x11, 0x0, 0x89, 0x40, 0x12, 0x48, 0x20, 0x9,
    0x8a, 0x0, 0xec, 0xd0, 0xe, 0x56, 0x19, 0x0,
    0xce, 0x40, 0x1c, 0x64, 0x1, 0xc8, 0xf8, 0x40,
    0x1f, 0xfc, 0x61, 0x82, 0x0, 0xff, 0xe9, 0x8,
    0x8, 0x6, 0x10, 0x60, 0xf, 0xfe, 0x5, 0x70,
    0x7, 0xba, 0x80, 0x3f, 0xf8, 0x22, 0x0, 0x22,
    0x0, 0x4, 0x3, 0xff, 0x8b, 0x98, 0x0, 0xff,
    0x0,

    /* U+E090 "" */
    0x0, 0xf8, 0x44, 0x1, 0xff, 0xc5, 0x19, 0xee,
    0xbf, 0x18, 0x3, 0xff, 0x82, 0xbc, 0xc2, 0x68,
    0x47, 0x38, 0x20, 0x1f, 0xe5, 0xa0, 0x8f, 0xcb,
    0xdc, 0x33, 0x60, 0x80, 0x7e, 0x1a, 0xb, 0x70,
    0xc, 0x78, 0xa5, 0x60, 0x1f, 0xa4, 0x21, 0x0,
    0x3e, 0xb1, 0x5c, 0xb8, 0x20, 0xc, 0xa0, 0xe0,
    0x1f, 0x86, 0x0, 0xd1, 0xf5, 0x40, 0x22, 0x30,
    0xf, 0xf3, 0x7f, 0xba, 0x2, 0x8c, 0x3, 0xff,
    0x8a, 0x2f, 0x41, 0x0, 0x1, 0x20, 0xf, 0xfe,
    0x1a, 0x8a, 0x0, 0x10, 0x50, 0x3, 0xff, 0x86,
    0x40, 0x17, 0x4, 0x80, 0x42, 0x1, 0xe1, 0x0,
    0x84, 0xc4, 0x0, 0x8a, 0x50, 0xf, 0xc4, 0x1,
    0x8b, 0x9c, 0x1, 0x40, 0xc0, 0x15, 0x3d, 0x2,
    0x31, 0x1, 0x10, 0x9, 0x90, 0x1d, 0xa, 0x0,
    0x34, 0x10, 0x1c, 0x80, 0x3f, 0xc0, 0x9, 0x30,
    0x57, 0xc0, 0xf, 0xc2, 0xc0, 0x9, 0x90, 0x1,
    0x84, 0xa, 0x4, 0x3, 0xf3, 0x49, 0x2, 0x20,
    0xa, 0x64, 0x1, 0xff, 0xc0, 0x7b, 0x20, 0x66,
    0x1, 0x64, 0x0, 0x7f, 0xf0, 0x50, 0x1, 0x54,
    0x0, 0x18, 0x7, 0xff, 0x17, 0x30, 0x1, 0xfe,

    /* U+E093 "" */
    0x0, 0xf0, 0xa8, 0x7, 0x94, 0x40, 0x3f, 0xe1,
    0xca, 0x20, 0xc, 0x55, 0x82, 0x1, 0xfc, 0x38,
    0x4c, 0x40, 0x18, 0x98, 0xb0, 0x40, 0x3e, 0x1c,
    0x26, 0x90, 0xf, 0x4b, 0x16, 0x8, 0x7, 0xe,
    0x13, 0x48, 0x7, 0xe9, 0x62, 0xc1, 0x0, 0x87,
    0x9, 0xa4, 0x3, 0xfd, 0x2c, 0x58, 0x20, 0xc,
    0x26, 0x90, 0xf, 0xfe, 0x4, 0xb1, 0x60, 0x7,
    0xff, 0x33, 0x9, 0xa4, 0x3, 0xff, 0x81, 0x2c,
    0x58, 0x0, 0x1c, 0x26, 0x90, 0xf, 0xf4, 0xb1,
    0x60, 0x80, 0x43, 0x84, 0xd2, 0x1, 0xfa, 0x58,
    0xb0, 0x40, 0x38, 0x70, 0x9a, 0x40, 0x3d, 0x2c,
    0x58, 0x20, 0x1f, 0xe, 0x13, 0x10, 0x6, 0x26,
    0x2c, 0x10, 0xf, 0xe1, 0xcb, 0x20, 0xc, 0x57,
    0x82, 0x1, 0xc0,

    /* U+E096 "" */
    0x0, 0xc4, 0x0, 0x12, 0x0, 0x8, 0x80, 0x3f,
    0xe4, 0xd5, 0xa, 0xd0, 0x7, 0xe8, 0x7, 0xfc,
    0x20, 0x60, 0x10, 0x80, 0x88, 0x3, 0xff, 0x8a,
    0x20, 0x1, 0x0, 0xff, 0x96, 0xd8, 0x27, 0x0,
    0x19, 0xc0, 0x1f, 0xfc, 0x4, 0x0, 0x11, 0x80,
    0xc, 0x80, 0x3f, 0x92, 0xf3, 0x3f, 0xf8, 0x34,
    0x80, 0x1a, 0xd0, 0xcf, 0xff, 0x82, 0xb7, 0x40,
    0x1, 0x4, 0xff, 0xff, 0x58, 0x35, 0x92, 0xb8,
    0x7, 0xff, 0x15, 0x30, 0x24, 0x3, 0xff, 0x8c,
    0x28, 0x24, 0x1, 0xff, 0xc6, 0x70, 0x30, 0xf,
    0xfe, 0x2a, 0x19, 0x84, 0x3, 0xff, 0x86, 0xb3,
    0x61, 0x0, 0x1f, 0xfc, 0x43, 0x61, 0xa4, 0x0,
    0x9c, 0x3, 0xff, 0x80, 0x77, 0xca, 0x0, 0x11,
    0x18, 0x7, 0xfb, 0x2, 0x90, 0x3, 0x9c, 0x28,
    0x3, 0xf2, 0x38, 0x38, 0x7, 0xa4, 0x97, 0xb3,
    0x3d, 0xb6, 0x14, 0x20, 0x1f, 0x6b, 0x1, 0x9f,
    0x89, 0x31, 0x40, 0x3f, 0xa7, 0xbf, 0xfe, 0xb3,
    0x0, 0xf8,

    /* U+E09B "" */
    0x0, 0xff, 0xe8, 0xb5, 0xf7, 0xfd, 0x6c, 0x1,
    0xff, 0xc0, 0x6e, 0x94, 0x3, 0x30, 0xa4, 0xf2,
    0x80, 0x7f, 0x54, 0x8b, 0x6f, 0x66, 0x3b, 0x58,
    0x6a, 0x80, 0x1f, 0x52, 0x96, 0xc9, 0x0, 0x62,
    0x9d, 0x25, 0xa0, 0xe, 0x65, 0x2c, 0x20, 0xf,
    0xc5, 0x84, 0xac, 0x1, 0xc, 0x7, 0x88, 0x7,
    0x85, 0xad, 0x87, 0xc2, 0x4, 0x0, 0xe2, 0xc4,
    0x1, 0x85, 0xaf, 0xa5, 0x34, 0x9, 0xc5, 0xc0,
    0x1a, 0x16, 0x1, 0x97, 0xa5, 0x8, 0x81, 0xa0,
    0xa, 0xd, 0x0, 0x28, 0x90, 0x4, 0x34, 0xf,
    0x9a, 0x0, 0x70, 0x1, 0xa, 0x80, 0x4, 0x80,
    0x33, 0x83, 0xc1, 0x98, 0x90, 0x40, 0x22, 0x10,
    0x10, 0xf, 0x68, 0x58, 0x2, 0x83, 0x40, 0x3e,
    0x11, 0x10, 0x4, 0x28, 0x46, 0x68, 0x60, 0x70,
    0xc, 0x42, 0x0, 0x51, 0x20, 0x3, 0x81, 0xee,
    0x38, 0x50, 0x80, 0x44, 0x2a, 0x0, 0xd0, 0xa0,
    0x6, 0x80, 0x92, 0x4f, 0x28, 0x6, 0xb0, 0xd0,
    0x3, 0x8b, 0x90, 0x62, 0x4f, 0x5b, 0x8, 0x6,
    0x26, 0x6, 0x0, 0xc, 0x7, 0x8b, 0xdb, 0x8,
    0x7, 0x87, 0xc2, 0x40, 0x33, 0x29, 0x61, 0x0,
    0x7e, 0x2c, 0x25, 0x60, 0xe, 0xa5, 0x2d, 0x92,
    0x0, 0xc5, 0x3a, 0x4b, 0x40, 0x1f, 0x54, 0x3,
    0x6f, 0x66, 0x3b, 0x58, 0x66, 0x80, 0x3f, 0x9f,
    0xa0, 0xc4, 0xcc, 0x9, 0x3e, 0xc0, 0x1f, 0xf0,
    0xbe, 0x7f, 0xdd, 0x6c, 0x20, 0x1e,

    /* U+E09E "" */
    0x0, 0xff, 0xe5, 0x8d, 0xff, 0xff, 0xb5, 0x0,
    0x3f, 0x6a, 0x11, 0x9f, 0xe2, 0x25, 0x90, 0x7,
    0x84, 0xcb, 0x73, 0x3f, 0x6c, 0x2, 0x0, 0x7e,
    0x10, 0xf, 0xf3, 0x3b, 0x80, 0x3f, 0xf8, 0xe3,
    0x2, 0x1, 0xff, 0xc1, 0x4b, 0xcc, 0xff, 0x38,
    0x7, 0xe5, 0xb4, 0x33, 0xff, 0x44, 0x80, 0x7d,
    0xc1, 0x7f, 0xff, 0xdc, 0x2c, 0x1, 0xf3, 0x82,
    0x0, 0x7f, 0x9, 0x0, 0x80, 0x7f, 0xfd, 0x84,
    0x46, 0xc0, 0x1f, 0xfc, 0x7b, 0x9, 0x80, 0xf,
    0xfe, 0x32, 0xec, 0xc8, 0x3, 0xff, 0x8e, 0x4c,
    0x20, 0x1f, 0xfe, 0x31, 0x0, 0xff, 0x8, 0x7,
    0xeb, 0xf, 0xcc, 0xfe, 0xd2, 0x31, 0x0, 0xf3,
    0xb0, 0x99, 0xff, 0x11, 0xe8, 0x7, 0xe9, 0xff,
    0xff, 0xb0, 0x40,

    /* U+E0A9 "" */
    0x0, 0xc3, 0x8c, 0x0, 0x7b, 0x0, 0xad, 0xc0,
    0x3f, 0x88, 0xf4, 0x1, 0x88, 0x20, 0x69, 0x60,
    0x1f, 0xd, 0xe0, 0x27, 0xf9, 0x3, 0xbf, 0x0,
    0xf9, 0xc0, 0x3b, 0x50, 0x4c, 0xff, 0xe1, 0x85,
    0x0, 0x24, 0x19, 0x76, 0x67, 0xfd, 0x61, 0x2e,
    0x30, 0xe0, 0x20, 0x5, 0xbc, 0xce, 0x91, 0x7,
    0x3, 0x84, 0xcc, 0x0, 0x43, 0x48, 0x67, 0xcd,
    0x0, 0x12, 0x72, 0x81, 0x0, 0x46, 0xb, 0xff,
    0xb8, 0x8, 0x2, 0x11, 0x0, 0x7f, 0xf2, 0xa7,
    0xc0, 0x3f, 0xf8, 0x8b, 0xc8, 0x60, 0x1f, 0xfc,
    0x8a, 0xf0, 0xf, 0xfe, 0x22, 0xf2, 0x0, 0x7f,
    0xf2, 0x88, 0x2, 0x30, 0x5f, 0xfd, 0xc0, 0x40,
    0x10, 0x88, 0x33, 0x0, 0x10, 0xd9, 0x9f, 0x96,
    0x0, 0x24, 0xe5, 0x87, 0x0, 0xc9, 0x99, 0xea,
    0x10, 0x70, 0x38, 0x44, 0x41, 0x9b, 0x73, 0x3f,
    0xeb, 0x9, 0x71, 0x0, 0x6a, 0x11, 0x9f, 0xfc,
    0x32, 0xa0, 0x18, 0x6f, 0x1, 0x3f, 0xc8, 0x1d,
    0xf8, 0x7, 0xcc, 0x1, 0xf1, 0x1e, 0x80, 0x31,
    0x4, 0xc, 0xd6, 0x1, 0xc0,

    /* U+E0AA "" */
    0x0, 0x84, 0x7f, 0xf8, 0x80, 0x18, 0xb3, 0xbb,
    0xff, 0x89, 0x84, 0x0, 0xe3, 0x24, 0x4f, 0xfe,
    0x11, 0x9b, 0xc0, 0x4c, 0xdb, 0x77, 0xff, 0xc2,
    0xc3, 0x21, 0x0, 0xff, 0xe6, 0x1e, 0x67, 0xff,
    0x10, 0xc0, 0x38, 0xcf, 0xff, 0x88, 0x1, 0xc7,
    0xff, 0xff, 0xc4, 0x30, 0xf, 0xfe, 0x4b, 0x80,
    0x7f, 0xf2, 0x5c, 0x3, 0xff, 0xf0, 0x26, 0x6c,
    0xbb, 0xff, 0xe1, 0x61, 0x98, 0x43, 0x88, 0xd1,
    0x3f, 0xf8, 0x46, 0x5c, 0x0, 0x2d, 0xee, 0xff,
    0xe2, 0x69, 0x0,

    /* U+E0AD "" */
    0x0, 0xff, 0x8, 0x7, 0xff, 0x0, 0x5a, 0x73,
    0xbf, 0xdd, 0xfd, 0x94, 0xc2, 0x1, 0xd3, 0xd2,
    0xc6, 0x6, 0x78, 0xd, 0x67, 0xa4, 0x2, 0xb6,
    0x18, 0xcf, 0xec, 0xcd, 0xdf, 0x8e, 0x2d, 0x60,
    0x4, 0x1e, 0x73, 0x0, 0xfc, 0x71, 0xe2, 0x80,
    0x20, 0x3a, 0xe4, 0x1, 0xf8, 0x9f, 0x4, 0x4,
    0x2, 0x28, 0xdf, 0xdc, 0xbb, 0x66, 0xfe, 0xc1,
    0x0, 0x72, 0x74, 0x20, 0x91, 0xa2, 0xc, 0x88,
    0xb3, 0xc8, 0x1, 0xc2, 0xf7, 0xdf, 0xdc, 0xde,
    0xfd, 0xa6, 0x10, 0xf, 0xf8, 0x44, 0x42, 0x1,
    0xff, 0xcd, 0x70, 0xc, 0x8e, 0x20, 0x1f, 0xe1,
    0x73, 0x0, 0xe8, 0xec, 0x96, 0x54, 0x42, 0xb4,
    0x67, 0x40, 0x7, 0x1b, 0x91, 0xb4, 0xd5, 0xda,
    0xa5, 0xcc, 0x9c, 0xc0, 0x33, 0xc6, 0xf5, 0xcb,
    0xbe, 0x9b, 0xed, 0x87, 0x0, 0xf8, 0x51, 0xa2,
    0x33, 0x20, 0x80, 0x7f, 0xf3, 0x44, 0x18, 0x40,
    0x3f, 0xf8, 0x2, 0xc0, 0x20, 0x85, 0xf0, 0x82,
    0x1, 0xe1, 0x48, 0xf2, 0x40, 0x5, 0xb0, 0xbd,
    0xf7, 0x37, 0x31, 0xbd, 0xcb, 0x71, 0x6b, 0x0,
    0xa7, 0xa5, 0x48, 0x48, 0xcc, 0x42, 0x6b, 0x3d,
    0x20, 0x1c, 0x2d, 0x5b, 0xff, 0x77, 0xfb, 0x29,
    0x84, 0x2,

    /* U+E0B1 "" */
    0x0, 0xf3, 0xd8, 0x7, 0xff, 0x3, 0x10, 0x40,
    0x3f, 0x84, 0x9c, 0x8, 0xb0, 0x6, 0x5e, 0xe6,
    0x98, 0x66, 0xed, 0x0, 0x6, 0xa1, 0x34, 0x10,
    0x45, 0x5b, 0x0, 0x10, 0x19, 0x8b, 0x50, 0xaa,
    0xc8, 0x6, 0x2a, 0x60, 0x1f, 0xe1, 0x1, 0x0,
    0xff, 0x88, 0x88, 0xc0, 0x1f, 0xf7, 0x4, 0xff,
    0x20, 0x7f, 0x5a, 0x80, 0x47, 0xac, 0x40, 0x1c,
    0x95, 0x20, 0x11, 0x4e, 0xf2, 0x7, 0xf6, 0x93,
    0x20, 0x7, 0xf8, 0xa0, 0x30, 0x3, 0xfe, 0x10,
    0xf, 0xfe, 0xc, 0x6, 0x85, 0x5d, 0xe5, 0xa,
    0xbe, 0x33, 0x29, 0x2a, 0x26, 0x10, 0x44, 0xb,
    0x60, 0x17, 0x6e, 0xe3, 0xc, 0xef, 0x90, 0x8,
    0x48, 0xb3, 0x81, 0x8, 0x7, 0xfb, 0x10, 0x40,
    0x38,

    /* U+E0B2 "" */
    0x0, 0xff, 0xe8, 0xdf, 0x0, 0x7f, 0xf1, 0x98,
    0x40, 0x3f, 0xff, 0xe0, 0x1f, 0xfc, 0x62, 0xb3,
    0x0, 0xf1, 0x61, 0x80, 0x7e, 0x14, 0xc3, 0x0,
    0xc5, 0x86, 0xc0, 0x1f, 0x8e, 0x43, 0xc, 0x0,
    0x58, 0x30, 0xa0, 0x1f, 0xcd, 0x1, 0x86, 0x18,
    0x2e, 0xe0, 0xf, 0x8, 0x6, 0x78, 0x1, 0x1,
    0x78, 0x0, 0xc2, 0x0, 0xfa, 0x0, 0xcf, 0x0,
    0x7, 0x80, 0xd, 0x3c, 0x23, 0x80, 0x39, 0xe6,
    0x20, 0x1, 0xc4, 0x1, 0xff, 0x33, 0x80, 0x7f,
    0x8, 0x7, 0xff, 0x25, 0xc0, 0x3f, 0xf8, 0x4e,
    0x1, 0x19, 0xb6, 0xef, 0xff, 0x81, 0xa6, 0x42,
    0x1c, 0x64, 0x89, 0xff, 0xc0, 0x23, 0xf0, 0x1,
    0x67, 0xfe, 0xee, 0xf7, 0xfe, 0xc2, 0x0,

    /* U+E0B4 "" */
    0x0, 0xff, 0xe5, 0xee, 0x80, 0x3f, 0xf8, 0x24,
    0x51, 0x80, 0x7f, 0xf0, 0x28, 0x1, 0x40, 0x1f,
    0xf0, 0xb8, 0x1, 0x88, 0x3, 0xfd, 0xa1, 0x10,
    0xe, 0x0, 0xfe, 0xb3, 0x33, 0xb8, 0xcd, 0x60,
    0x1f, 0x5a, 0x16, 0x80, 0x34, 0x92, 0xc0, 0x3a,
    0xd0, 0xf0, 0x40, 0x3, 0x86, 0x96, 0x1, 0x32,
    0x1e, 0x8, 0x6, 0x1c, 0x34, 0x60, 0x4, 0x7,
    0x0, 0x7e, 0xe0, 0xb0, 0x21, 0x42, 0x0, 0xfc,
    0x48, 0x44, 0x60, 0x30, 0xf, 0xf1, 0x83, 0x0,
    0x4, 0x3, 0xfc, 0x20, 0x5, 0x4, 0x0, 0xff,
    0x20, 0x28, 0x99, 0x20, 0x7, 0xe4, 0x23, 0x10,
    0x80, 0xa2, 0x0, 0xf1, 0x50, 0x40, 0x1, 0x1c,
    0x71, 0x80, 0x33, 0x60, 0xba, 0x0, 0x50, 0xe3,
    0x3f, 0x98, 0xf9, 0x18, 0x80, 0x7, 0x46, 0xb0,
    0x99, 0x85, 0xb5, 0xc0, 0x3e, 0x29, 0xef, 0xf7,
    0x49, 0x0, 0x60,

    /* U+E0B5 "" */
    0x0, 0xff, 0xe9, 0xfd, 0x0, 0x7f, 0xf1, 0x54,
    0x14, 0x3, 0xfe, 0x5f, 0x30, 0xb, 0x80, 0xc,
    0x1, 0xfe, 0x90, 0xa0, 0x1, 0xa0, 0x84, 0x0,
    0x7f, 0x21, 0x83, 0x10, 0x0, 0xa9, 0x46, 0x40,
    0x3e, 0x3a, 0x5, 0xf, 0x23, 0xd4, 0xb1, 0x68,
    0x0, 0xe2, 0xd1, 0x9a, 0x72, 0xf1, 0x0, 0xe,
    0xb, 0xc8, 0x6, 0x91, 0x96, 0x8, 0x62, 0x90,
    0x8, 0xb0, 0x9a, 0x0, 0x2, 0x84, 0xc0, 0x14,
    0x83, 0x0, 0x62, 0xc1, 0x73, 0x0, 0x98, 0x3,
    0x84, 0x40, 0x1c, 0x36, 0x10, 0x2, 0x8, 0x20,
    0x11, 0x89, 0x80, 0x79, 0x45, 0x0, 0xe, 0x1a,
    0x40, 0x9a, 0x12, 0x1, 0xf2, 0x80, 0x84, 0x21,
    0xef, 0xd8, 0xb2, 0x80, 0x7f, 0xf0, 0x2e, 0x50,
    0x96, 0xe4, 0x3, 0xf2, 0x8, 0x80, 0x26, 0xbd,
    0xa4, 0x0, 0xfc, 0xe0, 0xe0, 0x1f, 0x13, 0x80,
    0x7c, 0x70, 0x16, 0x1, 0xf2, 0xc6, 0xa0, 0x6,
    0x6c, 0x9, 0x20, 0xf, 0x9d, 0x8a, 0xfb, 0x31,
    0xf2, 0x12, 0xc0, 0x1f, 0xd3, 0x8a, 0x26, 0x61,
    0x7e, 0x60, 0xf, 0xf8, 0xeb, 0xfb, 0xfa, 0x4,
    0x3, 0x0,

    /* U+E0B9 "" */
    0x0, 0xff, 0xe9, 0x8f, 0x7f, 0xf9, 0x0, 0x3f,
    0xe1, 0x43, 0x38, 0x2, 0x20, 0x8, 0x8b, 0xc2,
    0x0, 0xac, 0xc5, 0x0, 0x71, 0xf6, 0xef, 0xbc,
    0x3, 0x34, 0x82, 0x0, 0x5c, 0x28, 0xab, 0xd2,
    0x1, 0x2c, 0x85, 0x68, 0x0, 0x49, 0x2e, 0xab,
    0x9c, 0x0, 0xb4, 0x16, 0xa0, 0x1f, 0xfc, 0x25,
    0xa0, 0xb4, 0x3, 0x0, 0xff, 0xe0, 0x2d, 0x5,
    0xa0, 0x1, 0x71, 0x80, 0x3f, 0x96, 0x82, 0xd0,
    0x3, 0x18, 0x7, 0xf2, 0xd0, 0x5a, 0x0, 0x35,
    0x80, 0x3f, 0xc7, 0x41, 0x68, 0x0, 0x22, 0x60,
    0x7, 0xf9, 0xc6, 0xd0, 0x3, 0xff, 0x88, 0x9c,
    0x80, 0x1f, 0xfe, 0x87, 0x0, 0xff, 0x84, 0x3,
    0x84, 0x8f, 0x6e, 0xff, 0xb3, 0x43, 0x0, 0x37,
    0x99, 0x22, 0x7f, 0x18, 0xbb, 0x0, 0x62, 0xcf,
    0xfb, 0xbb, 0xbf, 0xf4, 0x0, 0x60,

    /* U+E0BA "" */
    0x0, 0xff, 0x11, 0x0, 0x3f, 0xf8, 0x87, 0x3b,
    0xfb, 0xaf, 0xd9, 0x30, 0xf, 0xf0, 0xd6, 0x31,
    0x1a, 0xa8, 0xc9, 0xb2, 0x84, 0x3, 0xe3, 0xf5,
    0x2a, 0xfc, 0xaa, 0x67, 0xd1, 0x2f, 0x98, 0x7,
    0x16, 0xb, 0xea, 0x81, 0xc4, 0xa0, 0x2e, 0xb0,
    0xe1, 0x80, 0x6c, 0x8, 0x80, 0x2, 0x71, 0xda,
    0xe4, 0x1, 0x30, 0x1c, 0x1, 0x40, 0xab, 0x80,
    0x11, 0x8a, 0xec, 0x4c, 0x80, 0x7, 0x52, 0x80,
    0x3, 0x85, 0x80, 0x5a, 0x12, 0x88, 0x90, 0xd0,
    0xa, 0xc1, 0xc0, 0x21, 0x0, 0xff, 0xe2, 0x8,
    0x4, 0xe3, 0x0, 0x16, 0x4, 0xa2, 0x24, 0x30,
    0x2, 0xb1, 0x70, 0x4, 0x13, 0x30, 0x0, 0xaa,
    0x2b, 0xb1, 0x2a, 0x80, 0xe, 0xa5, 0x0, 0x17,
    0x8c, 0xc0, 0x2, 0xa8, 0xaa, 0xaa, 0x0, 0x22,
    0x3, 0xe0, 0x18, 0xb4, 0x5f, 0x58, 0x16, 0xa8,
    0xa2, 0xda, 0xe3, 0xa4, 0x1, 0xc7, 0xea, 0x53,
    0xfb, 0x76, 0xde, 0x92, 0x5f, 0x30, 0xf, 0x86,
    0xb5, 0xc8, 0x88, 0x82, 0x23, 0xed, 0x8, 0x7,
    0xf8, 0xa3, 0x7f, 0x7b, 0xf6, 0x8, 0x3, 0xc0,

    /* U+E0C0 "" */
    0x0, 0xff, 0xe3, 0x8d, 0xff, 0xff, 0x50, 0x80,
    0x75, 0x21, 0x19, 0xf8, 0x0, 0xb8, 0x40, 0x19,
    0xb, 0x73, 0x3c, 0x22, 0x82, 0xc2, 0x0, 0x8,
    0x8, 0x7, 0xf3, 0xc8, 0xe1, 0x0, 0x7f, 0xf0,
    0x9a, 0x87, 0x4, 0x3, 0xfc, 0x63, 0x98, 0x90,
    0x16, 0x0, 0xff, 0x48, 0x99, 0xc0, 0xe, 0x0,
    0xff, 0x27, 0x7f, 0xd8, 0x6, 0x1, 0xff, 0xff,
    0x0, 0xff, 0xff, 0x80, 0x7f, 0xc6, 0x20, 0x20,
    0x1f, 0xfc, 0x7, 0x0, 0x90, 0xb7, 0x33, 0xfe,
    0xb0, 0xd0, 0xa4, 0x23, 0x3f, 0xf8, 0x61, 0x0,
    0x6f, 0xff, 0xff, 0x81, 0xce, 0x0,

    /* U+E0CC "" */
    0x0, 0xff, 0xe3, 0x8d, 0xff, 0xff, 0x50, 0x80,
    0x75, 0x21, 0x19, 0xf8, 0x0, 0xb8, 0x40, 0x19,
    0xb, 0x73, 0x3c, 0x22, 0x62, 0xc2, 0x0, 0x8,
    0x8, 0x7, 0xf4, 0xb8, 0xe1, 0x0, 0x7f, 0xf0,
    0xa2, 0x3, 0x82, 0x1, 0xff, 0xd, 0x53, 0x44,
    0x4c, 0x1, 0x8a, 0xf2, 0xc0, 0x10, 0xa, 0xb0,
    0x87, 0x0, 0x66, 0x43, 0x41, 0x6, 0xfd, 0xda,
    0x80, 0xc0, 0x32, 0x7f, 0xc2, 0x1, 0x11, 0x4c,
    0x1, 0xff, 0xcc, 0x3f, 0xff, 0xd4, 0x1, 0xf8,
    0x4c, 0x8b, 0xed, 0x0, 0xfc, 0x59, 0xbb, 0xf3,
    0x80, 0x7f, 0x8, 0xfe, 0x0, 0xfe, 0x4e, 0xef,
    0xd4, 0x1, 0xf9, 0x95, 0x13, 0xec, 0x0, 0xfc,
    0x55, 0x77, 0xf3, 0x0, 0x46, 0x20, 0x20, 0x1f,
    0xfc, 0x7, 0x0, 0x90, 0xb7, 0x33, 0xfe, 0xb0,
    0xd0, 0xa4, 0x23, 0x3f, 0xf8, 0x61, 0x0, 0x6f,
    0xff, 0xff, 0x81, 0xce, 0x0,

    /* U+E0D0 "" */
    0x0, 0xff, 0xe4, 0x96, 0x7f, 0xff, 0xf0, 0xb0,
    0x80, 0x1c, 0x64, 0x20, 0x67, 0xf8, 0x0, 0x66,
    0xf0, 0x13, 0x36, 0xa0, 0x76, 0x67, 0xb4, 0xf,
    0xc, 0x84, 0x0, 0xe0, 0x1f, 0xfc, 0x27, 0x0,
    0xc9, 0xea, 0x1, 0xfe, 0x3f, 0x40, 0xc, 0x26,
    0x20, 0x1f, 0xf1, 0x88, 0x6, 0x5c, 0x40, 0xf,
    0xf1, 0xe2, 0x0, 0x7f, 0xf3, 0x13, 0x54, 0x33,
    0x77, 0xd8, 0x7, 0xaa, 0x1, 0xc4, 0x0, 0x12,
    0x2f, 0x80, 0x4, 0x1, 0xc9, 0xea, 0x1b, 0xff,
    0xee, 0x3, 0xf5, 0x0, 0xff, 0xe6, 0x2e, 0x20,
    0x7, 0xf8, 0xf1, 0x0, 0x30, 0x98, 0x80, 0x7f,
    0xc6, 0x20, 0x19, 0x3d, 0x40, 0x3f, 0xc7, 0xe8,
    0x1, 0x9c, 0x3, 0xff, 0x84, 0xe0, 0x1, 0x23,
    0xc4, 0xe, 0xbb, 0xf6, 0x81, 0xe1, 0x90, 0x87,
    0x99, 0x84, 0xd, 0x13, 0xc6, 0x0, 0x33, 0x78,
    0x0, 0xb3, 0xff, 0x77, 0x7b, 0xff, 0x61, 0x0,

    /* U+E0D1 "" */
    0x0, 0x14, 0xef, 0x6d, 0x20, 0x7, 0xf9, 0xf5,
    0x88, 0x9, 0x6f, 0x5c, 0xc9, 0x73, 0xe0, 0x1,
    0x3, 0x5f, 0xdf, 0x6a, 0x51, 0x9b, 0x46, 0xe,
    0x22, 0x5, 0x50, 0x4, 0x95, 0xd0, 0xca, 0xf8,
    0xa0, 0x60, 0x1f, 0xc2, 0xf3, 0x50, 0x60, 0x1f,
    0xff, 0xf0, 0xf, 0xfe, 0xd3, 0x4e, 0xfe, 0xd2,
    0x80, 0x7f, 0xc4, 0xc4, 0x24, 0xb5, 0xd0, 0x84,
    0x70, 0xa0, 0x60, 0x1, 0x9f, 0xef, 0xb5, 0x17,
    0xbd, 0xc7, 0x1a, 0x10, 0x2, 0xb0, 0x4, 0x95,
    0xf4, 0xca, 0xa9, 0xe5, 0x0, 0xff, 0x96, 0x6a,
    0x8c, 0x1, 0xff, 0xed, 0x10, 0x20, 0xf, 0xfe,
    0x27, 0x48, 0x7, 0xff, 0xc,

    /* U+E0D2 "" */
    0x0, 0xff, 0xe5, 0x17, 0x68, 0x7, 0xff, 0x0,
    0x70, 0x48, 0xc0, 0x3f, 0xeb, 0x13, 0xa, 0x0,
    0xff, 0xa, 0x96, 0xb, 0x18, 0x7, 0xf1, 0x3,
    0x84, 0x7, 0x80, 0x7f, 0x10, 0x38, 0x32, 0x1d,
    0x80, 0x7e, 0x14, 0x25, 0xa, 0x24, 0xb0, 0xf,
    0xde, 0x1c, 0x3, 0x86, 0x96, 0x1, 0x1e, 0x90,
    0x20, 0xa0, 0x0, 0x70, 0x91, 0x80, 0x1c, 0x54,
    0x1, 0x8, 0x6, 0xf0, 0xb0, 0x22, 0x3, 0xde,
    0x8b, 0x80, 0x62, 0x42, 0x36, 0x4, 0x14, 0x25,
    0x90, 0xe, 0x30, 0x60, 0x1, 0x76, 0xf5, 0x0,
    0x78, 0x40, 0x54, 0x10, 0x8, 0x40, 0x3e, 0x40,
    0x51, 0x32, 0x40, 0xf, 0xc8, 0x46, 0x21, 0x1,
    0x44, 0x1, 0xe2, 0xa0, 0x80, 0x2, 0x38, 0xe3,
    0x0, 0x66, 0xc1, 0x74, 0x0, 0xa1, 0xc6, 0x7f,
    0x37, 0xe4, 0x5e, 0x0, 0x3a, 0x35, 0x84, 0xc8,
    0x5b, 0x60, 0x3, 0xe2, 0x9e, 0xff, 0x74, 0x90,
    0x6,

    /* U+E0D7 "" */
    0x0, 0xc2, 0x30, 0x7, 0xff, 0x10, 0xb3, 0xfb,
    0xaf, 0xb1, 0x0, 0xff, 0xe0, 0xf1, 0x91, 0x99,
    0x9, 0x28, 0x3, 0xff, 0x82, 0x65, 0xb9, 0x8b,
    0xd3, 0x47, 0x33, 0xf1, 0x10, 0x2, 0x10, 0x10,
    0xe, 0xe1, 0x8c, 0xcf, 0x6e, 0xb8, 0xc0, 0x3f,
    0x8b, 0x1d, 0x9a, 0x55, 0xc8, 0x3c, 0x1, 0xfe,
    0x28, 0x99, 0xaa, 0xb5, 0x99, 0x8, 0x7, 0xff,
    0xfc, 0x3, 0xff, 0xfe, 0x1, 0xff, 0xce, 0x10,
    0x10, 0xf, 0xfe, 0x20, 0x80, 0x81, 0x96, 0xe6,
    0x7f, 0xf0, 0xb4, 0x8c, 0x1, 0xa8, 0x46, 0x7f,
    0xfc, 0x22, 0x4d, 0x0, 0xd, 0xff, 0xff, 0xf1,
    0x2c, 0x40,

    /* U+E0DC "" */
    0x0, 0x84, 0x7f, 0xf8, 0x80, 0x1a, 0x3f, 0xbb,
    0xff, 0x89, 0xf0, 0x0, 0x70, 0x44, 0xff, 0xe2,
    0x3, 0x80, 0x4, 0x36, 0xef, 0xff, 0x85, 0xa0,
    0x40, 0xd, 0x9, 0x50, 0xf, 0xfe, 0x2, 0xc8,
    0x70, 0x0, 0xec, 0x29, 0x0, 0x3f, 0xc7, 0x41,
    0x66, 0x1, 0x25, 0x5, 0x98, 0x7, 0xe2, 0xc0,
    0xa4, 0x0, 0xe5, 0x90, 0xd2, 0x0, 0xf0, 0xe0,
    0x4a, 0x80, 0x7c, 0xce, 0x3e, 0x20, 0x18, 0x70,
    0x5d, 0x80, 0x3f, 0xa1, 0x4b, 0x40, 0x36, 0x92,
    0xc0, 0x7, 0xfd, 0x48, 0x74, 0x0, 0x93, 0x4a,
    0x0, 0xff, 0xe0, 0xd8, 0xa8, 0x1, 0x86, 0xc0,
    0x3f, 0xf8, 0x64, 0x2, 0x20, 0x20, 0xf, 0xff,
    0xf8, 0x7, 0xff, 0x45, 0xc1, 0xc0, 0x3f, 0xf8,
    0xfc, 0x13, 0xe0, 0xe0, 0x1f, 0xfc, 0x45, 0xd5,
    0x10, 0xf0, 0xf, 0xfe, 0x29, 0x57, 0x7a, 0x0,
    0x7e,

    /* U+E0DF "" */
    0x0, 0xf0, 0x8f, 0xf8, 0x3, 0xf9, 0x33, 0xfb,
    0xbf, 0xdf, 0x88, 0x1, 0xcb, 0x66, 0x64, 0x4f,
    0xf1, 0x1d, 0xa8, 0x6, 0xb0, 0xbc, 0xbb, 0xff,
    0x6d, 0x5, 0x80, 0x4a, 0x2c, 0x80, 0x2e, 0x1,
    0xfc, 0xac, 0x2a, 0x0, 0x20, 0xc0, 0x4, 0x40,
    0xc0, 0x3c, 0x54, 0x58, 0x4, 0x0, 0xe0, 0x62,
    0xc7, 0xe, 0xa0, 0xe, 0x65, 0x66, 0x7, 0x0,
    0x8, 0x9, 0x8c, 0x40, 0x9c, 0x2, 0xc6, 0x4f,
    0x41, 0x2, 0x0, 0x30, 0xa, 0x7b, 0x6, 0x68,
    0x7, 0xe2, 0x6, 0x0, 0x18, 0x80, 0x5a, 0x84,
    0x1, 0xb1, 0x80, 0x30, 0x98, 0x0, 0x4c, 0x2,
    0x4b, 0x10, 0xf, 0xf1, 0x88, 0x8, 0x8, 0x6,
    0x9f, 0xff, 0x40, 0x6, 0x10, 0x0, 0x81, 0x0,
    0x54, 0xc2, 0x67, 0x85, 0xe8, 0x2, 0x20, 0x9,
    0x46, 0xd6, 0xd4, 0xbf, 0x33, 0x79, 0x2d, 0xad,
    0x8a, 0x80, 0x2c, 0xd2, 0x90, 0xf0, 0x40, 0x30,
    0xe1, 0xa5, 0x21, 0xd8, 0x0, 0x72, 0xa2, 0xb0,
    0x40, 0x3c, 0x39, 0x51, 0x58, 0x20,

    /* U+E0E1 "" */
    0x0, 0xff, 0xe5, 0x8d, 0xff, 0xa8, 0x40, 0x5,
    0x7f, 0xea, 0x10, 0xf, 0x62, 0x9, 0x2f, 0x89,
    0x62, 0x21, 0x55, 0xa0, 0x1c, 0x44, 0x3e, 0xd9,
    0x1d, 0xf1, 0x9b, 0xa6, 0x31, 0x0, 0xfe, 0x66,
    0x19, 0x23, 0x0, 0xc, 0x3, 0x8e, 0x0, 0xf6,
    0xec, 0xa0, 0x6, 0xbb, 0x62, 0x85, 0x90, 0x3,
    0x54, 0x0, 0x48, 0x83, 0x0, 0x12, 0x20, 0xc0,
    0xb, 0xe0, 0x22, 0x3e, 0xef, 0x10, 0x77, 0x78,
    0x88, 0x1, 0x38, 0x8f, 0x80, 0x2, 0x3f, 0x0,
    0x4, 0x13, 0x77, 0xc4, 0x1b, 0xbe, 0x30, 0xa,
    0x0, 0x8b, 0xc0, 0x2, 0x2f, 0x4, 0x80, 0x14,
    0x17, 0xff, 0x88, 0x3f, 0xf9, 0x1, 0xc0, 0x3f,
    0xff, 0xe0, 0x1f, 0xfd, 0x11, 0x0, 0xff, 0xe0,
    0x38, 0x6, 0x22, 0x26, 0x5d, 0xe2, 0xb, 0xbd,
    0x86, 0x61, 0x0, 0xb8, 0x8d, 0x13, 0x0, 0x11,
    0x31, 0x9b, 0x80, 0x31, 0xef, 0xf7, 0x7f, 0xbf,
    0x8, 0x0,

    /* U+E0E8 "" */
    0x0, 0xff, 0xe8, 0xb5, 0xff, 0xdd, 0x6c, 0x1,
    0xff, 0xc0, 0x6e, 0x94, 0x0, 0x85, 0x27, 0x98,
    0x3, 0xfa, 0xa4, 0x5d, 0xc0, 0x66, 0x6, 0x60,
    0xcd, 0x0, 0x7d, 0x4a, 0x5b, 0xc, 0x1d, 0xc0,
    0x68, 0xd2, 0x59, 0x0, 0xe6, 0x52, 0xd2, 0x71,
    0x72, 0x23, 0x3, 0x16, 0x93, 0x30, 0x2, 0x18,
    0xf, 0x0, 0x50, 0x48, 0x2, 0xc2, 0x80, 0x1e,
    0x10, 0x1, 0x38, 0xb1, 0x1, 0x10, 0xc4, 0x0,
    0x46, 0x44, 0x2, 0x61, 0x60, 0x5, 0x5, 0x80,
    0x1c, 0x10, 0x3, 0x20, 0x38, 0x2, 0xc3, 0x40,
    0x6, 0x24, 0x0, 0x20, 0xd0, 0xd, 0xa0, 0x40,
    0x2, 0x15, 0x0, 0x87, 0xba, 0x80, 0xbe, 0xed,
    0x61, 0x1d, 0xd0, 0x88, 0x3, 0xff, 0x9a, 0x3d,
    0xd4, 0x5, 0xf7, 0x6b, 0x8, 0xee, 0x84, 0x40,
    0x4, 0x12, 0x0, 0x10, 0x68, 0x6, 0xd0, 0x20,
    0x1, 0xa, 0x80, 0x34, 0x2c, 0x0, 0xe0, 0x80,
    0x19, 0x1, 0x0, 0x14, 0x1a, 0x0, 0x61, 0x62,
    0x2, 0x21, 0x90, 0x0, 0x8c, 0x84, 0x9, 0xc1,
    0x80, 0x28, 0xf, 0x0, 0x50, 0x58, 0x2, 0xc2,
    0xc0, 0x7c, 0x24, 0x3, 0x32, 0x96, 0x93, 0x3,
    0x11, 0x18, 0x58, 0xb0, 0x95, 0x80, 0x3a, 0x94,
    0xb6, 0x58, 0x3b, 0x80, 0xf3, 0xa4, 0xb4, 0x1,
    0xf5, 0x48, 0xbb, 0x1, 0x98, 0x19, 0x83, 0x34,
    0x1, 0xfc, 0xdd, 0x28, 0x1, 0xa, 0x4f, 0xb0,
    0x7, 0xff, 0x1, 0xaf, 0xfe, 0xeb, 0x61, 0x0,
    0xf0,

    /* U+E0EC "" */
    0x0, 0xfc, 0x45, 0x8, 0x7, 0xff, 0x16, 0x37,
    0x6e, 0xfc, 0x50, 0xf, 0xfe, 0x16, 0x0, 0x9,
    0x8, 0xea, 0x80, 0x1f, 0xfc, 0x14, 0xa0, 0x3a,
    0xdc, 0x25, 0xa0, 0xf, 0xfe, 0xa, 0xb0, 0xb0,
    0x1e, 0x12, 0xc8, 0x7, 0xff, 0x6, 0xc2, 0xc0,
    0x3, 0x84, 0xc2, 0x1, 0xff, 0xc0, 0x20, 0x20,
    0x8, 0x50, 0x14, 0x3, 0xff, 0x81, 0x0, 0x1e,
    0xf0, 0x81, 0x0, 0xff, 0x43, 0x80, 0xc8, 0x4,
    0xc8, 0x7f, 0x20, 0x1f, 0xa1, 0xc6, 0xc9, 0xbb,
    0x10, 0x2c, 0x44, 0xa0, 0x1f, 0x43, 0x8e, 0x24,
    0x80, 0x9d, 0xac, 0x89, 0x68, 0x7, 0xa1, 0xc7,
    0x8, 0x94, 0xf, 0x61, 0x4c, 0x58, 0x20, 0x1d,
    0xe, 0x38, 0x44, 0xc1, 0x78, 0x48, 0x2, 0xc1,
    0x0, 0xe8, 0x71, 0xc2, 0x26, 0xb, 0xc0, 0x1,
    0x5b, 0x4, 0x3, 0xa1, 0xc7, 0x8, 0x98, 0x2f,
    0x0, 0x11, 0x48, 0x80, 0x73, 0xb8, 0x70, 0x89,
    0x82, 0xf0, 0x1, 0xff, 0xc0, 0x80, 0xc2, 0x26,
    0xb, 0xc0, 0x7, 0xff, 0x8, 0x8a, 0xc1, 0x78,
    0x0, 0xff, 0xe1, 0x19, 0x6e, 0x85, 0xe0, 0x3,
    0xff, 0x87, 0xa8, 0x41, 0x10, 0x0, 0xff, 0xe2,
    0xd, 0xff, 0x9c, 0x3, 0xff, 0x88,

    /* U+E0ED "" */
    0x0, 0xff, 0xe7, 0xd, 0xff, 0xff, 0xac, 0x40,
    0x3f, 0x62, 0x11, 0x9f, 0xe2, 0x4c, 0x0, 0xf9,
    0x89, 0x37, 0x33, 0xf6, 0xa1, 0x28, 0x7, 0xac,
    0x20, 0x3, 0xfd, 0x1, 0x0, 0x1c, 0xc4, 0xa6,
    0x1, 0xfe, 0x35, 0x26, 0x0, 0xd0, 0x10, 0x1,
    0xff, 0xc0, 0x80, 0x80, 0x9, 0x85, 0x48, 0x3,
    0xff, 0x80, 0x4a, 0x2c, 0x0, 0x80, 0x4e, 0xe6,
    0xef, 0xfb, 0xb8, 0x81, 0x0, 0x22, 0x1, 0x18,
    0x8b, 0xfc, 0x23, 0x0, 0x88, 0x0, 0x9f, 0xff,
    0xfc, 0x44, 0x0, 0xce, 0x0, 0x50, 0x8, 0x80,
    0x3f, 0xf8, 0x8b, 0x4a, 0x15, 0xa0, 0x1f, 0xce,
    0x1, 0xe5, 0xb5, 0x9, 0x90, 0x7, 0xff, 0x0,
    0x40, 0x40, 0x8, 0x0, 0x36, 0x0, 0xfe, 0x10,
    0x10, 0x32, 0xdc, 0xcf, 0xfe, 0x16, 0x91, 0x80,
    0x35, 0x8, 0xcf, 0xff, 0x84, 0x49, 0xa0, 0x1,
    0xbf, 0xff, 0xfe, 0x25, 0x88, 0x0,

    /* U+E0EF "" */
    0x0, 0xff, 0xe0, 0x10, 0x7, 0xfd, 0x3c, 0x1,
    0x1e, 0xc0, 0x7, 0xf9, 0x4, 0x2, 0x60, 0xf0,
    0xf, 0xf1, 0x8, 0x4, 0x40, 0x20, 0x1f, 0xf1,
    0x0, 0x5c, 0x4, 0x1, 0xfc, 0x60, 0xc0, 0x11,
    0x3, 0x0, 0x61, 0xbc, 0xcb, 0x81, 0x33, 0x24,
    0xe, 0xcc, 0x58, 0x82, 0x19, 0xc4, 0x2, 0x67,
    0x0, 0xc, 0xe4, 0x1, 0xff, 0xce, 0x15, 0xfe,
    0xe0, 0x2f, 0xfc, 0x20, 0x1c, 0x20, 0xc0, 0x19,
    0x80, 0x3f, 0xc4, 0x4, 0x0, 0x20, 0x20, 0xf,
    0xf3, 0x0, 0x80, 0x18, 0x4, 0x3, 0x8b, 0xff,
    0x10, 0x7f, 0xd4, 0xf, 0xff, 0x88, 0x88, 0x67,
    0x0, 0xc, 0xe1, 0x2, 0x33, 0x94, 0x82, 0xf3,
    0x1c, 0xb, 0x99, 0x20, 0x7e, 0x65, 0x40, 0x1c,
    0xc0, 0x40, 0x13, 0x1, 0x0, 0x7f, 0x10, 0x78,
    0x4, 0x40, 0x1f, 0xf7, 0x1, 0x0, 0x42, 0x40,
    0x1f, 0xee, 0x7, 0x0, 0x85, 0x0, 0x3f, 0xcd,
    0xe4, 0x1, 0x74, 0x80, 0x78,

    /* U+E0F0 "" */
    0x0, 0xff, 0x32, 0x80, 0x7f, 0xf2, 0x22, 0xc0,
    0x3f, 0xfb, 0x4, 0x1, 0xff, 0xc0, 0x20, 0xf,
    0xdb, 0xa1, 0x0, 0xb7, 0x40, 0x10, 0xe6, 0x88,
    0x7, 0xca, 0x5a, 0x1, 0x19, 0x80, 0x2d, 0x35,
    0x10, 0xf, 0xa9, 0x94, 0x0, 0xd5, 0x46, 0x0,
    0x2b, 0x50, 0x7, 0xf4, 0xc8, 0xb6, 0x55, 0x53,
    0xa5, 0x32, 0x0, 0xff, 0xe0, 0x79, 0x2e, 0x61,
    0x4b, 0xc0, 0x3f, 0xf8, 0x2a, 0x4b, 0x46, 0x6a,
    0x52, 0x50, 0xf, 0xb7, 0xfc, 0xc1, 0xa1, 0xc0,
    0x1b, 0x83, 0x41, 0x7f, 0xda, 0x0, 0x72, 0x28,
    0x31, 0x14, 0x3, 0x2a, 0x60, 0x9, 0x11, 0xc0,
    0x15, 0xba, 0x40, 0x4b, 0x10, 0xc, 0x36, 0x80,
    0x9b, 0xaa, 0x0, 0x84, 0x7f, 0xf8, 0xc0, 0x17,
    0x77, 0xff, 0x20, 0x0, 0xe8, 0x9f, 0xfc, 0x67,
    0x0, 0x4d, 0xdf, 0xff, 0x1a, 0x40, 0x13, 0x79,
    0x9f, 0xfc, 0x5a, 0x0, 0x3a, 0x19, 0xff, 0xf1,
    0x50, 0x1, 0xdf, 0xff, 0xfc, 0x6e, 0x0,

    /* U+E0F1 "" */
    0x0, 0xfe, 0x22, 0x0, 0x7f, 0xf0, 0xdb, 0x3f,
    0x75, 0xf8, 0xc0, 0x1f, 0xe4, 0xe9, 0x32, 0x44,
    0x11, 0xce, 0x98, 0x7, 0xcb, 0x62, 0xbb, 0xab,
    0xb6, 0xe9, 0x8b, 0x14, 0x3, 0x8e, 0x82, 0xe8,
    0x80, 0x31, 0x4d, 0x85, 0x20, 0x6, 0xe0, 0xa4,
    0x0, 0xfc, 0x96, 0x14, 0x1, 0x29, 0x22, 0x80,
    0x7f, 0x91, 0x45, 0x80, 0x1c, 0x10, 0x1, 0xff,
    0xc0, 0x80, 0xa0, 0x2, 0x89, 0x80, 0x7f, 0xf0,
    0x8, 0x4c, 0x0, 0x24, 0x1, 0xff, 0xc2, 0x50,
    0x11, 0x0, 0x4, 0x3, 0xff, 0x80, 0x20, 0x1c,
    0x7d, 0xfa, 0x40, 0x1e, 0x2d, 0xfe, 0x40, 0xc,
    0x26, 0x62, 0xe0, 0xf, 0x79, 0x10, 0xc4, 0x3,
    0x2e, 0x60, 0xcc, 0x20, 0x1c, 0x47, 0xb8, 0xa0,
    0x1f, 0x38, 0x7, 0x84, 0x1c, 0x3, 0xff, 0x9e,
    0xe0, 0x7, 0x0, 0xfc, 0xe0, 0x7, 0x0, 0x9,
    0x1d, 0xd8, 0xc8, 0x40, 0x30, 0x91, 0xdd, 0x8c,
    0xc2, 0x1e, 0x48, 0x82, 0xe0, 0xf, 0x71, 0x22,
    0x7, 0xc0, 0x5, 0xba, 0xed, 0x30, 0xf, 0x1e,
    0xf6, 0xf1, 0x80,

    /* U+E0F2 "" */
    0x0, 0xf1, 0x10, 0x3, 0xc4, 0x40, 0xf, 0xe2,
    0xaf, 0xdd, 0x74, 0x0, 0x23, 0xb7, 0x5f, 0x44,
    0x1, 0xc9, 0xaa, 0x28, 0x81, 0x7d, 0xd3, 0x8a,
    0x28, 0xae, 0xa0, 0x4, 0x56, 0x11, 0xd7, 0x6e,
    0x52, 0x23, 0x7d, 0xd7, 0x48, 0x59, 0x0, 0x2c,
    0x21, 0xc0, 0x21, 0xab, 0xb4, 0x80, 0x66, 0x80,
    0xb0, 0x3, 0x83, 0x80, 0x79, 0x10, 0x1, 0xe7,
    0x17, 0x0, 0x9, 0x80, 0x7f, 0xf1, 0x8, 0x40,
    0x22, 0x0, 0xff, 0xe2, 0x8, 0x4, 0x82, 0x60,
    0x1f, 0xfc, 0x23, 0x23, 0x0, 0x70, 0x78, 0x7,
    0xff, 0xb, 0xc2, 0x40, 0xa, 0x87, 0x40, 0x1f,
    0xfc, 0xa, 0x34, 0x50, 0xa, 0x89, 0x68, 0x3,
    0xfd, 0x2a, 0x54, 0x1, 0x87, 0x9, 0x68, 0x3,
    0xf5, 0x31, 0x60, 0x80, 0x70, 0xe1, 0x2d, 0x80,
    0x7a, 0x94, 0xb0, 0x40, 0x3e, 0x1c, 0x24, 0xb0,
    0xd, 0x6a, 0x78, 0x20, 0x1f, 0xc3, 0x86, 0x98,
    0x0, 0xb4, 0x3c, 0x10, 0xf, 0xf8, 0x70, 0xcd,
    0xba, 0x44, 0x60, 0x7, 0xff, 0xf, 0x14, 0x88,
    0xb6, 0x1, 0xff, 0xc5, 0xae, 0xe5, 0x0, 0x7f,
    0x0,

    /* U+E0F5 "" */
    0x0, 0xff, 0xe8, 0x47, 0xf4, 0x0, 0x7f, 0xf0,
    0xed, 0xc0, 0x5e, 0xc0, 0x3f, 0xf8, 0x3, 0xa8,
    0x7d, 0xc3, 0x4d, 0x10, 0xf, 0xe3, 0xf2, 0x5c,
    0x11, 0x62, 0x97, 0x98, 0x7, 0xcb, 0x82, 0xf4,
    0x1, 0xaa, 0x7, 0x14, 0x3, 0x9a, 0x82, 0x60,
    0x3, 0xcf, 0x41, 0x4e, 0x1, 0x3c, 0x8d, 0xb0,
    0x7, 0xe5, 0xc1, 0x87, 0x0, 0x40, 0x62, 0x0,
    0x7f, 0x8f, 0x6, 0x0, 0x40, 0xc8, 0x3, 0xff,
    0x80, 0x4a, 0x2, 0x0, 0x70, 0x8, 0x6f, 0x77,
    0x58, 0x80, 0x7f, 0xf0, 0x2d, 0x8, 0xb2, 0x58,
    0x7, 0xff, 0x0, 0x43, 0xbf, 0xdc, 0x2, 0x1,
    0xe1, 0x0, 0xff, 0xff, 0x80, 0x79, 0xc0, 0x3f,
    0xf8, 0x4e, 0x1, 0x19, 0xb6, 0xec, 0xa1, 0xb7,
    0x6d, 0x5, 0xbb, 0x61, 0x90, 0x87, 0x19, 0x22,
    0x4, 0xd, 0x10, 0x60, 0x28, 0x83, 0x37, 0x80,
    0xb, 0x3f, 0xf7, 0x77, 0xbf, 0xf6, 0x10, 0x0,

    /* U+E0F6 "" */
    0x0, 0xff, 0xe4, 0x96, 0x7f, 0xff, 0xf0, 0xb0,
    0x80, 0x1c, 0x64, 0x67, 0xff, 0xc0, 0x23, 0xf0,
    0x13, 0x36, 0xe6, 0x7f, 0xf0, 0x34, 0xc8, 0x40,
    0xe, 0x1, 0x2b, 0x10, 0x7, 0xe7, 0x0, 0xf0,
    0xe5, 0x4e, 0xa8, 0x7, 0xff, 0x9, 0x8c, 0xcc,
    0x16, 0x1, 0xff, 0xc2, 0xf0, 0x99, 0x8, 0x80,
    0x3f, 0xf8, 0x58, 0x15, 0xe2, 0x80, 0x3, 0x9a,
    0x40, 0xf, 0xc9, 0x24, 0xb, 0x40, 0x98, 0xcb,
    0x6e, 0x1, 0xf9, 0xb7, 0xe8, 0x52, 0xc2, 0x6c,
    0x21, 0x0, 0x3f, 0xe4, 0xb0, 0xa6, 0x4c, 0x0,
    0xff, 0xe0, 0x25, 0x85, 0x28, 0x0, 0xf0, 0x3,
    0xfc, 0x96, 0x14, 0xa0, 0x18, 0xd0, 0x3, 0xf2,
    0x58, 0x4a, 0x80, 0x7f, 0xf0, 0x92, 0xc2, 0x58,
    0x3, 0xff, 0x80, 0xe0, 0x76, 0x12, 0xc0, 0x1f,
    0x9c, 0x0, 0x24, 0x79, 0x80, 0x6, 0xdd, 0xfe,
    0xd3, 0x21, 0xf, 0x33, 0x0, 0x48, 0x9f, 0xc4,
    0x7e, 0x0, 0x2c, 0xff, 0xdd, 0xde, 0xff, 0xd8,
    0x40,

    /* U+E0F9 "" */
    0x0, 0xff, 0xe8, 0xb5, 0xf7, 0xfd, 0x6c, 0x1,
    0xff, 0xc0, 0x6e, 0x94, 0x3, 0x30, 0xa4, 0xf2,
    0x80, 0x7f, 0x54, 0x8b, 0x6f, 0x66, 0x3b, 0x58,
    0x6a, 0x80, 0x1f, 0x52, 0x96, 0xc9, 0x0, 0x62,
    0x9d, 0x25, 0xa0, 0xe, 0x65, 0x2c, 0x20, 0xf,
    0xc5, 0x84, 0xac, 0x1, 0xc, 0x7, 0x88, 0x6,
    0x55, 0x0, 0x61, 0xf0, 0x81, 0x0, 0x38, 0xb1,
    0x0, 0x74, 0x40, 0x3, 0x89, 0x85, 0xc0, 0x1a,
    0x16, 0x1, 0xec, 0xc0, 0x7, 0xac, 0x34, 0x0,
    0xa2, 0x40, 0x1e, 0x11, 0x0, 0x78, 0x85, 0x40,
    0x2, 0x40, 0x1f, 0x54, 0x80, 0x7c, 0x42, 0x2,
    0x1, 0xfc, 0x8e, 0x1, 0xfe, 0x11, 0x10, 0x7,
    0xff, 0x10, 0xc4, 0x0, 0xa2, 0x40, 0x1f, 0xfc,
    0x23, 0x5, 0x0, 0x68, 0x50, 0x7, 0xff, 0xa,
    0x83, 0x40, 0xe, 0x2e, 0x40, 0x1d, 0x76, 0x0,
    0xe2, 0x60, 0x60, 0x0, 0xc0, 0x78, 0x80, 0x65,
    0x50, 0x6, 0x1f, 0x9, 0x0, 0xcc, 0xa5, 0x84,
    0x1, 0xf8, 0xb0, 0x95, 0x80, 0x3a, 0x94, 0xb6,
    0x48, 0x3, 0x14, 0xe9, 0x2d, 0x0, 0x7d, 0x50,
    0xd, 0xbd, 0x98, 0xed, 0x61, 0x9a, 0x0, 0xfe,
    0x7e, 0x83, 0x13, 0x30, 0x24, 0xfb, 0x0, 0x7f,
    0xc2, 0xf9, 0xff, 0x75, 0xb0, 0x80, 0x78,

    /* U+E0FD "" */
    0x0, 0xff, 0xed, 0xd7, 0x0, 0x7f, 0xf1, 0xa9,
    0x48, 0x3, 0xff, 0x8b, 0x6a, 0x3a, 0x1, 0xff,
    0xc4, 0xb4, 0x1, 0x90, 0xf, 0xfe, 0x1d, 0xa1,
    0xe0, 0xbb, 0x0, 0x7f, 0xf0, 0x6d, 0xf, 0xe,
    0x3, 0x0, 0x3f, 0xf8, 0x16, 0x80, 0x46, 0x92,
    0x1c, 0x1, 0x8e, 0x6e, 0xd0, 0x41, 0x68, 0x70,
    0x3b, 0x61, 0x48, 0x1, 0x56, 0x32, 0x21, 0xf7,
    0x48, 0x7a, 0xf2, 0x21, 0x4a, 0x1, 0x5a, 0x95,
    0x76, 0xc0, 0x90, 0xe8, 0x83, 0x77, 0xa8, 0x4,
    0xc8, 0x7a, 0xa2, 0x4f, 0x82, 0x23, 0x0, 0x84,
    0x3, 0xa8, 0x38, 0x3, 0x8a, 0x2, 0x80, 0x3f,
    0x8c, 0x88, 0x1, 0xe7, 0x4, 0x0, 0xff, 0x8,
    0x7, 0xff, 0x1c, 0x4c, 0x3, 0xe5, 0x6, 0x0,
    0xfe, 0x70, 0x70, 0xf, 0x40, 0x78, 0x7, 0xf4,
    0xc, 0x38, 0x4, 0x34, 0x66, 0x50, 0xf, 0xe1,
    0xd0, 0x8e, 0xbc, 0xe5, 0x2d, 0x0, 0xff, 0x8f,
    0x94, 0x50, 0xc5, 0xf4, 0x40, 0x3f, 0xf8, 0x3,
    0x5f, 0xbd, 0xc8, 0x0, 0xff, 0x80,

    /* U+E0FE "" */
    0x0, 0xf0, 0x80, 0x7f, 0xf2, 0x17, 0xbc, 0x40,
    0x3f, 0xf8, 0xcc, 0x8a, 0x20, 0x1f, 0xfc, 0x31,
    0x22, 0xc, 0xc1, 0x16, 0x10, 0xf, 0xf7, 0x73,
    0x77, 0xfb, 0xa8, 0x3, 0xf9, 0xd1, 0x3e, 0x0,
    0x12, 0x78, 0x7, 0xf4, 0xdd, 0xb6, 0xae, 0xde,
    0x5, 0xb6, 0xa0, 0x1f, 0xf1, 0xce, 0x12, 0x58,
    0x70, 0x7, 0xff, 0x8, 0xe0, 0xb2, 0xc2, 0xcc,
    0x3, 0xff, 0x86, 0xe8, 0x21, 0x8, 0x1, 0xff,
    0xc4, 0x84, 0x10, 0x84, 0x0, 0xc9, 0xec, 0x1,
    0xfa, 0x1c, 0x72, 0x82, 0xd0, 0x2, 0x80, 0x80,
    0xf, 0x89, 0xc7, 0x9, 0x68, 0x28, 0x0, 0x86,
    0x2, 0xe0, 0x1e, 0x28, 0xc2, 0x0, 0x2d, 0xd8,
    0x1, 0x1, 0x41, 0x20, 0x1f, 0x39, 0x0, 0x64,
    0x50, 0x43, 0x32, 0xb0, 0xb8, 0x7, 0xff, 0xe,
    0x0, 0x12, 0x41, 0x20, 0x1f, 0xfc, 0x24, 0x30,
    0x36, 0x40, 0x17, 0x0, 0xff, 0xe0, 0xc0, 0x56,
    0xed, 0x61, 0x20, 0x1f, 0xfc, 0x4, 0x34, 0x52,
    0x29, 0x18, 0x5c, 0x3, 0xfe, 0x80, 0x80, 0xe,
    0x80, 0x90, 0xf, 0xf9, 0x58, 0xc0, 0x38, 0x61,
    0x40,

    /* U+E0FF "" */
    0x0, 0x84, 0x70, 0x7, 0x84, 0x70, 0x6, 0x8f,
    0xee, 0xdf, 0x0, 0x7, 0xfe, 0xed, 0xee, 0x0,
    0x71, 0x44, 0xc2, 0xe0, 0x8, 0x4, 0x4c, 0x30,
    0x2, 0xb, 0x77, 0x94, 0x4, 0x0, 0x57, 0x79,
    0x40, 0x40, 0x3f, 0xfe, 0x2, 0x9, 0x99, 0x90,
    0x4, 0x0, 0x59, 0x99, 0x0, 0x42, 0x0, 0xcf,
    0x4, 0x0, 0x24, 0xc, 0xf0, 0x40, 0x1, 0xff,
    0xfc, 0xe0, 0x6, 0xff, 0xf3, 0x80, 0x7f, 0xf2,
    0x9f, 0xff, 0xce, 0x0, 0x6f, 0xff, 0x38, 0x2,
    0x0, 0xcf, 0x4, 0x0, 0x24, 0xc, 0xf0, 0x40,
    0x8, 0x26, 0x66, 0x40, 0x10, 0x1, 0x66, 0x64,
    0x1, 0x0, 0xff, 0xf8, 0x8, 0x26, 0x66, 0x40,
    0x10, 0x1, 0x66, 0x64, 0x1, 0x8, 0x3, 0x3c,
    0x10, 0x0, 0x90, 0x33, 0xc1, 0x0, 0x7, 0xff,
    0xf3, 0x80, 0x1b, 0xff, 0xce, 0x0,

    /* U+E102 "" */
    0x0, 0xff, 0xeb, 0xc, 0xef, 0xf5, 0x8, 0x7,
    0xff, 0x9, 0x39, 0x88, 0x82, 0xbe, 0x80, 0x1f,
    0xfc, 0x4, 0xb0, 0x8f, 0xdf, 0x81, 0xa2, 0x0,
    0xff, 0xac, 0x29, 0xc0, 0x27, 0x81, 0xb0, 0xf,
    0xf9, 0xed, 0x40, 0x39, 0xc1, 0xc0, 0x3f, 0xe8,
    0x40, 0xf, 0x88, 0x40, 0x3f, 0x2c, 0xd3, 0x90,
    0x7, 0xc4, 0x20, 0x1e, 0x4e, 0xa6, 0x58, 0xd7,
    0x0, 0xe7, 0x7, 0x0, 0xe4, 0xb1, 0x6b, 0xc8,
    0x18, 0x70, 0x9, 0x60, 0x20, 0x3, 0x25, 0x85,
    0x4a, 0x1b, 0xe1, 0x78, 0x1, 0x68, 0x2c, 0x40,
    0x24, 0xb0, 0xa5, 0x8, 0xd2, 0x26, 0xc0, 0x2d,
    0x5, 0xa0, 0x4, 0x56, 0x14, 0xa0, 0xf, 0x2d,
    0x73, 0x4a, 0xa0, 0x5a, 0x0, 0x6b, 0x8, 0x50,
    0x9, 0xdc, 0x11, 0x96, 0xa3, 0x68, 0x1, 0xce,
    0xe, 0x1, 0xd1, 0xd0, 0xad, 0x3c, 0x80, 0x1e,
    0x12, 0x0, 0xf8, 0x5e, 0xa5, 0x80, 0x3f, 0x9,
    0x0, 0x7c, 0x90, 0x1, 0xff, 0x20, 0x30, 0x7,
    0x2d, 0xb8, 0x7, 0xfd, 0x1, 0x2c, 0x1, 0x3d,
    0x5, 0x80, 0x7f, 0xc5, 0x41, 0x3f, 0xbf, 0x1,
    0x68, 0x1, 0xff, 0xc0, 0x5d, 0x61, 0x21, 0x6e,
    0x40, 0xf, 0xfe, 0x11, 0x4f, 0x7f, 0x48, 0x80,
    0x7f, 0xf0, 0x0,

    /* U+E106 "" */
    0x0, 0xf0, 0x91, 0x7f, 0x84, 0x0, 0x3f, 0x0,
    0x7, 0xed, 0xdf, 0xf7, 0x78, 0x89, 0xb0, 0x0,
    0x8a, 0xbf, 0xfc, 0x6, 0x10, 0x94, 0x0, 0x1d,
    0x57, 0xff, 0x2, 0x40, 0x3f, 0xfe, 0x58, 0xc0,
    0x4, 0xee, 0xff, 0xe0, 0x60, 0x7, 0x84, 0x3,
    0xff, 0x80, 0x20, 0xc, 0x60, 0x2, 0xf7, 0x7f,
    0xf0, 0x34, 0x3, 0xff, 0xe4, 0xc4, 0x0, 0x3b,
    0xbf, 0xfe, 0x4, 0x80, 0xcd, 0x80, 0x15, 0x13,
    0xff, 0x80, 0xc2, 0x2c, 0x80, 0x3, 0x77, 0x7f,
    0xf0, 0x44,

    /* U+E10B "" */
    0x0, 0xff, 0xe7, 0xa5, 0xff, 0xba, 0x44, 0x3,
    0xff, 0x80, 0xf6, 0x84, 0x62, 0xde, 0x40, 0x1f,
    0xe5, 0x81, 0xbd, 0xcf, 0x71, 0xf0, 0xf, 0xf4,
    0x6, 0xa0, 0x5, 0xc, 0x4c, 0x1, 0xf8, 0x48,
    0xcc, 0x1, 0xd6, 0x1a, 0x1, 0xf8, 0x81, 0x80,
    0x3c, 0x40, 0xe0, 0x1f, 0xfe, 0x27, 0xce, 0x5,
    0xdd, 0xf8, 0xf, 0x64, 0x2, 0x98, 0x32, 0x0,
    0x11, 0x7c, 0x0, 0x26, 0xa0, 0x3, 0xf, 0x7f,
    0xff, 0xf0, 0x49, 0x40, 0x40, 0x84, 0x3, 0xff,
    0x82, 0xc0, 0x20, 0x7, 0x0, 0xff, 0xff, 0x80,
    0x67, 0x0, 0xff, 0xe1, 0x38, 0x6, 0x10, 0xf,
    0xfe, 0x10, 0x80, 0x4, 0xcb, 0x73, 0x3f, 0xf8,
    0x1a, 0x48, 0x21, 0xa8, 0x46, 0x7f, 0xfc, 0x2,
    0x4a, 0x0, 0xd, 0xff, 0xff, 0xf0, 0xac, 0x40,

    /* U+E10F "" */
    0x0, 0xff, 0xe5, 0x8d, 0xff, 0xff, 0xf1, 0x2c,
    0x40, 0x1a, 0x82, 0x67, 0xff, 0xc2, 0x24, 0xd0,
    0x1, 0x97, 0x66, 0x7f, 0xf0, 0xb4, 0x8c, 0x4,
    0x9, 0x80, 0x3f, 0xf8, 0x4c, 0x40, 0x20, 0x14,
    0xe1, 0x0, 0x7f, 0x8b, 0x24, 0x3, 0x88, 0xcd,
    0xae, 0x1, 0xf9, 0xf4, 0xcc, 0x40, 0x19, 0xb2,
    0x42, 0x34, 0xc0, 0x31, 0xec, 0x4, 0xe0, 0x80,
    0x67, 0x6, 0xe5, 0x2c, 0x91, 0x9, 0xc2, 0x4e,
    0x60, 0xf, 0xe1, 0xaa, 0xb, 0x7f, 0x30, 0xd5,
    0x88, 0x7, 0xff, 0x1, 0x79, 0x84, 0x4d, 0xca,
    0x1, 0xff, 0xc4, 0x9f, 0xf4, 0x80, 0x7f, 0xfa,
    0x44, 0x4, 0x3, 0xff, 0x88, 0x20, 0x20, 0x65,
    0xb9, 0x9f, 0xfc, 0x2d, 0x23, 0x0, 0x6a, 0x11,
    0x9f, 0xff, 0x8, 0x93, 0x40, 0x3, 0x7f, 0xff,
    0xfc, 0x4b, 0x10,

    /* U+E110 "" */
    0x0, 0xe6, 0xde, 0x92, 0x0, 0xf3, 0x49, 0x0,
    0x66, 0xe9, 0x21, 0x6d, 0xa2, 0x0, 0x3f, 0x4b,
    0x60, 0x1, 0x36, 0x45, 0x88, 0x20, 0x57, 0x6f,
    0xa0, 0x58, 0xc4, 0x41, 0x44, 0xbb, 0x2c, 0xd,
    0xd2, 0x48, 0x2b, 0xb2, 0xe0, 0x1, 0x12, 0x51,
    0x0, 0x73, 0x60, 0x25, 0x10, 0x7, 0xff, 0xfc,
    0x3, 0xff, 0xfe, 0x1, 0xff, 0xda, 0x2b, 0x40,
    0xc6, 0x0, 0xe2, 0xa4, 0x1, 0x0, 0x35, 0x6a,
    0x12, 0x14, 0xf4, 0x83, 0x56, 0xa9, 0x58, 0x9,
    0x11, 0x4a, 0xb6, 0xf5, 0x45, 0xc0, 0x94, 0xab,
    0x50, 0x1, 0xef, 0x5a, 0xa0, 0x2, 0xad, 0x51,
    0x3a, 0xd5, 0x0, 0xc5, 0xa, 0x1, 0xe2, 0xae,
    0xc5, 0x0, 0xe0,

    /* U+E111 "" */
    0x0, 0xff, 0xe5, 0xa5, 0x77, 0xfb, 0xa5, 0x0,
    0x3f, 0xd, 0xd9, 0x44, 0xcc, 0xd, 0x76, 0x10,
    0xe, 0x1c, 0x43, 0xbf, 0xcc, 0x75, 0x92, 0x60,
    0x80, 0x6d, 0x25, 0xc4, 0x0, 0xc9, 0xaa, 0x5a,
    0x1, 0x29, 0x9a, 0x80, 0xb, 0x54, 0x50, 0x5,
    0x19, 0x94, 0x1, 0x21, 0xe0, 0xa, 0xa2, 0xaa,
    0xa8, 0x0, 0xf0, 0x90, 0x1, 0x91, 0x82, 0xa8,
    0xaf, 0x9, 0x50, 0xc, 0x8c, 0xc, 0x1c, 0x1,
    0x81, 0x28, 0x72, 0x1a, 0x0, 0x70, 0x20, 0x1,
    0x80, 0x7f, 0xf0, 0xc8, 0x14, 0x1, 0xa1, 0x2,
    0x28, 0xd, 0x0, 0x30, 0x18, 0x88, 0xc4, 0x11,
    0x8f, 0xb8, 0x6c, 0x80, 0x26, 0x42, 0xc, 0xc,
    0x0, 0x9b, 0x77, 0x5c, 0x80, 0x18, 0x14, 0x1,
    0x21, 0x2, 0x0, 0x48, 0x82, 0x0, 0x6, 0x42,
    0x40, 0x2, 0xe1, 0x60, 0x1f, 0xac, 0x5c, 0x40,
    0x28, 0x25, 0x60, 0xf, 0x32, 0x94, 0x0, 0x77,
    0x84, 0xa0, 0x6, 0x49, 0xf, 0x0, 0xf1, 0x58,
    0x59, 0x80, 0xe, 0xc2, 0x88, 0x3, 0xe4, 0x90,
    0xc3, 0x36, 0x5, 0x28, 0x7, 0xf3, 0x48, 0x66,
    0x2, 0x54, 0x3, 0xfe, 0x6a, 0x0, 0x53, 0x0,
    0x7f, 0xf0, 0x57, 0xfc, 0xa0, 0x1f, 0x0,

    /* U+E115 "" */
    0x0, 0x8, 0xff, 0xf0, 0x80, 0x5, 0xfd, 0xdf,
    0xfc, 0x2f, 0x22, 0x2a, 0x27, 0xff, 0x9, 0x48,
    0x2a, 0xef, 0xff, 0x85, 0x40, 0x1f, 0xfe, 0xb1,
    0xcd, 0xdf, 0xfe, 0x16, 0x8, 0x11, 0x7f, 0xf1,
    0x0, 0x7b, 0xff, 0xff, 0x85, 0xc2, 0x1, 0xff,
    0xeb, 0xab, 0xbf, 0xfe, 0x15, 0x0, 0xaa, 0x27,
    0xff, 0x9, 0x48, 0x7f, 0xbb, 0xff, 0x85, 0xe4,

    /* U+E116 "" */
    0x0, 0xff, 0xe8, 0xb5, 0xf7, 0xfb, 0xad, 0xc4,
    0x3, 0xfe, 0x6e, 0x94, 0x3, 0x30, 0xa4, 0x73,
    0x0, 0x7f, 0x4c, 0x85, 0xb7, 0xb3, 0x1f, 0xac,
    0x13, 0x40, 0x1f, 0x53, 0x16, 0xc9, 0x0, 0x62,
    0x9d, 0x25, 0xa0, 0xe, 0x55, 0x16, 0x10, 0x7,
    0xe2, 0xc2, 0x55, 0x0, 0x6b, 0xf, 0x10, 0xf,
    0xf0, 0xf8, 0x58, 0x4, 0xc2, 0xe4, 0x1, 0xff,
    0xc0, 0x27, 0x16, 0x0, 0x68, 0x50, 0x7, 0xff,
    0xa, 0x83, 0x40, 0x8, 0x24, 0x1, 0xff, 0xc2,
    0x21, 0x40, 0x8, 0x80, 0x3f, 0xf8, 0x84, 0x1,
    0xff, 0xce, 0x20, 0xf, 0xfe, 0x21, 0x8, 0x0,
    0xc4, 0x80, 0x3f, 0xf8, 0x44, 0x2a, 0x0, 0xa0,
    0xa0, 0xf, 0xfe, 0x15, 0x86, 0x80, 0x10, 0x10,
    0x3, 0xff, 0x82, 0x4c, 0x2e, 0x0, 0x60, 0x50,
    0xf, 0xfe, 0x0, 0xf8, 0x40, 0x80, 0x34, 0x30,
    0x3, 0xfe, 0x2c, 0x25, 0x60, 0x9, 0xc1, 0x11,
    0x17, 0x6, 0x1, 0x8e, 0x74, 0x96, 0x80, 0x30,
    0x87, 0x5b, 0xa3, 0xe7, 0x66, 0x3b, 0x18, 0x26,
    0x80, 0x39, 0xc0, 0x56, 0xb6, 0x50, 0xc, 0xc2,
    0x93, 0xec, 0x1, 0xe8, 0xfe, 0xa5, 0x26, 0xbe,
    0xff, 0xad, 0x80, 0x3e,

    /* U+E118 "" */
    0x0, 0xff, 0xe4, 0x95, 0xff, 0xac, 0x80, 0x3f,
    0x87, 0x10, 0x44, 0x9a, 0x40, 0x1f, 0xa4, 0x5b,
    0xb8, 0xe1, 0x0, 0x1f, 0x8c, 0x20, 0x1, 0x20,
    0xe0, 0x1f, 0xfc, 0x11, 0x0, 0xff, 0xed, 0xc9,
    0x80, 0x7f, 0xd2, 0x86, 0xd4, 0x1, 0xfe, 0x36,
    0xd0, 0xf, 0xfe, 0x31, 0x80, 0x44, 0x0, 0x20,
    0x9, 0xc0, 0x4, 0xe, 0x1a, 0x1e, 0x66, 0xe0,
    0x50, 0x30, 0xf1, 0x32, 0x46, 0x53, 0xcc, 0x19,
    0xa0, 0x28, 0x10, 0x20, 0x28, 0x6a, 0x8a, 0xa9,
    0xc0, 0xa2, 0x62, 0x4, 0x61, 0xf5, 0x55, 0x51,
    0x8a, 0xd4, 0xa4, 0x2, 0x96, 0x1a, 0xeb, 0xac,
    0xd4, 0x3c, 0x0, 0xe9, 0xb4, 0x14, 0x53, 0x34,
    0xe0, 0x80, 0x79, 0x2f, 0xc8, 0x3b, 0x18, 0x3,
    0xfe, 0x10, 0x10, 0xf, 0xfe, 0xa, 0x98, 0x7,
    0xc0,

    /* U+E119 "" */
    0x0, 0xff, 0xe5, 0xee, 0x0, 0x7a, 0x7f, 0xd8,
    0x60, 0x1f, 0xce, 0x78, 0x1, 0xad, 0x84, 0x8f,
    0x8, 0x3, 0xf5, 0x21, 0xe0, 0x80, 0xa1, 0xf6,
    0xc8, 0x40, 0x7, 0xf5, 0xa1, 0xe8, 0x8b, 0x70,
    0x0, 0xc0, 0xe0, 0x1f, 0xeb, 0x43, 0xd1, 0x20,
    0xf, 0xfe, 0x2d, 0xa1, 0xe0, 0x80, 0x61, 0x0,
    0xff, 0xe0, 0xda, 0x16, 0x8, 0x7, 0xff, 0x12,
    0x56, 0xcc, 0xb0, 0x40, 0x3d, 0x48, 0x1, 0xe1,
    0x6e, 0x5, 0x2, 0xc1, 0xa, 0x90, 0x35, 0xd0,
    0xf, 0xfe, 0x0, 0x96, 0xa, 0x20, 0x3, 0xff,
    0x80, 0xe0, 0x21, 0x8, 0x58, 0x20, 0x7, 0x0,
    0xfc, 0x22, 0x20, 0xb0, 0x8f, 0x22, 0x60, 0x83,
    0x6, 0x0, 0x7c, 0x82, 0xa6, 0xc3, 0x64, 0x5,
    0x82, 0x5e, 0xa0, 0x1f, 0x48, 0x58, 0xcd, 0xb2,
    0xca, 0x96, 0x8, 0x7, 0xf1, 0xb8, 0xe1, 0xa4,
    0xd3, 0x58, 0x96, 0x8, 0x7, 0xf4, 0x29, 0x66,
    0x22, 0x15, 0xc2, 0x5, 0x82, 0x1, 0xfd, 0x54,
    0x23, 0x77, 0x28, 0x37, 0x31, 0x60, 0x80, 0x7f,
    0x2e, 0xe8, 0x82, 0xfe, 0x46, 0x58, 0xb0, 0x40,
    0x3f, 0xc4, 0x20, 0xa0, 0x1a, 0x58, 0xb0, 0x40,
    0x3f, 0xcc, 0x22, 0x0, 0xe9, 0x62, 0x20, 0x7,
    0xfa, 0xb8, 0x3, 0xe9, 0xf3,

    /* U+E11C "" */
    0x1c, 0xdd, 0xff, 0xe0, 0x91, 0x91, 0x7f, 0xf0,
    0x4c, 0x0,

    /* U+E11D "" */
    0x0, 0xc2, 0x3f, 0xfc, 0x20, 0xe, 0x2c, 0xfe,
    0xef, 0xfe, 0x17, 0xe0, 0x80, 0x38, 0xc8, 0xd1,
    0x3f, 0xf8, 0x6, 0x47, 0xa0, 0x3, 0x2d, 0xcb,
    0xbf, 0xfe, 0x6, 0x69, 0x18, 0x8, 0x8, 0x7,
    0xff, 0x10, 0x40, 0x40, 0x3f, 0xff, 0xe0, 0x1f,
    0xff, 0xf0, 0xf, 0xfe, 0x70, 0x81, 0x18, 0x8f,
    0xff, 0x8, 0xc8, 0x4, 0x1c, 0x73, 0xbb, 0xff,
    0x85, 0x82, 0xe0, 0x8, 0x95, 0x44, 0xf0, 0x1,
    0x13, 0xcb, 0x30, 0x1, 0x35, 0x5d, 0xf8, 0x45,
    0x77, 0xea, 0x60, 0xf, 0xc9, 0x99, 0x8, 0xb3,
    0x24, 0x0, 0xff, 0xe0, 0x11, 0x9c, 0x0, 0x33,
    0x88, 0x3, 0xff, 0x80, 0xdf, 0xff, 0x98, 0x3,
    0xc0,

    /* U+E11E "" */
    0x0, 0xfe, 0x10, 0xf, 0xfe, 0x23, 0x67, 0xf4,
    0x80, 0x7f, 0xf0, 0x53, 0xa4, 0xc4, 0x10, 0x3,
    0xff, 0x80, 0xd6, 0x2d, 0xac, 0x14, 0x1, 0xff,
    0x24, 0x85, 0xc9, 0x20, 0x28, 0x7, 0xfd, 0x41,
    0x68, 0x0, 0x10, 0x20, 0xf, 0xf3, 0x8b, 0x20,
    0x4, 0xc0, 0x40, 0x1f, 0xeb, 0xb, 0x0, 0xda,
    0x14, 0x1, 0xfe, 0x32, 0x20, 0x6, 0x61, 0x74,
    0x0, 0xfc, 0x40, 0xc0, 0x1e, 0xa0, 0xb8, 0x20,
    0x17, 0xda, 0x0, 0xff, 0x25, 0xb, 0xef, 0xf4,
    0x12, 0x89, 0x3, 0x0, 0x7c, 0xbf, 0x8, 0x46,
    0xe2, 0x2, 0x6, 0x44, 0x0, 0xf8, 0x5e, 0xf7,
    0x28, 0x4c, 0x1, 0x61, 0x60, 0x1f, 0xfc, 0xb,
    0xa, 0x0, 0x38, 0xb2, 0x0, 0x7f, 0x91, 0x85,
    0x80, 0x2a, 0xb, 0x40, 0xf, 0xc9, 0x61, 0x40,
    0x19, 0x24, 0x2e, 0x48, 0x3, 0x14, 0xd8, 0x4a,
    0x0, 0x73, 0x58, 0xb6, 0xea, 0xed, 0xba, 0x61,
    0xb6, 0x0, 0xf9, 0x3a, 0xc, 0x91, 0x4, 0x71,
    0xc8, 0x1, 0xfe, 0x7c, 0xfd, 0xd7, 0xe3, 0x80,
    0x78,

    /* U+E122 "" */
    0x0, 0xff, 0xe3, 0x8, 0x7, 0xff, 0x0, 0x4d,
    0xa6, 0xfb, 0xfc, 0x1, 0xf0, 0xac, 0x5f, 0x73,
    0x25, 0x90, 0x40, 0x44, 0x1, 0xea, 0xa3, 0xa0,
    0x9b, 0x45, 0xf7, 0xa0, 0x7, 0xfa, 0xb7, 0xf2,
    0x5d, 0x4, 0x3, 0xff, 0x80, 0x84, 0x1, 0xff,
    0xff, 0x0, 0xff, 0xe8, 0x2e, 0xfe, 0x28, 0x7,
    0x88, 0x3, 0xe6, 0xa2, 0x13, 0x10, 0xd, 0x1f,
    0xbe, 0x80, 0x1d, 0x1, 0x9d, 0x60, 0x1a, 0x1c,
    0x50, 0x40, 0x38, 0x44, 0x86, 0x8, 0x60, 0x13,
    0x8f, 0xde, 0x0, 0x70, 0x82, 0x80, 0x4, 0xc0,
    0x48, 0x14, 0x40, 0x8c, 0x3, 0x94, 0x76, 0x30,
    0x1c, 0x8, 0x10, 0x40, 0x8c, 0x44, 0x1, 0x52,
    0x13, 0x92, 0xc0, 0x1, 0xc3, 0xaf, 0x42, 0x40,
    0x3a, 0xf6, 0xf6, 0x80, 0x28, 0x70, 0x41, 0x87,
    0x0, 0xf1, 0x21, 0x0, 0x74, 0x7e, 0xf3, 0x80,
    0x7f, 0xf0, 0x40,

    /* U+E123 "" */
    0x0, 0xff, 0xed, 0x36, 0xf0, 0x7, 0xff, 0x11,
    0xfa, 0x48, 0xc0, 0x3f, 0xf8, 0x22, 0xfd, 0x2,
    0x0, 0xb0, 0xf, 0xf8, 0x63, 0xa0, 0x5a, 0xc0,
    0x58, 0x3, 0xf8, 0xa7, 0x9c, 0x1f, 0xa7, 0x42,
    0x40, 0x3f, 0x15, 0x6b, 0xc, 0x7c, 0x8, 0x98,
    0x5c, 0x3, 0xc7, 0x7a, 0xa3, 0x3c, 0xe0, 0x14,
    0x84, 0x80, 0x72, 0x66, 0x10, 0xab, 0x98, 0x3,
    0xb, 0x83, 0x0, 0x6c, 0xb3, 0x1a, 0xd5, 0x0,
    0xf3, 0x3, 0x88, 0x4, 0x24, 0x0, 0x1b, 0xa6,
    0x20, 0xe, 0x90, 0x90, 0xc, 0x3d, 0x90, 0x82,
    0xb3, 0xb8, 0x1, 0x30, 0xb0, 0x80, 0x78, 0xde,
    0xff, 0x20, 0x8c, 0x80, 0x10, 0x16, 0x1, 0xff,
    0x1b, 0xd0, 0x20, 0x30, 0xa9, 0x0, 0x7f, 0xf0,
    0x50, 0x30, 0x2c, 0x20, 0x3, 0xff, 0x84, 0x60,
    0x8a, 0x48, 0x40, 0x1f, 0xfc, 0x34, 0x1b, 0x8,
    0x0, 0xff, 0xe2, 0x60, 0x9, 0x98, 0x3, 0xff,
    0x88, 0x80, 0x8, 0x0, 0xff, 0xe2, 0x98, 0x9a,
    0x0, 0x7f, 0xf1, 0xbb, 0x0, 0x3f, 0x80,

    /* U+E129 "" */
    0x0, 0xff, 0xe7, 0x8c, 0xff, 0xa8, 0x80, 0x3f,
    0xf8, 0x2f, 0xcc, 0x22, 0x5d, 0x80, 0xf, 0xf2,
    0xec, 0x4, 0x77, 0x20, 0x1f, 0x98, 0x3, 0xc5,
    0x74, 0x40, 0xd, 0x10, 0x7e, 0x61, 0x9d, 0x40,
    0x9, 0x75, 0xf, 0x28, 0x97, 0x9c, 0x6, 0x70,
    0xca, 0xdc, 0x1, 0x60, 0x3e, 0x6b, 0xb0, 0x11,
    0xca, 0x7, 0xe2, 0x10, 0x23, 0x0, 0xe4, 0x88,
    0x3f, 0x30, 0xd6, 0x56, 0x8, 0x0, 0x80, 0x9,
    0x64, 0xdc, 0xe0, 0x33, 0x80, 0x6a, 0x32, 0xc0,
    0x1c, 0x9b, 0x23, 0x1c, 0xaa, 0xd0, 0x3, 0xf3,
    0x0, 0x7e, 0x6f, 0x61, 0xaa, 0xa, 0xf4, 0x0,
    0x7f, 0xc3, 0x3a, 0x21, 0x94, 0x20, 0x1f, 0xfc,
    0x22, 0x30, 0x30, 0xf, 0xfe, 0x93, 0x80, 0x7f,
    0xf1, 0x44, 0x46, 0xc0, 0x1f, 0xfc, 0x4, 0x70,
    0x20, 0xb0, 0x9c, 0x30, 0xf, 0xc5, 0x76, 0x18,
    0x10, 0x5d, 0x43, 0xca, 0x10, 0xc, 0x31, 0xa8,
    0x56, 0xe0, 0x11, 0x5d, 0x12, 0xf4, 0x0, 0x1b,
    0xdc, 0x67, 0x50, 0x3, 0xcb, 0xb0, 0xe, 0x41,
    0x22, 0xfc, 0xc0, 0x1f, 0xe7, 0xe6, 0x0, 0x2e,
    0xc0, 0x7, 0xff, 0x4, 0x67, 0xfd, 0x44, 0x1,
    0xf0,

    /* U+E12D "" */
    0x0, 0xff, 0xe9, 0xc7, 0x7f, 0xa8, 0x40, 0x3f,
    0xf8, 0x3, 0x8e, 0x26, 0x2b, 0xe2, 0x1, 0xfe,
    0x1c, 0x35, 0xec, 0xe6, 0x1b, 0x0, 0xfe, 0x1d,
    0x25, 0xa1, 0x50, 0x91, 0x50, 0xf, 0xed, 0x34,
    0xa0, 0xba, 0x60, 0x50, 0x10, 0xf, 0xb0, 0xd2,
    0xc2, 0xd0, 0xd8, 0x14, 0x4, 0x3, 0xd8, 0x69,
    0x61, 0x68, 0x78, 0x14, 0x2c, 0x1, 0xeb, 0x34,
    0xb0, 0xb4, 0x3c, 0xa, 0x52, 0x90, 0xe, 0xb4,
    0x3b, 0xb, 0x43, 0xc0, 0xa5, 0x2c, 0x3, 0x0,
    0xad, 0xf, 0x2, 0xd0, 0xf0, 0x29, 0x4b, 0x5,
    0xf2, 0x41, 0x50, 0xf0, 0x2d, 0xf, 0x2, 0x94,
    0xb0, 0x5a, 0x6, 0xc2, 0x3, 0x82, 0xd0, 0xf0,
    0x25, 0x4b, 0x5, 0xa4, 0x34, 0x8a, 0x32, 0x54,
    0x3c, 0x9, 0x62, 0xc1, 0x69, 0xc, 0x30, 0x10,
    0x50, 0xc0, 0x80, 0xa6, 0x2c, 0x15, 0x90, 0xb3,
    0x0, 0xc4, 0x18, 0x15, 0x8a, 0x58, 0x2b, 0x41,
    0x68, 0x1, 0x18, 0x20, 0x2b, 0x9, 0x9b, 0x5,
    0x28, 0x2d, 0x0, 0x39, 0x82, 0x42, 0x7b, 0x98,
    0x29, 0x61, 0x48, 0x1, 0xe8, 0x16, 0xa1, 0x18,
    0x1e, 0xc2, 0x94, 0x3, 0xe1, 0xc2, 0x5e, 0xdc,
    0xf8, 0xa, 0x50, 0xf, 0xe2, 0xd8, 0x22, 0x18,
    0xb7, 0x28, 0x7, 0xff, 0x1, 0xf7, 0xfd, 0xd2,
    0x20, 0x1f, 0xc0,

    /* U+E12E "" */
    0x0, 0xff, 0xe2, 0xc7, 0xfe, 0x70, 0x2, 0x77,
    0xfd, 0xc6, 0x2e, 0x26, 0x60, 0x80, 0x4, 0x89,
    0x9c, 0x30, 0x0, 0x5c, 0xc2, 0x0, 0x80, 0x59,
    0x8d, 0x0, 0xff, 0xff, 0x80, 0x7f, 0xff, 0xc0,
    0x3f, 0xfe, 0x4b, 0x98, 0x40, 0x10, 0xb, 0x31,
    0xa0, 0x1, 0x71, 0x33, 0x4, 0x0, 0x24, 0x4c,
    0xe1, 0x80, 0x8f, 0xfc, 0xe0, 0x4, 0xef, 0xfb,
    0x8c,

    /* U+E132 "" */
    0x0, 0x91, 0x0, 0x1f, 0xfc, 0x23, 0xeb, 0xb7,
    0x18, 0x7, 0xe4, 0x0, 0xb4, 0x55, 0x43, 0xc0,
    0x1f, 0x5d, 0x8c, 0x8, 0x52, 0xa8, 0x64, 0x20,
    0x1d, 0x88, 0x83, 0x0, 0x98, 0x0, 0x20, 0x20,
    0x1b, 0xd, 0x2c, 0x0, 0x48, 0x5d, 0xc2, 0x50,
    0xd, 0x86, 0x96, 0x1, 0xa9, 0x44, 0x4d, 0x40,
    0x16, 0x19, 0xac, 0x3, 0x86, 0xbf, 0xd2, 0x1,
    0x61, 0x9b, 0x0, 0x3f, 0xf8, 0x38, 0x66, 0xc0,
    0xf, 0xfe, 0xe, 0x19, 0xb0, 0x3, 0xff, 0x83,
    0x86, 0x6c, 0x0, 0x8c, 0xc0, 0x1f, 0xb0, 0xcd,
    0x80, 0x1, 0xcc, 0xb4, 0xc0, 0x3b, 0xd, 0x30,
    0x2, 0xd3, 0x44, 0x17, 0x0, 0x6b, 0x34, 0xb0,
    0x8, 0x4c, 0xd7, 0x64, 0x23, 0x0, 0x5a, 0x22,
    0xc0, 0x3c, 0x20, 0x7, 0x1, 0x4, 0x4a, 0xc0,
    0x38, 0x50, 0xb7, 0x46, 0x62, 0x4, 0xcb, 0x0,
    0xfa, 0x94, 0x88, 0x9a, 0x1, 0x18, 0x7, 0xe1,
    0xaf, 0xeb, 0x10,

    /* U+E133 "" */
    0x0, 0xff, 0xe5, 0x8d, 0xff, 0xeb, 0x10, 0xf,
    0xfe, 0x16, 0xa1, 0x19, 0x89, 0x34, 0x3, 0xff,
    0x84, 0x65, 0xb9, 0x8d, 0x23, 0x10, 0xf, 0xfe,
    0x10, 0x80, 0x66, 0x0, 0xff, 0xe2, 0x10, 0x7,
    0xff, 0x20, 0x84, 0x3, 0x38, 0x7, 0xff, 0xd,
    0x1, 0x0, 0xe, 0x64, 0x20, 0x1f, 0xfc, 0x1c,
    0xc, 0x2, 0x81, 0xe0, 0xf, 0xfe, 0x12, 0x3,
    0x1, 0x81, 0x98, 0x3, 0xff, 0x84, 0x2a, 0x2a,
    0x2a, 0x50, 0x1, 0xff, 0xc3, 0x90, 0x80, 0xb1,
    0x75, 0x0, 0xff, 0xe1, 0x1a, 0x94, 0xe, 0x85,
    0x30, 0x6, 0x22, 0xc0, 0x1e, 0xb1, 0x74, 0x3a,
    0x9, 0x80, 0x3e, 0xdd, 0xe2, 0x0, 0xc3, 0x41,
    0x66, 0xb8, 0x2f, 0xd8, 0x28, 0xaa, 0x32, 0xe0,
    0xe, 0x49, 0xc, 0x43, 0xe6, 0x10, 0x9b, 0xaa,
    0x61, 0x98, 0x3, 0xcd, 0x21, 0x70, 0x13, 0xdc,
    0x60, 0xf, 0x8, 0x7, 0x9a, 0xc5, 0xf9, 0x84,
    0x40, 0x1f, 0xfc, 0x34, 0xf5, 0x19, 0xe8, 0x30,
    0xc, 0x20, 0x1f, 0xe1, 0xac, 0x51, 0x7c, 0xfd,
    0xcd, 0x23, 0x10, 0xf, 0xf1, 0xd7, 0x53, 0x11,
    0xc, 0x8f, 0x40, 0x3f, 0xf8, 0x22, 0xb3, 0xbf,
    0xf6, 0x8, 0x0,

    /* U+E13C "" */
    0x0, 0x84, 0x3, 0xff, 0x86, 0x7b, 0xde, 0xe0,
    0x1f, 0xfc, 0x1e, 0x23, 0x8, 0xd4, 0x0, 0xff,
    0x9, 0x1e, 0x72, 0x95, 0xd8, 0x80, 0x3f, 0xce,
    0x3, 0x58, 0x69, 0xb0, 0x1, 0xff, 0xc1, 0x3c,
    0x91, 0x7e, 0x50, 0xf, 0xfe, 0xb, 0x7b, 0xd,
    0x61, 0x80, 0x7f, 0xf0, 0x6, 0x74, 0xcd, 0x92,
    0x1, 0xff, 0xc1, 0x2c, 0xa1, 0x6b, 0x0, 0xff,
    0xe1, 0x2f, 0x1a, 0x10, 0x7, 0xff, 0x4d, 0x78,
    0xd0, 0x80, 0x3f, 0xe2, 0xba, 0x16, 0xb0, 0xf,
    0xfa, 0x75, 0xf, 0x24, 0x3, 0xfc, 0xdc, 0xc3,
    0x38, 0x60, 0x1f, 0xc7, 0x92, 0x2d, 0xcc, 0x1,
    0xf3, 0x80, 0xd6, 0x1a, 0x6c, 0x80, 0x7c, 0x24,
    0x77, 0xca, 0x35, 0x64, 0x1, 0xfd, 0xe4, 0x81,
    0x1c, 0xa0, 0x1f, 0xf1, 0x6f, 0x7b, 0x80, 0x7f,
    0xf0, 0x0,

    /* U+E13D "" */
    0x0, 0xf8, 0x44, 0x1, 0xff, 0xc2, 0xcc, 0x0,
    0x7f, 0xf0, 0x8c, 0xc0, 0x1f, 0xff, 0xb1, 0xdd,
    0xf0, 0x8b, 0x77, 0xc2, 0x66, 0x22, 0xe0, 0x1,
    0x17, 0x19, 0x8b, 0xbf, 0xf8, 0x45, 0xff, 0xdc,
    0x40, 0x1f, 0xff, 0xc3, 0x0, 0xff, 0xe1, 0x6f,
    0x80, 0x7c,

    /* U+E140 "" */
    0x0, 0xff, 0xe8, 0xe5, 0x80, 0x7f, 0xf1, 0x89,
    0x40, 0x3f, 0xfd, 0xf, 0x40, 0x1f, 0xeb, 0x80,
    0xe, 0x58, 0x40, 0xf, 0xf3, 0x3b, 0x0, 0x6b,
    0xd, 0x0, 0xff, 0x78, 0x48, 0x80, 0x1c, 0x5c,
    0xc0, 0x3f, 0xc5, 0x0, 0xc0, 0xb, 0xa, 0x0,
    0xff, 0xe0, 0x30, 0x50, 0x0, 0xc8, 0x80, 0x1f,
    0xfc, 0x1, 0x32, 0x1, 0x6, 0x0, 0xf2, 0x20,
    0x3, 0xcc, 0x4, 0x0, 0x70, 0xf, 0x55, 0x0,
    0x3f, 0x84, 0x8, 0x3, 0xff, 0x84, 0xe0, 0x40,
    0x82, 0x60, 0x1f, 0xfc, 0x2, 0x21, 0x80, 0x38,
    0x24, 0x3, 0xff, 0x81, 0x61, 0x40, 0x5, 0x25,
    0x50, 0x7, 0xf9, 0x18, 0x58, 0x2, 0xe0, 0xa6,
    0x0, 0xfc, 0xb6, 0x14, 0x1, 0x8e, 0xc2, 0x6d,
    0x0, 0x32, 0x5d, 0x5, 0x20, 0x7, 0x26, 0x12,
    0x5f, 0xee, 0xbe, 0xd0, 0xb1, 0x40, 0x3e, 0x3d,
    0xa5, 0x12, 0x20, 0xad, 0x69, 0x80, 0x7f, 0x96,
    0xbb, 0xfd, 0xd4, 0xa0, 0x1e,

    /* U+E142 "" */
    0x0, 0xca, 0x1, 0xff, 0xc0, 0x40, 0xf, 0xa6,
    0xa0, 0x3, 0xfc, 0xb7, 0x40, 0x1c, 0xac, 0x32,
    0x1, 0xfe, 0x52, 0x56, 0x0, 0xd6, 0x1a, 0x2b,
    0x60, 0x1e, 0xa5, 0xf, 0x9, 0x0, 0x98, 0x58,
    0xca, 0x90, 0x40, 0x30, 0xad, 0x11, 0x18, 0x18,
    0x1, 0xa1, 0x61, 0x1, 0x22, 0x95, 0x44, 0x1a,
    0x9, 0xa, 0xd, 0x0, 0x20, 0x90, 0x29, 0x32,
    0x5a, 0xaa, 0xd1, 0x49, 0x0, 0xc5, 0x0, 0x22,
    0x2, 0x7, 0xe, 0x9, 0x90, 0x70, 0x38, 0x10,
    0x10, 0x8, 0x7, 0xf8, 0xcc, 0x1, 0xc2, 0x1,
    0xe2, 0x2, 0x7, 0xe, 0xa, 0xa0, 0x70, 0x38,
    0x18, 0x10, 0x8, 0x20, 0x90, 0x21, 0x32, 0x5a,
    0xaa, 0xd1, 0x89, 0x0, 0xc5, 0x0, 0x1a, 0x16,
    0x12, 0x12, 0x29, 0x54, 0x41, 0x90, 0x80, 0xa0,
    0xd0, 0x3, 0xb, 0x19, 0x52, 0x8, 0x6, 0x14,
    0xa3, 0x26, 0x17, 0x0, 0xac, 0x34, 0x56, 0xc0,
    0x3d, 0x6a, 0x1e, 0x10, 0x20, 0x12, 0xb0, 0xc8,
    0x7, 0xf9, 0x49, 0x58, 0x3, 0xa6, 0xa4, 0x3,
    0xfc, 0xb7, 0x40, 0x10,

    /* U+E145 "" */
    0x0, 0xfe, 0x11, 0x0, 0x7c, 0x20, 0x1f, 0x36,
    0x7f, 0x73, 0xf1, 0xc4, 0x1, 0x3c, 0x20, 0x19,
    0x3a, 0x4c, 0x91, 0x4, 0x71, 0xce, 0x6, 0x1,
    0xcd, 0x62, 0xdb, 0xab, 0xb6, 0xf4, 0x4, 0x50,
    0x80, 0x64, 0x90, 0xb9, 0x20, 0xc, 0x2f, 0xc6,
    0xa8, 0x1, 0xa8, 0x2d, 0x0, 0x3c, 0x37, 0xa2,
    0x1, 0xcc, 0x2a, 0x80, 0x1f, 0x1a, 0x19, 0x0,
    0x4, 0x1, 0x41, 0x0, 0x1f, 0x8b, 0xff, 0xb8,
    0x40, 0xc8, 0x80, 0x1f, 0xfc, 0x41, 0x6, 0x0,
    0xff, 0xe1, 0x3e, 0x80, 0x96, 0x80, 0x7f, 0xf0,
    0xb0, 0x84, 0x35, 0x80, 0x3f, 0xf8, 0x4c, 0x2,
    0x0, 0x11, 0xc0, 0x1f, 0xe2, 0x22, 0x0, 0xf7,
    0x77, 0x90, 0x7, 0xeb, 0xd, 0x3, 0x10, 0x1,
    0xa2, 0x90, 0x7, 0xc6, 0xc2, 0xc0, 0x1c, 0xf7,
    0x40, 0x1f, 0x16, 0x85, 0x0, 0x64, 0x34, 0xe5,
    0x0, 0xf3, 0xe8, 0xc2, 0x0, 0x61, 0xc6, 0x1a,
    0xea, 0x88, 0x5f, 0xc0, 0x53, 0x80, 0x71, 0x84,
    0xe2, 0x8a, 0xbb, 0x90, 0x5f, 0x94, 0x3, 0x16,
    0x40, 0x0, 0xeb, 0xf2, 0xed, 0xbd, 0x2, 0x1,
    0xc0,

    /* U+E146 "" */
    0x0, 0xff, 0xe0, 0x96, 0x28, 0x7, 0xff, 0x18,
    0xe9, 0x40, 0x3f, 0xf8, 0x85, 0x61, 0x4a, 0x1,
    0xe1, 0x22, 0xfe, 0x68, 0xa, 0x50, 0x8, 0xaf,
    0xb7, 0x7f, 0xd0, 0x0, 0xa1, 0x3, 0xd4, 0x25,
    0x5f, 0x33, 0x65, 0x0, 0x20, 0x87, 0x84, 0x6d,
    0x57, 0xa6, 0x73, 0x2, 0x58, 0x9, 0x99, 0xc0,
    0x3f, 0xd8, 0x69, 0x60, 0x3, 0x6, 0x0, 0xff,
    0x21, 0xa5, 0x80, 0x44, 0x9e, 0x1, 0xfe, 0x4c,
    0xb0, 0x0, 0x80, 0x2d, 0x40, 0x6, 0x1, 0xf8,
    0xc0, 0x13, 0xc2, 0x1, 0xaf, 0xc, 0x3, 0xfc,
    0x60, 0x60, 0x15, 0xa1, 0x98, 0x3, 0xfc, 0xe0,
    0x60, 0xb, 0x43, 0xc0, 0xf, 0xf4, 0x12, 0x8,
    0x5a, 0x3, 0x4d, 0x57, 0xf6, 0xb8, 0xc8, 0xa,
    0x0, 0x15, 0x95, 0x7f, 0x89, 0x30, 0x80, 0x68,
    0x1, 0x1b, 0xbf, 0xee, 0xb2, 0x0, 0x96, 0x82,
    0x18, 0x8b, 0xf8, 0x40, 0x3c, 0xb4, 0x16, 0x40,
    0x1f, 0xfc, 0x45, 0xa3, 0x0, 0xff, 0xe1, 0x0,

    /* U+E14D "" */
    0x0, 0xff, 0xe4, 0x95, 0xff, 0xff, 0xd4, 0x1,
    0xee, 0x42, 0x10, 0x33, 0xf8, 0x17, 0x0, 0x30,
    0x99, 0xb5, 0x3, 0xb3, 0x3d, 0xa2, 0x78, 0x1,
    0xce, 0x1, 0xfe, 0x2c, 0x13, 0xc0, 0xf, 0xdf,
    0x99, 0xe7, 0x2c, 0x23, 0xa0, 0xe, 0x92, 0x21,
    0x9f, 0xb0, 0xb, 0x5, 0x44, 0x3, 0x1e, 0xff,
    0xfd, 0x60, 0x1, 0x50, 0xf, 0xff, 0x11, 0x6f,
    0xff, 0xed, 0x30, 0xf, 0xd6, 0x45, 0xfe, 0x80,
    0xf, 0xc6, 0x1f, 0xbb, 0xec, 0x7, 0x0, 0xff,
    0xfb, 0x38, 0x7, 0xff, 0x9, 0xc0, 0x2, 0x47,
    0x88, 0x1d, 0x77, 0xed, 0x3, 0xc3, 0x21, 0xf,
    0x33, 0x8, 0x1a, 0x27, 0x8c, 0x0, 0x66, 0xf0,
    0x1, 0x67, 0xfe, 0xee, 0xf7, 0xfe, 0xc2, 0x0,

    /* U+E14E "" */
    0x0, 0xc4, 0x1, 0xff, 0xc4, 0x8f, 0xdf, 0x80,
    0xf, 0xf1, 0x0, 0x21, 0xc5, 0x45, 0xe0, 0x3,
    0xf5, 0xe9, 0x3, 0x8f, 0xd7, 0x8b, 0x80, 0x7d,
    0x68, 0x82, 0x20, 0x28, 0x80, 0xa8, 0x10, 0x7,
    0x5a, 0x22, 0xc0, 0x81, 0x4, 0x5, 0x0, 0x80,
    0x36, 0x22, 0x2c, 0x2, 0x70, 0xeb, 0xe0, 0x20,
    0xd, 0x86, 0x96, 0x1, 0xa1, 0xc1, 0x0, 0x89,
    0x80, 0xc, 0x34, 0xb0, 0xf, 0x47, 0xef, 0xea,
    0x1e, 0x60, 0xd2, 0xc0, 0x3f, 0x88, 0x1, 0x68,
    0x66, 0x4b, 0x0, 0xff, 0xe1, 0x38, 0x1d, 0x80,
    0x7f, 0xc4, 0x0, 0xc3, 0x36, 0x2, 0x0, 0x7e,
    0x8f, 0xdf, 0xd3, 0x36, 0x2, 0x5d, 0x80, 0x3d,
    0xe, 0x2a, 0x24, 0x4c, 0x0, 0x22, 0x58, 0x1,
    0xce, 0x3f, 0x5e, 0x24, 0x1, 0xac, 0xcd, 0x80,
    0x11, 0x2, 0x88, 0xa, 0x81, 0x0, 0x6c, 0x33,
    0x60, 0x0, 0x81, 0x4, 0x5, 0x0, 0x80, 0x3b,
    0xc, 0xd6, 0x0, 0x70, 0xeb, 0xe0, 0x70, 0xf,
    0xb1, 0x10, 0x41, 0xe, 0x8, 0xf, 0x0, 0x1f,
    0xaf, 0x48, 0x1, 0x1f, 0xdf, 0x0, 0x1f, 0xe2,
    0x0,

    /* U+E151 "" */
    0x0, 0xfc, 0x44, 0x0, 0xff, 0xe1, 0xa5, 0xfe,
    0xeb, 0xed, 0x40, 0x3f, 0xc3, 0x76, 0x41, 0x44,
    0xa, 0x56, 0x8, 0x7, 0xc3, 0x88, 0x77, 0xd7,
    0x6e, 0xc4, 0x3f, 0x20, 0xf, 0x69, 0x2e, 0x20,
    0x6, 0x3b, 0x61, 0xe0, 0xe, 0x53, 0x35, 0x0,
    0x7e, 0x94, 0x36, 0x0, 0xdc, 0x10, 0x1, 0xfe,
    0x90, 0xa0, 0xc, 0x82, 0x80, 0x1f, 0xe2, 0x21,
    0x88, 0x0, 0x81, 0x40, 0x3f, 0xf8, 0xe, 0x4,
    0x1, 0xff, 0xca, 0x20, 0x60, 0xf, 0xfe, 0x3,
    0x1, 0x0, 0x46, 0x44, 0x0, 0xff, 0x11, 0x90,
    0x80, 0x54, 0x10, 0x1, 0xfe, 0x80, 0xa0, 0xc,
    0xc4, 0xae, 0x1, 0xf9, 0xd4, 0x5c, 0x3, 0xb8,
    0x22, 0x84, 0x3, 0xc, 0xc0, 0x28, 0x7, 0x8f,
    0x9, 0x7a, 0xe2, 0x17, 0xcc, 0x24, 0x96, 0x1,
    0xe3, 0xd8, 0x14, 0x77, 0x20, 0xbf, 0xe1, 0xa5,
    0x0, 0x7c, 0xfd, 0xb7, 0x6d, 0xe8, 0x11, 0x69,
    0xad, 0x0, 0x7e, 0x24, 0x41, 0x0, 0x61, 0xd3,
    0x50, 0xf, 0xfe, 0x28, 0xe7, 0x0,

    /* U+E152 "" */
    0x0, 0xff, 0xed, 0xb, 0x5f, 0xd8, 0x7, 0xff,
    0xd, 0x6f, 0xa5, 0x1, 0x0, 0x3f, 0xf8, 0xb,
    0x7f, 0x48, 0x20, 0x12, 0x0, 0x7f, 0x2d, 0x7d,
    0x20, 0xb5, 0x90, 0x5, 0xa0, 0x1e, 0x4a, 0xfa,
    0x51, 0x6c, 0xe9, 0x83, 0x30, 0x83, 0x80, 0x49,
    0x3d, 0x6a, 0x2d, 0x7d, 0x26, 0x18, 0x66, 0x81,
    0x41, 0x0, 0x65, 0xb0, 0xad, 0xf4, 0xa0, 0x5,
    0x86, 0x6c, 0xc0, 0x70, 0x4, 0x60, 0x9, 0xa4,
    0x0, 0xec, 0x33, 0x60, 0x30, 0x28, 0x5, 0x64,
    0x13, 0xd0, 0x40, 0x16, 0x19, 0xb0, 0xc, 0x50,
    0x3, 0x26, 0xe2, 0x8b, 0xed, 0xae, 0x19, 0xb0,
    0x1, 0x41, 0xc0, 0x1e, 0x3a, 0xe9, 0x24, 0xa3,
    0x36, 0x0, 0x4e, 0xa, 0x1, 0xf8, 0x5b, 0x70,
    0xc2, 0x40, 0x24, 0x15, 0x0, 0xff, 0xe0, 0x1f,
    0x84, 0x80, 0x5a, 0x1e, 0x1, 0xff, 0xc1, 0x32,
    0x32, 0x0, 0x38, 0x28, 0x7, 0xff, 0xa, 0xc2,
    0x81, 0x5, 0x40, 0x3f, 0xf8, 0x6c, 0xc, 0x1c,
    0x1c, 0x1, 0xff, 0xc4, 0x61, 0x65, 0x4, 0x0,
    0xff, 0xe2, 0x50, 0x48, 0x30, 0x7, 0xff, 0x14,
    0xcc, 0x0, 0xd0, 0xf, 0xfe, 0x34, 0x2, 0x20,
    0x3, 0xff, 0x8c, 0x9f, 0x60, 0x1f, 0x0,

    /* U+E153 "" */
    0x0, 0xff, 0xe5, 0x8d, 0xff, 0xff, 0xf1, 0x2c,
    0x40, 0x14, 0x82, 0x46, 0x7f, 0xfc, 0x12, 0x4a,
    0x0, 0x21, 0x76, 0xe6, 0x7f, 0xf0, 0x74, 0x90,
    0x4, 0x4, 0x0, 0x20, 0x1f, 0xfc, 0x11, 0x1,
    0x0, 0xc5, 0xce, 0x1, 0xff, 0xc7, 0x27, 0x40,
    0xf, 0xfe, 0x44, 0x18, 0x7, 0xff, 0x0, 0x40,
    0x2, 0x66, 0xdc, 0xcf, 0xfe, 0x16, 0x91, 0x88,
    0x6a, 0x11, 0x9f, 0xff, 0x8, 0x8f, 0x40, 0x3,
    0x7f, 0xff, 0xfc, 0x4c, 0x10, 0xf, 0xfe, 0x60,
    0xdf, 0xff, 0xff, 0x12, 0xc4, 0x1, 0x48, 0x24,
    0x67, 0xff, 0xc1, 0x24, 0xa0, 0x2, 0x17, 0x6e,
    0x67, 0xff, 0x7, 0x49, 0x0, 0x40, 0x40, 0x2,
    0x1, 0xff, 0xc1, 0x10, 0x10, 0xc, 0x5c, 0xe0,
    0x1f, 0xfc, 0x72, 0x74, 0x0, 0xff, 0xe4, 0x41,
    0x80, 0x7f, 0xf0, 0x4, 0x0, 0x26, 0x6d, 0xcc,
    0xff, 0xe1, 0x69, 0x18, 0x86, 0xa1, 0x19, 0xff,
    0xf0, 0x88, 0xf4, 0x0, 0x37, 0xff, 0xff, 0xc4,
    0xc1, 0x0,

    /* U+E154 "" */
    0x0, 0xfc, 0xdb, 0xd2, 0x1, 0xff, 0xc3, 0x69,
    0x21, 0x6b, 0x0, 0xff, 0xe1, 0x58, 0x6f, 0x9a,
    0x10, 0x7, 0xf2, 0xb1, 0xa9, 0x19, 0x5, 0x84,
    0x12, 0xb1, 0x0, 0x45, 0xd5, 0x39, 0x41, 0x0,
    0x7, 0x25, 0xda, 0x9d, 0x70, 0x7, 0xb, 0xca,
    0xb6, 0xa0, 0x5, 0x90, 0xaf, 0x43, 0x4, 0x6,
    0x30, 0xd5, 0x24, 0x71, 0x28, 0x2f, 0x50, 0xac,
    0xe, 0x4, 0x28, 0x1, 0x46, 0x3b, 0x5d, 0x0,
    0x42, 0xa0, 0xc1, 0x21, 0x64, 0x6, 0xe3, 0x56,
    0x4a, 0xc0, 0xd, 0x25, 0x30, 0x48, 0xa, 0xb,
    0xb, 0x54, 0xf0, 0xd0, 0x23, 0x35, 0x0, 0x42,
    0x1, 0xf8, 0x40, 0x39, 0xc0, 0x23, 0x90, 0xb0,
    0xc0, 0xb4, 0x3f, 0xd, 0x2, 0x22, 0x38, 0x3,
    0xc2, 0x4c, 0x11, 0x86, 0xf0, 0xd1, 0x80, 0x1e,
    0x30, 0x40, 0x64, 0xc0, 0x14, 0xd2, 0xaa, 0x6c,
    0x2, 0x26, 0x7, 0x2, 0x22, 0xa4, 0x38, 0xad,
    0x51, 0x81, 0x61, 0x8d, 0x1, 0x83, 0x82, 0xad,
    0xe3, 0x8c, 0x2, 0xca, 0x79, 0xc3, 0x53, 0x3,
    0xd8, 0x7a, 0x70, 0x80, 0x3, 0x19, 0xa9, 0xd6,
    0x68, 0x2, 0x27, 0x85, 0x82, 0x41, 0xd, 0x8,
    0x58, 0xa6, 0x0, 0xfe, 0xa0, 0xfd, 0x42, 0x40,
    0xf, 0xfe, 0xb, 0xb8, 0x49, 0x3c, 0x3, 0xff,
    0x87, 0x1f, 0xeb, 0x20, 0xf, 0x80,

    /* U+E156 "" */
    0x0, 0xff, 0xe0, 0xae, 0x7e, 0x28, 0x7, 0xff,
    0x9, 0xa8, 0xc4, 0xe9, 0x80, 0x3f, 0xf8, 0x30,
    0x17, 0xd8, 0x10, 0x1, 0xff, 0xc0, 0x21, 0x44,
    0x1, 0xa0, 0x88, 0x3, 0xff, 0x82, 0xa0, 0x12,
    0x80, 0x80, 0x7f, 0x9f, 0x40, 0x76, 0x34, 0x58,
    0x2, 0x17, 0xa7, 0x10, 0x5e, 0x81, 0x85, 0x27,
    0x25, 0x90, 0x1, 0x7c, 0x2c, 0x7e, 0x50, 0xb7,
    0xbd, 0x75, 0xf5, 0x0, 0x5c, 0x2d, 0x6c, 0x26,
    0x6d, 0x91, 0x0, 0xa, 0x8, 0x4, 0x26, 0x69,
    0x49, 0x30, 0xd2, 0x0, 0xff, 0xe9, 0x9, 0x1b,
    0x8b, 0x98, 0x58, 0x80, 0x7f, 0xd2, 0x11, 0xd0,
    0x4, 0xbc, 0xe0, 0x18, 0x40, 0x39, 0x35, 0x91,
    0xb7, 0x50, 0x11, 0xab, 0x1f, 0xdf, 0x0, 0x18,
    0xa6, 0xe4, 0x81, 0xf9, 0x4a, 0x9c, 0x10, 0x5e,
    0x0, 0x3f, 0xc3, 0x56, 0x3, 0xd7, 0xe2, 0xe0,
    0x1f, 0xfc, 0x6, 0x5, 0x10, 0x15, 0x2, 0x0,
    0xff, 0x88, 0x14, 0x40, 0x54, 0x8, 0x3, 0xff,
    0x80, 0xe3, 0xf7, 0xe2, 0xe0, 0x1f, 0xfc, 0x18,
    0x71, 0x41, 0x78, 0x0, 0xff, 0xe1, 0x47, 0xef,
    0xc0, 0x0,

    /* U+E158 "" */
    0x0, 0xf8, 0xf3, 0xa, 0x1, 0xff, 0xc1, 0x8c,
    0x33, 0x54, 0x88, 0x7, 0xc4, 0x91, 0xce, 0x37,
    0x82, 0xdd, 0x2a, 0x40, 0x14, 0xed, 0xb8, 0xb7,
    0xa1, 0xf3, 0x8b, 0x56, 0xd8, 0x1, 0x85, 0xa7,
    0xa4, 0x40, 0x28, 0xea, 0x71, 0x42, 0x10, 0x29,
    0x61, 0x0, 0xf9, 0x61, 0x0, 0x40, 0x3f, 0xff,
    0xe0, 0x1f, 0xfd, 0x51, 0x2, 0x0, 0xff, 0xe0,
    0x30, 0x10, 0x18, 0x90, 0x7, 0xf8, 0x4c, 0x84,
    0x28, 0x20, 0x3, 0xfd, 0x20, 0xa0, 0x6, 0x25,
    0x50, 0x7, 0xe3, 0x70, 0x90, 0xb, 0x82, 0x9c,
    0x3, 0xcb, 0x81, 0x42, 0x1, 0x1d, 0x84, 0x62,
    0x0, 0xa, 0xa8, 0x12, 0xa0, 0x1c, 0x9a, 0x66,
    0xbd, 0xcd, 0x53, 0xc6, 0x0, 0xf8, 0xb2, 0xd0,
    0x8c, 0xd5, 0x86, 0x1, 0xfe, 0x4b, 0xed, 0xc5,
    0x0, 0xf0,

    /* U+E15E "" */
    0x0, 0xff, 0xe1, 0x96, 0x20, 0x7, 0xff, 0x1c,
    0x4e, 0xd0, 0x3, 0xff, 0x8c, 0x74, 0x16, 0x80,
    0x10, 0x91, 0x4, 0x3, 0xf8, 0x88, 0xee, 0xb,
    0x40, 0x7, 0x6e, 0xbb, 0xc, 0x3, 0xab, 0xf7,
    0x67, 0x0, 0x58, 0x2, 0x15, 0x46, 0x6c, 0x30,
    0x0, 0xea, 0x8a, 0xac, 0x80, 0x5, 0x0, 0x3d,
    0x53, 0x24, 0x20, 0x1, 0x64, 0xbd, 0x54, 0xb6,
    0x5, 0xa0, 0xf, 0x34, 0xf0, 0x22, 0x8d, 0x0,
    0x7, 0x9, 0x68, 0x3, 0xf3, 0x28, 0x50, 0x50,
    0x4, 0x84, 0xb4, 0x1, 0xff, 0x48, 0xb2, 0x0,
    0x4b, 0x94, 0x1, 0xff, 0x23, 0xc, 0x80, 0x7f,
    0xf1, 0xa8, 0x28, 0x3, 0x97, 0x28, 0x3, 0xfd,
    0x22, 0xa8, 0x4c, 0x1, 0x29, 0xad, 0x0, 0x7e,
    0x66, 0xd, 0x85, 0x4d, 0x0, 0x5a, 0x4b, 0x40,
    0x13, 0xcd, 0x64, 0x85, 0x8, 0x49, 0x2f, 0x55,
    0x2d, 0x81, 0x68, 0x1, 0xc, 0xa6, 0x6c, 0x40,
    0x0, 0xe3, 0xa, 0xac, 0x80, 0x5, 0x0, 0x76,
    0xeb, 0xb0, 0xc0, 0x30, 0xcf, 0xee, 0xb1, 0xc0,
    0x16, 0x0, 0x12, 0x20, 0x80, 0x7f, 0x11, 0x19,
    0xc2, 0xd0, 0x3, 0xff, 0x88, 0x74, 0x16, 0x80,
    0x1f, 0xfc, 0x63, 0xb4, 0x0, 0x80,

    /* U+E15F "" */
    0x3, 0x10, 0xf, 0xfe, 0x1, 0x20, 0x80, 0x59,
    0x40, 0x1f, 0xe1, 0xad, 0xbe, 0x40, 0x10, 0xf,
    0xf9, 0xf9, 0x49, 0x82, 0x80, 0x3f, 0xe4, 0xd8,
    0x8, 0xd9, 0x41, 0x10, 0x7, 0xe1, 0xab, 0x24,
    0xe7, 0x0, 0xff, 0xe0, 0x3f, 0x29, 0x5d, 0x84,
    0x3, 0xfe, 0x3d, 0x80, 0x7d, 0x40, 0xf, 0xfe,
    0x1, 0x61, 0x26, 0xc0, 0x7, 0xff, 0x9, 0x41,
    0xac, 0x80, 0x3f, 0xf8, 0xa4, 0x1, 0xff, 0xc5,
    0x61, 0x4e, 0x40, 0xf, 0xfe, 0x18, 0xfa, 0xd,
    0xd8, 0x80, 0x3f, 0xf8, 0x43, 0x76, 0x24, 0xd7,
    0x0, 0xff, 0xe1, 0xa6, 0xc0, 0x46, 0xa0, 0x7,
    0xff, 0xd, 0xf5, 0xa, 0xe8, 0x41, 0xc0, 0x3f,
    0xf8, 0x5, 0x76, 0x25, 0xec, 0x32, 0x11, 0x88,
    0x3, 0xf9, 0x36, 0x0, 0xcb, 0x80, 0x1f, 0x20,
    0x1f, 0xf3, 0xff, 0x69, 0x80,

    /* U+E160 "" */
    0x0, 0x8c, 0x40, 0x3f, 0xf8, 0x2, 0x20, 0x1,
    0xf6, 0x74, 0x88, 0x7, 0xfa, 0xf8, 0x1, 0xc2,
    0xa2, 0xde, 0xc0, 0x1f, 0xc2, 0x2, 0x4, 0x75,
    0xcc, 0x33, 0x86, 0x1, 0xfe, 0x10, 0x70, 0x4,
    0xe1, 0x9b, 0x24, 0x40, 0x3f, 0xf8, 0x47, 0x92,
    0x2d, 0xec, 0x1, 0xff, 0xc3, 0x6f, 0x61, 0x9c,
    0x20, 0xf, 0xfe, 0x10, 0xce, 0x11, 0xe0, 0x80,
    0x7f, 0xf0, 0xcf, 0x54, 0x58, 0x3, 0xff, 0xae,
    0x7a, 0xa0, 0xa0, 0x1f, 0xfc, 0x11, 0x9c, 0x23,
    0xc2, 0x0, 0xff, 0xe0, 0x37, 0xb0, 0xce, 0x18,
    0x7, 0xfc, 0x59, 0x22, 0xde, 0xc0, 0x1f, 0x8,
    0x38, 0x2, 0x34, 0xcd, 0x92, 0x20, 0x1f, 0xc4,
    0x75, 0xce, 0x33, 0x86, 0x1, 0xff, 0x70, 0xa8,
    0xb7, 0xb0, 0x7, 0xf0, 0x80, 0x81, 0xf6, 0x74,
    0x88, 0x7, 0xfa, 0xb4, 0x0,

    /* U+E163 "" */
    0x0, 0xff, 0xe2, 0x8d, 0xff, 0xff, 0xb9, 0x80,
    0x1a, 0x84, 0x67, 0xfc, 0x32, 0x82, 0x66, 0xdc,
    0xcf, 0xea, 0xd, 0x0, 0x38, 0x7, 0xf8, 0x40,
    0x3f, 0xff, 0xe0, 0x1f, 0xff, 0xf0, 0xf, 0xfe,
    0x40, 0x80, 0x7f, 0xf0, 0xa7, 0x84, 0x3, 0xff,
    0x83, 0x4e, 0x20, 0x1f, 0x9c, 0x3, 0x1c, 0x0,
    0x61, 0x0, 0x9, 0x1e, 0xe6, 0x7f, 0x50, 0x68,
    0x79, 0x91, 0x9f, 0xf0, 0x4a, 0x1, 0x67, 0xff,
    0xfc, 0xc0,

    /* U+E165 "" */
    0x0, 0xe1, 0x0, 0xfc, 0x20, 0x1f, 0xe3, 0xe7,
    0x2, 0x0, 0x8, 0x8b, 0xa0, 0x3, 0xf8, 0x82,
    0x6b, 0x48, 0x37, 0xe0, 0x38, 0x3, 0xf9, 0xc,
    0x54, 0x48, 0x14, 0x54, 0x0, 0x20, 0x1f, 0x1d,
    0x18, 0x2, 0x40, 0x16, 0x1, 0x4c, 0x80, 0x3e,
    0x3a, 0x62, 0x0, 0xf0, 0xac, 0x48, 0x7, 0xe5,
    0x9c, 0x8, 0xaa, 0x78, 0x45, 0x38, 0x80, 0x7a,
    0x58, 0x0, 0x24, 0xa, 0xa2, 0x4, 0x0, 0x15,
    0x8, 0x6, 0x79, 0x30, 0x52, 0x4d, 0xd4, 0x4,
    0x0, 0x3d, 0x54, 0x0, 0x9e, 0x10, 0xce, 0xa0,
    0x82, 0x23, 0x92, 0xf7, 0x8, 0x2b, 0x44, 0xc0,
    0x3f, 0xf9, 0x15, 0xc2, 0x19, 0xd4, 0x10, 0x0,
    0x52, 0x5e, 0xe1, 0x5, 0x68, 0x80, 0x1e, 0x4c,
    0x14, 0x93, 0xfd, 0x41, 0x20, 0xf, 0x46, 0x0,
    0xd2, 0xc0, 0x1, 0x20, 0x33, 0x8, 0x28, 0x0,
    0xac, 0x80, 0x3c, 0x91, 0xa0, 0xf9, 0x8d, 0x8,
    0x96, 0x0, 0xfc, 0x56, 0xe6, 0x1c, 0x0, 0x20,
    0x16, 0x98, 0x0, 0xf8, 0xa0, 0xc0, 0x16, 0x0,
    0x90, 0xa, 0x24, 0x3, 0xf3, 0x18, 0x21, 0x10,
    0x14, 0x10, 0x8, 0x40, 0x3f, 0x28, 0x3d, 0x59,
    0x7, 0xec, 0x86, 0x0, 0x7f, 0x26, 0x40, 0xa0,
    0x0, 0x8a, 0xd9, 0x0, 0xe0,

    /* U+E167 "" */
    0x0, 0xff, 0xe4, 0x96, 0x7f, 0xff, 0xf0, 0xb0,
    0x80, 0x1c, 0x64, 0x67, 0xff, 0xc0, 0x23, 0xf0,
    0x13, 0x36, 0xe6, 0x7f, 0xf0, 0x34, 0xc8, 0x40,
    0xe, 0x1, 0xff, 0xc2, 0x70, 0xf, 0xff, 0xf8,
    0x7, 0xff, 0xfc, 0x3, 0xff, 0xfc, 0xe0, 0x1f,
    0xfc, 0x27, 0x0, 0x9, 0x1e, 0xdd, 0xff, 0xf0,
    0x34, 0xc8, 0x43, 0xcc, 0x91, 0x3f, 0xf8, 0x4,
    0x7e, 0x0, 0x2c, 0xff, 0xdd, 0xde, 0xff, 0xd8,
    0x40,

    /* U+E176 "" */
    0x0, 0xff, 0xe9, 0x97, 0x70, 0x80, 0x3f, 0xf8,
    0xd0, 0x22, 0x80, 0xf, 0xfe, 0x29, 0x29, 0xa,
    0x90, 0x7, 0xff, 0x12, 0x2, 0xe0, 0x2c, 0x3,
    0xff, 0x86, 0x4a, 0x2c, 0xc1, 0x62, 0x0, 0xff,
    0x85, 0x1b, 0xc2, 0x0, 0x10, 0x1c, 0xc6, 0x20,
    0x1c, 0xd9, 0xfd, 0x72, 0x4a, 0xc0, 0x6, 0x43,
    0x9c, 0xef, 0xc6, 0x0, 0x49, 0x8a, 0x34, 0x65,
    0x0, 0x6b, 0xc8, 0x63, 0x13, 0x90, 0x2, 0x1,
    0x5c, 0xb9, 0x80, 0x78, 0xde, 0x70, 0x81, 0x0,
    0x16, 0x87, 0x80, 0x1f, 0xf0, 0xe1, 0xa5, 0x80,
    0x56, 0x87, 0x80, 0x1f, 0xc3, 0xa6, 0x96, 0x1,
    0xd6, 0x87, 0x20, 0x1f, 0xa0, 0xd6, 0xc0, 0x3e,
    0xb0, 0x40, 0xf, 0xce, 0x14, 0x1, 0xf8, 0x40,
    0x40, 0x3f, 0x18, 0x7, 0xf8, 0x81, 0x80, 0x3f,
    0x38, 0x18, 0x7, 0xe5, 0xd, 0x2, 0xaf, 0xf5,
    0x10, 0x10, 0x28, 0x7, 0xef, 0x1, 0xad, 0x52,
    0x15, 0xda, 0xf0, 0xe0, 0xf, 0xc4, 0x12, 0xa3,
    0x3b, 0xd2, 0x2b, 0x0, 0x40, 0x1f, 0x8c, 0x6,
    0x79, 0x80, 0xd, 0xd0, 0x21, 0xa0, 0x1f, 0xa3,
    0x79, 0x80, 0x3c, 0xfd, 0xae, 0x1, 0x80,

    /* U+E178 "" */
    0x0, 0xff, 0x5b, 0x0, 0x7f, 0xf1, 0xc5, 0x34,
    0x3, 0xff, 0x84, 0x20, 0x1f, 0xfc, 0x5, 0x0,
    0xf9, 0x3a, 0x40, 0x21, 0x5d, 0x0, 0xd9, 0x4a,
    0x1, 0xe5, 0x16, 0x70, 0xa, 0x98, 0x2, 0x93,
    0x32, 0x80, 0x78, 0x70, 0x80, 0x22, 0x44, 0x0,
    0x58, 0xd8, 0x1, 0xf8, 0xb5, 0xc6, 0xb6, 0xed,
    0xee, 0xb, 0x20, 0x1f, 0xfc, 0xd, 0x54, 0xaa,
    0x24, 0x38, 0x7, 0xff, 0x5, 0x8d, 0x2d, 0x55,
    0x69, 0x0, 0x1f, 0xa2, 0xa8, 0x61, 0xa1, 0xc0,
    0x1b, 0x81, 0x0, 0xea, 0x92, 0x0, 0x65, 0x52,
    0x0, 0x7f, 0x84, 0x11, 0x54, 0xe0, 0xe, 0xe9,
    0xc0, 0xc3, 0x80, 0x37, 0x3, 0x83, 0xf7, 0x40,
    0x10, 0x88, 0x1, 0x40, 0x96, 0xaa, 0xb4, 0x41,
    0x0, 0x4, 0x40, 0x1f, 0x8a, 0x81, 0x2a, 0x88,
    0x54, 0x1, 0xff, 0xc0, 0x94, 0x5d, 0x63, 0x49,
    0xd1, 0x59, 0x0, 0xfe, 0xc6, 0xd0, 0x29, 0xcb,
    0x60, 0x6, 0x36, 0x0, 0x7c, 0xa6, 0x69, 0x0,
    0x8c, 0x40, 0x29, 0x33, 0x28, 0x7, 0x96, 0xb0,
    0x2, 0x1c, 0xb0, 0xd, 0x94, 0xa0, 0x1f, 0x28,
    0x7, 0x84, 0x3, 0x94, 0x3, 0xff, 0x82, 0x20,
    0x20, 0x1f, 0xfc, 0x8d, 0xb0, 0xf, 0xf0,

    /* U+E179 "" */
    0x0, 0xff, 0xe9, 0x9f, 0xe0, 0x7, 0xff, 0x19,
    0x30, 0xf, 0x0, 0x3f, 0xf8, 0x87, 0x60, 0x11,
    0xe0, 0x7, 0xff, 0x8, 0xf0, 0x20, 0xd, 0xf,
    0x0, 0x3f, 0xf8, 0x30, 0x12, 0xc0, 0xf6, 0x86,
    0xa0, 0x1f, 0xfc, 0xa, 0xc6, 0x0, 0xd7, 0x65,
    0x0, 0xff, 0xe0, 0x9, 0x80, 0x79, 0x0, 0x3f,
    0xfa, 0x85, 0xaa, 0x1, 0x8, 0x8c, 0x3, 0x26,
    0x90, 0x7, 0xc5, 0x4a, 0x1, 0x74, 0x0, 0x49,
    0x64, 0x20, 0x1e, 0x2b, 0xc, 0x0, 0x84, 0x3,
    0x70, 0x51, 0x80, 0x7c, 0x9d, 0x20, 0xfd, 0xcf,
    0xc4, 0xa, 0xe5, 0x0, 0xfe, 0x10, 0xa8, 0x5,
    0x43, 0xb5, 0x1, 0x0, 0xff, 0x91, 0x4b, 0xea,
    0xec, 0x16, 0x1, 0xf9, 0xe6, 0x46, 0x1a, 0x1c,
    0x20, 0x4, 0x61, 0x40, 0x29, 0x94, 0x0, 0x21,
    0x98, 0x80, 0x40, 0x60, 0x1b, 0x0, 0x41, 0x59,
    0x8e, 0x0, 0xed, 0xd3, 0x85, 0x70, 0x7, 0x2e,
    0x28, 0x3e, 0xeb, 0x80, 0x2, 0x44, 0x0, 0x8,
    0x80, 0x3c, 0x60, 0x11, 0x10, 0x40, 0x15, 0x99,
    0xff, 0xc6, 0xa0, 0x3, 0x99, 0xff, 0xf1, 0x9c,
    0x1, 0xbf, 0xff, 0xfc, 0x6d, 0x0,

    /* U+E17A "" */
    0x0, 0xff, 0xea, 0x7c, 0x80, 0x7f, 0xf1, 0xc4,
    0x8, 0x3, 0xff, 0xb4, 0x48, 0x1, 0xe5, 0x0,
    0xff, 0xe0, 0xc5, 0xb8, 0x6, 0xca, 0x50, 0xf,
    0xfe, 0x4, 0xc, 0x40, 0x1f, 0xd, 0x14, 0x3,
    0xff, 0x80, 0x58, 0x2c, 0x6, 0x64, 0xb0, 0xf,
    0xfe, 0x11, 0x60, 0x80, 0x12, 0xc0, 0x3f, 0xe2,
    0xd5, 0x0, 0x16, 0xa, 0xd8, 0x4, 0x9a, 0x40,
    0x1f, 0x15, 0x28, 0x0, 0xba, 0x80, 0x24, 0xb2,
    0x10, 0xf, 0x15, 0x86, 0x0, 0x42, 0x1, 0xb8,
    0x28, 0xc0, 0x3e, 0x4e, 0x90, 0x7e, 0xe7, 0xe2,
    0x5, 0x72, 0x80, 0x7f, 0x8, 0x54, 0x2, 0xa1,
    0xda, 0x80, 0x80, 0x7f, 0xc8, 0xa5, 0xf5, 0x76,
    0xb, 0x0, 0xfc, 0xf3, 0x23, 0xd, 0xe, 0x10,
    0x2, 0x30, 0xa0, 0x14, 0xca, 0x0, 0x10, 0xcc,
    0x40, 0x20, 0x30, 0xd, 0x80, 0x20, 0xac, 0xc7,
    0x0, 0x76, 0xe9, 0xc2, 0xb8, 0x3, 0x97, 0x14,
    0x1f, 0x75, 0xc0, 0x1, 0x22, 0x0, 0x4, 0x40,
    0x1e, 0x30, 0x8, 0x88, 0x20, 0xa, 0xcc, 0xff,
    0xe3, 0x50, 0x1, 0xcc, 0xff, 0xf8, 0xce, 0x0,
    0xdf, 0xff, 0xfe, 0x36, 0x80,

    /* U+E17D "" */
    0x0, 0xff, 0xe4, 0x96, 0x7f, 0xff, 0xf0, 0xb4,
    0x80, 0x1c, 0x64, 0x67, 0xc0, 0x3, 0x3e, 0x22,
    0x78, 0x9, 0x9b, 0x73, 0x38, 0x83, 0x33, 0xb5,
    0x8, 0x80, 0x7, 0x0, 0xff, 0xe1, 0x8, 0x7,
    0xff, 0x31, 0x73, 0x3c, 0x41, 0x99, 0xe4, 0x0,
    0xc2, 0x67, 0xe0, 0x1, 0x9f, 0x84, 0x3, 0x27,
    0xff, 0x88, 0x3f, 0xfc, 0xa0, 0x1f, 0xfc, 0x73,
    0x0, 0xff, 0xed, 0x98, 0x6, 0x4f, 0xff, 0x10,
    0x7f, 0xf9, 0x40, 0x30, 0x99, 0xf8, 0x0, 0x67,
    0xe1, 0x0, 0xcb, 0x99, 0xe2, 0xc, 0xcf, 0x38,
    0x7, 0xff, 0x1c, 0xc0, 0x33, 0x80, 0x7f, 0xf0,
    0x84, 0x0, 0x24, 0x7b, 0x77, 0xc4, 0x17, 0x7d,
    0x88, 0x24, 0x1e, 0x64, 0x89, 0xc0, 0x4, 0x4e,
    0x32, 0xd0, 0x1, 0x67, 0xfe, 0xee, 0xf7, 0xfe,
    0xd3, 0x0,

    /* U+E17F "" */
    0x0, 0xff, 0xe5, 0x8d, 0xff, 0xfe, 0xa1, 0x0,
    0xff, 0x6a, 0x11, 0x9f, 0x85, 0x74, 0x40, 0x3f,
    0x9, 0x96, 0xe6, 0x7b, 0x94, 0xf0, 0x40, 0x3f,
    0x84, 0x3, 0xf5, 0x29, 0x60, 0x80, 0x7f, 0xf0,
    0x1d, 0x80, 0x35, 0x29, 0x60, 0x80, 0x7f, 0x9a,
    0x24, 0x80, 0x35, 0x29, 0x60, 0x80, 0x7f, 0x28,
    0x9, 0x80, 0x75, 0x29, 0x60, 0x80, 0x7e, 0x3f,
    0xe1, 0x0, 0xf5, 0x29, 0x60, 0x80, 0x7f, 0xf1,
    0xa9, 0x4b, 0x4, 0x4, 0x4, 0x3, 0xff, 0x85,
    0x4a, 0x56, 0x0, 0x42, 0xb0, 0xf, 0xfe, 0x15,
    0xa, 0x80, 0x28, 0x92, 0x80, 0x3f, 0xf8, 0xc3,
    0x84, 0xb4, 0x1, 0xff, 0xc0, 0xc1, 0x60, 0x8,
    0x70, 0x96, 0x80, 0x3f, 0xd8, 0x66, 0x90, 0xc,
    0x38, 0x4b, 0x40, 0x1f, 0xac, 0xcd, 0x80, 0x1e,
    0x1c, 0x25, 0xa0, 0xf, 0x5a, 0x1e, 0x0, 0x7e,
    0x1c, 0x25, 0xa0, 0xd, 0x68, 0x78, 0x1, 0xfe,
    0x1c, 0x25, 0xa0, 0x6, 0x21, 0xe0, 0x7, 0xff,
    0x0, 0x70, 0x97, 0x78, 0xd3, 0x0, 0x3f, 0xf8,
    0x43, 0x88, 0x42, 0xd6, 0x1, 0xff, 0xc4, 0x1b,
    0xff, 0x48, 0x7, 0xe0,

    /* U+E181 "" */
    0x6, 0x20, 0xf, 0xfe, 0x19, 0x4e, 0x10, 0x7,
    0xff, 0x8, 0xa0, 0x70, 0x80, 0x3f, 0xf8, 0x4f,
    0x3, 0x84, 0x1, 0xff, 0xc2, 0x78, 0x1c, 0x20,
    0xf, 0xfe, 0x13, 0xc0, 0xe1, 0x0, 0x7f, 0xf0,
    0x9d, 0xc3, 0x80, 0x1f, 0xfc, 0x33, 0x2, 0x0,
    0xff, 0xe1, 0x5a, 0x1e, 0x0, 0x7f, 0xf0, 0x6d,
    0xf, 0x0, 0x3f, 0xf8, 0x36, 0x87, 0x80, 0x1f,
    0xfc, 0x1b, 0x43, 0xc0, 0xf, 0xfe, 0x9, 0x21,
    0xe0, 0x7, 0xff, 0x8, 0xb3, 0x0, 0x1c, 0xf7,
    0x7f, 0x50, 0x0, 0xc0, 0x3d, 0x68, 0x9f, 0x29,
    0x0, 0x7e, 0xce, 0xef, 0xbc, 0x80,

    /* U+E186 "" */
    0x0, 0xff, 0xe0, 0xcf, 0xfa, 0x40, 0x39, 0xd8,
    0x44, 0xce, 0x1, 0xb0, 0x33, 0x1, 0x80, 0x1e,
    0x33, 0x3, 0x80, 0x7f, 0xff, 0x9c, 0x3, 0xf3,
    0x18, 0x8, 0x80, 0xdc, 0x6, 0x42, 0xc0, 0x18,
    0x10, 0x2e, 0xe, 0x80, 0x3, 0x80, 0x6e, 0xc,
    0x0, 0xc6, 0x1d, 0xc0, 0x30, 0xc, 0x61, 0xee,
    0x10, 0x80, 0x3, 0x90, 0x71, 0x90, 0xbd, 0xd6,
    0xc, 0x88, 0x35, 0x91, 0x47, 0x6c, 0x1, 0x26,
    0xff, 0xb1, 0x0, 0x0,

    /* U+E18E "" */
    0x0, 0xff, 0xe7, 0x3f, 0x7f, 0xee, 0x70, 0xf,
    0xf9, 0x60, 0x4c, 0xf0, 0xc2, 0x80, 0x7f, 0xb4,
    0x2b, 0x33, 0x50, 0x60, 0x7, 0xa2, 0x66, 0x50,
    0xe9, 0x9d, 0xc0, 0x93, 0x34, 0x0, 0xbb, 0x34,
    0x40, 0x8c, 0xd9, 0x0, 0x99, 0xa7, 0x11, 0x74,
    0x3, 0x6e, 0xff, 0x98, 0x23, 0x84, 0x4, 0x83,
    0x88, 0xbf, 0xdc, 0x4, 0x20, 0x1f, 0xfc, 0xdf,
    0x0, 0x46, 0x80, 0x32, 0x0, 0x3f, 0xf8, 0x46,
    0x42, 0x23, 0x30, 0x7, 0xff, 0x7b, 0xc0, 0x3f,
    0xfd, 0x22, 0x20, 0xf, 0xfe, 0x25, 0x60, 0x3,
    0x28, 0x3, 0xff, 0x84, 0x26, 0x0, 0x31, 0x0,
    0xff, 0x84, 0x3, 0xfc, 0x20, 0x1e, 0x40, 0x6d,
    0xcc, 0xfd, 0xac, 0x28, 0x1, 0x87, 0x8, 0x86,
    0x7f, 0x88, 0x9a, 0x20, 0x1c, 0x7b, 0xff, 0xfe,
    0xd3, 0x0, 0x80,

    /* U+E190 "" */
    0x2, 0x10, 0xf, 0xfe, 0x46, 0xe1, 0x0, 0x7f,
    0xf1, 0xdc, 0xb0, 0x80, 0x3c, 0xda, 0x60, 0x1f,
    0xd0, 0xc3, 0x84, 0x1, 0x9a, 0x4b, 0x4c, 0x3,
    0xfa, 0x58, 0x70, 0x40, 0xd, 0x20, 0xe3, 0xa6,
    0x1, 0x23, 0x80, 0x69, 0x61, 0xc1, 0x69, 0xc,
    0x89, 0x1d, 0x30, 0x7, 0xc0, 0x80, 0x69, 0x62,
    0xf9, 0xc, 0x30, 0x69, 0x1d, 0x30, 0xf, 0xe9,
    0x61, 0xc, 0x30, 0x9, 0xa4, 0x70, 0xc0, 0x3f,
    0xa6, 0x5a, 0x60, 0x1c, 0xd2, 0x18, 0xa0, 0x1f,
    0xcc, 0x40, 0x1e, 0x17, 0x70, 0x8, 0x7, 0xff,
    0xc, 0xbf, 0xb8, 0xe0, 0x1f, 0xfc, 0x52, 0x54,
    0x4e, 0x61,

    /* U+E191 "" */
    0x0, 0xff, 0xe1, 0x55, 0xdf, 0x48, 0x7, 0xff,
    0x8, 0x55, 0x13, 0x98, 0x40, 0x3f, 0xf8, 0x23,
    0xfd, 0xc7, 0x0, 0xff, 0x94, 0x80, 0x3c, 0x2e,
    0xe0, 0x10, 0xf, 0xd3, 0x5a, 0x60, 0x1c, 0xd2,
    0x18, 0xa0, 0x1f, 0x4b, 0x8, 0x61, 0x80, 0x4d,
    0x21, 0x86, 0x1, 0xf4, 0xb1, 0x7c, 0x86, 0x18,
    0x34, 0x86, 0x18, 0x7, 0xd2, 0xc5, 0x82, 0xd2,
    0x19, 0x32, 0x1c, 0x30, 0x7, 0xc0, 0x80, 0x25,
    0x87, 0x4, 0x0, 0xd2, 0xc, 0x3a, 0x60, 0x12,
    0x38, 0x2, 0x58, 0x70, 0x40, 0x33, 0x49, 0x69,
    0x80, 0x7e, 0x62, 0xc2, 0x0, 0xf3, 0x69, 0x80,
    0x7f, 0x6e, 0x10, 0x7, 0xff, 0x18,

    /* U+E193 "" */
    0x0, 0xff, 0x8, 0x80, 0x3f, 0xf8, 0xf5, 0xdc,
    0x90, 0xf, 0xfe, 0x2c, 0x29, 0x99, 0xa0, 0x3,
    0xff, 0x86, 0x4e, 0x39, 0xa2, 0xe4, 0x1, 0xff,
    0xc2, 0x90, 0xb0, 0x18, 0x8, 0x0, 0xff, 0xe0,
    0xa2, 0xd, 0x40, 0xc, 0x4a, 0x60, 0x1f, 0xfc,
    0x9, 0xf, 0x5, 0x50, 0x48, 0x78, 0x7, 0xfc,
    0xc4, 0xa6, 0x17, 0x60, 0x45, 0x36, 0x0, 0xfe,
    0x18, 0xb, 0x0, 0xf4, 0x4, 0x0, 0x7f, 0x40,
    0xb8, 0x80, 0x78, 0x9c, 0x60, 0x3, 0xe2, 0x61,
    0x80, 0xf, 0xd0, 0x2e, 0x40, 0x1e, 0x90, 0xb0,
    0xc, 0xee, 0x0, 0xd0, 0x12, 0x1, 0xc8, 0x83,
    0x50, 0xd, 0x32, 0x0, 0xcc, 0x48, 0x80, 0xd,
    0x21, 0xe0, 0x1c, 0x24, 0x1, 0xd2, 0x12, 0x1,
    0x31, 0x29, 0x80, 0x76, 0x78, 0x7, 0x22, 0x9,
    0x80, 0x10, 0x16, 0x1, 0xe9, 0x90, 0x7, 0xa4,
    0x20, 0x0, 0x24, 0x20, 0x1e, 0x44, 0x0, 0x78,
    0x88, 0x20, 0x2, 0x26, 0xdd, 0xff, 0xf0, 0x73,
    0x48, 0xc0, 0x1e, 0x64, 0x89, 0xff, 0xc1, 0x32,
    0x3e, 0x0, 0x16, 0x7f, 0x77, 0xff, 0xb, 0xf0,
    0x80,

    /* U+E194 "" */
    0x0, 0xff, 0xe5, 0x8d, 0xff, 0xff, 0x48, 0x7,
    0xfb, 0x50, 0x8c, 0xfe, 0x16, 0x80, 0xf, 0xe3,
    0x36, 0xe6, 0x7e, 0x3, 0x0, 0xfc, 0x20, 0x1f,
    0xe3, 0x4, 0xcc, 0x59, 0x0, 0x7f, 0xf1, 0x8c,
    0xc9, 0x82, 0x1, 0xff, 0xc4, 0x3f, 0xf3, 0xd,
    0x0, 0x7f, 0xf1, 0xe5, 0x11, 0x20, 0x1f, 0xfc,
    0x7a, 0x16, 0x50, 0xf, 0xfe, 0x30, 0xe8, 0x50,
    0x7, 0xff, 0x1c, 0xcc, 0x2, 0x0, 0x70, 0x2,
    0x31, 0x80, 0x78, 0xdd, 0x0, 0xe, 0x1, 0xe9,
    0xb9, 0xc7, 0x0, 0xc7, 0x91, 0x74, 0x1, 0x84,
    0x16, 0x98, 0xa4, 0x62, 0xa6, 0xc0, 0x25, 0x5,
    0xa5, 0x1, 0x6, 0x15, 0x4, 0x62, 0x5, 0x65,
    0x0, 0x25, 0x38, 0x28, 0xb0, 0x2, 0x77, 0x1,
    0xb4, 0xcb, 0x37, 0x63, 0x4a, 0x70, 0xcd, 0x90,
    0x8, 0x8e, 0x80, 0x87, 0x8c, 0x8a, 0xe3, 0x52,
    0xc3, 0x20, 0xf, 0x2f, 0x67, 0x18, 0x6, 0x2c,
    0xfd, 0x30, 0xc,

    /* U+E195 "" */
    0x0, 0xf1, 0x80, 0x7e, 0x30, 0xf, 0xf9, 0xb2,
    0x40, 0x3d, 0x18, 0xc0, 0x1f, 0xe7, 0x26, 0x90,
    0xd, 0x2e, 0x4e, 0x1, 0xfe, 0x1c, 0x26, 0x90,
    0x4, 0xb0, 0xf8, 0x80, 0x7f, 0xc3, 0x84, 0xd3,
    0x26, 0x1c, 0x20, 0xf, 0xcd, 0x77, 0xa8, 0x0,
    0xcc, 0x3, 0x9b, 0xbc, 0xc0, 0x14, 0x4a, 0x27,
    0x10, 0x6, 0x24, 0x4e, 0x98, 0x0, 0x38, 0xe6,
    0xf7, 0x7f, 0xf0, 0x37, 0x5, 0xc0, 0x40, 0x8c,
    0x84, 0x7f, 0xf8, 0x4, 0x64, 0x2, 0x1, 0xff,
    0xff, 0x0, 0xff, 0xff, 0x80, 0x7f, 0xf9, 0x84,
    0x3, 0xff, 0x88, 0x20, 0x1, 0x32, 0xdc, 0xcf,
    0xfe, 0x16, 0x91, 0x88, 0x69, 0x91, 0x9f, 0xff,
    0x8, 0x8f, 0x40, 0x3, 0x9f, 0xff, 0xfc, 0x4c,
    0x10,

    /* U+E199 "" */
    0x0, 0xff, 0xea, 0x66, 0x0, 0x3f, 0xf8, 0xe2,
    0x44, 0x10, 0xf, 0xfe, 0x19, 0x4f, 0x70, 0x45,
    0xdb, 0x24, 0x1, 0xff, 0x4e, 0xb0, 0xa3, 0x31,
    0x9, 0xb6, 0x40, 0x3f, 0xe, 0xb1, 0x57, 0xdc,
    0xca, 0xfe, 0x89, 0xb4, 0x40, 0x38, 0x70, 0x9b,
    0x54, 0x3, 0xcb, 0xaa, 0x58, 0x20, 0x1a, 0xc9,
    0xa4, 0x3, 0xfd, 0x4c, 0x56, 0x1, 0x1a, 0x94,
    0x80, 0x7f, 0xf0, 0x24, 0x94, 0xc0, 0x12, 0x10,
    0x1, 0xff, 0xc2, 0x80, 0x90, 0x2, 0x8a, 0x80,
    0x7f, 0xf0, 0x94, 0x54, 0x2, 0x1f, 0xff, 0xfe,
    0x20, 0x88, 0x1, 0x66, 0x45, 0xf0, 0x0, 0x8b,
    0xe3, 0xa0, 0x2, 0x66, 0xef, 0xc2, 0x2d, 0xdf,
    0xb1, 0x0, 0x3f, 0xff, 0xe0, 0x1e, 0x72, 0x0,
    0xff, 0xe2, 0x88, 0x2c, 0x50, 0x7, 0xff, 0x11,
    0xc3, 0xa8, 0x30, 0x3, 0xff, 0x89, 0x28, 0x21,
    0x8, 0x1, 0xff, 0xc5, 0xbf, 0xf3, 0x80, 0x7c,

    /* U+E19E "" */
    0x0, 0xfe, 0x11, 0x0, 0x7f, 0xf1, 0x4b, 0xf8,
    0xc0, 0x3f, 0xf8, 0x65, 0x82, 0x18, 0x60, 0x1f,
    0xfc, 0x12, 0xc1, 0x0, 0xb0, 0xc0, 0x3f, 0xe2,
    0xc1, 0x72, 0x9, 0xc, 0x30, 0xf, 0xe1, 0xc1,
    0x78, 0x0, 0x34, 0x86, 0x18, 0x7, 0xe5, 0x17,
    0x80, 0xc, 0xd2, 0x8, 0x1, 0xf9, 0x3a, 0x0,
    0x3c, 0xdc, 0xe0, 0x1f, 0xc2, 0x1, 0xf8, 0x40,
    0x3f, 0xfc, 0x42, 0x1, 0xff, 0xc4, 0x20, 0x7,
    0x50, 0x7, 0xff, 0x9, 0xf4, 0xc4, 0x4, 0x3,
    0xd3, 0x20, 0xf, 0x70, 0x0, 0x40, 0x3f, 0x23,
    0x0, 0x7f, 0xf4, 0xdc, 0x3, 0xff, 0x84, 0x60,
    0x11, 0x9b, 0x6e, 0xff, 0xf8, 0x18, 0xa2, 0x61,
    0xc6, 0x48, 0x9f, 0xfc, 0x3, 0x2d, 0x0, 0x16,
    0x7f, 0xee, 0xef, 0x7f, 0xed, 0x30,

    /* U+E19F "" */
    0x0, 0xf8, 0x44, 0x1, 0xff, 0xc0, 0x5d, 0xee,
    0x98, 0x3, 0xf9, 0xa8, 0x8d, 0x6, 0x60, 0x3,
    0xe1, 0x90, 0xcc, 0x5e, 0x8b, 0x90, 0x7, 0x9c,
    0x1c, 0xc0, 0x5, 0x1, 0x40, 0x1e, 0x10, 0xd0,
    0xc, 0xa0, 0x20, 0x1e, 0x20, 0xc0, 0xc, 0x81,
    0xc0, 0x1e, 0x51, 0x65, 0x0, 0x24, 0x2, 0x80,
    0x7d, 0x41, 0x5d, 0xcb, 0x9, 0x20, 0xf, 0x93,
    0x10, 0x4, 0xed, 0x80, 0x3f, 0x8e, 0xfb, 0xf1,
    0x0, 0x3f, 0xe1, 0x18, 0x3, 0xf8, 0x6b, 0xfd,
    0xdd, 0x7f, 0xd6, 0x60, 0x11, 0x7a, 0x89, 0xa2,
    0x63, 0x24, 0xc4, 0x0, 0x70, 0xbf, 0x65, 0xde,
    0xcd, 0x90, 0xa0, 0x23, 0x34, 0x0, 0x7e, 0x65,
    0x13, 0x60, 0x50, 0xf, 0xf6, 0x82, 0x80, 0x4,
    0x3, 0xfc, 0x20, 0x7, 0xf, 0x0, 0xff, 0x18,
    0x19, 0xb5, 0xc0, 0x3f, 0xcb, 0xaa,

    /* U+E1A4 "" */
    0x0, 0xf8, 0x44, 0x1, 0xff, 0xc6, 0x3c, 0xee,
    0x7c, 0x0, 0x7, 0xf0, 0xc0, 0x3f, 0x8f, 0xc,
    0xc8, 0x2f, 0x60, 0x26, 0x6c, 0x40, 0xf, 0xdc,
    0x15, 0x97, 0xe6, 0x8a, 0x19, 0x41, 0x20, 0x1f,
    0x19, 0x22, 0x80, 0x7, 0xc3, 0x80, 0xa, 0x84,
    0x60, 0x1e, 0x70, 0x30, 0xc, 0x60, 0xe0, 0x11,
    0x83, 0x80, 0x79, 0x81, 0x0, 0x32, 0x3, 0x0,
    0x48, 0xc, 0x1, 0xe2, 0x33, 0x40, 0x0, 0xa8,
    0x38, 0x1, 0x6, 0x62, 0x0, 0xfb, 0x85, 0xfb,
    0x74, 0x2c, 0x83, 0xce, 0x3c, 0x1, 0xf8, 0xbd,
    0x80, 0x89, 0x52, 0x0, 0x25, 0xf2, 0x0, 0xfe,
    0x19, 0xef, 0xd5, 0x0, 0xe, 0x50, 0x80, 0x7f,
    0xc2, 0x30, 0x7, 0xff, 0x12, 0x7b, 0xfb, 0xaf,
    0xfb, 0x10, 0x0, 0x9d, 0x22, 0x1, 0xb5, 0x80,
    0xd1, 0x31, 0x91, 0xdb, 0x3, 0x83, 0x68, 0x80,
    0x24, 0x97, 0xb2, 0xef, 0x66, 0xe0, 0x48, 0x9f,
    0x29, 0xc8, 0x1, 0xc6, 0x80, 0x3f, 0x1c, 0x3,
    0x80, 0x28, 0x1c, 0x4, 0x44, 0x1, 0xfe, 0x30,
    0xf0, 0x8, 0xc0, 0x40, 0xe, 0x1, 0xfe, 0x70,
    0xe, 0x70, 0x0, 0x80, 0x80, 0x7f, 0x84, 0x4,
    0x2, 0x10, 0x10, 0xea, 0x0, 0xff, 0x16, 0xc0,
    0x5, 0x5c, 0x0,

    /* U+E1AA "" */
    0x0, 0xfc, 0x2a, 0x1, 0xff, 0xc2, 0x2f, 0xac,
    0x0, 0xff, 0xe0, 0x16, 0x8, 0x18, 0x7, 0xfc,
    0x58, 0x2e, 0x40, 0x1f, 0x8e, 0xa9, 0x78, 0x2f,
    0x0, 0x1f, 0xda, 0xaa, 0x41, 0x88, 0x0, 0x7a,
    0x90, 0x4, 0x47, 0xba, 0xf7, 0x0, 0xf1, 0x2c,
    0x80, 0x4e, 0x44, 0x0, 0xfc, 0x4a, 0x48, 0x1,
    0xff, 0xc2, 0xf0, 0x30, 0xf, 0xfe, 0x11, 0x80,
    0x80, 0x7f, 0xf0, 0xb4, 0x14, 0x0, 0xca, 0xa3,
    0x0, 0xf8, 0x90, 0xcc, 0x26, 0x55, 0x4c, 0xa0,
    0xf, 0x14, 0x70, 0x3, 0x26, 0x20, 0x4b, 0x60,
    0x1e, 0x72, 0x0, 0x99, 0xdd, 0x86, 0x96, 0x1,
    0xff, 0xc1, 0x1d, 0x34, 0x20, 0xf, 0xfe, 0x8,
    0xe1, 0x83, 0x0, 0x7f, 0xf0, 0xb3, 0xa4, 0x3,
    0xc0,

    /* U+E1AB "" */
    0x0, 0xfc, 0x2a, 0x1, 0xff, 0xc7, 0x2f, 0xac,
    0x0, 0xff, 0xe2, 0x96, 0x8, 0x18, 0x7, 0xa9,
    0x40, 0x3f, 0x16, 0xb, 0x90, 0x7, 0x85, 0x68,
    0xc0, 0x23, 0xaa, 0x5e, 0xb, 0xc0, 0x7, 0xc3,
    0x41, 0xc0, 0x16, 0xaa, 0x90, 0x62, 0x0, 0x1e,
    0xa4, 0x5, 0x51, 0x28, 0x8, 0x8f, 0x75, 0xee,
    0x1, 0xe2, 0x59, 0x0, 0x48, 0x70, 0x4, 0xe4,
    0x40, 0xf, 0xc4, 0xa4, 0x80, 0x62, 0x80, 0x1f,
    0xfc, 0x3f, 0x3, 0x0, 0x10, 0x7, 0xff, 0x10,
    0xc0, 0x40, 0x3f, 0xf8, 0xfa, 0xa, 0x0, 0x21,
    0x0, 0x99, 0x54, 0x60, 0x1f, 0x12, 0x19, 0x80,
    0xc5, 0x0, 0x4c, 0xaa, 0x99, 0x40, 0x1e, 0x28,
    0xe0, 0x4, 0x87, 0x80, 0x32, 0x62, 0x4, 0xb6,
    0x1, 0xe7, 0x20, 0x55, 0x12, 0x80, 0x4c, 0xee,
    0xc3, 0x4b, 0x0, 0xf8, 0x68, 0x24, 0x3, 0xe1,
    0xd3, 0x42, 0x0, 0xf0, 0xb5, 0x20, 0x7, 0xe1,
    0xc3, 0x6, 0x0, 0xf4, 0xa8, 0x7, 0xfd, 0x9d,
    0x20, 0x1f, 0xf0,

    /* U+E1AC "" */
    0x0, 0xfc, 0x2a, 0x1, 0xff, 0xc7, 0x2f, 0xac,
    0x0, 0xff, 0xe2, 0x96, 0x8, 0x18, 0x7, 0xff,
    0x10, 0xb0, 0x5c, 0x80, 0x3f, 0xf8, 0x27, 0x54,
    0xbc, 0x17, 0x80, 0xf, 0xfe, 0x16, 0xaa, 0x90,
    0x62, 0x0, 0x1c, 0x36, 0x80, 0x13, 0x48, 0x8,
    0x8f, 0x75, 0xee, 0x1, 0xf2, 0x5a, 0x83, 0xcb,
    0x80, 0x4e, 0x44, 0x0, 0xfc, 0x36, 0x15, 0x48,
    0x1c, 0x0, 0xff, 0xe1, 0xa5, 0x82, 0x8e, 0x90,
    0x7, 0xff, 0x10, 0xc0, 0x2, 0xc0, 0x1f, 0xfc,
    0x47, 0x81, 0x80, 0xa5, 0x0, 0x99, 0x54, 0x60,
    0x1f, 0x14, 0xe, 0x3d, 0x85, 0x0, 0x99, 0x55,
    0x32, 0x80, 0x3c, 0x51, 0x84, 0x9, 0x92, 0x0,
    0xc9, 0x88, 0x12, 0xd8, 0x7, 0x9c, 0x80, 0x23,
    0x60, 0x9, 0x9d, 0xd8, 0x69, 0x60, 0x1f, 0xfc,
    0x61, 0xd3, 0x42, 0x0, 0xff, 0xe3, 0xe, 0x18,
    0x30, 0x7, 0xff, 0x1f, 0x3a, 0x40, 0x3f, 0xe0,

    /* U+E1AE "" */
    0x0, 0xfc, 0x48, 0xcc, 0x42, 0x0, 0xff, 0xe0,
    0xad, 0x7e, 0xdc, 0xca, 0xf7, 0xe9, 0x0, 0x3f,
    0x2e, 0xd2, 0x8a, 0xbc, 0x41, 0xd4, 0x56, 0xf5,
    0x40, 0x3a, 0xa8, 0x4b, 0x9d, 0x50, 0xee, 0x8a,
    0xec, 0x42, 0xa9, 0x0, 0xb5, 0x4b, 0x28, 0xc0,
    0x3f, 0x1d, 0xe1, 0x36, 0x80, 0x5, 0xb4, 0xc0,
    0x7, 0x17, 0xb9, 0x70, 0x40, 0x3, 0xd6, 0x60,
    0x3, 0x24, 0x0, 0x79, 0x87, 0x42, 0x34, 0x7d,
    0xc3, 0x0, 0x4d, 0x80, 0x73, 0xe1, 0x9a, 0x77,
    0xfd, 0xb2, 0x66, 0xc6, 0x0, 0xf8, 0xe0, 0x2b,
    0x18, 0x80, 0x4, 0xd9, 0x21, 0x26, 0x1, 0xe3,
    0x7d, 0x50, 0x8, 0xc8, 0x2, 0x6d, 0x73, 0x0,
    0xfa, 0x8, 0x6, 0x7f, 0x37, 0xe4, 0x40, 0xa0,
    0x3, 0xfe, 0xf6, 0x15, 0x50, 0xb7, 0x80, 0x7f,
    0xf0, 0x95, 0xfa, 0xa9, 0xce, 0xa0, 0x1f, 0xfc,
    0x2b, 0x80, 0xd, 0x16, 0x1, 0xff, 0xc5, 0x66,
    0x0, 0x7f, 0xf2, 0x2a, 0x80, 0x1f, 0xfc, 0x8c,
    0xc0, 0x7, 0xf8,

    /* U+E1B0 "" */
    0x0, 0xfe, 0x11, 0x0, 0x7f, 0xf1, 0xe3, 0xb9,
    0x62, 0x1, 0xff, 0xc5, 0x41, 0x24, 0x80, 0xf,
    0xfe, 0x2e, 0x76, 0x2, 0x80, 0x4b, 0x32, 0x30,
    0xa, 0x73, 0x3f, 0x78, 0x28, 0x2, 0x29, 0x99,
    0x8a, 0x0, 0x73, 0x3f, 0xc2, 0xb2, 0x0, 0x32,
    0xb9, 0x8, 0x0, 0x77, 0xff, 0xf5, 0x0, 0x57,
    0xa8, 0xc6, 0x40, 0x1f, 0xfc, 0x72, 0x31, 0x0,
    0x5e, 0xef, 0xff, 0x14, 0x20, 0x0, 0xc4, 0x5f,
    0xfc, 0x41, 0x86, 0x0, 0x6f, 0xff, 0xff, 0x13,
    0x9c, 0x3, 0xff, 0x9b, 0xdf, 0xff, 0xfc, 0x7,
    0x0, 0xfc, 0xe6, 0x7f, 0xf0, 0x42, 0x0, 0x7d,
    0x39, 0x9f, 0xf5, 0x6, 0x0, 0x7f, 0xf1, 0x6a,
    0x38, 0x38, 0x3, 0xff, 0x88, 0x2a, 0xe8, 0x6c,
    0x1, 0xff, 0xc4, 0x1e, 0x9a, 0xc0, 0xf, 0x80,

    /* U+E1B1 "" */
    0x0, 0xff, 0xe1, 0x8, 0x7, 0xff, 0x18, 0xeb,
    0xfb, 0xf0, 0x40, 0x3f, 0xf8, 0x51, 0x8a, 0x26,
    0x6, 0x80, 0x1f, 0xfc, 0x17, 0x70, 0xd7, 0x28,
    0xa, 0x0, 0x7f, 0xf0, 0x6, 0x3, 0x16, 0x18,
    0x70, 0x44, 0xa2, 0x1, 0xfc, 0xc1, 0x4, 0xce,
    0x38, 0x44, 0xfa, 0xa0, 0x7, 0xf6, 0x82, 0x6,
    0x4, 0x11, 0x30, 0x41, 0x0, 0x3f, 0x84, 0x8,
    0x38, 0x25, 0xb0, 0x5c, 0xc0, 0x40, 0x3f, 0x10,
    0x28, 0x25, 0x4, 0x8b, 0xc1, 0x0, 0x80, 0x7e,
    0x30, 0xc0, 0x2, 0xda, 0xcc, 0x28, 0xa8, 0x7,
    0xe8, 0x51, 0x90, 0x9, 0x29, 0x8a, 0xc2, 0x40,
    0x3e, 0x87, 0x1c, 0x11, 0x42, 0x11, 0xc6, 0x8c,
    0x18, 0x7, 0xa1, 0xc7, 0x8, 0x9e, 0xf7, 0xb8,
    0xe1, 0x2e, 0x1, 0xe8, 0x71, 0xc2, 0x26, 0xa,
    0xa9, 0x16, 0x79, 0x80, 0x3d, 0xe, 0x38, 0x44,
    0xc1, 0x6a, 0xa5, 0xd3, 0x8, 0x7, 0xa1, 0xc7,
    0x8, 0x98, 0x2f, 0x20, 0x1f, 0xf3, 0xb8, 0x70,
    0x89, 0x82, 0xf0, 0x1, 0xff, 0xc0, 0x80, 0xc2,
    0x26, 0xb, 0xc0, 0x7, 0xff, 0x8, 0x8a, 0xc1,
    0x78, 0x0, 0xff, 0xe1, 0x21, 0x6e, 0x85, 0xe0,
    0x3, 0xff, 0x87, 0x48, 0x43, 0x10, 0x0, 0xff,
    0xe2, 0xd, 0xff, 0x38, 0x7, 0xff, 0x10,

    /* U+E1B2 "" */
    0x3e, 0x50, 0xf, 0xcb, 0xe6, 0x3, 0x4a, 0x1,
    0xe5, 0xa0, 0x13, 0xb0, 0xa5, 0x0, 0xcb, 0x41,
    0x64, 0x9, 0x61, 0x4a, 0x0, 0x5a, 0xb, 0x40,
    0x9, 0x2c, 0x29, 0x55, 0x41, 0x68, 0x1, 0xc9,
    0x61, 0x54, 0xb, 0x40, 0xf, 0x91, 0xc0, 0xe,
    0x80, 0x1f, 0x91, 0xc0, 0xe, 0x80, 0x1f, 0x25,
    0x85, 0x50, 0x2d, 0x0, 0x39, 0x2c, 0x29, 0x55,
    0x41, 0x68, 0x1, 0x25, 0x85, 0x28, 0x1, 0x68,
    0x2d, 0x0, 0xac, 0x29, 0x40, 0x32, 0xd0, 0x59,
    0x30, 0x52, 0x80, 0x79, 0x68, 0x4,

    /* U+E1B4 "" */
    0x0, 0xff, 0xe9, 0x5f, 0xb0, 0x7, 0xff, 0x12,
    0xd0, 0x30, 0x3, 0xff, 0x87, 0x68, 0x0, 0xc0,
    0xf, 0xfe, 0x15, 0xa1, 0x88, 0x38, 0x7, 0xff,
    0x6, 0x90, 0xfc, 0x4c, 0x40, 0x3f, 0xf8, 0x14,
    0xa5, 0xa8, 0x16, 0x1, 0xff, 0xc0, 0x95, 0x2c,
    0x1b, 0x5, 0x0, 0xff, 0xa5, 0x8b, 0x4, 0x4,
    0x3b, 0x33, 0xad, 0x0, 0x28, 0x61, 0xf1, 0x0,
    0x40, 0x19, 0xf9, 0x2c, 0x41, 0xdc, 0x38, 0x40,
    0x12, 0xff, 0xfb, 0x0, 0x21, 0x80, 0xd2, 0x0,
    0xff, 0x16, 0x84, 0x8, 0x5, 0x9f, 0xfe, 0x50,
    0x8, 0xb0, 0x5d, 0xc0, 0x36, 0x86, 0x7e, 0x8,
    0x0, 0xf, 0x8b, 0x40, 0x4, 0x97, 0x99, 0xdc,
    0x2, 0x3, 0x84, 0xd2, 0x1, 0xff, 0x28, 0x58,
    0xe1, 0x2c, 0x80, 0x7f, 0xf0, 0x2c, 0x13, 0x49,
    0x68, 0x3, 0xff, 0x80, 0x26, 0x3e, 0x69, 0x40,
    0x1f, 0xfc, 0x17, 0x1, 0x34, 0xb0, 0xf, 0xfe,
    0x16, 0x80, 0x12, 0xc0, 0x3f, 0xf8, 0x7a, 0x9,
    0x60, 0x1f, 0xfc, 0x46, 0xfb, 0x0, 0xff, 0x0,

    /* U+E1BB "" */
    0x0, 0xff, 0xe7, 0x37, 0xfe, 0xe0, 0xf, 0xfe,
    0x1a, 0x99, 0xc0, 0x20, 0x1f, 0xfc, 0x33, 0xcc,
    0x8c, 0x3, 0xff, 0x84, 0xf9, 0x9c, 0x61, 0xb9,
    0x9a, 0x0, 0x3d, 0x30, 0x67, 0xc0, 0x2, 0x33,
    0xcf, 0x60, 0x1c, 0xc3, 0xdf, 0xff, 0xee, 0x24,
    0x10, 0x8, 0x40, 0x84, 0x3, 0xfc, 0x2e, 0x6,
    0x1, 0xce, 0x1, 0xff, 0xc6, 0x30, 0xc, 0xde,
    0x20, 0x16, 0xd0, 0x6, 0x60, 0x5, 0xe8, 0x6,
    0xf0, 0x20, 0x8, 0x98, 0x3, 0x5e, 0x81, 0x98,
    0x3, 0xff, 0x88, 0x68, 0x11, 0xa0, 0x1a, 0xe4,
    0xc0, 0x2b, 0xf0, 0xd, 0xd2, 0x1, 0xf1, 0x30,
    0x6, 0x43, 0x0, 0xff, 0x30, 0x7, 0xff, 0x0,
    0x40, 0x38, 0x4c, 0xb7, 0x33, 0xfd, 0xa8, 0x44,
    0x0, 0xda, 0x84, 0x67, 0xfe, 0x23, 0xf0, 0xe,
    0x1b, 0xff, 0xff, 0xe0, 0x61, 0x0, 0x40,

    /* U+E1BC "" */
    0x0, 0xc2, 0x3f, 0xe0, 0xe, 0x2c, 0xfe, 0xef,
    0xf7, 0xe9, 0x0, 0x38, 0xc8, 0xcf, 0xfe, 0x2f,
    0x0, 0x19, 0x6e, 0x67, 0xfc, 0x84, 0x41, 0x1,
    0x1, 0x99, 0xfc, 0x80, 0x20, 0x1e, 0x46, 0x6f,
    0xdc, 0x1, 0x8, 0x6, 0x5d, 0xdf, 0xd4, 0x1,
    0xfc, 0x45, 0xf8, 0x3, 0xf8, 0xe8, 0x0, 0xee,
    0x0, 0x4a, 0x80, 0x7e, 0x55, 0x10, 0x5d, 0x80,
    0xf, 0x80, 0x1f, 0x9b, 0xc8, 0x33, 0x0, 0xe,
    0x90, 0xf, 0xe3, 0x0, 0x9, 0x0, 0x8, 0x40,
    0x3f, 0x46, 0x10, 0x67, 0x80, 0x36, 0xc0, 0x3f,
    0x54, 0x90, 0x4c, 0x80, 0x26, 0x0, 0xfc, 0x4c,
    0x0, 0x44, 0x0, 0x7f, 0xf0, 0x44, 0x2, 0x10,
    0xf, 0xfe, 0x3, 0xf1, 0x5, 0x70, 0x7, 0xff,
    0x1, 0x1c, 0x83, 0xa0, 0x1, 0x10, 0x0, 0x84,
    0x40, 0x20, 0x70, 0x0, 0x47, 0x0, 0x3a, 0x0,
    0x80, 0x48, 0x5b, 0x99, 0xfe, 0xd4, 0x22, 0x5,
    0x19, 0x19, 0xff, 0x88, 0x9e, 0x0, 0x1c, 0xff,
    0xff, 0xe0, 0x69, 0x0,

    /* U+E1BF "" */
    0x0, 0xfe, 0x13, 0x30, 0x80, 0x7f, 0xf0, 0xca,
    0x3b, 0x99, 0x8e, 0xe4, 0x90, 0x7, 0xfd, 0x3a,
    0xe2, 0x6a, 0xa3, 0x16, 0xd9, 0x0, 0xfc, 0x38,
    0xc3, 0x3f, 0x95, 0x4c, 0xf9, 0x16, 0xc1, 0x0,
    0xf6, 0x9a, 0x7b, 0x0, 0x79, 0xbd, 0xf, 0x40,
    0x3a, 0xd, 0x2c, 0x40, 0x3f, 0xd, 0xa1, 0xb8,
    0x4, 0x2e, 0x14, 0x1, 0xf8, 0x68, 0xc2, 0x82,
    0x4, 0x0, 0xc0, 0xe2, 0x1, 0xf0, 0xe2, 0xa0,
    0xb, 0x83, 0x0, 0x2c, 0x28, 0x3, 0xe1, 0xc2,
    0x67, 0x0, 0x50, 0x58, 0x0, 0xc4, 0x80, 0x3c,
    0x38, 0x4d, 0x20, 0x11, 0x9, 0x80, 0x81, 0x0,
    0x7d, 0xa4, 0xb2, 0x1, 0xc6, 0x0, 0x10, 0xf,
    0xeb, 0x7a, 0x0, 0xff, 0x9, 0x80, 0x7c, 0xf0,
    0x1, 0xf1, 0x8, 0x1, 0x40, 0xc0, 0x3f, 0xf8,
    0x46, 0xa, 0x0, 0xd0, 0x90, 0xf, 0xfe, 0x14,
    0x86, 0x80, 0x18, 0x50, 0x3, 0xff, 0x84, 0x82,
    0xc0, 0x16, 0x60, 0x3, 0xff, 0x85, 0x9e, 0x0,

    /* U+E1C2 "" */
    0x0, 0xff, 0xe3, 0x3e, 0xff, 0xba, 0x48, 0x3,
    0x8b, 0x60, 0x88, 0x62, 0xda, 0xc0, 0x1b, 0xc9,
    0x3b, 0x73, 0xe4, 0x25, 0x0, 0x10, 0x4b, 0x62,
    0x1, 0x35, 0x85, 0x0, 0x18, 0x2c, 0x3, 0xc8,
    0xa2, 0x84, 0x28, 0x20, 0x1f, 0x78, 0x60, 0x80,
    0x80, 0x7e, 0x10, 0x1, 0x3, 0x80, 0x7e, 0xc0,
    0xe1, 0x32, 0x60, 0xf, 0x13, 0x83, 0x87, 0x84,
    0x98, 0x6, 0x1c, 0x9, 0x10, 0x3a, 0xe, 0x0,
    0xd0, 0x2e, 0xc0, 0x12, 0xa1, 0x18, 0x4, 0xe3,
    0x0, 0x1d, 0xa, 0x40, 0x15, 0xd0, 0x7, 0x8e,
    0x84, 0x2, 0x54, 0x0, 0xf1, 0x4c, 0xf9, 0x40,
    0x3c, 0x8c, 0xde, 0xe0, 0xf, 0x36, 0xef, 0xa8,
    0x3, 0xe2, 0x2f, 0x8, 0x7, 0xc7, 0x99, 0xa0,
    0x3, 0xf2, 0x99, 0xf0, 0x7, 0xe6, 0xff, 0xd6,
    0x1, 0x80,

    /* U+E1D2 "" */
    0x0, 0xff, 0xe0, 0x90, 0x80, 0x7f, 0xf1, 0xeb,
    0x78, 0xc0, 0x3f, 0xf8, 0xca, 0x0, 0xb0, 0xf,
    0xfe, 0x31, 0x80, 0x30, 0x3, 0xff, 0x8a, 0xd3,
    0x58, 0x80, 0x1f, 0xfc, 0x31, 0xb9, 0xa7, 0x30,
    0xf, 0xfe, 0x1a, 0x7a, 0x8, 0x70, 0x7, 0xff,
    0xd, 0x6c, 0x5f, 0x90, 0xf7, 0xc, 0x3, 0xff,
    0x80, 0x40, 0x32, 0x14, 0x24, 0x6e, 0x1, 0xff,
    0xc0, 0x76, 0x1c, 0x11, 0x77, 0xf9, 0x0, 0x3e,
    0x3b, 0xff, 0x59, 0xcb, 0x16, 0x80, 0xf, 0x3f,
    0xd6, 0x40, 0x11, 0xe2, 0x11, 0x13, 0x12, 0x44,
    0x81, 0x30, 0xc8, 0x89, 0xa4, 0x0, 0x80, 0x9d,
    0xd5, 0x4, 0x80, 0x69, 0xa, 0xdd, 0x48, 0x48,
    0x1, 0x9, 0x80, 0xa, 0x64, 0x20, 0x1, 0x23,
    0x50, 0x3, 0x12, 0x0, 0x7f, 0xc8, 0x80, 0xf,
    0xf8, 0xc9, 0x40, 0x8, 0x64, 0x35, 0x41, 0x23,
    0x40, 0x3, 0x11, 0x80, 0x3c, 0x2b, 0x31, 0x61,
    0x20, 0x1a, 0x42, 0xf3, 0x12, 0x1e, 0x0, 0x3c,
    0x33, 0x8a, 0xd0, 0x3, 0x25, 0x91, 0x98, 0xb0,
    0xc0, 0x23, 0xcf, 0xed, 0x40, 0xf, 0x26, 0xf7,
    0x34, 0xc0, 0x0,

    /* U+E1D5 "" */
    0x0, 0x96, 0xae, 0xfd, 0x48, 0x1, 0xff, 0x35,
    0x2a, 0x27, 0x96, 0xe0, 0x3, 0xfd, 0x1, 0x9d,
    0xde, 0xb1, 0x77, 0x0, 0x7e, 0x51, 0x53, 0x11,
    0xf2, 0x60, 0xc5, 0xb9, 0x80, 0x74, 0x84, 0x80,
    0x7e, 0x2d, 0x4, 0x8c, 0xe8, 0x0, 0x8c, 0x8c,
    0x3, 0xf8, 0xff, 0x1c, 0xc5, 0xe4, 0x4, 0x4,
    0x3, 0xff, 0x80, 0x71, 0x9c, 0x2c, 0x1, 0xff,
    0xc7, 0x12, 0x1, 0x0, 0xc7, 0xbf, 0x84, 0x1,
    0x8b, 0x3f, 0x4c, 0x3, 0xe2, 0xd2, 0x43, 0xe1,
    0x1d, 0xe6, 0x85, 0xa4, 0x1, 0x8, 0x8f, 0x45,
    0xad, 0xf, 0xbb, 0x12, 0x5b, 0xe, 0x98, 0x88,
    0x35, 0x4c, 0x1e, 0x50, 0x11, 0x30, 0x24, 0xb0,
    0x1a, 0xe8, 0x0, 0xeb, 0x14, 0x58, 0x1e, 0xef,
    0x38, 0x30, 0x2e, 0x51, 0x80, 0x75, 0x51, 0xee,
    0x0, 0x34, 0x5b, 0xd5, 0x0, 0x30,

    /* U+E1D6 "" */
    0x0, 0xfe, 0x1c, 0xb1, 0x0, 0xff, 0xe3, 0x41,
    0xa4, 0x0, 0x7f, 0x9a, 0x8c, 0x3, 0x13, 0x8,
    0x98, 0x80, 0x31, 0x5b, 0x0, 0x25, 0x71, 0x40,
    0x28, 0x8, 0x80, 0x40, 0x4, 0x9a, 0x92, 0x0,
    0x10, 0x5, 0x38, 0x12, 0x93, 0x30, 0x94, 0x81,
    0xec, 0x0, 0x20, 0x7, 0x6, 0x18, 0x99, 0x4,
    0x0, 0x20, 0x26, 0x50, 0x2c, 0xe, 0x0, 0xc0,
    0x6, 0xb, 0x21, 0x28, 0x1, 0x49, 0x18, 0xb0,
    0x1, 0x80, 0x4, 0x4, 0x2f, 0x65, 0xf0, 0xd,
    0xea, 0xd8, 0x48, 0x8, 0x0, 0x13, 0x22, 0xc,
    0xd1, 0x0, 0x62, 0xa9, 0x11, 0x11, 0x88, 0x4,
    0x80, 0x80, 0x1f, 0xfc, 0x7, 0x4, 0x0, 0xd6,
    0x18, 0x1, 0xff, 0xc0, 0xc0, 0xb0, 0xc, 0x62,
    0x80, 0x1f, 0xfc, 0x4, 0x13, 0x0, 0xe4, 0x14,
    0x11, 0xff, 0x20, 0xa0, 0x7, 0xbc, 0x2f, 0xbb,
    0xfd, 0x61, 0xe0, 0x1e, 0x58, 0x44, 0xff, 0xe0,
    0x42, 0x80, 0x7c, 0xf7, 0x7f, 0xfc, 0x7, 0x0,
    0xf8, 0x6a, 0xf3, 0x3f, 0xeb, 0x10, 0xf, 0x12,
    0xa1, 0x9f, 0xfc, 0x84, 0x1, 0xe3, 0xff, 0xff,
    0xe1, 0x18, 0x4,

    /* U+E1DE "" */
    0x0, 0xff, 0xe2, 0x90, 0x7, 0xff, 0x10, 0xef,
    0xf7, 0x84, 0x3, 0xff, 0x82, 0xb8, 0x82, 0x42,
    0xa0, 0x1f, 0xfc, 0x6, 0xa0, 0x9e, 0x70, 0x70,
    0x2e, 0xfd, 0xa7, 0x30, 0x9, 0xa4, 0x2d, 0x89,
    0x44, 0xc2, 0x44, 0xc9, 0x63, 0x3f, 0x2a, 0x43,
    0x10, 0x7c, 0x20, 0x0, 0xe0, 0x9f, 0xb2, 0xc4,
    0x6a, 0x38, 0x63, 0x84, 0xcc, 0x0, 0x40, 0x3e,
    0x8b, 0x4e, 0xfe, 0x79, 0x8e, 0x13, 0x48, 0x4,
    0x9c, 0xa5, 0x90, 0x1, 0x18, 0x8b, 0x9, 0xa4,
    0x3, 0x86, 0xa8, 0x2f, 0xa0, 0x18, 0xc8, 0xe4,
    0x3, 0xf2, 0xd0, 0x18, 0x6, 0x20, 0x20, 0xf,
    0x84, 0x89, 0x1, 0x60, 0x1c, 0x62, 0x20, 0xe,
    0x5e, 0xdd, 0x1a, 0xad, 0xda, 0x0, 0x40, 0x40,
    0xc, 0x34, 0x2, 0xaa, 0x8a, 0xa0, 0x94, 0x86,
    0x6, 0x80, 0x61, 0x60, 0x13, 0xab, 0x52, 0xb1,
    0x63, 0x50, 0x40, 0xe, 0x9b, 0x16, 0x93, 0xf,
    0x4a, 0xe, 0x12, 0x30, 0xf, 0x27, 0x8b, 0x20,
    0x4, 0x8a, 0x50, 0xe0, 0x40, 0x1e, 0x1a, 0x1,
    0x3, 0x0, 0x58, 0xba, 0x81, 0x80, 0x7c, 0x8c,
    0x12, 0x20, 0x1, 0xd3, 0x35, 0x8, 0x7, 0xe9,
    0xe6, 0x0, 0xc7, 0x98, 0x50, 0xc,

    /* U+E1DF "" */
    0x0, 0x84, 0x40, 0x1f, 0xe1, 0x10, 0x6, 0x8f,
    0xee, 0x7c, 0x0, 0x2b, 0x40, 0xf, 0xfd, 0xcf,
    0xa0, 0x3, 0x8a, 0x20, 0x5c, 0x43, 0x14, 0x1,
    0x2, 0x88, 0x15, 0x31, 0x5, 0xbb, 0x28, 0x4,
    0xd0, 0x2, 0xb, 0x76, 0x70, 0xf, 0xf9, 0x9c,
    0x3, 0xf8, 0x41, 0x33, 0x8, 0x1, 0x54, 0x0,
    0x82, 0x66, 0x1c, 0x4, 0x20, 0xc, 0xc0, 0xe2,
    0x2, 0x1, 0x38, 0x19, 0x85, 0x88, 0x1f, 0xff,
    0x40, 0x7, 0xa3, 0xff, 0x48, 0x7, 0xf0, 0x98,
    0x80, 0x7f, 0xad, 0xc0, 0xb7, 0xba, 0x17, 0x0,
    0x67, 0x30, 0x2e, 0x8, 0x7, 0x18, 0x0, 0x9e,
    0x40, 0x3e, 0x10, 0x5, 0xb8, 0x17, 0x75, 0xb0,
    0x1, 0x67, 0x30, 0x2e, 0x88, 0x7, 0xff, 0x25,
    0xff, 0xf3, 0x80, 0x2b, 0x0, 0x3, 0x9f, 0xf8,
    0x42, 0x0, 0xcc, 0x10, 0x0, 0xd4, 0x0, 0x69,
    0x91, 0x99, 0x4, 0x40, 0x99, 0x84, 0x1, 0x7,
    0x80, 0x13, 0x36, 0xe6, 0x2c, 0x3, 0xfc, 0x8c,
    0x1, 0x38, 0x7, 0x8, 0x2d, 0x51, 0x40, 0x29,
    0x90, 0x7, 0x8e, 0x40, 0xc, 0x2a, 0xa1, 0x61,
    0x6, 0x10, 0x10, 0x10, 0x2, 0x31, 0x4, 0xf6,
    0xeb, 0xa4, 0x1, 0x7c, 0x0, 0xea, 0x0, 0x3f,
    0x10,

    /* U+E1E0 "" */
    0x0, 0xff, 0xe6, 0x47, 0xfe, 0x90, 0xf, 0xfe,
    0x7, 0x19, 0xef, 0x0, 0xff, 0xe0, 0x36, 0x66,
    0x60, 0xf, 0xfe, 0x8, 0xa2, 0x4, 0x3, 0xff,
    0x80, 0xfb, 0xd7, 0x6e, 0xd7, 0x0, 0xfc, 0x7b,
    0x6, 0xd1, 0x5, 0x38, 0xe3, 0x0, 0xe3, 0xc2,
    0x7e, 0x97, 0x75, 0x73, 0x8e, 0x10, 0x6, 0xe0,
    0xa8, 0x0, 0xf4, 0x50, 0x78, 0x4, 0xe4, 0xca,
    0x1, 0xe9, 0x45, 0x62, 0x70, 0x5, 0x4, 0x0,
    0x7b, 0x1b, 0x2, 0x2, 0x80, 0x48, 0xc4, 0x3,
    0xb0, 0xd2, 0x0, 0x4c, 0x84, 0x81, 0x80, 0x3a,
    0xcd, 0x2c, 0x2, 0x60, 0x20, 0xf, 0xc4, 0xb6,
    0x1, 0xf1, 0x83, 0x80, 0x74, 0xd0, 0x7, 0x38,
    0x10, 0x19, 0x10, 0x3, 0xfc, 0x64, 0x41, 0xa,
    0xe, 0x0, 0xff, 0x78, 0x58, 0x1, 0x8c, 0xd4,
    0x1, 0xfa, 0x8c, 0x98, 0x2, 0xe1, 0x5d, 0x40,
    0xc, 0x98, 0xa3, 0xe0, 0x18, 0xb0, 0xca, 0xff,
    0x31, 0xd6, 0x65, 0x84, 0x1, 0xc5, 0x92, 0x60,
    0x66, 0x13, 0x9d, 0x20, 0xf, 0xcd, 0x9f, 0xba,
    0xfc, 0x60, 0xe,

    /* U+E1E7 "" */
    0x0, 0xc6, 0xa6, 0x1, 0xf8, 0xd4, 0xc0, 0x3c,
    0x7b, 0x95, 0x9c, 0xc0, 0x19, 0x7b, 0x2b, 0x34,
    0xc0, 0x22, 0xc2, 0x47, 0x41, 0x9a, 0x0, 0x4d,
    0xa, 0xba, 0x16, 0x10, 0x2, 0x42, 0x6e, 0x2f,
    0x49, 0x6a, 0x8c, 0x5b, 0x51, 0x72, 0x12, 0x0,
    0x41, 0x60, 0x8, 0xb0, 0x95, 0x45, 0x84, 0x1,
    0x31, 0x20, 0x4, 0x60, 0x1c, 0x2a, 0x0, 0x51,
    0x0, 0xe1, 0x0, 0x88, 0xa0, 0xc, 0xee, 0x11,
    0x3b, 0x80, 0x31, 0x19, 0x0, 0x2c, 0x3d, 0x4,
    0xee, 0x7, 0x74, 0x31, 0x66, 0x29, 0xe1, 0x60,
    0x6, 0x61, 0x5f, 0x62, 0x1e, 0x19, 0xb0, 0x93,
    0x3a, 0xc9, 0x98, 0x1, 0x4d, 0xa9, 0xad, 0x61,
    0x0, 0xb, 0x69, 0x4d, 0x6e, 0x40, 0x0,

    /* U+E1F9 "" */
    0x0, 0xff, 0xec, 0xae, 0xff, 0x38, 0x7, 0xff,
    0x11, 0xa8, 0x8c, 0x61, 0xc0, 0x3f, 0xf8, 0x4f,
    0x21, 0x98, 0xd0, 0x90, 0xf, 0xfe, 0xb, 0xc0,
    0x59, 0x81, 0x18, 0x80, 0x7f, 0xf0, 0x1e, 0x0,
    0x12, 0x20, 0x66, 0x20, 0xf, 0xf9, 0xe0, 0x71,
    0x8b, 0x13, 0x2, 0x0, 0x3f, 0xcf, 0x3, 0xa7,
    0x2c, 0x56, 0x12, 0xa0, 0x1f, 0xcf, 0x3, 0xa6,
    0x0, 0xa0, 0x4, 0x30, 0x7, 0xf3, 0x40, 0xe9,
    0x80, 0xf, 0x2, 0x1c, 0x3, 0xf9, 0xa4, 0x74,
    0xc0, 0x7, 0x81, 0xe, 0x1, 0xfc, 0xd2, 0x1a,
    0x60, 0x3, 0xc0, 0x87, 0x0, 0xfe, 0x69, 0xc,
    0x30, 0x1, 0xe0, 0x43, 0x80, 0x7f, 0x34, 0x86,
    0x18, 0x0, 0xf0, 0x21, 0xc0, 0x3f, 0x96, 0x43,
    0xc, 0x0, 0x78, 0x10, 0xe0, 0x1f, 0xe8, 0xc,
    0x30, 0x1, 0xe0, 0x43, 0x80, 0x7f, 0x88, 0x88,
    0x60, 0x3, 0xc0, 0x87, 0x0, 0xff, 0x94, 0x34,
    0x0, 0x78, 0x10, 0xe0, 0x1f, 0xfc, 0xb, 0x2,
    0x7c, 0xc0, 0x4b, 0x80, 0x7f, 0xf0, 0x4c, 0x2e,
    0xc, 0xa9, 0x80, 0x3f, 0xf8, 0x46, 0x7, 0x1b,
    0xa5, 0x0, 0xff, 0xe1, 0xe7, 0xe3, 0x90, 0x7,
    0xff, 0x10,

    /* U+E204 "" */
    0x0, 0xff, 0xe4, 0x96, 0x7f, 0xff, 0xf0, 0x68,
    0x3, 0x79, 0x91, 0x9f, 0xfc, 0x2a, 0x60, 0x1,
    0x22, 0x6e, 0x67, 0xfd, 0x20, 0xe0, 0x18, 0xb2,
    0xef, 0xfe, 0xa0, 0xf3, 0x0, 0xc6, 0x89, 0xff,
    0x10, 0x26, 0x80, 0x49, 0xdd, 0xff, 0xc2, 0x31,
    0x0, 0xc2, 0x3f, 0xfc, 0x27, 0x0, 0xff, 0xe4,
    0x88, 0x7, 0xff, 0x4, 0x6b, 0xb8, 0x80, 0x80,
    0x1f, 0xfc, 0x1d, 0x51, 0x1, 0xb, 0x0, 0xff,
    0xe0, 0x11, 0x9b, 0xfb, 0x84, 0x20, 0x1f, 0xfc,
    0x3, 0x0, 0x8, 0x7, 0xff, 0x10, 0x50, 0xfb,
    0xfc, 0x42, 0x1, 0xff, 0xc1, 0xb7, 0x33, 0x0,
    0x28, 0x3, 0xff, 0x85, 0x19, 0x84, 0x5, 0x0,
    0x38, 0x7, 0xff, 0x14, 0x48, 0xf7, 0x33, 0xff,
    0x82, 0x80, 0x21, 0xe6, 0x46, 0x7f, 0xfc, 0x10,
    0x70, 0x1, 0x67, 0xff, 0xff, 0xe, 0x0,

    /* U+E20C "" */
    0x0, 0xf8, 0xc0, 0x3c, 0x60, 0x1f, 0xfc, 0x18,
    0xc7, 0x5, 0x40, 0x7c, 0x70, 0xf, 0xfe, 0x5,
    0x84, 0x7d, 0x5f, 0xc0, 0x20, 0x7, 0xe3, 0x10,
    0x1, 0xc8, 0x1, 0x98, 0x0, 0x93, 0x0, 0x9,
    0x80, 0x43, 0x96, 0x1, 0x70, 0x4c, 0xe0, 0xe0,
    0xa, 0xf0, 0x40, 0x2, 0x8, 0x1, 0x18, 0x55,
    0xda, 0x80, 0xc0, 0x24, 0x1, 0x0, 0x94, 0x6c,
    0xb1, 0x0, 0xd1, 0x6, 0x9, 0x85, 0x62, 0x80,
    0x1a, 0xc5, 0x34, 0xcd, 0x9b, 0xae, 0xe6, 0x21,
    0xea, 0xc, 0x80, 0x61, 0xf4, 0x2, 0xc3, 0x22,
    0x8, 0x8e, 0xc8, 0x13, 0xc8, 0x3, 0x87, 0x82,
    0x80, 0x2a, 0xa0, 0x5, 0x41, 0xc2, 0x1, 0xf1,
    0x80, 0x80, 0x48, 0x80, 0x8, 0x40, 0xc0, 0x3b,
    0x7f, 0xd2, 0x1, 0xff, 0xc0, 0x9f, 0xf6, 0x80,
    0x18, 0x88, 0x20, 0x1f, 0xfc, 0x1, 0x22, 0x38,
    0x2, 0xf7, 0x56, 0x1c, 0x1, 0xf8, 0x42, 0xf7,
    0x54, 0x1, 0xcc, 0xa, 0x1, 0xfa, 0xc1, 0x80,
    0x3e, 0x4d, 0x2, 0x60, 0xf, 0x29, 0x87, 0x20,
    0x7, 0x1d, 0x8a, 0x4, 0xb8, 0x6, 0x6a, 0x4,
    0x2b, 0x30, 0xd, 0xe1, 0x57, 0x21, 0x1e, 0x22,
    0xd9, 0xa, 0xb9, 0xf, 0x0, 0xc6, 0x65, 0x6,
    0xd4, 0x0, 0x89, 0x35, 0x41, 0x8c, 0xc0, 0x10,
    0x82, 0x80, 0x45, 0x7d, 0x98, 0xfb, 0x20, 0x9,
    0x40, 0x40, 0x3, 0xd2, 0x1, 0xc2, 0x66, 0x0,
    0xf4, 0xf0, 0x80,

    /* U+E214 "" */
    0x0, 0xf8, 0x44, 0x1, 0xff, 0xc4, 0x19, 0xee,
    0xbf, 0x14, 0x3, 0xff, 0x80, 0xbc, 0xc2, 0x68,
    0x47, 0x56, 0x20, 0x1f, 0xcb, 0x41, 0x1f, 0x97,
    0xb6, 0x69, 0xa0, 0x1f, 0x86, 0x82, 0xdc, 0x3,
    0x26, 0x21, 0xc0, 0x7, 0xd2, 0x10, 0x80, 0x1f,
    0x50, 0x3e, 0x5c, 0x8, 0x4, 0xa0, 0xc0, 0x1f,
    0x86, 0x0, 0xd1, 0xfd, 0x0, 0x4, 0x41, 0x0,
    0xfe, 0x7f, 0xf6, 0xb8, 0xd9, 0x0, 0x4, 0x3,
    0xff, 0x82, 0x51, 0x21, 0x60, 0x2, 0x0, 0xff,
    0xe1, 0xb0, 0x38, 0x20, 0x98, 0x7, 0xff, 0xc,
    0x40, 0x1c, 0x1e, 0x1, 0xff, 0xc2, 0x21, 0x20,
    0x54, 0x37, 0x0, 0xff, 0xe0, 0xf0, 0x50, 0x2,
    0x91, 0x0, 0x23, 0xfc, 0x0, 0x93, 0x46, 0x0,
    0xd, 0x9b, 0x77, 0x7f, 0x28, 0x54, 0x58, 0x7,
    0x95, 0x13, 0xf9, 0xc0, 0xdc, 0x3, 0xe3, 0xbb,
    0xfe, 0x20, 0xf, 0xfe, 0x3, 0x66, 0x7d, 0x64,
    0x1, 0xff, 0x79, 0x9f, 0xc8, 0x20, 0x1f, 0xf4,
    0xff, 0xfe, 0x30, 0xc,

    /* U+E216 "" */
    0x0, 0xff, 0xea, 0x66, 0x0, 0x3f, 0xf9, 0x4,
    0x40, 0xf, 0xfe, 0x12, 0x80, 0x7f, 0xf0, 0x14,
    0x3, 0xe5, 0xac, 0x0, 0xd7, 0x40, 0x1b, 0x29,
    0x40, 0x3c, 0xa8, 0x72, 0x1, 0x2a, 0x0, 0x52,
    0x66, 0x50, 0xf, 0xad, 0xb4, 0x0, 0xb1, 0x4,
    0x0, 0x63, 0x60, 0x7, 0xf4, 0xa0, 0x4d, 0x3b,
    0xaf, 0x5, 0x64, 0x3, 0xff, 0x83, 0x8b, 0x54,
    0x33, 0x68, 0x7, 0xff, 0xd, 0x69, 0x55, 0x86,
    0x64, 0x0, 0xfe, 0x18, 0xcd, 0xb6, 0x0, 0xd2,
    0x18, 0x9, 0xba, 0xb0, 0x8, 0xfd, 0xcc, 0x92,
    0x74, 0x40, 0x2, 0x1, 0x11, 0x4c, 0x0, 0x2c,
    0x16, 0xdf, 0xc4, 0x2c, 0x0, 0x23, 0xc8, 0x37,
    0xfb, 0x40, 0x16, 0xf, 0x24, 0x7, 0x68, 0x4e,
    0x0, 0x81, 0x0, 0xf9, 0xc2, 0x0, 0x3a, 0x42,
    0x3e, 0xc8, 0x3, 0xf0, 0x98, 0x7, 0x8a, 0x14,
    0x93, 0xc0, 0x3f, 0x84, 0x3, 0xe7, 0xad, 0x52,
    0x60, 0xf, 0x90, 0x90, 0x3, 0xfb, 0x83, 0x80,
    0x3e, 0x80, 0xb5, 0x0, 0xfd, 0xc1, 0xa0, 0x1f,
    0x1c, 0x85, 0x76, 0x67, 0xb9, 0x4d, 0x40, 0x3f,
    0x36, 0x20, 0x99, 0xf8, 0x5b, 0x40, 0x3f, 0xc7,
    0x7f, 0xff, 0xa4, 0x40, 0x3e,

    /* U+E217 "" */
    0x0, 0xff, 0x10, 0x7, 0xff, 0x19, 0x33, 0xf7,
    0xf1, 0x80, 0x3f, 0xf8, 0x51, 0x66, 0x48, 0x47,
    0x36, 0x1, 0xff, 0xc0, 0x67, 0x2c, 0xdb, 0xdc,
    0x24, 0x90, 0xf, 0xfa, 0x1, 0xa6, 0x48, 0x7,
    0x82, 0xd7, 0x4e, 0x20, 0x1e, 0x81, 0x4, 0x56,
    0xbd, 0x41, 0x90, 0x45, 0x8f, 0x20, 0xd, 0x6e,
    0x31, 0x9b, 0x4a, 0x56, 0xaf, 0xdb, 0xa6, 0x19,
    0x0, 0xa9, 0x17, 0x9c, 0xc9, 0x6a, 0xc2, 0x8c,
    0x48, 0x92, 0x82, 0x0, 0x35, 0x3a, 0x0, 0xf2,
    0x50, 0x78, 0x6, 0xba, 0x0, 0x48, 0x78, 0x7,
    0xe5, 0x33, 0x76, 0xd1, 0x80, 0x64, 0x13, 0x0,
    0xfe, 0x81, 0x2, 0x5c, 0x80, 0x0, 0x88, 0x80,
    0x3f, 0xc9, 0xdc, 0xfa, 0x17, 0x40, 0x10, 0x10,
    0xf, 0xfe, 0x12, 0xe8, 0x40, 0x0, 0x8a, 0x0,
    0xff, 0xe1, 0x19, 0x18, 0x1, 0x42, 0xc0, 0x3f,
    0xf8, 0xf2, 0x2c, 0xa0, 0x1f, 0xfc, 0x12, 0x21,
    0x80, 0x6, 0x82, 0xa0, 0x40, 0x3f, 0xc5, 0xe1,
    0x40, 0x12, 0x58, 0xbf, 0x6e, 0x67, 0xed, 0xd1,
    0x33, 0x0, 0x32, 0x7b, 0x91, 0xc, 0xff, 0x11,
    0xd4, 0x80, 0x78, 0x63, 0x7f, 0xff, 0xd8, 0xa0,
    0x10,

    /* U+E218 "" */
    0x0, 0xff, 0xe4, 0xf, 0xff, 0xff, 0x17, 0x40,
    0x50, 0xcf, 0xff, 0x88, 0x80, 0xb, 0xcc, 0xff,
    0xe2, 0x48, 0x6, 0x3b, 0xcc, 0xff, 0x58, 0x80,
    0x79, 0x90, 0xcf, 0xfc, 0x84, 0x1, 0xe5, 0xff,
    0xff, 0xe0, 0x18, 0x7, 0xff, 0x45, 0xf7, 0x7f,
    0xb0, 0x40, 0x3f, 0x79, 0x17, 0xf8, 0x3, 0xfa,
    0x3f, 0xff, 0xb8, 0x40, 0x3f, 0xfa, 0x35, 0xff,
    0xe5, 0x0, 0xff, 0xe0, 0x61, 0x9f, 0x23, 0x80,
    0x7f, 0xf0, 0x1b, 0x33, 0xac, 0x80, 0x3f, 0xe5,
    0xbb, 0x30, 0x7, 0xff, 0x13, 0xd1, 0x14, 0x1,
    0xff, 0xc4, 0xad, 0xd6, 0x0, 0x7f, 0x80,

    /* U+E226 "" */
    0x0, 0xff, 0xe8, 0xb5, 0xf7, 0xfd, 0x6c, 0x1,
    0xff, 0xc0, 0x6e, 0x94, 0x3, 0x30, 0xa4, 0xf2,
    0x80, 0x7f, 0x54, 0x8b, 0x6f, 0x66, 0x3b, 0x58,
    0x6a, 0x80, 0x1f, 0x52, 0x96, 0xc9, 0x0, 0x62,
    0x9d, 0x25, 0xa0, 0xe, 0x65, 0x2c, 0x20, 0xf,
    0xc5, 0x84, 0xac, 0x1, 0xc, 0x7, 0x88, 0x7,
    0xf8, 0x7c, 0x20, 0x40, 0xe, 0x2c, 0x40, 0x1f,
    0xfc, 0x2, 0x71, 0x70, 0x6, 0x85, 0x80, 0x7e,
    0x1a, 0x40, 0xa, 0x83, 0x40, 0xa, 0x24, 0x1,
    0xf0, 0xea, 0xe0, 0x4, 0x42, 0xa0, 0x1, 0x20,
    0xc, 0xd8, 0x43, 0xa6, 0x90, 0x1, 0x88, 0x40,
    0x40, 0x3c, 0x27, 0x98, 0x34, 0xb0, 0xf, 0xc2,
    0x22, 0x0, 0xce, 0xe1, 0x24, 0xb0, 0xf, 0x10,
    0x80, 0x14, 0x48, 0x3, 0x44, 0x1a, 0xc0, 0x3c,
    0x42, 0xa0, 0xd, 0xa, 0x0, 0xe7, 0x90, 0xf,
    0xac, 0x34, 0x0, 0xe2, 0xe4, 0x1, 0xff, 0xc0,
    0x26, 0x6, 0x0, 0xc, 0x7, 0x88, 0x7, 0xf8,
    0x7c, 0x24, 0x3, 0x32, 0x96, 0x10, 0x7, 0xe2,
    0xc2, 0x56, 0x0, 0xea, 0x52, 0xd9, 0x20, 0xc,
    0x53, 0xa4, 0xb4, 0x1, 0xf5, 0x40, 0x36, 0xf6,
    0x63, 0xb5, 0x86, 0x68, 0x3, 0xf9, 0xfa, 0xc,
    0x4c, 0xc0, 0x93, 0xec, 0x1, 0xff, 0xb, 0xe7,
    0xfd, 0xd6, 0xc2, 0x1, 0xe0,

    /* U+E241 "" */
    0x0, 0xff, 0xe9, 0x26, 0x7f, 0xb1, 0x0, 0x3f,
    0xf8, 0x24, 0xd3, 0x66, 0x24, 0x77, 0x2c, 0x40,
    0x1f, 0xd3, 0xb2, 0xc1, 0x7d, 0xb6, 0xd, 0x3b,
    0x20, 0x1f, 0x4b, 0xc, 0x4e, 0x20, 0x1, 0x32,
    0x60, 0x5a, 0x40, 0x38, 0x98, 0xbd, 0xd8, 0xc0,
    0x31, 0xb3, 0xf8, 0xb1, 0x0, 0x64, 0xa, 0x10,
    0xf, 0xf0, 0xc8, 0x20, 0x6, 0xf0, 0x10, 0xf,
    0xfe, 0x0, 0x87, 0x80, 0x48, 0xc0, 0xa0, 0x1f,
    0xd, 0x20, 0x1, 0x1, 0x90, 0x1, 0x1, 0x66,
    0x1, 0xe1, 0xd5, 0xc0, 0x1, 0x58, 0x40, 0x0,
    0xc9, 0x0, 0x26, 0xc2, 0x1d, 0x34, 0x80, 0x9,
    0x8, 0xc0, 0x3f, 0x9, 0xe6, 0xd, 0x2c, 0x3,
    0xf8, 0xc9, 0x0, 0x27, 0x70, 0x92, 0x58, 0x7,
    0x21, 0x18, 0x2, 0x2, 0xc8, 0x2, 0x88, 0x35,
    0x80, 0x71, 0x58, 0x40, 0x1, 0x18, 0x10, 0x3,
    0x3c, 0x80, 0x79, 0x1, 0x90, 0x2, 0xf0, 0x10,
    0xf, 0xfe, 0x0, 0x87, 0x80, 0x64, 0xa, 0x0,
    0xff, 0x86, 0x41, 0x0, 0x31, 0x31, 0x6b, 0xb1,
    0x0, 0x62, 0x67, 0xc1, 0x62, 0x0, 0xe9, 0x52,
    0x89, 0xd4, 0x0, 0x1e, 0x4c, 0x13, 0x48, 0x7,
    0xd5, 0xb2, 0xc1, 0x7b, 0xac, 0x16, 0x9d, 0x90,
    0xf, 0xe2, 0x69, 0xb3, 0x22, 0x1d, 0xcb, 0x10,
    0x7, 0xff, 0x5, 0x33, 0xfd, 0x88, 0x1, 0xf8,

    /* U+E242 "" */
    0x0, 0xff, 0xe7, 0x26, 0xff, 0xff, 0xb5, 0x0,
    0x3e, 0x2b, 0x23, 0x30, 0x0, 0xcc, 0x0, 0x33,
    0x15, 0x90, 0x7, 0xbc, 0x2b, 0x34, 0x7, 0x30,
    0x21, 0xb9, 0x21, 0xe0, 0x1d, 0x44, 0xea, 0x12,
    0x12, 0x0, 0x90, 0x90, 0x66, 0x15, 0x0, 0x4a,
    0xa4, 0x80, 0x3, 0x3, 0x0, 0x18, 0x18, 0x1,
    0x26, 0xaa, 0x0, 0x58, 0x36, 0x63, 0x44, 0x37,
    0x31, 0xa0, 0x3b, 0x98, 0x10, 0xb0, 0x0, 0x81,
    0x19, 0x88, 0x0, 0x67, 0x80, 0x4, 0x66, 0x20,
    0x10, 0x1, 0x83, 0x7f, 0xb0, 0x13, 0xff, 0x20,
    0x67, 0xf9, 0x80, 0xc0, 0x1c, 0xc, 0x80, 0x62,
    0x80, 0x19, 0x4, 0xc1, 0x18, 0x3c, 0x0, 0x52,
    0x14, 0x20, 0xe0, 0xa0, 0x5, 0x7, 0x1, 0xa0,
    0x83, 0x0, 0x99, 0x6, 0x83, 0x43, 0xc0, 0x1e,
    0x1a, 0x14, 0x28, 0xe0, 0x1d, 0x42, 0x8c, 0x80,
    0x80, 0x5, 0x4, 0x64, 0x1a, 0x0, 0xf0, 0xd0,
    0x49, 0xa8, 0xa2, 0x1, 0x4e, 0x42, 0x84, 0x3,
    0xe4, 0x70, 0xec, 0xd, 0xd0, 0x67, 0x3, 0xa0,
    0x7, 0xf4, 0x19, 0x68, 0x3b, 0x83, 0x48, 0xe0,
    0x3, 0xfe, 0xe0, 0x40, 0x11, 0x2, 0x7, 0x0,
    0x7f, 0xf0, 0xa, 0x80, 0x3d, 0x44, 0x1, 0xff,
    0xc1, 0x55, 0x0, 0x66, 0x50, 0xf, 0xfe, 0x1d,
    0x20, 0x1, 0x64, 0x3, 0xff, 0x8b, 0x7d, 0xca,
    0x0, 0xfe,

    /* U+E247 "" */
    0x0, 0xa, 0xaf, 0x8, 0x7, 0xff, 0x9, 0x3a,
    0xab, 0xbd, 0x0, 0x3f, 0xf8, 0x34, 0xf, 0x11,
    0x38, 0xd0, 0x80, 0x7f, 0xf0, 0x4, 0xe1, 0xde,
    0x87, 0x1c, 0xaa, 0x4c, 0xe6, 0x0, 0xc2, 0x1,
    0xf4, 0x29, 0x2a, 0x99, 0xb4, 0xd0, 0x7, 0xff,
    0x2, 0xbb, 0x75, 0x99, 0x89, 0x48, 0x3, 0xff,
    0x80, 0x24, 0x43, 0x3c, 0x80, 0x20, 0x1f, 0x86,
    0x33, 0x3f, 0x9c, 0x28, 0x3, 0xf6, 0xb9, 0x9f,
    0xf0, 0x83, 0x48, 0x7, 0x94, 0xcd, 0xdf, 0xff,
    0xdc, 0x2c, 0x1, 0xe8, 0xf, 0x10, 0xf, 0xe1,
    0x0, 0xf9, 0x49, 0x4c, 0x3, 0xfc, 0x42, 0x60,
    0x1c, 0xe9, 0x0, 0x1f, 0xf2, 0x2, 0x0, 0x71,
    0x59, 0x0, 0x7f, 0xd8, 0x16, 0x1, 0xff, 0xc7,
    0x40, 0x30, 0x10, 0x10, 0xf, 0xfe, 0x11, 0x8a,
    0x0, 0x46, 0x5b, 0x99, 0xff, 0xc2, 0xe, 0x0,
    0xb4, 0xc8, 0xcf, 0xff, 0x82, 0x10, 0xa0, 0x10,
    0xe7, 0xff, 0xff, 0xd, 0xc0, 0x20,

    /* U+E259 "" */
    0x0, 0xff, 0xe3, 0x16, 0x7f, 0xfe, 0xe7, 0x0,
    0xd8, 0x67, 0xfc, 0x30, 0x80, 0x3, 0x18, 0xcc,
    0xfd, 0x41, 0xa0, 0x2, 0x9, 0x91, 0x0, 0x62,
    0x9b, 0xf, 0x0, 0xc, 0x8b, 0x78, 0x6, 0xf6,
    0x16, 0x60, 0x4, 0xdc, 0x64, 0x20, 0x11, 0x13,
    0xa4, 0x3, 0x85, 0xc0, 0x3c, 0x22, 0x0, 0xff,
    0xe5, 0xb8, 0x7, 0x84, 0x3, 0xe3, 0x30, 0x8,
    0x6, 0x24, 0x0, 0xc3, 0x58, 0xe, 0x1, 0xa0,
    0x2e, 0xc4, 0x0, 0xa5, 0x8, 0x80, 0x6, 0x79,
    0x14, 0xc1, 0x24, 0x2e, 0x70, 0xf, 0x37, 0x28,
    0xb8, 0x83, 0x80, 0x8f, 0xf6, 0x7, 0x10, 0x2f,
    0x77, 0xfa, 0x43, 0x46, 0xd1, 0x38, 0x0, 0x89,
    0xd0, 0xa0, 0x97, 0x7c, 0x61, 0x77, 0xce, 0x1,
    0xff, 0xec, 0xdd, 0x0, 0x7c,

    /* U+E25F "" */
    0x0, 0xff, 0xe3, 0x88, 0x80, 0x3f, 0xf8, 0xfb,
    0xe0, 0x1f, 0xfc, 0x71, 0x10, 0x7, 0xff, 0x5c,
    0x9c, 0x3, 0xff, 0x8f, 0x10, 0x20, 0xf, 0xff,
    0x65, 0xc0, 0x7, 0xff, 0x1d, 0x10, 0x1, 0xff,
    0xd8, 0x20, 0xf, 0xfe, 0x3c, 0x69, 0x0, 0x7f,
    0xf1, 0x84, 0x4, 0x3, 0xff, 0xae, 0xc6, 0x1,
    0xff, 0xc7, 0x99, 0x0, 0x4, 0x4, 0x0, 0x2e,
    0x0, 0x30, 0x30, 0x0, 0x88, 0x36, 0x80, 0x11,
    0xa4, 0x0, 0xfa, 0x0, 0x4e, 0x88, 0x3, 0x7c,

    /* U+E286 "" */
    0x0, 0xff, 0xeb, 0x9c, 0x67, 0xfb, 0x80, 0x3f,
    0xf8, 0x27, 0x98, 0x73, 0x20, 0x10, 0xf, 0xfe,
    0x4, 0x61, 0x94, 0xf6, 0x88, 0x7, 0xff, 0x2,
    0xdc, 0x2b, 0x58, 0x48, 0x50, 0x3, 0xfd, 0x48,
    0x5a, 0xa0, 0x12, 0x1, 0x80, 0x61, 0xae, 0xfe,
    0xc5, 0x1c, 0x20, 0xd, 0x41, 0x40, 0x1b, 0x14,
    0x8, 0x4c, 0x34, 0x40, 0x32, 0x9a, 0x10, 0x4,
    0xe4, 0xbd, 0xaa, 0xe, 0x60, 0x18, 0x6c, 0x20,
    0x3, 0x50, 0x58, 0xa, 0x8c, 0x80, 0x61, 0xd1,
    0x73, 0x0, 0x88, 0x81, 0x9b, 0xe1, 0x22, 0x1,
    0x16, 0x1a, 0xc0, 0x6, 0x31, 0x2, 0x20, 0x85,
    0x8, 0x1, 0xb4, 0x96, 0x80, 0x38, 0x7b, 0xff,
    0x31, 0x7b, 0xec, 0x81, 0x50, 0x7, 0xe1, 0x20,
    0x4, 0xb0, 0xc1, 0x28, 0x18, 0x7, 0xe7, 0xed,
    0xe4, 0x9, 0x10, 0xda, 0x21, 0x0, 0xf9, 0x20,
    0x54, 0x6c, 0x2, 0x12, 0x3, 0x0, 0xfd, 0x1,
    0xb4, 0xa0, 0x60, 0x10, 0xd0, 0xa8, 0x7, 0x88,
    0xcf, 0x20, 0x10, 0x0, 0x79, 0x4a, 0xc0, 0x3c,
    0x80, 0xc, 0xc0, 0xc0, 0x81, 0x80, 0xbe, 0x88,
    0x7, 0xbc, 0xc, 0xc5, 0x4e, 0x0, 0xcc, 0x74,
    0x0, 0x7e, 0xd6, 0x8c, 0xd5, 0x0, 0x84, 0xc0,
    0x3f, 0xc0,

    /* U+E296 "" */
    0x0, 0xff, 0xe1, 0xb7, 0xff, 0xff, 0x6, 0xc8,
    0xc0, 0x6, 0x7f, 0x0, 0xc, 0xc9, 0x88, 0x1b,
    0x99, 0xe3, 0xd, 0x80, 0xf, 0xfe, 0x39, 0x80,
    0x7f, 0xf0, 0xc, 0x2c, 0x3, 0x8c, 0xc2, 0x20,
    0xa, 0x45, 0xa0, 0x2, 0x3c, 0xb, 0x0, 0xc3,
    0x82, 0xf0, 0x7, 0xa1, 0x2a, 0x1, 0xc5, 0x82,
    0xf3, 0xa3, 0xc, 0x1, 0xf1, 0x60, 0xb0, 0xc3,
    0x80, 0x7f, 0xf2, 0xcb, 0x5, 0x86, 0x18, 0x3,
    0xe2, 0xc1, 0x79, 0xd0, 0x96, 0x0, 0xe1, 0xc1,
    0x78, 0x3, 0xc0, 0x95, 0x0, 0xd2, 0x2d, 0x0,
    0x11, 0xd8, 0x58, 0x6, 0x30, 0xb0, 0xe, 0x43,
    0x11, 0x0, 0x71, 0x80, 0x7f, 0xf3, 0x4e, 0xd4,
    0x36, 0xef, 0xc6, 0x1a, 0xea, 0x82, 0x6, 0x89,
    0xe0, 0x1, 0xe3, 0x7f, 0x77, 0xff, 0x2, 0xc0,

    /* U+E29A "" */
    0x0, 0xff, 0xe9, 0xf, 0xb8, 0x7, 0xf0, 0x8f,
    0x80, 0x4, 0x1a, 0x23, 0xc0, 0x3, 0xfe, 0xef,
    0x60, 0x4, 0xbd, 0xde, 0x2, 0x54, 0x4f, 0x58,
    0x4, 0x28, 0x9c, 0xc0, 0x35, 0x77, 0xe7, 0x0,
    0x9e, 0xef, 0xa0, 0x3, 0xfe, 0x38, 0xb0, 0xf,
    0xfe, 0x2, 0xc0, 0x6, 0x72, 0x0, 0xff, 0xe0,
    0x73, 0x88, 0x7, 0xff, 0x0, 0x77, 0x72, 0x0,
    0x57, 0xbb, 0xfa, 0x80, 0xcc, 0x45, 0x0, 0x66,
    0x22, 0xfc, 0xc0, 0x5d, 0xff, 0x20, 0x5, 0xbf,
    0xff, 0xb0, 0x3, 0xda, 0xa2, 0x1, 0xff, 0xc5,
    0x6a, 0x0, 0xf3, 0x0, 0x7f, 0xf1, 0x9a, 0x58,
    0x3, 0x86, 0xae, 0xff, 0x28, 0x5, 0x77, 0xa0,
    0xd, 0x51, 0x3f, 0x60, 0x4, 0x48, 0x92, 0x81,
    0x77, 0x7f, 0x48, 0x4, 0xfd, 0xd6, 0x80, 0x4,
    0x7f, 0x80, 0xa, 0x36, 0x23, 0x0, 0x0,

    /* U+E2A3 "" */
    0x3, 0x10, 0xf, 0xfe, 0x28, 0xe5, 0x0, 0x7f,
    0xf3, 0xd1, 0x0, 0x1f, 0xfc, 0x6a, 0x90, 0xf,
    0xfe, 0x39, 0x80, 0x7f, 0xf7, 0xed, 0x80, 0x3f,
    0xf8, 0xa2, 0x9a, 0x1, 0xff, 0xcb, 0x10, 0xf,
    0xfe, 0x69, 0x0, 0x7f, 0xf1, 0xab, 0x44, 0x3,
    0xff, 0x8a, 0x20, 0x1f, 0xfd, 0xb1, 0x0, 0xc6,
    0x60, 0xc, 0x20, 0x1f, 0xaf, 0x44, 0x1, 0x98,
    0x0, 0xe, 0xd0, 0x7, 0x30, 0x0, 0x48, 0x2,
    0x11, 0x0, 0x44, 0x1, 0xc6, 0x5b, 0x97, 0x7f,
    0xfc, 0x22, 0xe, 0x32, 0x34, 0x4f, 0xfe, 0x13,
    0x81, 0x67, 0xff, 0xee, 0xef, 0xca,

    /* U+E2A5 "" */
    0x1, 0x0, 0xff, 0xe3, 0xf5, 0x0, 0x7f, 0xf1,
    0x44, 0x4, 0x3, 0xff, 0xfe, 0x1, 0xff, 0xc5,
    0x2a, 0x20, 0xf, 0xe6, 0xb1, 0x0, 0xc7, 0x8a,
    0xc0, 0x1f, 0x9e, 0x53, 0x4, 0x0, 0x7a, 0x30,
    0x80, 0x1, 0x0, 0xcf, 0x2, 0x85, 0x82, 0x7a,
    0x30, 0xe0, 0x1f, 0x24, 0xe, 0x5a, 0x96, 0x68,
    0xc3, 0x80, 0x7e, 0x65, 0xc2, 0xa, 0x52, 0x18,
    0x70, 0xf, 0xe2, 0xa2, 0x0, 0xaa, 0x25, 0xc0,
    0x3f, 0xf8, 0xae, 0xc0, 0x1f, 0xfe, 0x57, 0x0,
    0xff, 0xe3, 0x19, 0xb7, 0x2e, 0xff, 0xf8, 0x34,
    0x0, 0xe3, 0x23, 0x44, 0xff, 0xe0, 0xa9, 0x1,
    0x67, 0xff, 0xee, 0xef, 0xbc, 0x80,

    /* U+E2B2 "" */
    0x0, 0xff, 0xe9, 0x5d, 0x80, 0x3f, 0xf8, 0xea,
    0xa0, 0xf, 0xfe, 0x71, 0x80, 0x7f, 0xf0, 0x62,
    0xc0, 0x35, 0xe1, 0x80, 0x7f, 0xf0, 0x19, 0x40,
    0x28, 0x43, 0x30, 0x7, 0xff, 0x1, 0x61, 0x0,
    0x18, 0xd8, 0x1, 0xfc, 0xaa, 0x0, 0x43, 0xde,
    0xa, 0x48, 0x7, 0xe5, 0xea, 0xa3, 0x6, 0x52,
    0x1e, 0x80, 0x7f, 0x35, 0x9, 0x87, 0x0, 0xad,
    0x99, 0x90, 0x3, 0xe3, 0x91, 0xcb, 0xd, 0x0,
    0xd2, 0x18, 0x9, 0xba, 0xb0, 0x4, 0x85, 0x9f,
    0x80, 0x80, 0x64, 0x3d, 0x1, 0x22, 0x30, 0x1,
    0x45, 0x43, 0x3, 0xc0, 0x30, 0xe2, 0x82, 0xff,
    0xb4, 0x8, 0x14, 0x0, 0x84, 0x96, 0x88, 0x86,
    0x0, 0xfc, 0x60, 0x1d, 0x84, 0x97, 0x67, 0x96,
    0x0, 0xf8, 0x49, 0x0, 0x21, 0xda, 0x66, 0x18,
    0x7, 0xf9, 0x42, 0x40, 0x32, 0xcd, 0x98, 0x38,
    0x7, 0xe8, 0x16, 0x90, 0xc, 0x98, 0x12, 0x20,
    0x1f, 0xd8, 0x2d, 0xd7, 0x5b, 0x62, 0xec, 0x1,
    0xfe, 0x2f, 0x61, 0x45, 0x23, 0xb8, 0x0, 0xff,
    0xe0, 0xc, 0xfe, 0xe7, 0x62, 0x0, 0x7f, 0x80,

    /* U+E2DE "" */
    0x0, 0xff, 0xe2, 0x88, 0x7, 0xff, 0x1e, 0x79,
    0x0, 0x3f, 0xf8, 0x83, 0x4c, 0x10, 0x1, 0xff,
    0xc2, 0x38, 0xf5, 0x22, 0x19, 0x80, 0x3f, 0xa,
    0xc5, 0xfe, 0x38, 0xbe, 0xd8, 0x58, 0x7, 0xd3,
    0xd4, 0xe8, 0x2b, 0x3d, 0x0, 0x80, 0x80, 0x1c,
    0x3a, 0xc2, 0xf5, 0xdc, 0xa6, 0x10, 0x1, 0x9,
    0x80, 0x76, 0x92, 0xf4, 0x28, 0x80, 0x7c, 0x40,
    0x20, 0x13, 0x9a, 0x50, 0x7, 0xfc, 0xe0, 0x60,
    0x14, 0x84, 0x80, 0x7f, 0xf1, 0x48, 0x4c, 0x80,
    0x31, 0x6c, 0x80, 0x73, 0x1, 0x0, 0x4, 0x14,
    0x3, 0x46, 0x90, 0x80, 0x61, 0x23, 0x0, 0xe3,
    0x14, 0x9f, 0x71, 0x98, 0x0, 0xcc, 0x16, 0x1,
    0x18, 0x2f, 0x5b, 0xb, 0xfb, 0x0, 0x61, 0x80,
    0x60, 0x8, 0xc0, 0x2, 0xd7, 0xd0, 0x20, 0x1d,
    0xa1, 0x22, 0x0, 0x1d, 0x0, 0xad, 0x0, 0x3c,
    0x58, 0x6a, 0xc0, 0x14, 0x8b, 0x38, 0xe2, 0x80,
    0x61, 0x8d, 0x35, 0xa0, 0xc, 0xa1, 0x10, 0x71,
    0xae, 0xbb, 0x6f, 0x38, 0x4d, 0x0, 0x71, 0x18,
    0x84, 0x62, 0x82, 0x20, 0x8e, 0x39, 0x80, 0x3c,
    0x2a, 0x1, 0x1d, 0x77, 0x37, 0xf1, 0xc4, 0x3,
    0xee, 0x90, 0xf, 0x9, 0x0, 0x7f, 0x80,

    /* U+E2E0 "" */
    0x0, 0x8, 0xff, 0xf0, 0x0, 0x21, 0x20, 0x1f,
    0xee, 0xff, 0xe0, 0x30, 0x2, 0xb4, 0x5, 0x51,
    0x3f, 0xf8, 0xa, 0x1, 0x84, 0x2a, 0xef, 0xff,
    0x80, 0x60, 0x1f, 0xff, 0x6c, 0xdd, 0xfa, 0x80,
    0x3f, 0xf8, 0x6, 0x7f, 0x0, 0x65, 0xdf, 0xc5,
    0x0, 0xb3, 0xbb, 0xea, 0x0, 0x35, 0x10, 0x98,
    0x80, 0x7f, 0xf0, 0xa0, 0x33, 0xb0, 0x3, 0xff,
    0x84, 0x22, 0x43, 0x3, 0x30, 0x7, 0xff, 0x4,
    0x41, 0x44, 0x8, 0xc0, 0x42, 0x6e, 0xfe, 0x70,
    0x2, 0x8f, 0xde, 0x83, 0x80, 0x19, 0x13, 0xe9,
    0x0, 0x52, 0xa, 0x2, 0xc0, 0x3, 0xb7, 0x7e,
    0xe0, 0xa, 0xf6, 0xf6, 0x80, 0x0,

    /* U+E2F6 "" */
    0x0, 0xff, 0xe4, 0xf4, 0x80, 0xfb, 0x84, 0xf0,
    0x7, 0x1d, 0xff, 0x0, 0x88, 0x80, 0x83, 0x80,
    0x84, 0x40, 0x13, 0x62, 0x0, 0x88, 0x3, 0xc6,
    0xe, 0x1, 0x8e, 0x47, 0x10, 0x3, 0xff, 0x87,
    0x1, 0x46, 0x1, 0xff, 0xc4, 0x41, 0x40, 0xf,
    0xfe, 0x20, 0x81, 0x0, 0x7f, 0xf3, 0x44, 0x18,
    0x3, 0x84, 0x4, 0x3, 0xfc, 0x85, 0xda, 0xb,
    0xc4, 0x80, 0x19, 0xc0, 0x3d, 0x4a, 0x22, 0x0,
    0xa, 0x50, 0x6, 0x70, 0xf, 0xd, 0x7e, 0x2,
    0xfd, 0x88, 0x7, 0xff, 0x28, 0x40, 0x8c, 0x9c,
    0x3, 0xff, 0x86, 0xc3, 0x9a, 0x60, 0x1f, 0xfc,
    0x39, 0x92, 0xa8, 0x40, 0x3f, 0xf8, 0x8d, 0x54,
    0x50, 0xf, 0xff, 0xc1, 0x80, 0x7f, 0xf1, 0x48,
    0x38, 0x3, 0xfc, 0x42, 0x20, 0xc, 0x3e, 0xe0,
    0x1f, 0xe9, 0xe0,

    /* U+E354 "" */
    0x0, 0xff, 0xea, 0x35, 0xff, 0x10, 0x7, 0xff,
    0x9, 0xfa, 0x50, 0x45, 0x0, 0x1f, 0xfc, 0x3,
    0xd8, 0x16, 0xdc, 0x4, 0x0, 0xff, 0x9f, 0x9,
    0xbe, 0x49, 0x80, 0x4c, 0x3, 0xfa, 0x60, 0x72,
    0x41, 0xfa, 0xc0, 0x8, 0x1, 0xfa, 0x58, 0xbc,
    0xcd, 0xb0, 0x29, 0x1, 0x60, 0x1f, 0x33, 0xf,
    0x5, 0xf0, 0x8f, 0x2d, 0xc8, 0xc4, 0x3, 0x8e,
    0x4b, 0x46, 0x60, 0x27, 0xc, 0x1c, 0x81, 0x0,
    0x3b, 0xc3, 0x85, 0xd8, 0x2d, 0x80, 0xd, 0x0,
    0xc, 0x0, 0xcc, 0x6e, 0x69, 0x1, 0x68, 0x1,
    0x40, 0x60, 0x38, 0x6, 0xb1, 0x90, 0x90, 0x84,
    0x0, 0x88, 0x50, 0xd0, 0x48, 0x0, 0x84, 0xc2,
    0xc4, 0x47, 0xb, 0xe0, 0xe, 0xc0, 0x50, 0x7,
    0x5, 0x5, 0x84, 0x84, 0x22, 0x81, 0xa, 0x12,
    0x86, 0x0, 0x1c, 0x41, 0x8, 0x88, 0x16, 0xf6,
    0x0, 0x90, 0xc4, 0x4, 0x0, 0x38, 0xed, 0x83,
    0x88, 0x1c, 0x0, 0x83, 0xb0, 0xc8, 0x1, 0x2,
    0xa1, 0x0, 0xb, 0xd9, 0x6, 0x9d, 0x21, 0x38,
    0xe8, 0x18, 0x0, 0x7b, 0xfb, 0x62, 0x37, 0xcb,
    0x3, 0x10, 0x38, 0xa0, 0x50, 0xe, 0x49, 0xdd,
    0x4a, 0x80, 0x17, 0xb6, 0x10, 0x4c, 0x84, 0x3,
    0xe2, 0x6a, 0xfc, 0x73, 0x27, 0xbf, 0x20, 0x20,
    0xf, 0xf8, 0xe3, 0x3a, 0x98, 0x44, 0xa6, 0x1,
    0xff, 0xc2, 0x15, 0x9e, 0xfa, 0x0,

    /* U+E356 "" */
    0x0, 0xff, 0xe3, 0x8, 0x7, 0xff, 0x11, 0x2b,
    0xf8, 0x40, 0x3f, 0xf8, 0x49, 0x6a, 0x2, 0x20,
    0xf, 0x8d, 0x40, 0x39, 0x40, 0x24, 0x0, 0xf9,
    0x72, 0xa8, 0x1, 0xb4, 0x2, 0xe0, 0xf, 0xbc,
    0x0, 0xa0, 0x16, 0x19, 0xb6, 0x90, 0x3, 0xc8,
    0xa0, 0x6, 0x0, 0x61, 0x9b, 0x9, 0x40, 0x3c,
    0x96, 0x13, 0xb2, 0x18, 0x66, 0xc0, 0xf, 0xc9,
    0x61, 0x4c, 0x41, 0x86, 0x6c, 0x5, 0xb3, 0x0,
    0xc5, 0x61, 0x4a, 0x0, 0xc3, 0x36, 0x1, 0xd2,
    0x68, 0x80, 0x42, 0x6, 0xa0, 0xc, 0x33, 0x60,
    0x1, 0x0, 0x3e, 0x33, 0x88, 0x30, 0xc2, 0x0,
    0xd, 0x0, 0x7a, 0x20, 0x1a, 0x82, 0xf0, 0xc0,
    0x17, 0xb3, 0x20, 0xbc, 0x30, 0xe, 0x60, 0x63,
    0x37, 0x51, 0x93, 0x5, 0xa0, 0x7, 0xe2, 0x3,
    0xc1, 0x5c, 0xd8, 0xc4, 0x0, 0xf0, 0xbe, 0x11,
    0xe0, 0x6, 0x27, 0x30, 0xf, 0xb2, 0xc, 0xd8,
    0x1, 0xff, 0xc2, 0x12, 0x0, 0x58, 0x7, 0xff,
    0xc, 0x54, 0x5, 0x80, 0x3f, 0xf8, 0x95, 0xdc,
    0x10, 0xf, 0xfe, 0x18,

    /* U+E36A "" */
    0x0, 0xe2, 0x10, 0xf, 0x9, 0x0, 0x7e, 0x5e,
    0xde, 0x20, 0xc, 0x5d, 0xbc, 0xa0, 0x1c, 0x34,
    0x28, 0xc4, 0x1, 0x89, 0x90, 0x68, 0x40, 0x32,
    0x3, 0xdc, 0x80, 0x7a, 0x6d, 0xc1, 0x0, 0x3f,
    0xf9, 0xde, 0x1, 0xff, 0xd2, 0xf0, 0xf, 0xfe,
    0x71, 0x0, 0x7f, 0xf0, 0x88, 0x2, 0xc8, 0x5,
    0x0, 0xff, 0x28, 0x46, 0x0, 0x4, 0x3, 0xff,
    0x88, 0x20, 0xd, 0x80, 0x50, 0xf, 0xf2, 0x84,
    0x68, 0x4, 0x40, 0x1f, 0xfc, 0x22, 0x0, 0xff,
    0xec, 0xf8, 0x7, 0xef, 0x0, 0xff, 0xec, 0xa0,
    0x3d, 0xc8, 0x7, 0xa6, 0xdc, 0x10, 0x3, 0xd,
    0xa, 0x31, 0x0, 0x62, 0x64, 0x1a, 0x10, 0xe,
    0x5e, 0xde, 0x20, 0xc, 0x5d, 0xbc, 0xa0, 0x10,

    /* U+E36F "" */
    0x0, 0xe1, 0x1f, 0xf0, 0x7, 0xc7, 0xbf, 0xdd,
    0xfe, 0xfd, 0x30, 0x8, 0x74, 0x80, 0xcf, 0xfc,
    0x5, 0x84, 0x0, 0xd1, 0x20, 0x5c, 0xcf, 0xca,
    0x2, 0x1c, 0xe, 0x69, 0xa4, 0xc8, 0x1, 0xe4,
    0x61, 0xf3, 0x33, 0xe0, 0x40, 0x48, 0x55, 0xdf,
    0xa8, 0x20, 0x7c, 0x30, 0xc1, 0x1, 0x14, 0x51,
    0x3c, 0x26, 0xc0, 0xa0, 0x72, 0x10, 0x21, 0x60,
    0xb, 0xee, 0x58, 0x3, 0xc0, 0x10, 0x12, 0x2e,
    0x16, 0x3, 0x1, 0xc2, 0x2e, 0x6, 0x30, 0x81,
    0x71, 0x8, 0x15, 0x30, 0x72, 0x53, 0x32, 0x8c,
    0x1, 0x38, 0xc0, 0x5, 0x1, 0xe0, 0x5, 0xd,
    0xd0, 0x30, 0x84, 0x84, 0x0, 0x66, 0x23, 0x69,
    0x70, 0x11, 0x3, 0xc2, 0x20, 0x98, 0x3, 0xa4,
    0x25, 0x8a, 0xff, 0xd6, 0x4f, 0x61, 0x20, 0x1e,
    0x44, 0x0, 0xe2, 0x8, 0x26, 0x8, 0x22, 0x0,
    0x3e, 0xc0, 0x91, 0x4e, 0xc0, 0x19, 0xc, 0x0,
    0xfd, 0xc0, 0x60, 0xa0, 0x40, 0x3, 0xe, 0x0,
    0xfc, 0x20, 0x40, 0x22, 0x0, 0x88, 0x4, 0x3,
    0xf5, 0x85, 0x80, 0x2a, 0x80, 0xa, 0xb, 0x0,
    0xfc, 0x68, 0x56, 0x28, 0x81, 0xb3, 0x43, 0x0,
    0xfe, 0xa3, 0x4e, 0xcd, 0xe4, 0x3b, 0x0, 0xff,
    0xe, 0x41, 0x19, 0x12, 0x30, 0x3, 0xff, 0x82,
    0xfb, 0xfe, 0xd7, 0x0, 0xf8,

    /* U+E373 "" */
    0x0, 0xe8, 0xff, 0xff, 0x60, 0x80, 0x7e, 0x47,
    0x2, 0x2f, 0xc2, 0x72, 0x20, 0x1d, 0x1f, 0x60,
    0xdb, 0xbf, 0xc0, 0xfd, 0x62, 0x0, 0x77, 0x9,
    0x80, 0x7f, 0xf0, 0x8, 0x89, 0xa0, 0xa, 0xf,
    0xf0, 0x7, 0xff, 0x1, 0x34, 0xcc, 0x40, 0x1f,
    0xfc, 0x77, 0x0, 0x94, 0x3f, 0xc0, 0x1f, 0xfc,
    0x4, 0xc4, 0x32, 0x8, 0x71, 0x30, 0xf, 0xf3,
    0x81, 0x1a, 0x68, 0x5, 0x1f, 0x80, 0xa0, 0x1f,
    0x88, 0x1f, 0xac, 0x40, 0x38, 0xc8, 0xcc, 0x1,
    0xf5, 0x85, 0x8, 0x7, 0xe8, 0xe, 0x10, 0xe,
    0x92, 0x52, 0x0, 0xfe, 0x56, 0x2f, 0x73, 0x25,
    0xc6, 0x2b, 0x0, 0xff, 0xa6, 0x6, 0x33, 0x68,
    0xd3, 0x4, 0x3, 0xff, 0x80, 0xec, 0x6, 0xa0,
    0x36, 0x20, 0x1f, 0xfc, 0x11, 0x50, 0xea, 0x21,
    0x30, 0xf, 0xfe, 0x16, 0x1a, 0x10, 0x40, 0x61,
    0x80, 0x7f, 0xf0, 0x24, 0x92, 0xc0, 0xb, 0x21,
    0xa0, 0x1f, 0xf0, 0xb0, 0xd8, 0x6, 0x66, 0xb,
    0x0, 0x7e, 0x9b, 0xd0, 0x5, 0xdf, 0x90, 0x22,
    0xec, 0x40, 0x1c, 0xe8, 0x60, 0x28, 0x9e, 0x20,
    0x14, 0x43, 0x0, 0x77, 0x77, 0xff, 0xf, 0xd0,
    0x0,

    /* U+E37F "" */
    0x0, 0xc6, 0x1, 0x84, 0x40, 0x1e, 0x6c, 0x40,
    0xb, 0xfc, 0x1, 0xf8, 0x40, 0x3f, 0xfc, 0xeb,
    0x90, 0x11, 0x99, 0x8, 0xb2, 0x84, 0x54, 0x62,
    0x4, 0x67, 0x0, 0xd, 0x60, 0xc1, 0x7f, 0xff,
    0x70, 0x10, 0x0, 0xc0, 0x3f, 0xf9, 0xe6, 0x1,
    0xff, 0xc1, 0x10, 0xf, 0xc4, 0x2, 0x44, 0x42,
    0x0, 0xfa, 0x83, 0x2, 0xc3, 0xd0, 0x47, 0x14,
    0xb1, 0x30, 0x33, 0xa, 0xfb, 0xb6, 0xb0, 0xf0,
    0x5, 0x36, 0xc8, 0x20, 0x8b, 0x1e, 0x60, 0x19,
    0x26, 0xd4, 0x2a, 0x8e, 0x20, 0x1f, 0xfd, 0xa1,
    0x0, 0xff, 0xab, 0x40, 0x3c,

    /* U+E3C6 "" */
    0x0, 0xf8, 0x90, 0x3, 0x19, 0x0, 0x7f, 0xf0,
    0xb, 0x36, 0xfd, 0xdd, 0xf9, 0xb8, 0x20, 0x1f,
    0xef, 0x33, 0x30, 0xc4, 0x1, 0x50, 0xf0, 0x3,
    0xf9, 0x49, 0x32, 0x70, 0x1, 0x95, 0x68, 0x4a,
    0x1, 0xf3, 0x50, 0x60, 0x0, 0x84, 0x46, 0x0,
    0xc0, 0xa6, 0x0, 0xe5, 0x90, 0x6, 0x0, 0x7e,
    0xc0, 0x4, 0xa8, 0x6, 0x80, 0xc8, 0xe0, 0xf,
    0xdd, 0x18, 0x10, 0x1, 0x9, 0x19, 0x9d, 0x40,
    0x3f, 0x2b, 0x99, 0x88, 0x40, 0x30, 0x88, 0x3,
    0x84, 0x40, 0x1c, 0x22, 0x0, 0xc2, 0x4, 0xc0,
    0x19, 0x80, 0xc, 0x1, 0x98, 0x80, 0x40, 0xe,
    0x6, 0xe0, 0x13, 0xc8, 0x2, 0x5c, 0x2, 0x63,
    0x7, 0x0, 0x48, 0x68, 0x5, 0x30, 0x1, 0xa2,
    0x0, 0x1, 0xd0, 0x90, 0x11, 0x18, 0x80, 0x54,
    0xfa, 0x22, 0xd7, 0xb0, 0x8, 0x4c, 0x46, 0x2,
    0x0, 0xc7, 0x4, 0x0, 0x28, 0x30, 0xc, 0x40,
    0x20, 0xa3, 0x20, 0x1f, 0xfc, 0x29, 0x15, 0x0,
    0x58, 0xb7, 0x48, 0x80, 0x7e, 0x19, 0xd6, 0x1b,
    0x0, 0xd, 0x0, 0xb2, 0x0, 0x42, 0x20, 0x9,
    0x18, 0x82, 0x84, 0x2, 0x40, 0x1d, 0x50, 0x2,
    0x0, 0x10, 0x0, 0xb8, 0x20, 0xa0, 0x1c, 0xc3,
    0x24, 0x9, 0x40, 0xa, 0x40, 0x28, 0x15, 0x10,
    0xe, 0x83, 0x4d, 0xfb, 0x16, 0x71, 0xbf, 0xd4,
    0x3b, 0x0, 0xf0, 0xe4, 0x99, 0x2d, 0xcc, 0x5a,
    0x92, 0x46, 0x8, 0x4,

    /* U+E410 "" */
    0x0, 0xfe, 0x10, 0xf, 0xfe, 0x2b, 0x67, 0xf4,
    0x80, 0x72, 0xf0, 0x80, 0x79, 0x3a, 0x4c, 0x0,
    0x80, 0x18, 0x7c, 0x50, 0x3, 0x9a, 0xc4, 0xe9,
    0xc2, 0x80, 0x24, 0xe5, 0xa, 0xe0, 0x9, 0x24,
    0x23, 0x14, 0xc1, 0x40, 0x26, 0x51, 0x3, 0x60,
    0xa, 0x82, 0x5c, 0x0, 0xc0, 0x40, 0x11, 0x53,
    0x87, 0xc0, 0x1, 0xc5, 0x58, 0x2, 0x60, 0x20,
    0xe, 0xb8, 0x30, 0xa, 0xc2, 0x0, 0x36, 0x5,
    0x0, 0x71, 0x38, 0x6, 0x32, 0x20, 0x6, 0x60,
    0x74, 0x0, 0xfe, 0x20, 0x60, 0xe, 0x1a, 0xb,
    0x82, 0x1, 0x6c, 0x90, 0xf, 0xf9, 0x68, 0x1f,
    0x7f, 0xa4, 0xd8, 0x40, 0x81, 0x80, 0x3e, 0x5e,
    0x84, 0x23, 0x71, 0x1, 0x0, 0x19, 0x10, 0x3,
    0xe1, 0x7b, 0xdc, 0xa1, 0x30, 0xa, 0xc2, 0xc0,
    0x3f, 0xf8, 0x16, 0x14, 0x1, 0x38, 0xb2, 0x0,
    0x7f, 0x91, 0x85, 0x80, 0x35, 0x5, 0xa0, 0x7,
    0xe4, 0xb0, 0xa0, 0xe, 0x49, 0xb, 0x92, 0x0,
    0xc5, 0x36, 0x12, 0x80, 0x1e, 0x6b, 0x16, 0xdd,
    0x5d, 0xb7, 0x4c, 0x36, 0xc0, 0x1f, 0x93, 0xa0,
    0xc9, 0x10, 0x47, 0x1c, 0x80, 0x1f, 0xf3, 0xe7,
    0xee, 0xbf, 0x1c, 0x3, 0xe0,

    /* U+E412 "" */
    0x0, 0xff, 0xe9, 0x9e, 0xf1, 0x80, 0x66, 0xe1,
    0x0, 0xff, 0xbc, 0x87, 0xc0, 0x21, 0xc1, 0x41,
    0x0, 0xff, 0x19, 0x10, 0xc0, 0x9, 0xca, 0x15,
    0xc0, 0x1f, 0xc4, 0xe, 0xe0, 0x20, 0x55, 0x10,
    0x1b, 0x80, 0x7f, 0x38, 0x6e, 0x81, 0xc0, 0x69,
    0x3, 0xe0, 0x3, 0xfb, 0x40, 0xcc, 0x1a, 0x1,
    0x44, 0x98, 0x7, 0xf9, 0x1, 0x54, 0x8, 0x1,
    0xb, 0x0, 0x7c, 0x28, 0xf6, 0x66, 0x11, 0x19,
    0xad, 0xd0, 0x40, 0x38, 0xef, 0xb9, 0x70, 0x87,
    0xa0, 0xe, 0x34, 0x8b, 0xee, 0x59, 0x80, 0x35,
    0xd, 0x62, 0xfb, 0x4, 0x0, 0x59, 0xd7, 0xa,
    0x69, 0xa0, 0x1, 0x0, 0xff, 0xe3, 0x8, 0x2,
    0x84, 0x96, 0x2f, 0xb0, 0x40, 0x5, 0x9d, 0x70,
    0xa4, 0x34, 0x0, 0x5e, 0xe5, 0xc2, 0x9, 0xe8,
    0x3, 0x8c, 0x56, 0x2f, 0xb8, 0xa0, 0x18, 0x51,
    0xef, 0x88, 0xc4, 0x46, 0x5d, 0x4e, 0x82, 0x1,
    0xe4, 0x20, 0x9, 0x1, 0x54, 0x8, 0x1, 0xfc,
    0x9f, 0x7b, 0x0, 0xf, 0x3, 0x30, 0x78, 0x7,
    0xf5, 0x3, 0x93, 0x98, 0x28, 0x6e, 0x81, 0x40,
    0x3f, 0x84, 0xa1, 0x41, 0x40, 0xc1, 0xdc, 0x6,
    0x1, 0xfc, 0x44, 0xd7, 0x4, 0x0, 0x11, 0x60,
    0xf, 0xf7, 0x11, 0x2, 0x48, 0x1, 0x0, 0x8,
    0x0, 0xff, 0x1e, 0xf7, 0xb0, 0x4, 0xbd, 0xc5,
    0x0, 0xfe,

    /* U+E45C "" */
    0x0, 0xff, 0xe2, 0x20, 0x7, 0xff, 0x1a, 0xec,
    0xa0, 0x1f, 0xfc, 0x4b, 0x43, 0x50, 0xf, 0xfe,
    0x1d, 0xa1, 0xe8, 0x7, 0xff, 0xe, 0xd0, 0x1,
    0x57, 0x20, 0x1f, 0xfc, 0x15, 0x0, 0x1a, 0x21,
    0x88, 0x3, 0xff, 0x81, 0xdd, 0x48, 0x2, 0x88,
    0x3, 0xff, 0x82, 0x2b, 0x21, 0x4a, 0x1, 0xe1,
    0x0, 0x5e, 0x80, 0x45, 0x61, 0x4a, 0x1, 0xe8,
    0xe8, 0xb4, 0x10, 0x8, 0xd2, 0x94, 0x3, 0xd0,
    0xe0, 0xe8, 0x78, 0x4, 0x22, 0xb5, 0x0, 0xf3,
    0xb8, 0x68, 0x41, 0x1, 0x36, 0x80, 0x3f, 0xa0,
    0x31, 0x70, 0x5e, 0xac, 0x38, 0x3, 0xf0, 0x82,
    0x10, 0x16, 0xa, 0x85, 0x28, 0x7, 0xe1, 0x12,
    0x18, 0x0, 0xb0, 0x40, 0x80, 0x3f, 0xd6, 0x18,
    0x60, 0x2, 0x70, 0xa0, 0xf, 0xf3, 0x88, 0x62,
    0x4, 0x30, 0xf8, 0x7, 0xf1, 0x60, 0x98, 0x5f,
    0x38, 0xe1, 0x0, 0x7f, 0x78, 0xb6, 0x51, 0x82,
    0x61, 0x0, 0x7f, 0x99, 0xe4, 0x17, 0x3a, 0xc8,
    0x3, 0xfc,

    /* U+E461 "" */
    0x0, 0xff, 0xe8, 0xb5, 0xf7, 0xfd, 0x6c, 0x1,
    0xff, 0xc0, 0x6e, 0x94, 0x3, 0x30, 0xa4, 0xf2,
    0x80, 0x7f, 0x54, 0x8b, 0x6f, 0x66, 0x3b, 0x58,
    0x6a, 0x80, 0x1f, 0x52, 0x96, 0x49, 0x0, 0x62,
    0x9d, 0x25, 0xa0, 0xe, 0x65, 0x2c, 0x30, 0x2,
    0xd5, 0x14, 0x0, 0x58, 0x4a, 0xc0, 0x10, 0xc0,
    0x70, 0x80, 0x2a, 0x8a, 0xaa, 0xa0, 0x0, 0x7c,
    0x20, 0x40, 0xe, 0x2c, 0x60, 0x5, 0x50, 0xdd,
    0x89, 0x50, 0x0, 0x4c, 0x2e, 0x0, 0xd0, 0xa0,
    0xb, 0x2, 0xd1, 0x10, 0x1a, 0x1, 0x50, 0x68,
    0x1, 0x40, 0xc0, 0x38, 0x40, 0xc, 0x1, 0xc6,
    0x2a, 0x0, 0x13, 0x0, 0xda, 0x1c, 0x0, 0x90,
    0xd0, 0xc, 0x42, 0x2, 0x1, 0xe4, 0x65, 0xee,
    0x2b, 0x20, 0x7, 0xc2, 0x22, 0x0, 0xe9, 0xb6,
    0x65, 0xc8, 0x7, 0x10, 0x80, 0x14, 0x44, 0x1,
    0xc9, 0x10, 0x40, 0xe, 0x11, 0x28, 0x3, 0x41,
    0x80, 0x30, 0x8f, 0x80, 0x33, 0x6, 0x80, 0x1c,
    0x64, 0x41, 0xbf, 0xbb, 0xde, 0xc0, 0x9, 0x6,
    0x0, 0xc, 0xd, 0x1c, 0x82, 0x27, 0x82, 0x4e,
    0x86, 0x40, 0x33, 0x2a, 0x68, 0x4d, 0xdf, 0xa4,
    0x35, 0x54, 0xc0, 0x1d, 0x4a, 0x21, 0xe2, 0x1,
    0x87, 0xc0, 0x56, 0x80, 0x3e, 0xa8, 0x6, 0xee,
    0x66, 0x3b, 0x8c, 0x33, 0x40, 0x1f, 0xcf, 0xd0,
    0x62, 0x66, 0x4, 0x9f, 0x60, 0xf, 0xf8, 0x5f,
    0x3f, 0xee, 0xb6, 0x10, 0xf, 0x0,

    /* U+E4C2 "" */
    0x0, 0xf9, 0x62, 0xa9, 0x2c, 0x20, 0x1f, 0xfc,
    0x8, 0xfa, 0x75, 0x53, 0x4f, 0x59, 0x0, 0x7e,
    0x3d, 0x70, 0x6a, 0xdd, 0x5b, 0x92, 0x6b, 0x0,
    0x78, 0xf0, 0x9b, 0xa5, 0x48, 0x89, 0x1b, 0x1,
    0x2e, 0x1, 0x87, 0x42, 0x64, 0x27, 0x37, 0x94,
    0xa0, 0xf8, 0x10, 0x80, 0x15, 0x8b, 0xb0, 0x56,
    0x32, 0x1a, 0xd6, 0x91, 0xd8, 0x50, 0x0, 0x94,
    0xa0, 0x2d, 0x4a, 0xbb, 0xf1, 0x4b, 0x49, 0x18,
    0x58, 0x28, 0x2c, 0x1d, 0xf, 0x14, 0x44, 0x75,
    0x1, 0xc1, 0x61, 0x40, 0x60, 0x81, 0x21, 0xa2,
    0xff, 0xd6, 0x2e, 0x67, 0x11, 0xc, 0x14, 0x8,
    0x82, 0x62, 0x90, 0x24, 0x96, 0x14, 0x16, 0xc,
    0x4, 0x64, 0x2, 0x8, 0x6, 0x17, 0xa2, 0x80,
    0xa0, 0x20, 0x60, 0xf, 0xc0, 0x39, 0x90, 0x34,
    0xa8, 0x55, 0x81, 0xcd, 0x84, 0x61, 0x0,

    /* U+E506 "" */
    0x0, 0xff, 0xe5, 0x9d, 0x77, 0xfb, 0xa9, 0x0,
    0x3f, 0xab, 0x14, 0x4c, 0xc0, 0xb7, 0x61, 0x0,
    0xf6, 0x28, 0x57, 0xe6, 0x3a, 0xc1, 0x30, 0x40,
    0x35, 0x18, 0x1, 0x80, 0x32, 0x80, 0xb, 0x40,
    0x23, 0x52, 0x50, 0xf, 0xc6, 0x86, 0xa0, 0xa,
    0x9, 0x0, 0xff, 0x48, 0x48, 0x1, 0xc1, 0x34,
    0x10, 0x3, 0x20, 0x29, 0x19, 0x84, 0x4, 0xc1,
    0x82, 0x14, 0x0, 0x96, 0x14, 0xc, 0x4, 0x20,
    0x10, 0xd0, 0x57, 0x72, 0xc6, 0xc, 0xc, 0x3,
    0x38, 0x1, 0x71, 0x44, 0x49, 0x6e, 0x1, 0xff,
    0x1d, 0x7f, 0xad, 0x0, 0x3f, 0x38, 0x3f, 0xa0,
    0x6, 0x3e, 0x90, 0xc, 0x20, 0x20, 0x61, 0x60,
    0x1b, 0x47, 0xc0, 0x80, 0x40, 0xc9, 0x11, 0x6e,
    0x1, 0xa6, 0x4c, 0x48, 0x24, 0x10, 0x14, 0x88,
    0x80, 0xc, 0xec, 0x5e, 0x12, 0x0, 0x47, 0x1b,
    0xdb, 0xbf, 0x6e, 0x89, 0x5c, 0x2, 0x89, 0x2,
    0x44, 0xf1, 0x3, 0xd0, 0x7, 0x60, 0x3f, 0x77,
    0xa4, 0xc, 0x3, 0x8d, 0x4a, 0x4, 0x7c, 0xc8,
    0x85, 0x0, 0xc2, 0x7c, 0x1, 0xfa, 0x4d, 0x80,
    0x0,

    /* U+E529 "" */
    0x0, 0xff, 0xe9, 0x1d, 0x7f, 0xa8, 0xc0, 0x3f,
    0xf8, 0x4b, 0x98, 0x51, 0x12, 0xe6, 0x10, 0x3,
    0xfc, 0xdb, 0x46, 0x6a, 0xee, 0x51, 0x1d, 0xeb,
    0x0, 0x79, 0xfa, 0x49, 0x2f, 0x14, 0x0, 0xbb,
    0x68, 0x53, 0xce, 0x1, 0x64, 0xb, 0x6d, 0xa0,
    0x7, 0x92, 0xf5, 0x46, 0x30, 0x0, 0x61, 0x52,
    0x40, 0x1f, 0xe2, 0xaa, 0x1, 0x80, 0x14, 0x2b,
    0x14, 0x3, 0xfc, 0x99, 0x40, 0xa0, 0xa, 0xa1,
    0x9a, 0xb5, 0x80, 0x3c, 0xdb, 0x66, 0x6a, 0xa0,
    0x4, 0xb9, 0x84, 0x29, 0xe8, 0x11, 0x47, 0x49,
    0x26, 0x61, 0x40, 0x2c, 0x70, 0x3b, 0xd6, 0x17,
    0xee, 0x38, 0xb6, 0xd9, 0x83, 0xe0, 0x0, 0xe2,
    0x8c, 0xa, 0x79, 0xc8, 0x91, 0xd2, 0x40, 0x75,
    0x6, 0x0, 0xb1, 0x5c, 0xb4, 0x1, 0x8d, 0xd3,
    0x88, 0x25, 0xe2, 0x8d, 0x80, 0x13, 0xa8, 0x92,
    0xf5, 0x80, 0x33, 0x6d, 0xa1, 0x57, 0x20, 0x0,
    0x85, 0x76, 0xd0, 0xa7, 0x9e, 0x3a, 0x49, 0x2f,
    0x54, 0x48, 0x1, 0xba, 0x10, 0x4b, 0xd6, 0x18,
    0x71, 0x5d, 0xb4, 0x1, 0xdd, 0x0, 0xc, 0xdd,
    0x24, 0x5, 0x3d, 0x32, 0xea, 0x20, 0x29, 0xe3,
    0x30, 0x3, 0x20, 0x5b, 0x6c, 0xc0, 0x59, 0x82,
    0x9, 0x7a, 0xc3, 0x18, 0x1, 0x3f, 0x49, 0x26,
    0x61, 0x40, 0xb, 0x96, 0x85, 0x3c, 0xe0, 0x1e,
    0x6d, 0xa3, 0x35, 0x77, 0x28, 0xcd, 0x5a, 0xc0,
    0x1f, 0xe5, 0xcc, 0x28, 0x89, 0x73, 0xa, 0x1,
    0xff, 0xc2, 0x3a, 0xff, 0x51, 0x80, 0x7e
};


/*---------------------
 *  GLYPH DESCRIPTION
 *--------------------*/

static const lv_font_fmt_txt_glyph_dsc_t glyph_dsc[] = {
    {.bitmap_index = 0, .adv_w = 0, .box_w = 0, .box_h = 0, .ofs_x = 0, .ofs_y = 0} /* id = 0 reserved */,
    {.bitmap_index = 0, .adv_w = 352, .box_w = 22, .box_h = 22, .ofs_x = 0, .ofs_y = 0},
    {.bitmap_index = 138, .adv_w = 352, .box_w = 20, .box_h = 22, .ofs_x = 1, .ofs_y = 0},
    {.bitmap_index = 282, .adv_w = 352, .box_w = 16, .box_h = 16, .ofs_x = 3, .ofs_y = 3},
    {.bitmap_index = 351, .adv_w = 352, .box_w = 16, .box_h = 16, .ofs_x = 3, .ofs_y = 3},
    {.bitmap_index = 434, .adv_w = 352, .box_w = 16, .box_h = 16, .ofs_x = 3, .ofs_y = 3},
    {.bitmap_index = 517, .adv_w = 352, .box_w = 16, .box_h = 16, .ofs_x = 3, .ofs_y = 3},
    {.bitmap_index = 587, .adv_w = 352, .box_w = 22, .box_h = 22, .ofs_x = 0, .ofs_y = 0},
    {.bitmap_index = 782, .adv_w = 352, .box_w = 22, .box_h = 22, .ofs_x = 0, .ofs_y = 0},
    {.bitmap_index = 965, .adv_w = 352, .box_w = 22, .box_h = 14, .ofs_x = 0, .ofs_y = 4},
    {.bitmap_index = 1060, .adv_w = 352, .box_w = 22, .box_h = 14, .ofs_x = 0, .ofs_y = 4},
    {.bitmap_index = 1140, .adv_w = 352, .box_w = 22, .box_h = 14, .ofs_x = 0, .ofs_y = 4},
    {.bitmap_index = 1255, .adv_w = 352, .box_w = 22, .box_h = 14, .ofs_x = 0, .ofs_y = 4},
    {.bitmap_index = 1353, .adv_w = 352, .box_w = 22, .box_h = 14, .ofs_x = 0, .ofs_y = 4},
    {.bitmap_index = 1441, .adv_w = 352, .box_w = 22, .box_h = 14, .ofs_x = 0, .ofs_y = 4},
    {.bitmap_index = 1533, .adv_w = 352, .box_w = 19, .box_h = 22, .ofs_x = 1, .ofs_y = 0},
    {.bitmap_index = 1671, .adv_w = 352, .box_w = 12, .box_h = 22, .ofs_x = 5, .ofs_y = 0},
    {.bitmap_index = 1770, .adv_w = 352, .box_w = 22, .box_h = 20, .ofs_x = 0, .ofs_y = 1},
    {.bitmap_index = 1864, .adv_w = 352, .box_w = 16, .box_h = 20, .ofs_x = 3, .ofs_y = 1},
    {.bitmap_index = 1936, .adv_w = 352, .box_w = 20, .box_h = 21, .ofs_x = 1, .ofs_y = 0},
    {.bitmap_index = 2047, .adv_w = 352, .box_w = 22, .box_h = 18, .ofs_x = 0, .ofs_y = 2},
    {.bitmap_index = 2179, .adv_w = 352, .box_w = 22, .box_h = 22, .ofs_x = 0, .ofs_y = 0},
    {.bitmap_index = 2347, .adv_w = 352, .box_w = 18, .box_h = 13, .ofs_x = 2, .ofs_y = 5},
    {.bitmap_index = 2426, .adv_w = 352, .box_w = 14, .box_h = 8, .ofs_x = 4, .ofs_y = 7},
    {.bitmap_index = 2472, .adv_w = 352, .box_w = 8, .box_h = 14, .ofs_x = 7, .ofs_y = 4},
    {.bitmap_index = 2519, .adv_w = 352, .box_w = 8, .box_h = 14, .ofs_x = 7, .ofs_y = 4},
    {.bitmap_index = 2567, .adv_w = 352, .box_w = 14, .box_h = 8, .ofs_x = 4, .ofs_y = 7},
    {.bitmap_index = 2611, .adv_w = 352, .box_w = 22, .box_h = 22, .ofs_x = 0, .ofs_y = 0},
    {.bitmap_index = 2775, .adv_w = 352, .box_w = 22, .box_h = 22, .ofs_x = 0, .ofs_y = 0},
    {.bitmap_index = 2950, .adv_w = 352, .box_w = 22, .box_h = 22, .ofs_x = 0, .ofs_y = 0},
    {.bitmap_index = 3121, .adv_w = 352, .box_w = 22, .box_h = 22, .ofs_x = 0, .ofs_y = 0},
    {.bitmap_index = 3303, .adv_w = 352, .box_w = 22, .box_h = 22, .ofs_x = 0, .ofs_y = 0},
    {.bitmap_index = 3496, .adv_w = 352, .box_w = 18, .box_h = 22, .ofs_x = 2, .ofs_y = 0},
    {.bitmap_index = 3580, .adv_w = 352, .box_w = 22, .box_h = 22, .ofs_x = 0, .ofs_y = 0},
    {.bitmap_index = 3759, .adv_w = 352, .box_w = 22, .box_h = 16, .ofs_x = 0, .ofs_y = 3},
    {.bitmap_index = 3884, .adv_w = 352, .box_w = 22, .box_h = 21, .ofs_x = 0, .ofs_y = 0},
    {.bitmap_index = 4056, .adv_w = 352, .box_w = 22, .box_h = 21, .ofs_x = 0, .ofs_y = 0},
    {.bitmap_index = 4220, .adv_w = 352, .box_w = 22, .box_h = 21, .ofs_x = 0, .ofs_y = 0},
    {.bitmap_index = 4373, .adv_w = 352, .box_w = 22, .box_h = 20, .ofs_x = 0, .ofs_y = 1},
    {.bitmap_index = 4533, .adv_w = 352, .box_w = 22, .box_h = 14, .ofs_x = 0, .ofs_y = 4},
    {.bitmap_index = 4640, .adv_w = 352, .box_w = 21, .box_h = 21, .ofs_x = 1, .ofs_y = 1},
    {.bitmap_index = 4778, .adv_w = 352, .box_w = 22, .box_h = 22, .ofs_x = 0, .ofs_y = 0},
    {.bitmap_index = 4976, .adv_w = 352, .box_w = 22, .box_h = 22, .ofs_x = 0, .ofs_y = 0},
    {.bitmap_index = 5083, .adv_w = 352, .box_w = 21, .box_h = 20, .ofs_x = 1, .ofs_y = 1},
    {.bitmap_index = 5232, .adv_w = 352, .box_w = 22, .box_h = 16, .ofs_x = 0, .ofs_y = 3},
    {.bitmap_index = 5307, .adv_w = 352, .box_w = 20, .box_h = 22, .ofs_x = 1, .ofs_y = 0},
    {.bitmap_index = 5477, .adv_w = 352, .box_w = 14, .box_h = 20, .ofs_x = 4, .ofs_y = 1},
    {.bitmap_index = 5582, .adv_w = 352, .box_w = 20, .box_h = 20, .ofs_x = 1, .ofs_y = 1},
    {.bitmap_index = 5685, .adv_w = 352, .box_w = 16, .box_h = 21, .ofs_x = 3, .ofs_y = 0},
    {.bitmap_index = 5808, .adv_w = 352, .box_w = 20, .box_h = 21, .ofs_x = 1, .ofs_y = 0},
    {.bitmap_index = 5962, .adv_w = 352, .box_w = 20, .box_h = 20, .ofs_x = 1, .ofs_y = 1},
    {.bitmap_index = 6080, .adv_w = 352, .box_w = 22, .box_h = 16, .ofs_x = 0, .ofs_y = 3},
    {.bitmap_index = 6232, .adv_w = 352, .box_w = 18, .box_h = 22, .ofs_x = 2, .ofs_y = 0},
    {.bitmap_index = 6318, .adv_w = 352, .box_w = 18, .box_h = 22, .ofs_x = 2, .ofs_y = 0},
    {.bitmap_index = 6443, .adv_w = 352, .box_w = 20, .box_h = 20, .ofs_x = 1, .ofs_y = 1},
    {.bitmap_index = 6571, .adv_w = 352, .box_w = 18, .box_h = 21, .ofs_x = 2, .ofs_y = 0},
    {.bitmap_index = 6664, .adv_w = 352, .box_w = 16, .box_h = 21, .ofs_x = 3, .ofs_y = 0},
    {.bitmap_index = 6793, .adv_w = 352, .box_w = 22, .box_h = 19, .ofs_x = 0, .ofs_y = 2},
    {.bitmap_index = 6883, .adv_w = 352, .box_w = 22, .box_h = 21, .ofs_x = 0, .ofs_y = 0},
    {.bitmap_index = 7004, .adv_w = 352, .box_w = 22, .box_h = 16, .ofs_x = 0, .ofs_y = 3},
    {.bitmap_index = 7146, .adv_w = 352, .box_w = 20, .box_h = 21, .ofs_x = 1, .ofs_y = 1},
    {.bitmap_index = 7276, .adv_w = 352, .box_w = 22, .box_h = 22, .ofs_x = 0, .ofs_y = 0},
    {.bitmap_index = 7477, .adv_w = 352, .box_w = 22, .box_h = 21, .ofs_x = 0, .ofs_y = 0},
    {.bitmap_index = 7643, .adv_w = 352, .box_w = 22, .box_h = 18, .ofs_x = 0, .ofs_y = 2},
    {.bitmap_index = 7769, .adv_w = 352, .box_w = 18, .box_h = 20, .ofs_x = 2, .ofs_y = 1},
    {.bitmap_index = 7902, .adv_w = 352, .box_w = 22, .box_h = 20, .ofs_x = 0, .ofs_y = 1},
    {.bitmap_index = 8037, .adv_w = 352, .box_w = 20, .box_h = 20, .ofs_x = 1, .ofs_y = 1},
    {.bitmap_index = 8184, .adv_w = 352, .box_w = 22, .box_h = 19, .ofs_x = 0, .ofs_y = 1},
    {.bitmap_index = 8337, .adv_w = 352, .box_w = 20, .box_h = 21, .ofs_x = 1, .ofs_y = 1},
    {.bitmap_index = 8465, .adv_w = 352, .box_w = 20, .box_h = 20, .ofs_x = 1, .ofs_y = 1},
    {.bitmap_index = 8602, .adv_w = 352, .box_w = 22, .box_h = 22, .ofs_x = 0, .ofs_y = 0},
    {.bitmap_index = 8777, .adv_w = 352, .box_w = 21, .box_h = 21, .ofs_x = 0, .ofs_y = 1},
    {.bitmap_index = 8919, .adv_w = 352, .box_w = 22, .box_h = 21, .ofs_x = 0, .ofs_y = 1},
    {.bitmap_index = 9072, .adv_w = 352, .box_w = 20, .box_h = 20, .ofs_x = 1, .ofs_y = 1},
    {.bitmap_index = 9190, .adv_w = 352, .box_w = 22, .box_h = 22, .ofs_x = 0, .ofs_y = 0},
    {.bitmap_index = 9361, .adv_w = 352, .box_w = 20, .box_h = 16, .ofs_x = 1, .ofs_y = 3},
    {.bitmap_index = 9435, .adv_w = 352, .box_w = 20, .box_h = 22, .ofs_x = 1, .ofs_y = 0},
    {.bitmap_index = 9547, .adv_w = 352, .box_w = 22, .box_h = 18, .ofs_x = 0, .ofs_y = 2},
    {.bitmap_index = 9662, .adv_w = 352, .box_w = 20, .box_h = 19, .ofs_x = 1, .ofs_y = 1},
    {.bitmap_index = 9761, .adv_w = 352, .box_w = 18, .box_h = 22, .ofs_x = 2, .ofs_y = 0},
    {.bitmap_index = 9928, .adv_w = 352, .box_w = 18, .box_h = 16, .ofs_x = 2, .ofs_y = 3},
    {.bitmap_index = 9984, .adv_w = 352, .box_w = 22, .box_h = 22, .ofs_x = 0, .ofs_y = 0},
    {.bitmap_index = 10148, .adv_w = 352, .box_w = 16, .box_h = 21, .ofs_x = 3, .ofs_y = 1},
    {.bitmap_index = 10261, .adv_w = 352, .box_w = 22, .box_h = 22, .ofs_x = 0, .ofs_y = 0},
    {.bitmap_index = 10434, .adv_w = 352, .box_w = 16, .box_h = 2, .ofs_x = 3, .ofs_y = 10},
    {.bitmap_index = 10444, .adv_w = 352, .box_w = 22, .box_h = 20, .ofs_x = 0, .ofs_y = 1},
    {.bitmap_index = 10541, .adv_w = 352, .box_w = 20, .box_h = 20, .ofs_x = 1, .ofs_y = 1},
    {.bitmap_index = 10686, .adv_w = 352, .box_w = 20, .box_h = 20, .ofs_x = 1, .ofs_y = 1},
    {.bitmap_index = 10809, .adv_w = 352, .box_w = 21, .box_h = 21, .ofs_x = 1, .ofs_y = 1},
    {.bitmap_index = 10952, .adv_w = 352, .box_w = 20, .box_h = 22, .ofs_x = 1, .ofs_y = 0},
    {.bitmap_index = 11113, .adv_w = 352, .box_w = 20, .box_h = 22, .ofs_x = 1, .ofs_y = 0},
    {.bitmap_index = 11292, .adv_w = 352, .box_w = 16, .box_h = 20, .ofs_x = 3, .ofs_y = 1},
    {.bitmap_index = 11349, .adv_w = 352, .box_w = 18, .box_h = 18, .ofs_x = 2, .ofs_y = 2},
    {.bitmap_index = 11480, .adv_w = 352, .box_w = 22, .box_h = 22, .ofs_x = 0, .ofs_y = 0},
    {.bitmap_index = 11643, .adv_w = 352, .box_w = 18, .box_h = 20, .ofs_x = 3, .ofs_y = 1},
    {.bitmap_index = 11757, .adv_w = 352, .box_w = 16, .box_h = 16, .ofs_x = 3, .ofs_y = 3},
    {.bitmap_index = 11799, .adv_w = 352, .box_w = 20, .box_h = 22, .ofs_x = 1, .ofs_y = 0},
    {.bitmap_index = 11932, .adv_w = 352, .box_w = 22, .box_h = 16, .ofs_x = 0, .ofs_y = 3},
    {.bitmap_index = 12080, .adv_w = 352, .box_w = 20, .box_h = 20, .ofs_x = 1, .ofs_y = 1},
    {.bitmap_index = 12233, .adv_w = 352, .box_w = 20, .box_h = 20, .ofs_x = 1, .ofs_y = 1},
    {.bitmap_index = 12369, .adv_w = 352, .box_w = 20, .box_h = 20, .ofs_x = 1, .ofs_y = 1},
    {.bitmap_index = 12473, .adv_w = 352, .box_w = 19, .box_h = 20, .ofs_x = 1, .ofs_y = 1},
    {.bitmap_index = 12626, .adv_w = 352, .box_w = 20, .box_h = 20, .ofs_x = 1, .ofs_y = 1},
    {.bitmap_index = 12768, .adv_w = 352, .box_w = 22, .box_h = 22, .ofs_x = 0, .ofs_y = 0},
    {.bitmap_index = 12935, .adv_w = 352, .box_w = 22, .box_h = 22, .ofs_x = 0, .ofs_y = 0},
    {.bitmap_index = 13073, .adv_w = 352, .box_w = 20, .box_h = 21, .ofs_x = 1, .ofs_y = 0},
    {.bitmap_index = 13255, .adv_w = 352, .box_w = 20, .box_h = 21, .ofs_x = 1, .ofs_y = 0},
    {.bitmap_index = 13409, .adv_w = 352, .box_w = 18, .box_h = 21, .ofs_x = 2, .ofs_y = 0},
    {.bitmap_index = 13523, .adv_w = 352, .box_w = 22, .box_h = 20, .ofs_x = 0, .ofs_y = 1},
    {.bitmap_index = 13689, .adv_w = 352, .box_w = 20, .box_h = 18, .ofs_x = 1, .ofs_y = 2},
    {.bitmap_index = 13806, .adv_w = 352, .box_w = 20, .box_h = 18, .ofs_x = 1, .ofs_y = 2},
    {.bitmap_index = 13923, .adv_w = 352, .box_w = 16, .box_h = 22, .ofs_x = 3, .ofs_y = 0},
    {.bitmap_index = 13989, .adv_w = 352, .box_w = 21, .box_h = 20, .ofs_x = 1, .ofs_y = 1},
    {.bitmap_index = 14162, .adv_w = 352, .box_w = 20, .box_h = 20, .ofs_x = 1, .ofs_y = 1},
    {.bitmap_index = 14227, .adv_w = 352, .box_w = 22, .box_h = 21, .ofs_x = 0, .ofs_y = 1},
    {.bitmap_index = 14386, .adv_w = 352, .box_w = 22, .box_h = 21, .ofs_x = 0, .ofs_y = 0},
    {.bitmap_index = 14553, .adv_w = 352, .box_w = 22, .box_h = 22, .ofs_x = 0, .ofs_y = 0},
    {.bitmap_index = 14711, .adv_w = 352, .box_w = 22, .box_h = 22, .ofs_x = 0, .ofs_y = 0},
    {.bitmap_index = 14868, .adv_w = 352, .box_w = 20, .box_h = 20, .ofs_x = 1, .ofs_y = 1},
    {.bitmap_index = 14982, .adv_w = 352, .box_w = 22, .box_h = 22, .ofs_x = 0, .ofs_y = 0},
    {.bitmap_index = 15138, .adv_w = 352, .box_w = 18, .box_h = 16, .ofs_x = 2, .ofs_y = 3},
    {.bitmap_index = 15224, .adv_w = 352, .box_w = 10, .box_h = 22, .ofs_x = 6, .ofs_y = 0},
    {.bitmap_index = 15292, .adv_w = 352, .box_w = 20, .box_h = 22, .ofs_x = 1, .ofs_y = 0},
    {.bitmap_index = 15407, .adv_w = 352, .box_w = 22, .box_h = 12, .ofs_x = 0, .ofs_y = 5},
    {.bitmap_index = 15497, .adv_w = 352, .box_w = 22, .box_h = 12, .ofs_x = 0, .ofs_y = 5},
    {.bitmap_index = 15591, .adv_w = 352, .box_w = 22, .box_h = 20, .ofs_x = 0, .ofs_y = 1},
    {.bitmap_index = 15744, .adv_w = 352, .box_w = 22, .box_h = 18, .ofs_x = 0, .ofs_y = 2},
    {.bitmap_index = 15875, .adv_w = 352, .box_w = 22, .box_h = 22, .ofs_x = 0, .ofs_y = 0},
    {.bitmap_index = 15980, .adv_w = 352, .box_w = 22, .box_h = 22, .ofs_x = 0, .ofs_y = 0},
    {.bitmap_index = 16108, .adv_w = 352, .box_w = 20, .box_h = 20, .ofs_x = 1, .ofs_y = 1},
    {.bitmap_index = 16218, .adv_w = 352, .box_w = 16, .box_h = 20, .ofs_x = 3, .ofs_y = 1},
    {.bitmap_index = 16336, .adv_w = 352, .box_w = 22, .box_h = 20, .ofs_x = 0, .ofs_y = 1},
    {.bitmap_index = 16507, .adv_w = 352, .box_w = 17, .box_h = 18, .ofs_x = 0, .ofs_y = 2},
    {.bitmap_index = 16612, .adv_w = 352, .box_w = 22, .box_h = 18, .ofs_x = 0, .ofs_y = 2},
    {.bitmap_index = 16751, .adv_w = 352, .box_w = 22, .box_h = 18, .ofs_x = 0, .ofs_y = 2},
    {.bitmap_index = 16879, .adv_w = 352, .box_w = 22, .box_h = 17, .ofs_x = 0, .ofs_y = 2},
    {.bitmap_index = 17018, .adv_w = 352, .box_w = 22, .box_h = 18, .ofs_x = 0, .ofs_y = 2},
    {.bitmap_index = 17130, .adv_w = 352, .box_w = 22, .box_h = 22, .ofs_x = 0, .ofs_y = 0},
    {.bitmap_index = 17305, .adv_w = 352, .box_w = 14, .box_h = 13, .ofs_x = 4, .ofs_y = 5},
    {.bitmap_index = 17383, .adv_w = 352, .box_w = 20, .box_h = 22, .ofs_x = 1, .ofs_y = 0},
    {.bitmap_index = 17527, .adv_w = 352, .box_w = 21, .box_h = 18, .ofs_x = 1, .ofs_y = 2},
    {.bitmap_index = 17646, .adv_w = 352, .box_w = 18, .box_h = 22, .ofs_x = 2, .ofs_y = 0},
    {.bitmap_index = 17786, .adv_w = 352, .box_w = 22, .box_h = 17, .ofs_x = 0, .ofs_y = 3},
    {.bitmap_index = 17922, .adv_w = 352, .box_w = 14, .box_h = 22, .ofs_x = 4, .ofs_y = 0},
    {.bitmap_index = 18036, .adv_w = 352, .box_w = 22, .box_h = 19, .ofs_x = 0, .ofs_y = 1},
    {.bitmap_index = 18191, .adv_w = 352, .box_w = 22, .box_h = 14, .ofs_x = 0, .ofs_y = 3},
    {.bitmap_index = 18309, .adv_w = 352, .box_w = 22, .box_h = 19, .ofs_x = 0, .ofs_y = 1},
    {.bitmap_index = 18464, .adv_w = 352, .box_w = 20, .box_h = 20, .ofs_x = 1, .ofs_y = 1},
    {.bitmap_index = 18630, .adv_w = 352, .box_w = 20, .box_h = 20, .ofs_x = 1, .ofs_y = 1},
    {.bitmap_index = 18799, .adv_w = 352, .box_w = 18, .box_h = 22, .ofs_x = 2, .ofs_y = 0},
    {.bitmap_index = 18946, .adv_w = 352, .box_w = 22, .box_h = 10, .ofs_x = 0, .ofs_y = 6},
    {.bitmap_index = 19049, .adv_w = 352, .box_w = 22, .box_h = 22, .ofs_x = 0, .ofs_y = 0},
    {.bitmap_index = 19211, .adv_w = 352, .box_w = 20, .box_h = 20, .ofs_x = 1, .ofs_y = 1},
    {.bitmap_index = 19330, .adv_w = 352, .box_w = 22, .box_h = 21, .ofs_x = 0, .ofs_y = 1},
    {.bitmap_index = 19525, .adv_w = 352, .box_w = 21, .box_h = 20, .ofs_x = 0, .ofs_y = 1},
    {.bitmap_index = 19665, .adv_w = 352, .box_w = 22, .box_h = 22, .ofs_x = 0, .ofs_y = 0},
    {.bitmap_index = 19830, .adv_w = 352, .box_w = 22, .box_h = 20, .ofs_x = 0, .ofs_y = 1},
    {.bitmap_index = 19991, .adv_w = 352, .box_w = 20, .box_h = 18, .ofs_x = 1, .ofs_y = 2},
    {.bitmap_index = 20078, .adv_w = 352, .box_w = 22, .box_h = 22, .ofs_x = 0, .ofs_y = 0},
    {.bitmap_index = 20259, .adv_w = 352, .box_w = 22, .box_h = 22, .ofs_x = 0, .ofs_y = 0},
    {.bitmap_index = 20443, .adv_w = 352, .box_w = 22, .box_h = 21, .ofs_x = 0, .ofs_y = 0},
    {.bitmap_index = 20629, .adv_w = 352, .box_w = 22, .box_h = 19, .ofs_x = 0, .ofs_y = 2},
    {.bitmap_index = 20763, .adv_w = 352, .box_w = 16, .box_h = 22, .ofs_x = 3, .ofs_y = 0},
    {.bitmap_index = 20872, .adv_w = 352, .box_w = 21, .box_h = 18, .ofs_x = 0, .ofs_y = 2},
    {.bitmap_index = 20944, .adv_w = 352, .box_w = 21, .box_h = 21, .ofs_x = 1, .ofs_y = 1},
    {.bitmap_index = 21114, .adv_w = 352, .box_w = 15, .box_h = 22, .ofs_x = 3, .ofs_y = 0},
    {.bitmap_index = 21226, .adv_w = 352, .box_w = 20, .box_h = 19, .ofs_x = 1, .ofs_y = 2},
    {.bitmap_index = 21345, .adv_w = 352, .box_w = 20, .box_h = 20, .ofs_x = 1, .ofs_y = 1},
    {.bitmap_index = 21431, .adv_w = 352, .box_w = 20, .box_h = 20, .ofs_x = 1, .ofs_y = 1},
    {.bitmap_index = 21525, .adv_w = 352, .box_w = 21, .box_h = 21, .ofs_x = 1, .ofs_y = 1},
    {.bitmap_index = 21677, .adv_w = 352, .box_w = 21, .box_h = 21, .ofs_x = 0, .ofs_y = 1},
    {.bitmap_index = 21844, .adv_w = 352, .box_w = 20, .box_h = 16, .ofs_x = 1, .ofs_y = 3},
    {.bitmap_index = 21938, .adv_w = 352, .box_w = 20, .box_h = 22, .ofs_x = 1, .ofs_y = 0},
    {.bitmap_index = 22053, .adv_w = 352, .box_w = 21, .box_h = 22, .ofs_x = 1, .ofs_y = 0},
    {.bitmap_index = 22243, .adv_w = 352, .box_w = 20, .box_h = 20, .ofs_x = 1, .ofs_y = 1},
    {.bitmap_index = 22391, .adv_w = 352, .box_w = 20, .box_h = 20, .ofs_x = 1, .ofs_y = 1},
    {.bitmap_index = 22495, .adv_w = 352, .box_w = 20, .box_h = 22, .ofs_x = 1, .ofs_y = 0},
    {.bitmap_index = 22676, .adv_w = 352, .box_w = 22, .box_h = 21, .ofs_x = 0, .ofs_y = 0},
    {.bitmap_index = 22837, .adv_w = 352, .box_w = 14, .box_h = 22, .ofs_x = 4, .ofs_y = 0},
    {.bitmap_index = 22922, .adv_w = 352, .box_w = 22, .box_h = 21, .ofs_x = 0, .ofs_y = 1},
    {.bitmap_index = 23118, .adv_w = 352, .box_w = 21, .box_h = 20, .ofs_x = 1, .ofs_y = 1},
    {.bitmap_index = 23283, .adv_w = 352, .box_w = 22, .box_h = 22, .ofs_x = 0, .ofs_y = 0},
    {.bitmap_index = 23469, .adv_w = 352, .box_w = 20, .box_h = 20, .ofs_x = 0, .ofs_y = 1},
    {.bitmap_index = 23607, .adv_w = 352, .box_w = 22, .box_h = 22, .ofs_x = 0, .ofs_y = 0},
    {.bitmap_index = 23805, .adv_w = 352, .box_w = 21, .box_h = 12, .ofs_x = 1, .ofs_y = 5},
    {.bitmap_index = 23924, .adv_w = 352, .box_w = 18, .box_h = 21, .ofs_x = 2, .ofs_y = 1},
    {.bitmap_index = 24077, .adv_w = 352, .box_w = 22, .box_h = 22, .ofs_x = 0, .ofs_y = 0}
};

/*---------------------
 *  CHARACTER MAPPING
 *--------------------*/

static const uint16_t unicode_list_0[] = {
    0x0, 0x7, 0xa, 0x10, 0x11, 0x12, 0x16, 0x19,
    0x1a, 0x1b, 0x1c, 0x1d, 0x1e, 0x1f, 0x21, 0x24,
    0x27, 0x28, 0x2b, 0x2c, 0x33, 0x34, 0x35, 0x36,
    0x37, 0x38, 0x3e, 0x3f, 0x46, 0x49, 0x4c, 0x4d,
    0x4f, 0x50, 0x52, 0x54, 0x56, 0x58, 0x5b, 0x5e,
    0x63, 0x66, 0x71, 0x72, 0x75, 0x79, 0x7a, 0x7c,
    0x7d, 0x81, 0x82, 0x88, 0x94, 0x98, 0x99, 0x9a,
    0x9f, 0xa4, 0xa7, 0xa9, 0xb0, 0xb4, 0xb5, 0xb7,
    0xb8, 0xb9, 0xba, 0xbd, 0xbe, 0xc1, 0xc5, 0xc6,
    0xc7, 0xca, 0xce, 0xd3, 0xd7, 0xd8, 0xd9, 0xdd,
    0xde, 0xe0, 0xe1, 0xe4, 0xe5, 0xe6, 0xea, 0xeb,
    0xf1, 0xf5, 0xf6, 0xfa, 0xfb, 0x104, 0x105, 0x108,
    0x10a, 0x10d, 0x10e, 0x115, 0x116, 0x119, 0x11a, 0x11b,
    0x11c, 0x11e, 0x120, 0x126, 0x127, 0x128, 0x12b, 0x12d,
    0x12f, 0x13e, 0x140, 0x141, 0x142, 0x145, 0x147, 0x149,
    0x14e, 0x156, 0x158, 0x159, 0x15b, 0x15c, 0x15d, 0x161,
    0x166, 0x167, 0x16c, 0x172, 0x173, 0x174, 0x176, 0x178,
    0x179, 0x17a, 0x17c, 0x183, 0x184, 0x187, 0x18a, 0x19a,
    0x19d, 0x19e, 0x1a6, 0x1a7, 0x1a8, 0x1af, 0x1c1, 0x1cc,
    0x1d4, 0x1dc, 0x1de, 0x1df, 0x1e0, 0x1ee, 0x209, 0x20a,
    0x20f, 0x221, 0x227, 0x24e, 0x25e, 0x262, 0x26b, 0x26d,
    0x27a, 0x2a6, 0x2a8, 0x2be, 0x31c, 0x31e, 0x332, 0x337,
    0x33b, 0x347, 0x38e, 0x3d8, 0x3da, 0x424, 0x429, 0x48a,
    0x4ce, 0x4f1
};

/*Collect the unicode lists and glyph_id offsets*/
static const lv_font_fmt_txt_cmap_t cmaps[] =
{
    {
        .range_start = 57400, .range_length = 1266, .glyph_id_start = 1,
        .unicode_list = unicode_list_0, .glyph_id_ofs_list = NULL, .list_length = 186, .type = LV_FONT_FMT_TXT_CMAP_SPARSE_TINY
    }
};



/*--------------------
 *  ALL CUSTOM DATA
 *--------------------*/

#if LVGL_VERSION_MAJOR == 8
/*Store all the custom data of the font*/
static  lv_font_fmt_txt_glyph_cache_t cache;
#endif

#if LVGL_VERSION_MAJOR >= 8
static const lv_font_fmt_txt_dsc_t font_dsc = {
#else
static lv_font_fmt_txt_dsc_t font_dsc = {
#endif
    .glyph_bitmap = glyph_bitmap,
    .glyph_dsc = glyph_dsc,
    .cmaps = cmaps,
    .kern_dsc = NULL,
    .kern_scale = 0,
    .cmap_num = 1,
    .bpp = 4,
    .kern_classes = 0,
    .bitmap_format = 1,
#if LVGL_VERSION_MAJOR == 8
    .cache = &cache
#endif
};



/*-----------------
 *  PUBLIC FONT
 *----------------*/

/*Initialize a public general font descriptor*/
#if LVGL_VERSION_MAJOR >= 8
const lv_font_t font_pi_icons_22 = {
#else
lv_font_t font_pi_icons_22 = {
#endif
    .get_glyph_dsc = lv_font_get_glyph_dsc_fmt_txt,    /*Function pointer to get glyph's data*/
    .get_glyph_bitmap = lv_font_get_bitmap_fmt_txt,    /*Function pointer to get glyph's bitmap*/
    .line_height = 22,          /*The maximum line height required by the font*/
    .base_line = 0,             /*Baseline measured from the bottom of the line*/
#if !(LVGL_VERSION_MAJOR == 6 && LVGL_VERSION_MINOR == 0)
    .subpx = LV_FONT_SUBPX_NONE,
#endif
#if LV_VERSION_CHECK(7, 4, 0) || LVGL_VERSION_MAJOR >= 8
    .underline_position = 0,
    .underline_thickness = 0,
#endif
    .dsc = &font_dsc,          /*The custom font data. Will be accessed by `get_glyph_bitmap/dsc` */
#if LV_VERSION_CHECK(8, 2, 0) || LVGL_VERSION_MAJOR >= 9
    .fallback = NULL,
#endif
    .user_data = NULL,
};



#endif /*#if FONT_PI_ICONS_22*/

