/*******************************************************************************
 * Size: 28 px
 * Bpp: 4
 * Opts: --font main/display/font/lucide/lucide.ttf --format lvgl --lv-include lvgl.h --bpp 4 --size 28 -r 0xe038,0xe03a,0xe03f,0xe042,0xe048,0xe049,0xe04a,0xe04e,0xe050,0xe051,0xe052,0xe053,0xe054,0xe055,0xe056,0xe057,0xe059,0xe05a,0xe05b,0xe05c,0xe05f,0xe060,0xe063,0xe064,0xe06b,0xe06c,0xe06d,0xe06e,0xe06f,0xe070,0xe076,0xe077,0xe07e,0xe07f,0xe080,0xe081,0xe084,0xe085,0xe086,0xe087,0xe088,0xe08a,0xe08c,0xe08e,0xe090,0xe093,0xe096,0xe097,0xe09b,0xe09c,0xe09e,0xe0a1,0xe0a9,0xe0aa,0xe0ac,0xe0ad,0xe0b1,0xe0b2,0xe0b4,0xe0b5,0xe0b6,0xe0b7,0xe0b9,0xe0ba,0xe0bb,0xe0bd,0xe0c0,0xe0c1,0xe0c9,0xe0cb,0xe0cc,0xe0d0,0xe0d1,0xe0d2,0xe0d5,0xe0d7,0xe0d9,0xe0db,0xe0dc,0xe0df,0xe0e1,0xe0e8,0xe0ea,0xe0ec,0xe0ed,0xe0ef,0xe0f0,0xe0f1,0xe0f2,0xe0f4,0xe0f5,0xe0f6,0xe0f9,0xe0fd,0xe0fe,0xe0ff,0xe102,0xe106,0xe109,0xe10a,0xe10b,0xe10c,0xe10d,0xe10e,0xe10f,0xe110,0xe111,0xe112,0xe113,0xe114,0xe115,0xe116,0xe117,0xe118,0xe119,0xe11a,0xe11b,0xe11c,0xe11d,0xe11e,0xe122,0xe123,0xe127,0xe129,0xe12d,0xe12e,0xe12f,0xe132,0xe133,0xe134,0xe138,0xe13a,0xe13c,0xe13d,0xe140,0xe141,0xe142,0xe145,0xe146,0xe147,0xe148,0xe149,0xe14a,0xe14b,0xe14d,0xe14e,0xe151,0xe152,0xe153,0xe154,0xe156,0xe158,0xe15b,0xe15c,0xe15d,0xe15e,0xe15f,0xe160,0xe163,0xe164,0xe165,0xe166,0xe167,0xe176,0xe178,0xe179,0xe17a,0xe17d,0xe17e,0xe17f,0xe180,0xe181,0xe186,0xe187,0xe188,0xe189,0xe18a,0xe18b,0xe18c,0xe18e,0xe190,0xe191,0xe193,0xe194,0xe195,0xe199,0xe19e,0xe19f,0xe1a4,0xe1a5,0xe1a6,0xe1a8,0xe1aa,0xe1ab,0xe1ac,0xe1ad,0xe1ae,0xe1af,0xe1b0,0xe1b1,0xe1b2,0xe1b4,0xe1b6,0xe1b7,0xe1b8,0xe1b9,0xe1ba,0xe1bb,0xe1bc,0xe1bf,0xe1c2,0xe1ca,0xe1cc,0xe1cd,0xe1d2,0xe1d3,0xe1d4,0xe1d5,0xe1d6,0xe1d7,0xe1dd,0xe1de,0xe1df,0xe1e0,0xe1e7,0xe1eb,0xe1f3,0xe1f5,0xe1f9,0xe1fa,0xe1fd,0xe1fe,0xe1ff,0xe204,0xe20c,0xe20d,0xe20e,0xe20f,0xe212,0xe214,0xe215,0xe216,0xe217,0xe218,0xe21a,0xe220,0xe221,0xe223,0xe224,0xe226,0xe227,0xe22f,0xe231,0xe232,0xe235,0xe23a,0xe241,0xe242,0xe247,0xe259,0xe25a,0xe25d,0xe25f,0xe260,0xe261,0xe262,0xe263,0xe26b,0xe283,0xe284,0xe286,0xe28b,0xe28e,0xe28f,0xe290,0xe296,0xe297,0xe299,0xe29a,0xe29c,0xe29f,0xe2a0,0xe2a1,0xe2a2,0xe2a3,0xe2a5,0xe2ab,0xe2ae,0xe2af,0xe2b1,0xe2b2,0xe2b4,0xe2b5,0xe2b7,0xe2b9,0xe2c0,0xe2c1,0xe2c4,0xe2ce,0xe2cf,0xe2d1,0xe2d3,0xe2d8,0xe2da,0xe2de,0xe2e0,0xe2e3,0xe2e7,0xe2e9,0xe2f1,0xe2f2,0xe2f4,0xe2f5,0xe2f6,0xe2f8,0xe2fc,0xe2fd,0xe300,0xe301,0xe304,0xe332,0xe343,0xe344,0xe349,0xe34d,0xe34e,0xe34f,0xe350,0xe353,0xe354,0xe356,0xe357,0xe358,0xe36a,0xe36e,0xe36f,0xe373,0xe375,0xe379,0xe37a,0xe37b,0xe37e,0xe37f,0xe38c,0xe38d,0xe38e,0xe391,0xe393,0xe3a1,0xe3a5,0xe3a6,0xe3a8,0xe3a9,0xe3aa,0xe3ac,0xe3b9,0xe3ba,0xe3bd,0xe3bf,0xe3c5,0xe3c6,0xe3c9,0xe3d3,0xe3d7,0xe3e1,0xe3e2,0xe3e3,0xe3e4,0xe3e6,0xe3e7,0xe404,0xe405,0xe410,0xe412,0xe441,0xe442,0xe447,0xe45c,0xe461,0xe47e,0xe494,0xe49f,0xe4a8,0xe4af,0xe4b9,0xe4bc,0xe4be,0xe4c2,0xe4ca,0xe4d3,0xe4ee,0xe4f5,0xe4f6,0xe4f7,0xe4f9,0xe4fc,0xe504,0xe505,0xe506,0xe508,0xe50d,0xe517,0xe51e,0xe529,0xe543,0xe55a,0xe55d,0xe55e,0xe55f,0xe561,0xe590,0xe595,0xe59d,0xe5b9,0xe5bb,0xe5c0,0xe5c5,0xe5d7,0xe5d8,0xe60c,0xe61a,0xe626,0xe62e,0xe63e -o main/display/font/font_pi_icons_28.c
 ******************************************************************************/

#ifdef LV_LVGL_H_INCLUDE_SIMPLE
#include "lvgl.h"
#else
#include "lvgl.h"
#endif

#ifndef FONT_PI_ICONS_28
#define FONT_PI_ICONS_28 1
#endif

#if FONT_PI_ICONS_28

/*-----------------
 *    BITMAPS
 *----------------*/

/*Store the image of the glyphs*/
static LV_ATTRIBUTE_LARGE_CONST const uint8_t glyph_bitmap[] = {
    /* U+E038 "" */
    0x0, 0xfc, 0xb8, 0xa0, 0x1f, 0xfc, 0xba, 0x3b,
    0x0, 0xff, 0xe5, 0x20, 0x0, 0x4c, 0x3, 0xff,
    0x93, 0x80, 0x15, 0x80, 0x7f, 0xf2, 0x54, 0x2,
    0x40, 0xf, 0xfe, 0x40, 0x90, 0x28, 0x18, 0x80,
    0x7f, 0xf1, 0xdc, 0x1, 0x60, 0x4, 0x0, 0xff,
    0xe3, 0xe0, 0x18, 0x98, 0x78, 0x7, 0xff, 0x1d,
    0x42, 0xc2, 0xc1, 0x0, 0x3f, 0xf8, 0xc6, 0x0,
    0x50, 0x40, 0x13, 0x0, 0xff, 0xe2, 0xd8, 0x9,
    0x1, 0x88, 0x20, 0x7, 0xff, 0x4, 0x8a, 0x36,
    0x7, 0x0, 0x90, 0x2c, 0x3, 0xe1, 0x22, 0x82,
    0xb7, 0x6c, 0x10, 0xa0, 0xb, 0xc0, 0xc4, 0x3,
    0x27, 0x73, 0x76, 0x90, 0xe, 0x1b, 0x30, 0x9,
    0x0, 0x8, 0x1, 0x1d, 0x88, 0x6, 0x3a, 0xdd,
    0xbb, 0x88, 0x1, 0x84, 0xc3, 0x0, 0x2a, 0x1,
    0xcd, 0xda, 0x80, 0x8a, 0x10, 0xf, 0x90, 0x1c,
    0x2, 0x70, 0x63, 0x22, 0x80, 0x3f, 0xf8, 0x36,
    0x2, 0x40, 0x62, 0x16, 0x1, 0xff, 0xc5, 0x31,
    0x5, 0x4, 0x1, 0x30, 0xf, 0xfe, 0x32, 0x6,
    0x5, 0x82, 0x0, 0x7f, 0xf1, 0xf0, 0x10, 0x4c,
    0x3c, 0x3, 0xff, 0x8e, 0xe0, 0xb, 0x0, 0x20,
    0x7, 0xff, 0x1c, 0x48, 0x14, 0x8, 0x40, 0x3f,
    0xf9, 0xa, 0x1, 0x28, 0x7, 0xff, 0x27, 0x0,
    0x2b, 0x0, 0xff, 0xe4, 0xa0, 0x0, 0x4c, 0x3,
    0xff, 0x95, 0x47, 0x60, 0x1f, 0x80,

    /* U+E03A "" */
    0x0, 0xd0, 0xa0, 0x1f, 0xfc, 0x25, 0x80, 0xf,
    0xb1, 0xec, 0x3, 0xff, 0x85, 0x6f, 0x80, 0x1d,
    0x86, 0x10, 0x1, 0xc4, 0x88, 0x30, 0xe, 0x80,
    0x3c, 0x0, 0xb0, 0xc2, 0x18, 0x0, 0x97, 0xfb,
    0x76, 0xcf, 0xb4, 0x0, 0x34, 0x1, 0xe0, 0x51,
    0x84, 0x38, 0x16, 0x5a, 0x0, 0x79, 0x2f, 0x8,
    0x1e, 0x0, 0xe8, 0x1, 0xe, 0x7, 0xa6, 0x5,
    0x3b, 0xfe, 0xd9, 0x30, 0x3d, 0x30, 0x78, 0x0,
    0x57, 0x38, 0x16, 0x0, 0x27, 0x58, 0x80, 0x4,
    0xd9, 0x40, 0xc, 0x30, 0x7e, 0xa0, 0x10, 0x7,
    0x80, 0x31, 0x80, 0x2a, 0xa0, 0x4, 0xb8, 0x0,
    0xe0, 0x0, 0x80, 0x66, 0x20, 0xa3, 0x0, 0x89,
    0x54, 0x40, 0x11, 0xd8, 0x13, 0x0, 0x7a, 0xc1,
    0x14, 0x3, 0xff, 0x80, 0x88, 0xb, 0x0, 0xe2,
    0x20, 0x78, 0x7, 0xff, 0xb, 0xc0, 0x88, 0x1,
    0x90, 0x0, 0x80, 0x1f, 0xfc, 0x24, 0x0, 0x20,
    0x6, 0x10, 0x10, 0xf, 0xe6, 0x0, 0xf1, 0x0,
    0x80, 0x7f, 0xf0, 0x48, 0x42, 0xcc, 0x3, 0xff,
    0x80, 0x20, 0x20, 0x1f, 0x68, 0x86, 0x10, 0x6,
    0x20, 0x10, 0xc, 0x80, 0x4, 0x0, 0xf1, 0xe8,
    0x82, 0x0, 0x46, 0x0, 0x50, 0xc, 0x44, 0xf,
    0x0, 0xf8, 0xf2, 0x58, 0x2, 0xa0, 0x13, 0x0,
    0xea, 0x4, 0x40, 0x7, 0xc4, 0xc0, 0x11, 0xb0,
    0x48, 0x7, 0x9c, 0x82, 0x84, 0x3, 0xfc, 0x3a,
    0x4, 0xe0, 0x1f, 0x58, 0xf, 0x98, 0x7, 0xe3,
    0xf1, 0xb, 0x0, 0xf8, 0xe0, 0x0, 0x39, 0x48,
    0x1, 0x92, 0xb0, 0x40, 0x12, 0x60, 0x1c, 0x5a,
    0x21, 0x24, 0xb, 0x7f, 0xdc, 0xfb, 0x50, 0x29,
    0x0, 0x69, 0x0, 0x64, 0x11, 0x63, 0x6c, 0x10,
    0x0, 0x44, 0x0, 0x28, 0xd6, 0xc0, 0x14, 0x0,
    0xcd, 0x38, 0x60, 0x7, 0xdd, 0x54, 0xc5, 0x6e,
    0x9c, 0x0, 0x7b, 0x2c, 0x0,

    /* U+E03F "" */
    0x0, 0xff, 0x46, 0xe9, 0xc0, 0x3f, 0xf8, 0xf6,
    0xe4, 0x48, 0xb0, 0xf, 0xfe, 0x29, 0xa0, 0x33,
    0x1, 0x10, 0x1, 0xff, 0xc4, 0x40, 0x19, 0x90,
    0x81, 0x80, 0x7f, 0xf1, 0x8, 0x5, 0x54, 0x20,
    0x40, 0x1f, 0xfc, 0x45, 0x20, 0xaa, 0x0, 0xa8,
    0x7, 0xff, 0x17, 0xcc, 0x0, 0x78, 0x1, 0xff,
    0xc6, 0x2e, 0x0, 0x71, 0x0, 0x7f, 0xfd, 0x4d,
    0x10, 0x0, 0x44, 0x18, 0x7, 0xf0, 0x80, 0x74,
    0x65, 0xc8, 0x2, 0x6f, 0x20, 0x3, 0x84, 0x1b,
    0xb1, 0x0, 0x2e, 0x0, 0xfd, 0xc0, 0x12, 0x67,
    0x36, 0x1, 0xdd, 0x0, 0x1b, 0xfd, 0xa0, 0xd,
    0xff, 0x30, 0x2, 0xac, 0xc3, 0xc8, 0x2, 0x40,
    0xf, 0xfe, 0x12, 0x0, 0x43, 0xc0, 0xa, 0xc0,
    0xf, 0xfe, 0x16, 0x50, 0x3, 0x50, 0x0, 0x64,
    0x1, 0xff, 0xc2, 0x23, 0x0, 0x21, 0x18, 0x58,
    0x7, 0xff, 0x12, 0xc1, 0x4, 0x20, 0xa, 0x0,
    0x3f, 0xf8, 0x50, 0x41, 0xe0, 0x4, 0x40, 0x3a,
    0x80, 0x7f, 0xf0, 0x15, 0xc1, 0x50, 0x2, 0xa2,
    0xa, 0x70, 0xf, 0xf3, 0xd0, 0x15, 0x0, 0x61,
    0xc2, 0x8, 0xd5, 0x0, 0xf2, 0xec, 0x1, 0x78,
    0x7, 0x87, 0x14, 0xa, 0xbf, 0x80, 0x1d, 0xf4,
    0x40, 0xba, 0x40, 0x1f, 0xd, 0x61, 0x80, 0xc,
    0x0, 0x60, 0x3, 0xca, 0x0, 0xff, 0x8f, 0x36,
    0x54, 0x0, 0xb5, 0xd8, 0x60, 0x1f, 0xfc, 0x22,
    0x6a, 0x55, 0x52, 0x88, 0x7, 0xe0,

    /* U+E042 "" */
    0x0, 0xfe, 0x22, 0x0, 0x7f, 0xf1, 0x47, 0x74,
    0x20, 0x1f, 0xfc, 0x43, 0x0, 0x18, 0x7, 0xff,
    0xfc, 0x3, 0xff, 0xac, 0x20, 0x1f, 0xfc, 0x41,
    0x2, 0xed, 0x10, 0xf, 0xfe, 0x0, 0xef, 0x10,
    0x0, 0xb0, 0x40, 0x3f, 0xc3, 0x84, 0x0, 0x2b,
    0x2, 0xc1, 0x0, 0xfc, 0x38, 0x41, 0x64, 0x9,
    0x40, 0x58, 0x20, 0x1e, 0x1c, 0x20, 0xa4, 0x0,
    0x96, 0x80, 0xb0, 0x40, 0x30, 0xe1, 0x5, 0x28,
    0x7, 0x2d, 0x1, 0x63, 0x0, 0x1b, 0x8, 0x29,
    0x40, 0x3e, 0x5a, 0x2, 0xb0, 0x5, 0x90, 0x52,
    0x80, 0x7f, 0x2d, 0x0, 0x7a, 0x94, 0x3, 0xfe,
    0x5a, 0x0, 0xd4, 0xa0, 0x1f, 0xfc, 0x15, 0xa0,
    0x5, 0x28, 0x7, 0xff, 0xd, 0x77, 0x4a, 0x1,
    0xf8,

    /* U+E048 "" */
    0x0, 0xfe, 0x22, 0x0, 0x7f, 0xf1, 0x53, 0x74,
    0x20, 0x1f, 0xfc, 0x35, 0xb0, 0x21, 0x0, 0xff,
    0xe1, 0x2d, 0x1, 0x60, 0x7, 0xff, 0x9, 0x68,
    0xb, 0x4, 0x3, 0xff, 0x82, 0xb4, 0x5, 0x82,
    0x1, 0xff, 0xc1, 0x5a, 0x2, 0xc1, 0x0, 0xff,
    0xe0, 0xad, 0x1, 0x60, 0x80, 0x7f, 0xf0, 0x56,
    0x80, 0x12, 0x64, 0x5f, 0xf0, 0x81, 0xd0, 0x5,
    0x7b, 0xbf, 0xfc, 0xe, 0x21, 0x0, 0xff, 0xe3,
    0x95, 0x0, 0x57, 0xbb, 0xff, 0xc0, 0xe2, 0x5,
    0xa0, 0x4, 0x99, 0x17, 0xfc, 0x20, 0x12, 0xd0,
    0x16, 0x8, 0x7, 0xff, 0xd, 0x68, 0xb, 0x4,
    0x3, 0xff, 0x86, 0xb4, 0x5, 0x82, 0x1, 0xff,
    0xc3, 0x5a, 0x2, 0xc1, 0x0, 0xff, 0xe1, 0xad,
    0x1, 0x60, 0x7, 0xff, 0x11, 0x6c, 0x8, 0x3,
    0xff, 0x8a, 0x9b, 0xa0, 0xf, 0xe0,

    /* U+E049 "" */
    0x0, 0xfe, 0x22, 0x0, 0x7f, 0xf1, 0x47, 0x74,
    0x80, 0x1f, 0xfc, 0x41, 0x20, 0xb4, 0x0, 0xff,
    0xe2, 0x61, 0x5, 0xa0, 0x7, 0xff, 0xc, 0x70,
    0x82, 0xd4, 0x3, 0xff, 0x86, 0x38, 0x41, 0x4a,
    0x1, 0xff, 0xc3, 0x1c, 0x20, 0xa5, 0x0, 0xff,
    0xe1, 0x8e, 0x10, 0x52, 0x80, 0x42, 0x45, 0xff,
    0x1c, 0x80, 0x29, 0x40, 0xbb, 0x77, 0xff, 0x81,
    0x60, 0x15, 0x10, 0x7, 0xff, 0x20, 0xbb, 0x77,
    0xff, 0x81, 0x60, 0x15, 0x10, 0x9, 0x17, 0xfc,
    0x72, 0x0, 0xa5, 0x0, 0xff, 0xe0, 0x8e, 0x10,
    0x52, 0x80, 0x7f, 0xf0, 0x47, 0x8, 0x29, 0x40,
    0x3f, 0xf8, 0x23, 0x84, 0x14, 0xa0, 0x1f, 0xfc,
    0x11, 0xc2, 0xa, 0x50, 0xf, 0xfe, 0x16, 0x10,
    0x52, 0x80, 0x7f, 0xf0, 0x84, 0x82, 0xd4, 0x3,
    0xff, 0x86, 0x3b, 0xa4, 0x0, 0xfc,

    /* U+E04A "" */
    0x0, 0xfe, 0x32, 0x0, 0xff, 0xe2, 0xae, 0x6a,
    0x80, 0x7f, 0xf0, 0xd6, 0x80, 0x14, 0xa0, 0x1f,
    0xfc, 0x15, 0xa0, 0xd, 0x4a, 0x1, 0xff, 0x2d,
    0x0, 0x7a, 0x94, 0x3, 0xf9, 0x68, 0xa, 0xc0,
    0x16, 0x41, 0x4a, 0x1, 0xf2, 0xd0, 0x16, 0x30,
    0x1, 0xb0, 0x82, 0x94, 0x3, 0x92, 0x80, 0xb0,
    0x40, 0x30, 0xe1, 0x5, 0x28, 0x4, 0x96, 0x5,
    0x82, 0x1, 0xe1, 0xc2, 0xa, 0x40, 0x2b, 0x2,
    0xc1, 0x0, 0xfc, 0x38, 0x41, 0x64, 0x0, 0x2c,
    0x10, 0xf, 0xf0, 0xe1, 0x0, 0xb, 0xb4, 0x40,
    0x3f, 0xf8, 0x3, 0xbc, 0x40, 0x20, 0x1f, 0xfc,
    0x41, 0x0, 0xff, 0xff, 0x80, 0x7f, 0xf5, 0x8c,
    0x0, 0x60, 0x1f, 0xfc, 0x41, 0xdd, 0x8, 0x7,
    0xe0,

    /* U+E04E "" */
    0x0, 0xfc, 0x2f, 0x7b, 0xdf, 0xb6, 0xe4, 0x1,
    0xff, 0xc2, 0x2a, 0xe8, 0x42, 0x10, 0x24, 0x8d,
    0xb3, 0x0, 0xff, 0x9b, 0x54, 0x0, 0x8f, 0x32,
    0x84, 0x0, 0x26, 0x40, 0x7, 0xf5, 0x48, 0xc,
    0xfd, 0xc3, 0x31, 0xef, 0xe4, 0x41, 0xec, 0x3,
    0xe9, 0x50, 0x4f, 0x60, 0xf, 0xcd, 0xe8, 0x9,
    0x40, 0x1c, 0xcc, 0x5, 0xb1, 0x0, 0xff, 0xd,
    0xa8, 0x2b, 0x0, 0x43, 0x20, 0x94, 0x1, 0xff,
    0xc2, 0xa3, 0x9, 0x10, 0x4, 0x0, 0xd0, 0x7,
    0x14, 0x5e, 0x49, 0x8d, 0xb0, 0x3, 0x80, 0x10,
    0x0, 0x60, 0x91, 0x0, 0xd1, 0xae, 0x86, 0xd9,
    0xe9, 0x60, 0x2, 0x70, 0x60, 0x50, 0x3, 0x0,
    0x68, 0x70, 0x26, 0x61, 0x0, 0x81, 0x80, 0x54,
    0x0, 0x5c, 0x3, 0x10, 0x8, 0x9c, 0x1b, 0x66,
    0x5a, 0xc0, 0x1e, 0x22, 0x6, 0x10, 0x28, 0x6,
    0xa0, 0x29, 0x0, 0xd2, 0x20, 0x1e, 0x70, 0x27,
    0x1, 0x0, 0xc6, 0x8, 0x1, 0xe7, 0x0, 0xf1,
    0x3, 0x0, 0x7f, 0xf3, 0x98, 0x8, 0x3, 0x18,
    0x20, 0x7, 0x90, 0x4, 0x3, 0x8, 0x9, 0x83,
    0x80, 0x6a, 0x2, 0x90, 0xd, 0x44, 0x0, 0x50,
    0x0, 0xb8, 0x26, 0x1, 0x10, 0x2, 0x27, 0x6,
    0xd9, 0x97, 0x28, 0x5, 0x54, 0x8c, 0x10, 0xa5,
    0x0, 0x50, 0x6, 0x86, 0x2, 0x66, 0x8, 0x26,
    0x88, 0x2b, 0x90, 0x51, 0x3, 0x3, 0x88, 0x6,
    0x9c, 0x52, 0x22, 0xdd, 0x8b, 0xdc, 0xc9, 0x71,
    0x40, 0x10, 0x0, 0xd0, 0xe, 0x3a, 0xdd, 0x52,
    0x0, 0x6, 0x33, 0x68, 0xc0, 0x21, 0x90, 0x3a,
    0x0, 0xff, 0xe5, 0x33, 0x1, 0x70, 0x40, 0x3f,
    0xc3, 0x52, 0x1, 0xfa, 0x58, 0xf, 0xa0, 0x40,
    0x3c, 0x31, 0xca, 0xc2, 0x1, 0xfa, 0x64, 0x0,
    0x7e, 0xc9, 0x88, 0x4e, 0x73, 0x80, 0x24, 0x40,
    0x3f, 0x9b, 0x98, 0x0, 0x6c, 0xee, 0x63, 0x0,
    0x37, 0x30, 0x7, 0xfc, 0x33, 0xf4, 0xc6, 0x44,
    0x36, 0xaf, 0x91, 0x0, 0xff, 0xe1, 0xac, 0xe6,
    0xeb, 0x25, 0x40, 0x3f, 0x80,

    /* U+E050 "" */
    0x0, 0xff, 0xe0, 0x1b, 0x10, 0x7, 0xff, 0x2a,
    0x32, 0x75, 0xc0, 0x3f, 0xf9, 0x10, 0xe0, 0x14,
    0x38, 0x7, 0xff, 0x1a, 0x1c, 0xf, 0x8c, 0x22,
    0x0, 0x1f, 0xfc, 0x45, 0x70, 0x3c, 0x1c, 0x30,
    0x78, 0x0, 0xff, 0xe1, 0xf8, 0x16, 0x0, 0x58,
    0x60, 0xf0, 0x1, 0xff, 0xc2, 0x30, 0x23, 0x0,
    0xd8, 0x60, 0xf0, 0x1, 0xff, 0xc1, 0xb1, 0xc,
    0x30, 0xd, 0x88, 0xf, 0x4e, 0xc8, 0x1, 0xfc,
    0x5a, 0x0, 0xc3, 0x0, 0xd6, 0x80, 0xb1, 0x36,
    0xe0, 0x1f, 0xd0, 0x1, 0x62, 0x0, 0x6b, 0x83,
    0x20, 0x6, 0x0, 0x7e, 0xb4, 0x5, 0x10, 0xb4,
    0x0, 0xcf, 0x9a, 0x60, 0x40, 0x1f, 0x5a, 0x3,
    0xd6, 0x8, 0x5a, 0x0, 0x70, 0x98, 0x78, 0x7,
    0xb1, 0x2, 0x20, 0x4, 0x40, 0x5, 0x88, 0x6,
    0x90, 0x3, 0x80, 0x76, 0x18, 0x43, 0x80, 0x30,
    0xc0, 0x26, 0x0, 0x95, 0xc1, 0xc4, 0x2, 0x1c,
    0x30, 0x97, 0x1, 0xc3, 0x9, 0x30, 0xf0, 0x18,
    0xa0, 0x38, 0x0, 0x87, 0x4c, 0x25, 0x80, 0x70,
    0xc2, 0x99, 0xc1, 0x2f, 0x9c, 0xf, 0x40, 0x21,
    0xc3, 0xa, 0x60, 0x1c, 0x20, 0xa5, 0x1, 0x3,
    0x40, 0x3, 0xe0, 0x80, 0x7, 0x8, 0x29, 0x40,
    0x70, 0x82, 0x94, 0x1, 0x6a, 0x8d, 0x5f, 0x0,
    0x1a, 0x48, 0x29, 0x40, 0xb0, 0x82, 0x94, 0x2,
    0x1a, 0xb9, 0x50, 0xf, 0x28, 0x3a, 0x81, 0x61,
    0x5, 0xa8, 0x7, 0xff, 0x14, 0x80, 0xf0, 0x42,
    0xd0, 0x3, 0xff, 0x88, 0xa0, 0xbd, 0x82, 0x16,
    0x80, 0x1f, 0xfc, 0x58, 0x40, 0x10, 0x1c, 0x40,
    0xf, 0xfe, 0x3d, 0xe4, 0x57, 0x18, 0x7, 0xff,
    0x1c,

    /* U+E051 "" */
    0x0, 0xfe, 0x59, 0xbd, 0xd6, 0x4b, 0x8, 0x7,
    0xff, 0x8, 0x67, 0xe9, 0x90, 0x88, 0x6d, 0x3d,
    0x24, 0x1, 0xff, 0x37, 0x30, 0x0, 0xda, 0x20,
    0xc6, 0x0, 0x6d, 0x50, 0xf, 0xe9, 0x90, 0xb,
    0xf6, 0x4b, 0xba, 0x73, 0x9c, 0x1, 0x52, 0x1,
    0xf4, 0xb0, 0x1f, 0xc0, 0x80, 0x78, 0x63, 0x8c,
    0x1a, 0x40, 0x39, 0x98, 0x0, 0x32, 0x0, 0xff,
    0xe, 0x28, 0x33, 0x0, 0x21, 0x80, 0x31, 0xc,
    0x30, 0xf, 0xfa, 0x90, 0x20, 0x40, 0x10, 0x21,
    0xba, 0x10, 0xc3, 0x0, 0xff, 0xa8, 0x6, 0x0,
    0xc, 0xe, 0x27, 0xa2, 0x18, 0x60, 0x1f, 0xe1,
    0x70, 0x60, 0x50, 0x4, 0x80, 0xf, 0x44, 0x30,
    0xc0, 0x3f, 0xd2, 0x0, 0x5d, 0x2, 0x10, 0x8,
    0xf4, 0x43, 0xc, 0x3, 0xf8, 0x48, 0x34, 0xc1,
    0xc0, 0x38, 0xf4, 0x43, 0xc, 0x3, 0xf9, 0xc0,
    0xd8, 0x8, 0x3, 0xc7, 0xa2, 0x18, 0x60, 0x1f,
    0x88, 0x1c, 0x3, 0xfc, 0x7a, 0x21, 0x86, 0x1,
    0xfe, 0x60, 0x20, 0xf, 0xc7, 0xa0, 0xc, 0x30,
    0xf, 0x10, 0x39, 0x83, 0x80, 0x7f, 0x1e, 0x0,
    0x30, 0xc0, 0x39, 0xc0, 0xf4, 0x8, 0x80, 0x1f,
    0xc7, 0x80, 0xc, 0x30, 0x8, 0x88, 0x1a, 0xa2,
    0x14, 0x1, 0xfe, 0x3c, 0x0, 0x61, 0x80, 0x28,
    0x0, 0xa0, 0xe0, 0xe4, 0x1, 0xfe, 0x3c, 0x0,
    0x69, 0x93, 0x83, 0x0, 0x20, 0x1, 0xc0, 0x1f,
    0xf1, 0xe0, 0xe, 0xf0, 0x2, 0x0, 0x3, 0x20,
    0x74, 0x1, 0xff, 0x1e, 0x0, 0x98, 0x48, 0x80,
    0x4c, 0xc0, 0x5c, 0x10, 0xf, 0xf1, 0x18, 0x1,
    0xd8, 0x3, 0xa5, 0x40, 0xfa, 0x4, 0x3, 0xc3,
    0x1c, 0x60, 0xf0, 0x1, 0xf5, 0x48, 0x1, 0xfb,
    0x66, 0x21, 0x3b, 0xce, 0x3, 0x30, 0x1, 0xfc,
    0xda, 0xc0, 0x2, 0x67, 0x73, 0x10, 0x1, 0xbd,
    0x80, 0x3f, 0xe2, 0x9e, 0xa6, 0x42, 0x21, 0xb5,
    0x74, 0x88, 0x7, 0x80,

    /* U+E052 "" */
    0x0, 0x84, 0x8b, 0xff, 0x8e, 0x1, 0x9b, 0xb9,
    0xbb, 0xff, 0xc7, 0xe6, 0x4, 0x91, 0x0, 0xff,
    0xe4, 0xc, 0xa7, 0x81, 0xe6, 0xef, 0xff, 0x1b,
    0xc, 0x3d, 0x42, 0xcc, 0x8b, 0xff, 0x8c, 0x76,
    0xa, 0x1, 0xff, 0x13, 0x30, 0x40, 0x3f, 0xf9,
    0x2f, 0xb3, 0x2e, 0x50, 0xf, 0xfe, 0x18, 0x80,
    0x47, 0x0, 0x1a, 0x84, 0x0, 0x20, 0x1f, 0xe1,
    0xee, 0x0, 0x10, 0x7, 0xf4, 0x0, 0x80, 0x3d,
    0xc0, 0xf, 0xfe, 0x28, 0x80, 0x7f, 0xf1, 0x47,
    0xf8, 0x0, 0xa0, 0x3d, 0xa0, 0x4, 0x1, 0xfe,
    0x0, 0xff, 0xe1, 0x14, 0x0, 0x6a, 0x10, 0xf,
    0xfe, 0x3b, 0xec, 0xcb, 0x94, 0x3, 0xff, 0x92,
    0x4c, 0xc1, 0x0, 0xff, 0x94, 0x2c, 0xc8, 0xbf,
    0xf8, 0xc7, 0x60, 0xbc, 0x7, 0x9b, 0xbf, 0xfc,
    0x6c, 0x30, 0xe5, 0x91, 0x0, 0xff, 0xe4, 0xc,
    0xa8, 0x37, 0x6e, 0xff, 0xf2, 0x39, 0x80,

    /* U+E053 "" */
    0x0, 0x84, 0x8b, 0xff, 0x84, 0x1, 0xfc, 0xdd,
    0xcd, 0xdf, 0xfe, 0x17, 0xc0, 0x7, 0x96, 0x44,
    0x3, 0xff, 0x88, 0xf0, 0x1, 0xdc, 0x7, 0x9b,
    0xbf, 0xfc, 0x25, 0x7, 0x0, 0xe5, 0xb, 0x32,
    0x2f, 0xfe, 0x14, 0x80, 0x7f, 0xf4, 0x4, 0x0,
    0xc2, 0x1, 0xff, 0xcb, 0x79, 0xa0, 0xf, 0xfe,
    0x5f, 0x83, 0x80, 0x7f, 0xff, 0xc0, 0x3f, 0xf9,
    0xde, 0xe, 0x1, 0xff, 0xcb, 0x79, 0xa0, 0xf,
    0xfe, 0x48, 0x80, 0x18, 0x54, 0x2c, 0xc8, 0xbf,
    0xf8, 0x27, 0x20, 0x1f, 0x70, 0x1e, 0x6e, 0xff,
    0xf0, 0x71, 0x41, 0xc0, 0x39, 0x64, 0x40, 0x3f,
    0xf8, 0x8f, 0x0, 0x1e, 0x6e, 0xdd, 0xff, 0xe1,
    0x77, 0xc0, 0x7, 0x80,

    /* U+E054 "" */
    0x0, 0x88, 0xb0, 0x80, 0x7e, 0x22, 0x0, 0x7f,
    0x37, 0x6e, 0xef, 0x10, 0xf, 0x56, 0xeb, 0xe0,
    0x3, 0xcb, 0x22, 0x1, 0xf1, 0x74, 0x80, 0x79,
    0xe0, 0x3, 0xb8, 0xf, 0x37, 0x6f, 0x10, 0xe1,
    0x40, 0x5, 0x6e, 0x94, 0x1c, 0x3, 0x94, 0x2c,
    0xc8, 0xa1, 0x5, 0x30, 0x80, 0x8, 0x89, 0x20,
    0x1f, 0xfc, 0x31, 0xb0, 0x45, 0x0, 0xff, 0x98,
    0x40, 0x3f, 0x40, 0x84, 0x80, 0x7f, 0xcf, 0x34,
    0x1, 0xf1, 0x30, 0x28, 0x10, 0x7, 0xfb, 0xc1,
    0xc0, 0x3e, 0x90, 0x2, 0xee, 0xc0, 0x1f, 0xfc,
    0x71, 0x0, 0xe3, 0x0, 0xff, 0xe3, 0xd6, 0xea,
    0x0, 0x10, 0x1, 0xff, 0xc8, 0x22, 0x48, 0x1b,
    0x0, 0x7f, 0x78, 0x38, 0x7, 0xf4, 0x8, 0x78,
    0x7, 0xf9, 0xe6, 0x80, 0x3f, 0x13, 0x83, 0x18,
    0x7, 0xfc, 0xc2, 0xa1, 0x66, 0x40, 0x15, 0x80,
    0xc0, 0x0, 0x8b, 0x48, 0x7, 0xdc, 0x7, 0x9b,
    0xa0, 0x6, 0xd, 0x88, 0x66, 0xee, 0x50, 0x80,
    0xe, 0x59, 0x10, 0x1, 0x80, 0x17, 0x94, 0x3,
    0xf3, 0xb8, 0x3, 0xcd, 0xdb, 0xae, 0x0, 0xfb,
    0x37, 0x77, 0xc0, 0x7, 0x80,

    /* U+E055 "" */
    0x0, 0x84, 0x8b, 0xff, 0x84, 0x1, 0xfc, 0xdd,
    0xcd, 0xdf, 0xfe, 0x17, 0xc0, 0x7, 0x96, 0x44,
    0x3, 0xff, 0x88, 0xf0, 0x1, 0xdc, 0x7, 0x9b,
    0xbf, 0xfc, 0x25, 0x7, 0x0, 0xe5, 0xb, 0x32,
    0x2f, 0xfe, 0x14, 0x80, 0x7f, 0xf0, 0x15, 0x0,
    0x26, 0x10, 0x1, 0xb0, 0x7, 0x8, 0x1, 0x84,
    0x3, 0x15, 0x58, 0x1, 0xe6, 0x80, 0x1d, 0x2a,
    0x1, 0xe7, 0x9a, 0x0, 0xc2, 0x0, 0x10, 0xf0,
    0x70, 0x1, 0x81, 0x80, 0x7b, 0xc1, 0xc0, 0x3f,
    0xff, 0xe0, 0x1f, 0x8, 0x0, 0x43, 0xc1, 0xc0,
    0x6, 0x6, 0x1, 0xef, 0x7, 0x0, 0xc5, 0x56,
    0x0, 0x79, 0xa0, 0x7, 0x4a, 0x80, 0x79, 0xe6,
    0x80, 0x39, 0x50, 0x2, 0x61, 0x0, 0x1b, 0x0,
    0x70, 0x80, 0x18, 0x54, 0x2c, 0xc8, 0xbf, 0xf8,
    0x27, 0x20, 0x1f, 0x70, 0x1e, 0x6e, 0xff, 0xf0,
    0x71, 0x41, 0xc0, 0x39, 0x64, 0x40, 0x3f, 0xf8,
    0x8f, 0x0, 0x1e, 0x6e, 0xdd, 0xff, 0xe1, 0x77,
    0xc0, 0x7, 0x80,

    /* U+E056 "" */
    0x0, 0x84, 0x8b, 0xff, 0x84, 0x1, 0xfc, 0xdd,
    0xcd, 0xdf, 0xfe, 0x17, 0xc0, 0x7, 0x96, 0x44,
    0x3, 0xff, 0x88, 0xf0, 0x1, 0xdc, 0x7, 0x9b,
    0xbf, 0xfc, 0x25, 0x7, 0x0, 0xe5, 0xb, 0x32,
    0x2f, 0xfe, 0x14, 0x80, 0x7f, 0xf0, 0x15, 0x0,
    0x3f, 0xf8, 0x42, 0x0, 0x61, 0x0, 0xc5, 0x56,
    0x1, 0xff, 0xc4, 0x79, 0xa0, 0xc, 0x20, 0x1,
    0x0, 0xff, 0xe1, 0xf8, 0x38, 0x7, 0xff, 0xfc,
    0x3, 0xe1, 0x0, 0x8, 0x7, 0xff, 0xf, 0xc1,
    0xc0, 0x31, 0x55, 0x80, 0x7f, 0xf1, 0x1e, 0x68,
    0x3, 0x95, 0x0, 0x3f, 0xf8, 0x42, 0x0, 0x61,
    0x50, 0xb3, 0x22, 0xff, 0xe0, 0x9c, 0x80, 0x7d,
    0xc0, 0x79, 0xbb, 0xff, 0xc1, 0xc5, 0x7, 0x0,
    0xe5, 0x91, 0x0, 0xff, 0xe2, 0x3c, 0x0, 0x79,
    0xbb, 0x77, 0xff, 0x85, 0xdf, 0x0, 0x1e,

    /* U+E057 "" */
    0x0, 0x84, 0x8b, 0xff, 0x84, 0x1, 0xfc, 0xdd,
    0xcd, 0xdf, 0xfe, 0x17, 0xc0, 0x7, 0x96, 0x44,
    0x3, 0xff, 0x88, 0xf0, 0x1, 0xdc, 0x7, 0x9b,
    0xbf, 0xfc, 0x25, 0x7, 0x0, 0xe5, 0xb, 0x32,
    0x2f, 0xfe, 0x14, 0x80, 0x7f, 0xf0, 0x15, 0x0,
    0x26, 0x10, 0xf, 0xe1, 0x0, 0x30, 0x80, 0x62,
    0xab, 0x0, 0x3c, 0xd0, 0x7, 0xfc, 0xf3, 0x40,
    0x18, 0x40, 0x2, 0x1e, 0xe, 0x1, 0xff, 0x78,
    0x38, 0x7, 0xff, 0xfc, 0x3, 0xe1, 0x0, 0x8,
    0x78, 0x38, 0x7, 0xfd, 0xe0, 0xe0, 0x18, 0xaa,
    0xc0, 0xf, 0x34, 0x1, 0xff, 0x3c, 0xd0, 0x7,
    0x2a, 0x0, 0x4c, 0x20, 0x1f, 0xc2, 0x0, 0x61,
    0x50, 0xb3, 0x22, 0xff, 0xe0, 0x9c, 0x80, 0x7d,
    0xc0, 0x79, 0xbb, 0xff, 0xc1, 0xc5, 0x7, 0x0,
    0xe5, 0x91, 0x0, 0xff, 0xe2, 0x3c, 0x0, 0x79,
    0xbb, 0x77, 0xff, 0x85, 0xdf, 0x0, 0x1e,

    /* U+E059 "" */
    0x0, 0xfc, 0x2f, 0x7b, 0xab, 0x71, 0x0, 0xff,
    0xe1, 0xc7, 0x42, 0x11, 0x12, 0x39, 0xc0, 0x3f,
    0xf8, 0x34, 0xe0, 0x5, 0x88, 0x28, 0x2, 0x28,
    0x3, 0xfe, 0x85, 0x5, 0xea, 0x77, 0x57, 0x28,
    0x2c, 0x80, 0x7f, 0x1b, 0x83, 0x50, 0x80, 0x61,
    0xa5, 0x6, 0x30, 0xf, 0xd2, 0x5, 0x20, 0x1f,
    0xa8, 0x42, 0x40, 0x3f, 0x20, 0x50, 0x7, 0xfa,
    0x41, 0x40, 0x3e, 0x11, 0x2, 0x0, 0x7f, 0x90,
    0x0, 0x20, 0x1e, 0x30, 0x0, 0x80, 0x7f, 0x84,
    0x0, 0x60, 0x1e, 0x10, 0x1, 0x80, 0x7f, 0x8c,
    0x0, 0x20, 0x1e, 0x60, 0x0, 0x80, 0x7f, 0x84,
    0x0, 0xe0, 0x1e, 0x20, 0x10, 0xf, 0xfe, 0x0,
    0x81, 0x80, 0x7a, 0xc1, 0x40, 0x3f, 0xf8, 0xa,
    0x18, 0x1, 0xc4, 0x61, 0xa0, 0x1f, 0xfc, 0xd,
    0x4, 0x20, 0xd, 0x20, 0x2c, 0x1, 0xff, 0xc0,
    0x60, 0x4, 0x80, 0x50, 0x81, 0x0, 0x1f, 0xfc,
    0x28, 0x4, 0x80, 0x47, 0x4, 0x60, 0xf, 0xfe,
    0x13, 0xa0, 0x3a, 0x68, 0x3, 0x55, 0x7f, 0xf8,
    0x9a, 0x0, 0xde, 0x0, 0x4d, 0x57, 0xff, 0x12,
    0x40, 0x1c, 0xec, 0x20, 0x1f, 0xfc, 0x61, 0x67,
    0x9, 0xef, 0xff, 0xfe, 0x37, 0x48, 0x7, 0xff,
    0x59, 0xdc, 0x0, 0x77, 0x0, 0x7f, 0xf1, 0x4a,
    0x21, 0x54, 0x88, 0x10, 0x7, 0xff, 0x10, 0x90,
    0x15, 0x40, 0x84, 0x1, 0xff, 0xc5, 0xb7, 0x33,
    0x3d, 0x80, 0x7f, 0x0,

    /* U+E05A "" */
    0x6b, 0x30, 0xf, 0x9a, 0xb3, 0x14, 0xc0, 0x1f,
    0xea, 0x4d, 0x30, 0xc, 0xdf, 0x2a, 0x66, 0x59,
    0xf6, 0x0, 0xfd, 0xe2, 0x2d, 0x30, 0xa, 0x40,
    0x8, 0xce, 0x80, 0x9, 0xa0, 0xf, 0x8f, 0x44,
    0x58, 0x60, 0x9, 0x7d, 0xb9, 0x8b, 0xd4, 0x5,
    0x80, 0xf, 0x8f, 0x40, 0x18, 0x60, 0xd0, 0x40,
    0x18, 0xad, 0x81, 0xc8, 0x3, 0xe3, 0xc0, 0x6,
    0x18, 0x7, 0xf4, 0x88, 0x40, 0x7, 0xe3, 0xc0,
    0x6, 0x18, 0x7, 0xf4, 0x82, 0x0, 0x7f, 0x10,
    0x5, 0x86, 0x1, 0xf9, 0x0, 0x44, 0x1, 0xf8,
    0xc0, 0x36, 0x18, 0x7, 0xc2, 0x0, 0x30, 0xf,
    0xc2, 0x0, 0xa0, 0x6, 0x18, 0x7, 0x8c, 0x0,
    0x20, 0x1f, 0x98, 0x0, 0xb8, 0x0, 0xc3, 0x0,
    0xe1, 0x0, 0x30, 0x7, 0xe2, 0x1, 0x3, 0xc0,
    0x6, 0x18, 0x7, 0x10, 0x60, 0x7, 0xec, 0x4,
    0x0, 0x1e, 0x0, 0x30, 0xc0, 0x32, 0x2, 0x0,
    0x7c, 0x48, 0x18, 0x1, 0x1e, 0x0, 0x30, 0xc0,
    0x2d, 0x2, 0x40, 0xf, 0x48, 0xb, 0x0, 0x63,
    0xc0, 0x6, 0x18, 0x1, 0x8, 0x20, 0x3, 0xa1,
    0x2, 0x0, 0x3c, 0x78, 0x0, 0xc3, 0x0, 0x40,
    0x18, 0x80, 0x48, 0xe0, 0x8c, 0x1, 0xf1, 0xe0,
    0x3, 0x4c, 0x16, 0xa8, 0x20, 0x16, 0x80, 0x35,
    0x57, 0xf9, 0x98, 0x3, 0xa6, 0xa, 0xa0, 0xd,
    0xc0, 0x9, 0xaa, 0xff, 0x30, 0x0, 0x74, 0xc0,
    0x3c, 0xec, 0x1, 0xff, 0xc4, 0x1d, 0x30, 0xf,
    0x4f, 0xff, 0xff, 0xf, 0x4, 0x5a, 0x60, 0x1f,
    0xfc, 0x93, 0xd1, 0x16, 0x98, 0x7, 0xff, 0x1,
    0xdc, 0x0, 0x77, 0x0, 0x47, 0xa2, 0x2d, 0x30,
    0xf, 0xf0, 0xc4, 0x2a, 0x91, 0x2, 0x0, 0x8f,
    0x44, 0x5a, 0x60, 0x1f, 0xc2, 0x80, 0xaa, 0x4,
    0x20, 0xc, 0x7a, 0x22, 0xf0, 0xf, 0xf5, 0xc1,
    0x99, 0xec, 0x3, 0xc7, 0x87, 0x40,

    /* U+E05B "" */
    0x0, 0xff, 0xe5, 0xc7, 0xa0, 0x0, 0x44, 0x1,
    0xf8, 0x41, 0x80, 0xc0, 0x7b, 0x80, 0x1f, 0x2f,
    0x78, 0x86, 0x2b, 0x0, 0x7f, 0x8, 0x6, 0x4a,
    0x80, 0x2, 0x80, 0x79, 0x39, 0x80, 0x4, 0x1,
    0xaa, 0xc0, 0x3c, 0x26, 0x7, 0xbf, 0x92, 0x80,
    0x92, 0x1, 0xe6, 0x5, 0x0, 0x1b, 0x5b, 0x3,
    0x8, 0x7, 0x18, 0x78, 0x7, 0x40, 0x1, 0x40,
    0x31, 0x0, 0x8, 0x3, 0x84, 0x0, 0x20, 0x19,
    0xc0, 0xa, 0x1, 0xc8, 0x0, 0x60, 0xc, 0x40,
    0x7, 0x31, 0x0, 0x1d, 0x1, 0x18, 0x6, 0xd0,
    0x4, 0xe7, 0x75, 0x82, 0x12, 0x1, 0xce, 0x2,
    0x20, 0x0, 0x88, 0x1, 0x68, 0x1, 0xc4, 0x11,
    0xdc, 0xb7, 0x10, 0x3, 0x0, 0x71, 0x0, 0x14,
    0x5, 0x23, 0x4, 0x20, 0x3, 0x9c, 0x0, 0x60,
    0x18, 0x98, 0x10, 0x3, 0xb4, 0x8, 0x3, 0xdc,
    0x2, 0x1, 0xc6, 0xe, 0x1, 0xec, 0x2, 0x0,
    0x17, 0xf9, 0x1, 0x90, 0x80, 0x27, 0x50, 0xa0,
    0xf, 0x8e, 0xf7, 0xf7, 0xa0, 0x9, 0xc0, 0x5,
    0xae, 0x0, 0x10, 0x8, 0x84, 0x13, 0x0, 0x31,
    0x70, 0x3, 0xbd, 0x0, 0xa3, 0x2c, 0x40, 0x39,
    0x9, 0xc0, 0xe, 0xa, 0xe6, 0x1, 0xf1, 0x6c,
    0x0, 0x21, 0x64, 0x3, 0xe0,

    /* U+E05C "" */
    0x0, 0xfa, 0xa8, 0x1, 0xff, 0xc1, 0x25, 0x55,
    0x80, 0x7f, 0xf0, 0xd3, 0x0, 0x3f, 0xf8, 0x67,
    0x80, 0x1f, 0xfc, 0x15, 0x3, 0xc0, 0xf, 0xfe,
    0x4, 0x40, 0xf, 0x0, 0x2a, 0xe3, 0x0, 0xf3,
    0xc0, 0x1d, 0x80, 0x10, 0x70, 0xc0, 0x3c, 0x80,
    0x5, 0x0, 0x68, 0x86, 0x18, 0x6, 0x3c, 0x1,
    0xd0, 0x1, 0xe8, 0x86, 0x38, 0x1, 0x30, 0x1,
    0xa6, 0x1, 0x1e, 0x88, 0x50, 0x2, 0x40, 0x18,
    0x60, 0x1c, 0x7a, 0x20, 0x1d, 0x86, 0x1, 0xf1,
    0xe8, 0x80, 0x58, 0x60, 0x1f, 0xfc, 0xc3, 0xd1,
    0x0, 0xb0, 0xc0, 0x3e, 0x3d, 0x10, 0xe, 0xc3,
    0x0, 0xe3, 0xd1, 0x9, 0x0, 0x48, 0x3, 0xc,
    0x2, 0x2d, 0x10, 0xc4, 0x0, 0x26, 0x0, 0x34,
    0x80, 0x1e, 0x21, 0x86, 0x1, 0x8f, 0x0, 0x70,
    0x0, 0xe3, 0x86, 0x1, 0xe4, 0x0, 0x28, 0x2,
    0xb8, 0xc0, 0x3c, 0xf0, 0x7, 0x60, 0x1f, 0xe8,
    0x80, 0x1e, 0x0, 0x7f, 0xca, 0x7, 0x80, 0x1f,
    0xfc, 0x13, 0xc0, 0xf, 0xfe, 0x9, 0xe0, 0x7,
    0xfc, 0x4a, 0xac, 0x0, 0xf0,

    /* U+E05F "" */
    0x3, 0x66, 0xf9, 0x0, 0x3c, 0x8c, 0xdf, 0x10,
    0x36, 0x4c, 0xfd, 0x7c, 0xc0, 0x7, 0xfb, 0x99,
    0xfb, 0x4e, 0xc0, 0x48, 0xb0, 0x88, 0x6, 0x62,
    0xe0, 0x0, 0x22, 0x22, 0xc0, 0x9, 0x30, 0x8d,
    0xdd, 0xdc, 0xd3, 0x7, 0x40, 0x5e, 0xeb, 0x77,
    0x30, 0x8, 0x7, 0xf1, 0x61, 0x0, 0x16, 0x84,
    0x3, 0xff, 0x91, 0x60, 0x9, 0x0, 0xff, 0xe5,
    0x10, 0x0, 0x80, 0x3f, 0xff, 0xe0, 0x1f, 0xfd,
    0x1, 0x0, 0xff, 0xff, 0x38, 0x7, 0xff, 0xfc,
    0x3, 0xff, 0x8e, 0x24, 0x5c, 0x22, 0x7, 0x0,
    0xc2, 0x22, 0x2e, 0x30, 0x1, 0x4, 0x6e, 0xf7,
    0x73, 0xe0, 0x1, 0x9f, 0xdc, 0xdd, 0xe5, 0x2,
    0xf1, 0x0, 0xfe, 0x30, 0x1, 0x80, 0x7f, 0x1c,
    0x1f, 0x6e, 0xfd, 0x90, 0x1, 0xc, 0xe6, 0xef,
    0xd8, 0x20, 0x2, 0x2f, 0x8d, 0xdc, 0x0, 0xb6,
    0x32, 0x2f, 0x80, 0x3f, 0xf8, 0x38, 0x0, 0x50,
    0xf, 0xfe, 0x52, 0x3c, 0x80, 0x7f, 0xf0, 0x0,

    /* U+E060 "" */
    0x0, 0x95, 0x9b, 0xff, 0x80, 0xa0, 0x18, 0xfa,
    0xa6, 0x7f, 0xf8, 0x15, 0xc6, 0x0, 0xd1, 0x1,
    0x22, 0xfe, 0x11, 0x0, 0xe8, 0x18, 0x86, 0x76,
    0xef, 0xf7, 0x73, 0x0, 0x4d, 0x80, 0x6, 0x1,
    0xff, 0xc0, 0x30, 0x3, 0x0, 0x7f, 0xff, 0xc0,
    0x3f, 0xff, 0xe0, 0x1f, 0xff, 0xf0, 0xf, 0xfe,
    0x60, 0x88, 0x3, 0xff, 0x88, 0x79, 0xdc, 0xc3,
    0x0, 0xff, 0xe0, 0xd, 0x61, 0x80, 0xf, 0x28,
    0x80, 0x3f, 0xc, 0x72, 0x81, 0x55, 0x8, 0x17,
    0x60, 0x40, 0x21, 0x0, 0x7b, 0x80, 0x23, 0x55,
    0x5b, 0x0, 0x7, 0xf0, 0x0, 0xa0, 0x80, 0x83,
    0x73, 0x80, 0x67, 0xe6, 0x1, 0x1, 0x40, 0xc6,
    0x7d, 0x91, 0x0, 0xf0, 0xce, 0xbb, 0xb0, 0x0,

    /* U+E063 "" */
    0x0, 0xf3, 0xc8, 0x7, 0xc9, 0x44, 0x1, 0xff,
    0xc0, 0x86, 0x40, 0xf, 0x7a, 0xd0, 0x7, 0xe3,
    0x56, 0x70, 0x6, 0xb3, 0x7c, 0x8, 0xcc, 0x50,
    0xd, 0x59, 0x53, 0x0, 0x6, 0x99, 0xf1, 0x1,
    0xcc, 0xab, 0x8c, 0x1d, 0x40, 0x3f, 0xf8, 0xe3,
    0xa1, 0x60, 0x9f, 0xee, 0x0, 0x5f, 0xff, 0x8c,
    0x1b, 0xfd, 0x80, 0x28, 0x21, 0x80, 0x1, 0x10,
    0x30, 0x7, 0x94, 0x3c, 0x0, 0x60, 0x1, 0x0,
    0xf7, 0xe9, 0x0, 0x7a, 0x71, 0x80, 0x21, 0x0,
    0xc2, 0x1, 0x9, 0x0, 0x7e, 0x30, 0xf, 0xec,
    0x66, 0xff, 0xe3, 0x8, 0x6, 0x59, 0x9f, 0xfe,
    0x30, 0x7, 0xff, 0x46, 0x7f, 0xff, 0xf8, 0xc2,
    0x1, 0xff, 0xe3, 0x10, 0xf, 0xff, 0x40, 0x80,
    0x7f, 0xff, 0xc0, 0x3f, 0xfc, 0x1e, 0x1, 0xff,
    0xc9, 0x70, 0x67, 0x66, 0xff, 0xe2, 0x50, 0x1,
    0xa0, 0x6, 0x26, 0x7f, 0xf8, 0x8a, 0xa, 0x65,
    0x88, 0x23, 0x0, 0x7f, 0xf0, 0x4, 0x45, 0x14,
    0x0,

    /* U+E064 "" */
    0x0, 0xfe, 0x25, 0x66, 0xca, 0x40, 0x1f, 0xfc,
    0x5a, 0xda, 0x99, 0xd5, 0xb2, 0x1, 0xff, 0xc3,
    0x85, 0x0, 0xfc, 0xcc, 0x0, 0xff, 0xe0, 0xa3,
    0x82, 0x7f, 0xf9, 0x42, 0x48, 0x3, 0xe4, 0xcf,
    0xfa, 0xc0, 0x14, 0x1, 0xeb, 0x10, 0xdf, 0xfb,
    0x10, 0x12, 0xcc, 0x3, 0xd, 0x88, 0x7, 0x87,
    0x44, 0x3, 0x1d, 0xa4, 0x1, 0x4d, 0x52, 0xf9,
    0x0, 0x3f, 0x1f, 0x5d, 0x52, 0x48, 0x20, 0x82,
    0x99, 0x54, 0x80, 0x18, 0xdd, 0x88, 0x3, 0x22,
    0xa9, 0xac, 0x8, 0x0, 0x20, 0x1e, 0x1c, 0xc4,
    0x4e, 0xd0, 0x7, 0xf0, 0x80, 0x7f, 0x61, 0x80,
    0x80, 0x16, 0x80, 0x3f, 0xf8, 0xac, 0x41, 0x5d,
    0xee, 0xa, 0x60, 0x1f, 0xfc, 0x4d, 0x5, 0x50,
    0x2, 0x4, 0x10, 0x3, 0xff, 0x8c, 0x60, 0x18,
    0xc3, 0xc0, 0x3f, 0xf8, 0x86, 0xe, 0x40, 0x5,
    0x20, 0xd0, 0xf, 0xfe, 0x25, 0x0, 0xed, 0x5d,
    0x1, 0x28, 0x7, 0xff, 0x10, 0xa8, 0x0, 0xa8,
    0x3, 0xe0, 0x1f, 0xfc, 0x65, 0xd6, 0x34, 0x7f,
    0x20, 0xf, 0xfe, 0x39, 0x4e, 0x5c, 0x8, 0x7,
    0xf8, 0xc3, 0x0, 0x3f, 0xf9, 0x1e, 0x2, 0xa0,
    0xbf, 0xff, 0xfc, 0x86, 0x6, 0x85, 0x0, 0xff,
    0xe5, 0x2c, 0x5, 0x6d, 0x4c, 0xff, 0xf1, 0xab,
    0x68, 0x0,

    /* U+E06B "" */
    0x0, 0xff, 0xe0, 0x15, 0x5c, 0x20, 0x7, 0xff,
    0xc, 0x67, 0x8, 0x1, 0xea, 0x8f, 0x7d, 0x2,
    0x1, 0xff, 0x2f, 0x31, 0xa0, 0x11, 0x1, 0x48,
    0x5, 0xf9, 0x80, 0x3f, 0xa2, 0x80, 0xe, 0xc0,
    0x1a, 0x37, 0x4e, 0x0, 0x99, 0x0, 0x7d, 0xe,
    0x7, 0xb0, 0x1, 0xf1, 0x46, 0x98, 0x34, 0x80,
    0x73, 0x38, 0x26, 0x10, 0x7, 0xf8, 0xb1, 0x1,
    0x98, 0x1, 0xc, 0x1, 0xd8, 0x7, 0xff, 0xa,
    0xcc, 0x24, 0x40, 0x10, 0x21, 0xa0, 0x1f, 0xfc,
    0x4e, 0x0, 0x40, 0x1, 0xc1, 0xc4, 0x3, 0xff,
    0x88, 0x4c, 0xc, 0xa, 0x21, 0x20, 0x1f, 0xfc,
    0x6b, 0x0, 0x26, 0x81, 0x8, 0x7, 0xff, 0x18,
    0x88, 0x18, 0x60, 0xe0, 0x1f, 0xf3, 0x11, 0x7e,
    0x60, 0x37, 0x3, 0x0, 0xfc, 0x60, 0xb, 0xdd,
    0xfc, 0x80, 0x20, 0x1f, 0xf0, 0xc8, 0x7, 0xfc,
    0x30, 0xe0, 0x60, 0x1f, 0xcd, 0xdb, 0xbf, 0xee,
    0x23, 0x7, 0x0, 0xff, 0x9, 0x17, 0xf8, 0x1,
    0xa0, 0x44, 0x0, 0xff, 0xe3, 0xc2, 0x2, 0x88,
    0x50, 0x7, 0xff, 0x1a, 0x1e, 0x40, 0xe, 0xe,
    0x40, 0x1f, 0xfc, 0x42, 0x70, 0x50, 0x4, 0x0,
    0x38, 0x3, 0xff, 0x89, 0xc0, 0x9, 0x0, 0xc,
    0x81, 0xd0, 0x7, 0xff, 0xa, 0x8c, 0x28, 0x40,
    0x26, 0x60, 0x2e, 0x10, 0x7, 0xf8, 0xb1, 0x41,
    0x94, 0x3, 0xa5, 0x80, 0xf6, 0x4, 0x3, 0xc5,
    0x1a, 0x60, 0xd2, 0x1, 0xf4, 0xd0, 0x1, 0xfb,
    0x6a, 0x21, 0x3b, 0xa7, 0x1, 0x99, 0x0, 0x7f,
    0x2f, 0x30, 0x0, 0x95, 0xdc, 0xc4, 0x2, 0xfe,
    0xc0, 0x1f, 0xf0, 0xcf, 0xd3, 0x21, 0x99, 0x5e,
    0xfa, 0x4, 0x3, 0xc0,

    /* U+E06C "" */
    0x0, 0xff, 0xe4, 0x8, 0x7, 0xff, 0x22, 0xf9,
    0x0, 0x3f, 0xf8, 0xd6, 0x80, 0x1f, 0xfc, 0x7b,
    0x40, 0x94, 0x0, 0xff, 0xe2, 0x62, 0x4, 0x30,
    0x7, 0xff, 0x13, 0xc, 0x21, 0xc0, 0x3f, 0xf8,
    0x98, 0x61, 0xe, 0x1, 0x84, 0x3, 0xfe, 0xc3,
    0x8, 0x70, 0xc, 0xbd, 0x60, 0x1f, 0xd8, 0x61,
    0xe, 0x1, 0xc2, 0x9, 0x80, 0x1f, 0x61, 0x84,
    0x38, 0x7, 0x92, 0x0, 0xf0, 0x3, 0xb0, 0xc2,
    0x1c, 0x3, 0xf3, 0xc0, 0x1e, 0x0, 0x58, 0x61,
    0xe, 0x1, 0xfe, 0x78, 0x3, 0xc1, 0xc3, 0x8,
    0x70, 0xf, 0xfe, 0x3, 0xc0, 0x1f, 0x18, 0x43,
    0x80, 0x7f, 0xf0, 0x9e, 0x0, 0x28, 0x70, 0xf,
    0xfe, 0x23, 0xc8, 0x4b, 0x80, 0x7f, 0xf0, 0x0,

    /* U+E06D "" */
    0x7, 0x70, 0x7, 0xff, 0x1, 0xdc, 0x3, 0x10,
    0x90, 0xf, 0xf4, 0xc4, 0x4, 0x4c, 0xd, 0x20,
    0x1f, 0xa9, 0x81, 0x84, 0x25, 0x41, 0xa8, 0x3,
    0xd4, 0xa0, 0xb2, 0x1, 0x52, 0x82, 0xd0, 0x6,
    0xa5, 0x5, 0xa0, 0xe, 0xa5, 0x5, 0xa0, 0x5,
    0x28, 0x2d, 0x0, 0x7d, 0x4a, 0xb, 0x54, 0x50,
    0x5a, 0x0, 0xfe, 0xa5, 0x5, 0x50, 0x2d, 0x0,
    0x7f, 0xd4, 0xa0, 0x6, 0xa0, 0xf, 0xfe, 0xd,
    0x44, 0x24, 0x3, 0xe0,

    /* U+E06E "" */
    0x0, 0xfc, 0x20, 0x1f, 0xa7, 0x9c, 0x3, 0xd2,
    0xc0, 0x1f, 0x53, 0x3, 0x38, 0x6, 0xa5, 0x5,
    0x90, 0xd, 0x4a, 0xb, 0x40, 0x1a, 0x94, 0x16,
    0x80, 0x34, 0xa8, 0x2d, 0x0, 0x67, 0x60, 0x5a,
    0x0, 0xff, 0xe1, 0xba, 0x82, 0xd0, 0x7, 0xa9,
    0x41, 0x68, 0x3, 0xd4, 0xa0, 0xb4, 0x1, 0xea,
    0x50, 0x5a, 0x0, 0xf5, 0x28, 0x2c, 0x80, 0x7a,
    0x94, 0x19, 0xc0, 0x3d, 0x4c, 0x1, 0xfd, 0x3c,
    0xe0,

    /* U+E06F "" */
    0x1, 0x0, 0xfc, 0xfd, 0x20, 0x1f, 0xcd, 0x20,
    0x1e, 0x76, 0x6, 0xa0, 0xf, 0x4a, 0x82, 0xd0,
    0x7, 0xa9, 0x41, 0x68, 0x3, 0xd4, 0xa0, 0xb4,
    0x1, 0xea, 0x50, 0x59, 0x0, 0xf5, 0x28, 0x33,
    0x80, 0x7f, 0xf0, 0xe9, 0x41, 0x5c, 0x3, 0x52,
    0x82, 0xd0, 0x6, 0xa5, 0x5, 0xa0, 0xd, 0x4a,
    0xb, 0x40, 0x1a, 0x94, 0x16, 0x80, 0x33, 0xa8,
    0x2d, 0x0, 0x7c, 0xd4, 0x1, 0xe7, 0xe9, 0x0,
    0xf8,

    /* U+E070 "" */
    0x0, 0xfc, 0xee, 0x0, 0xff, 0xe1, 0xcc, 0x42,
    0x40, 0x3f, 0xf8, 0x34, 0xc0, 0x6, 0xa0, 0xf,
    0xfa, 0x94, 0x15, 0x40, 0xb4, 0x1, 0xfd, 0x4a,
    0xb, 0x54, 0x50, 0x5a, 0x0, 0xfa, 0x94, 0x16,
    0x80, 0x14, 0xa0, 0xb4, 0x1, 0xd4, 0xa0, 0xb4,
    0x1, 0xa9, 0x41, 0x68, 0x2, 0x95, 0x5, 0xa0,
    0xf, 0x52, 0x82, 0xc8, 0xb, 0x2, 0xd0, 0x7,
    0xea, 0x60, 0x61, 0x14, 0x42, 0x80, 0x3f, 0xd3,
    0x10, 0x10,

    /* U+E076 "" */
    0x0, 0xfe, 0x59, 0xbd, 0xd6, 0x4b, 0x8, 0x7,
    0xff, 0x8, 0x67, 0xe9, 0x90, 0x88, 0x6d, 0x3d,
    0x24, 0x1, 0xff, 0x37, 0x30, 0x0, 0xda, 0x20,
    0xc6, 0x0, 0x6d, 0x50, 0xf, 0xe9, 0x90, 0x2,
    0x3b, 0x25, 0xdd, 0x39, 0xce, 0x0, 0xa9, 0x0,
    0xfa, 0x58, 0x13, 0x9c, 0x40, 0x3c, 0x31, 0xc6,
    0xd, 0x20, 0x1c, 0xcc, 0x5, 0xb1, 0x0, 0xff,
    0xe, 0x28, 0x33, 0x0, 0x21, 0x80, 0x3a, 0x0,
    0xff, 0xe1, 0x52, 0x4, 0x8, 0x2, 0x4, 0x34,
    0x3, 0xff, 0x89, 0x40, 0x30, 0x0, 0x60, 0x71,
    0x0, 0xff, 0xe2, 0xb, 0x83, 0x2, 0x80, 0x28,
    0x3, 0xff, 0x8d, 0x20, 0x5, 0xd0, 0x22, 0x0,
    0x7f, 0xf1, 0x84, 0x83, 0x4c, 0x1c, 0x3, 0xff,
    0x90, 0xe0, 0x6c, 0x4, 0x1, 0xff, 0xc8, 0x20,
    0x70, 0xf, 0xfe, 0x73, 0x1, 0x0, 0x7f, 0xf2,
    0x8, 0x1c, 0xc1, 0xc0, 0x3f, 0xf9, 0xe, 0x7,
    0xa0, 0x44, 0x0, 0xff, 0xe3, 0x11, 0x3, 0x54,
    0x42, 0x80, 0x3f, 0xf8, 0xd6, 0x0, 0x50, 0x70,
    0x72, 0x0, 0xff, 0xe2, 0x13, 0x3, 0x0, 0x20,
    0x1, 0xc0, 0x1f, 0xfc, 0x4e, 0x0, 0x40, 0x0,
    0x64, 0xe, 0x80, 0x3f, 0xf8, 0x54, 0x61, 0x22,
    0x1, 0x33, 0x1, 0x70, 0x40, 0x3f, 0xc3, 0x8a,
    0xe, 0xc0, 0x1d, 0x2a, 0x7, 0xd0, 0x20, 0x1e,
    0x18, 0xe3, 0x7, 0x80, 0xf, 0xaa, 0x40, 0xf,
    0xdb, 0x31, 0x9, 0xce, 0x70, 0x19, 0x80, 0xf,
    0xe6, 0xd6, 0x0, 0x13, 0x3b, 0x98, 0xc0, 0xd,
    0xec, 0x1, 0xff, 0x14, 0xf5, 0x32, 0x11, 0xd,
    0xab, 0xa4, 0x40, 0x3c,

    /* U+E077 "" */
    0x0, 0xfe, 0x59, 0xbd, 0xd6, 0x4b, 0x8, 0x7,
    0xff, 0x8, 0x67, 0xe9, 0x90, 0x88, 0x6d, 0x3d,
    0x24, 0x1, 0xff, 0x37, 0x30, 0x0, 0xda, 0x20,
    0xc6, 0x0, 0x6d, 0x50, 0xf, 0xe9, 0x90, 0x2,
    0x3b, 0x25, 0xdd, 0x39, 0xce, 0x0, 0xa9, 0x0,
    0xfa, 0x58, 0x13, 0x9c, 0x40, 0x3c, 0x31, 0xc6,
    0xd, 0x20, 0x1c, 0xcc, 0x5, 0xb1, 0x0, 0xff,
    0xe, 0x28, 0x33, 0x0, 0x21, 0x80, 0x3a, 0x0,
    0xff, 0xe1, 0x52, 0x4, 0x8, 0x2, 0x4, 0x34,
    0x3, 0xeb, 0xb0, 0x7, 0xd4, 0x3, 0x0, 0x6,
    0x7, 0x10, 0xf, 0x12, 0x20, 0x80, 0x3c, 0x2e,
    0xc, 0xa, 0x0, 0xa0, 0xf, 0xfe, 0x34, 0x80,
    0x17, 0x40, 0x88, 0x1, 0xff, 0xc6, 0x12, 0xd,
    0x30, 0x70, 0xf, 0xfe, 0x43, 0x81, 0xb0, 0x10,
    0x7, 0xff, 0x20, 0x81, 0xc0, 0x3f, 0xe2, 0x11,
    0x10, 0x7, 0xfc, 0xc0, 0x40, 0x1f, 0xdd, 0xc0,
    0xf, 0xe2, 0x7, 0x30, 0x70, 0xf, 0xfe, 0x43,
    0x81, 0xe8, 0x11, 0x0, 0x3f, 0x1a, 0x0, 0x7e,
    0x22, 0x6, 0xa8, 0x85, 0x0, 0x7c, 0x39, 0x62,
    0x1, 0xf5, 0x80, 0x14, 0x1c, 0x1c, 0x80, 0x3c,
    0x2a, 0xa1, 0x0, 0xf1, 0x30, 0x30, 0x2, 0x0,
    0x1c, 0x1, 0xf5, 0x50, 0x3, 0xee, 0x0, 0x40,
    0x0, 0x64, 0xe, 0x80, 0x3f, 0xf8, 0x54, 0x61,
    0x22, 0x1, 0x33, 0x1, 0x70, 0x40, 0x3f, 0xc3,
    0x8a, 0xe, 0xc0, 0x1d, 0x2a, 0x7, 0xd0, 0x20,
    0x1e, 0x18, 0xe3, 0x7, 0x80, 0xf, 0xaa, 0x40,
    0xf, 0xdb, 0x31, 0x9, 0xce, 0x70, 0x19, 0x80,
    0xf, 0xe6, 0xd6, 0x0, 0x13, 0x3b, 0x98, 0xc0,
    0xd, 0xec, 0x1, 0xff, 0x14, 0xf5, 0x32, 0x11,
    0xd, 0xab, 0xa4, 0x40, 0x3c,

    /* U+E07E "" */
    0x0, 0xfe, 0x59, 0xbd, 0xd6, 0x4b, 0x8, 0x7,
    0xff, 0x8, 0x67, 0xe9, 0x90, 0x88, 0x6d, 0x3d,
    0x24, 0x1, 0xff, 0x37, 0x30, 0x0, 0xda, 0x20,
    0xc6, 0x0, 0x6d, 0x50, 0xf, 0xe9, 0x90, 0x2,
    0x3b, 0x25, 0xdd, 0x39, 0xce, 0x0, 0xa9, 0x0,
    0xfa, 0x58, 0x13, 0x9c, 0x40, 0x3c, 0x31, 0xc6,
    0xd, 0x20, 0x1c, 0xcc, 0x5, 0xb1, 0x0, 0xff,
    0xe, 0x28, 0x33, 0x0, 0x21, 0x80, 0x3a, 0x0,
    0xff, 0xe1, 0x52, 0x4, 0x8, 0x2, 0x4, 0x34,
    0x3, 0xff, 0x89, 0x40, 0x30, 0x0, 0x60, 0x71,
    0x0, 0xff, 0xe2, 0xb, 0x83, 0x2, 0x80, 0x28,
    0x3, 0xff, 0x8d, 0x20, 0x5, 0xd0, 0x22, 0x0,
    0x7f, 0xf1, 0x84, 0x83, 0x4c, 0x1c, 0x3, 0x84,
    0x8b, 0xf8, 0x3, 0x9c, 0xd, 0x80, 0x80, 0x35,
    0x76, 0xef, 0xf4, 0x80, 0x62, 0x7, 0x0, 0xff,
    0xe3, 0x18, 0x7, 0xcc, 0x4, 0x1, 0xab, 0x77,
    0xfd, 0x40, 0x18, 0x81, 0xcc, 0x1c, 0x3, 0x88,
    0xbf, 0xc0, 0x1c, 0xe0, 0x7a, 0x4, 0x40, 0xf,
    0xfe, 0x31, 0x10, 0x35, 0x44, 0x28, 0x3, 0xff,
    0x8d, 0x60, 0x5, 0x7, 0x7, 0x20, 0xf, 0xfe,
    0x21, 0x30, 0x30, 0x2, 0x0, 0x1c, 0x1, 0xff,
    0xc4, 0xe0, 0x4, 0x0, 0x6, 0x40, 0xe8, 0x3,
    0xff, 0x85, 0x46, 0x12, 0x20, 0x13, 0x30, 0x17,
    0x4, 0x3, 0xfc, 0x38, 0xa0, 0xec, 0x1, 0xd2,
    0xa0, 0x7d, 0x2, 0x1, 0xe1, 0x8e, 0x30, 0x78,
    0x0, 0xfa, 0xa4, 0x0, 0xfd, 0xb3, 0x10, 0x9c,
    0xe7, 0x1, 0x98, 0x0, 0xfe, 0x6d, 0x60, 0x1,
    0x33, 0xb9, 0x8c, 0x0, 0xde, 0xc0, 0x1f, 0xf1,
    0x4f, 0x53, 0x21, 0x10, 0xda, 0xba, 0x44, 0x3,
    0xc0,

    /* U+E07F "" */
    0x0, 0xfe, 0x59, 0xbd, 0xd6, 0x4b, 0x8, 0x7,
    0xff, 0x8, 0x67, 0xe9, 0x90, 0x88, 0x6d, 0x3d,
    0x24, 0x1, 0xff, 0x37, 0x30, 0x0, 0xda, 0x20,
    0xc6, 0x0, 0x6d, 0x50, 0xf, 0xe9, 0x90, 0x1,
    0xfb, 0x25, 0xdd, 0x39, 0xce, 0x0, 0xa9, 0x0,
    0xfa, 0x58, 0xf, 0xa0, 0x40, 0x3c, 0x31, 0xc6,
    0xd, 0x20, 0x1c, 0xcc, 0x5, 0xc1, 0x0, 0xff,
    0xe, 0x20, 0x33, 0x0, 0x21, 0x80, 0x3a, 0x0,
    0xff, 0xe1, 0x59, 0x84, 0x8, 0x2, 0x4, 0x38,
    0x3, 0xff, 0x89, 0xc0, 0x30, 0x0, 0x60, 0x72,
    0x0, 0xc3, 0x2a, 0x0, 0x59, 0x10, 0xc, 0x4c,
    0xc, 0xa, 0x0, 0xa0, 0xe, 0x46, 0xb0, 0x5,
    0xb2, 0x0, 0x75, 0x0, 0x17, 0x40, 0x88, 0x1,
    0xff, 0xc6, 0x31, 0xd, 0x30, 0x70, 0xf, 0xfe,
    0x42, 0x81, 0xb0, 0x10, 0x7, 0xff, 0x20, 0x41,
    0xc0, 0x3f, 0xf9, 0xcc, 0x4, 0x1, 0xff, 0xc8,
    0x10, 0x73, 0x7, 0x0, 0xff, 0xe4, 0x20, 0x1e,
    0x81, 0x10, 0x3, 0xff, 0x8c, 0x60, 0xd, 0x51,
    0xa, 0x0, 0xe5, 0x6b, 0x0, 0x5b, 0x28, 0x7,
    0x48, 0x1, 0x41, 0xc1, 0xc4, 0x3, 0xa5, 0x40,
    0xb, 0x20, 0x1c, 0x4a, 0xc, 0x0, 0x80, 0x6,
    0x80, 0x7f, 0xf1, 0x3c, 0x1, 0x0, 0x1, 0x90,
    0x3a, 0x0, 0xff, 0xe1, 0x59, 0x4, 0x88, 0x4,
    0xcc, 0x5, 0xc1, 0x0, 0xff, 0x16, 0xa0, 0x3b,
    0x0, 0x74, 0xa8, 0x1f, 0x40, 0x80, 0x78, 0x67,
    0x48, 0x1e, 0x0, 0x3e, 0xa9, 0x0, 0x3f, 0x6c,
    0xc4, 0x27, 0x39, 0x80, 0x66, 0x0, 0x3f, 0x9b,
    0x58, 0x0, 0x4c, 0xee, 0x63, 0x0, 0x37, 0xb0,
    0x7, 0xfc, 0x53, 0xd4, 0xc8, 0x44, 0x36, 0xae,
    0x91, 0x0, 0xf0,

    /* U+E080 "" */
    0x0, 0xfe, 0x59, 0xbd, 0xd6, 0x4b, 0x8, 0x7,
    0xff, 0x8, 0x67, 0xe9, 0x90, 0x88, 0x6d, 0x3d,
    0x24, 0x1, 0xff, 0x37, 0x30, 0x0, 0xda, 0x20,
    0xe8, 0x0, 0x6d, 0x50, 0xf, 0xe9, 0x90, 0x1,
    0xf7, 0x25, 0xdd, 0x17, 0xf2, 0x41, 0x52, 0x1,
    0xf4, 0xb0, 0x1e, 0xc1, 0x0, 0x7c, 0xda, 0xc0,
    0xd2, 0x1, 0xcc, 0xc0, 0x4c, 0x20, 0xf, 0xfa,
    0x60, 0x19, 0x80, 0x10, 0xc0, 0x1d, 0x80, 0x7f,
    0xf0, 0x9d, 0xc1, 0x2, 0x0, 0x81, 0xe, 0x0,
    0xcb, 0x76, 0x30, 0xf, 0xd0, 0x43, 0x0, 0x6,
    0x6, 0x20, 0x8, 0xe9, 0x11, 0x94, 0x20, 0x1f,
    0x40, 0x30, 0x28, 0x2, 0xc0, 0x32, 0x80, 0x90,
    0x2f, 0x38, 0x7, 0x94, 0x41, 0x74, 0x8, 0x80,
    0x1e, 0x3d, 0x80, 0x4, 0x69, 0x80, 0x73, 0x86,
    0x98, 0x38, 0x7, 0xf3, 0xf2, 0x81, 0x63, 0x80,
    0x6f, 0x3, 0x60, 0x20, 0xf, 0xf0, 0xd6, 0x10,
    0x40, 0x6, 0x30, 0x70, 0xf, 0xfe, 0x1b, 0x80,
    0x7f, 0x98, 0x8, 0x3, 0xfc, 0x35, 0x64, 0x12,
    0x1, 0x8c, 0x1c, 0xc1, 0xc0, 0x3f, 0x9f, 0x94,
    0xb, 0x18, 0x3, 0x60, 0x1e, 0x81, 0x10, 0x3,
    0xc5, 0xb0, 0x0, 0x8d, 0x30, 0xe, 0x40, 0xd5,
    0x10, 0xa0, 0xc, 0x80, 0x2, 0x5, 0xe7, 0x0,
    0xf2, 0x88, 0x28, 0x38, 0x39, 0x0, 0x45, 0x46,
    0x97, 0x42, 0x1, 0xf4, 0x3, 0x0, 0x20, 0x1,
    0xc0, 0x19, 0x72, 0xd0, 0x3, 0xf4, 0x90, 0x40,
    0x0, 0x64, 0xe, 0xc0, 0x3f, 0xf8, 0x50, 0xc1,
    0x22, 0x1, 0x33, 0x1, 0x30, 0x80, 0x3f, 0xc3,
    0x4e, 0xe, 0xc0, 0x1d, 0x2a, 0x7, 0xb2, 0x40,
    0x1f, 0x3f, 0xa8, 0x3c, 0x0, 0x7d, 0x52, 0x0,
    0x6d, 0xd4, 0xc4, 0x27, 0x3e, 0x4, 0x53, 0x0,
    0x1f, 0xcd, 0xac, 0x0, 0x26, 0x77, 0x31, 0x80,
    0x1b, 0xd8, 0x3, 0xfe, 0x29, 0xea, 0x64, 0x22,
    0x1b, 0x57, 0x48, 0x80, 0x78,

    /* U+E081 "" */
    0x0, 0xfe, 0x59, 0xbd, 0xd6, 0x4b, 0x8, 0x7,
    0xff, 0x8, 0x67, 0xe9, 0x90, 0x88, 0x6d, 0x3d,
    0x24, 0x1, 0xff, 0x37, 0x30, 0x0, 0xda, 0x20,
    0xc6, 0x0, 0x6d, 0x50, 0xf, 0xe9, 0x90, 0x2,
    0x3b, 0x25, 0xdd, 0x39, 0xce, 0x0, 0xa9, 0x0,
    0xfa, 0x58, 0x13, 0x9c, 0x40, 0x3c, 0x31, 0xc6,
    0xd, 0x20, 0x1c, 0xcc, 0x5, 0xb1, 0x0, 0xff,
    0xe, 0x28, 0x33, 0x0, 0x21, 0x80, 0x3a, 0x0,
    0xff, 0xe1, 0x52, 0x4, 0x8, 0x2, 0x4, 0x34,
    0x3, 0xea, 0x90, 0xf, 0xa8, 0x6, 0x0, 0xc,
    0xe, 0x20, 0x1e, 0x25, 0x62, 0x0, 0xf0, 0xb8,
    0x30, 0x28, 0x2, 0x80, 0x3f, 0xf8, 0xd2, 0x0,
    0x5d, 0x2, 0x20, 0x7, 0xff, 0x18, 0x48, 0x34,
    0xc1, 0xc0, 0x38, 0x8a, 0x60, 0x3, 0x11, 0x40,
    0x1c, 0xe0, 0x6c, 0x4, 0x1, 0xab, 0x76, 0xb0,
    0x5, 0xee, 0xd2, 0x1, 0x88, 0x1c, 0x3, 0xff,
    0x8c, 0x60, 0x1f, 0x30, 0x10, 0x6, 0xad, 0xda,
    0xc0, 0x17, 0xbb, 0x50, 0x6, 0x20, 0x73, 0x7,
    0x0, 0xe2, 0x29, 0x80, 0xc, 0x45, 0x0, 0x73,
    0x81, 0xe8, 0x11, 0x0, 0x3f, 0xf8, 0xc4, 0x40,
    0xd5, 0x10, 0xa0, 0xf, 0xfe, 0x35, 0x80, 0x14,
    0x1c, 0x1c, 0x80, 0x3c, 0x4c, 0xc2, 0x0, 0xf1,
    0x30, 0x30, 0x2, 0x0, 0x1c, 0x1, 0xf4, 0xc8,
    0x3, 0xee, 0x0, 0x40, 0x0, 0x64, 0xe, 0x80,
    0x3f, 0xf8, 0x54, 0x61, 0x22, 0x1, 0x33, 0x1,
    0x70, 0x40, 0x3f, 0xc3, 0x8a, 0xe, 0xc0, 0x1d,
    0x2a, 0x7, 0xd0, 0x20, 0x1e, 0x18, 0xe3, 0x7,
    0x80, 0xf, 0xaa, 0x40, 0xf, 0xdb, 0x31, 0x9,
    0xce, 0x70, 0x19, 0x80, 0xf, 0xe6, 0xd6, 0x0,
    0x13, 0x3b, 0x98, 0xc0, 0xd, 0xec, 0x1, 0xff,
    0x14, 0xf5, 0x32, 0x11, 0xd, 0xab, 0xa4, 0x40,
    0x3c,

    /* U+E084 "" */
    0x0, 0xfe, 0x59, 0xbd, 0xd6, 0x4b, 0x8, 0x7,
    0xff, 0x8, 0x67, 0xe9, 0x90, 0x88, 0x6d, 0x3d,
    0x24, 0x1, 0xff, 0x37, 0x30, 0x1, 0x1e, 0x20,
    0xc4, 0x0, 0x6d, 0x50, 0xf, 0xe9, 0x90, 0xc,
    0x75, 0xc3, 0xba, 0x77, 0x4c, 0x0, 0xa9, 0x0,
    0xfa, 0x58, 0x13, 0xdc, 0x40, 0x3c, 0x53, 0xa4,
    0xd, 0x20, 0x1c, 0xcc, 0x5, 0xb1, 0x0, 0xff,
    0x16, 0x98, 0x33, 0x0, 0x21, 0x80, 0x4a, 0x0,
    0xff, 0xe1, 0x69, 0x4, 0x8, 0x2, 0x4, 0x28,
    0x3, 0xff, 0x86, 0x3c, 0x3, 0x0, 0x6, 0x7,
    0x10, 0x8, 0x54, 0x3, 0x85, 0x40, 0x31, 0xa8,
    0x30, 0x28, 0x2, 0x80, 0x35, 0x52, 0xc0, 0x22,
    0xfa, 0x70, 0xd, 0x20, 0x5, 0xd0, 0x22, 0x0,
    0x6d, 0x4, 0xc0, 0x2c, 0x10, 0x40, 0xc, 0x60,
    0xd, 0x30, 0x70, 0xe, 0x68, 0x3, 0xcc, 0x8,
    0x59, 0x80, 0x71, 0x81, 0xb0, 0x10, 0x7, 0x9e,
    0x0, 0xc4, 0x2d, 0x0, 0x3c, 0xc0, 0xe0, 0x1f,
    0xe5, 0x0, 0x89, 0x0, 0x3f, 0xcc, 0x4, 0x1,
    0xe2, 0xc0, 0x8, 0xac, 0x3, 0xe6, 0x7, 0x30,
    0x70, 0xe, 0x2c, 0x10, 0xb8, 0x4, 0xb0, 0xf,
    0x18, 0x1e, 0x81, 0x10, 0x3, 0x48, 0x85, 0xa3,
    0xc0, 0x23, 0x80, 0x64, 0x0, 0x6a, 0x88, 0x50,
    0x6, 0xd3, 0xc4, 0x0, 0x3c, 0x9a, 0x0, 0x6f,
    0x0, 0x28, 0x38, 0x38, 0x80, 0x4d, 0x86, 0x1,
    0x9b, 0xc, 0x2, 0x34, 0x6, 0x0, 0x40, 0x3,
    0x40, 0x3f, 0xf8, 0x9c, 0x0, 0x80, 0x0, 0xc8,
    0x1d, 0x0, 0x7f, 0xf0, 0xac, 0x82, 0x44, 0x2,
    0x66, 0x2, 0xe0, 0x80, 0x7f, 0x8b, 0x50, 0x1d,
    0x80, 0x3a, 0x54, 0xf, 0xa0, 0x40, 0x3c, 0x33,
    0xa4, 0xf, 0x0, 0x1f, 0x54, 0x80, 0x1f, 0xb6,
    0x62, 0x13, 0x9c, 0xc0, 0x33, 0x0, 0x1f, 0xcd,
    0xac, 0x0, 0x26, 0x77, 0x31, 0x80, 0x1b, 0xd8,
    0x3, 0xfe, 0x29, 0xea, 0x64, 0x22, 0x1b, 0x57,
    0x48, 0x80, 0x78,

    /* U+E085 "" */
    0x0, 0xf5, 0x7f, 0xfd, 0xd4, 0x1, 0xff, 0x42,
    0x80, 0x7c, 0x2b, 0x0, 0x1f, 0x1c, 0x4b, 0x2,
    0x55, 0x79, 0x1, 0xa6, 0xc, 0x2, 0x7c, 0x76,
    0x10, 0x35, 0x5f, 0x18, 0xb, 0x3e, 0x30, 0x14,
    0x0, 0x8, 0x0, 0x24, 0x5e, 0x10, 0x1, 0x0,
    0x24, 0x50, 0x1, 0xda, 0xa0, 0xdb, 0xbe, 0x60,
    0x5d, 0xd0, 0x1, 0xc0, 0x2, 0x20, 0xb2, 0x0,
    0xfc, 0x56, 0x4, 0x20, 0x1f, 0xe, 0xf6, 0xef,
    0xbb, 0x44, 0x3, 0xff, 0x80, 0x24, 0x5e, 0x10,
    0xf, 0xff, 0xf8, 0x7, 0xff, 0xfc, 0x3, 0xff,
    0xfe, 0x1, 0xff, 0xff, 0x0, 0xff, 0xe1, 0xa8,
    0xc, 0xb3, 0x7f, 0xf0, 0xa4, 0x41, 0x4d, 0x1,
    0xa6, 0x7f, 0xf8, 0x4c, 0x8, 0x61, 0x6c, 0x20,
    0x1f, 0xfc, 0x21, 0x6b, 0x0,

    /* U+E086 "" */
    0x0, 0xe1, 0xbf, 0xff, 0xba, 0x40, 0x3f, 0xeb,
    0x40, 0xf, 0x85, 0x9c, 0x3, 0xe3, 0x89, 0x50,
    0x5a, 0xaf, 0x20, 0x4c, 0xa0, 0xc0, 0x27, 0xc7,
    0x60, 0x6, 0x2a, 0xf8, 0xc0, 0x59, 0xf1, 0x80,
    0xa0, 0x0, 0x40, 0xe, 0x22, 0xf0, 0x80, 0x8,
    0x1, 0x22, 0x80, 0xe, 0xd3, 0x7, 0xdd, 0xf3,
    0x2, 0xee, 0x80, 0xe, 0x0, 0x11, 0x7, 0x8,
    0x7, 0xe2, 0xb0, 0x21, 0x0, 0xf8, 0xbb, 0x9b,
    0xbe, 0xed, 0x10, 0xf, 0xfe, 0x0, 0x91, 0x78,
    0x40, 0x3f, 0xfa, 0xc2, 0x80, 0x11, 0x2a, 0xf0,
    0x7, 0xfd, 0x56, 0xc0, 0x5b, 0x55, 0xe0, 0xf,
    0xf6, 0xa, 0x81, 0x90, 0x7, 0x68, 0x7, 0xf9,
    0xf8, 0xc0, 0x77, 0xff, 0x9c, 0x3, 0xff, 0xd4,
    0x4c, 0x1, 0x1b, 0x37, 0x8, 0x7, 0xfb, 0xe5,
    0x40, 0xb2, 0x67, 0xac, 0x3, 0xfd, 0x66, 0x80,
    0x46, 0x23, 0xd8, 0x1, 0xfe, 0x6c, 0x10, 0x6,
    0x77, 0x73, 0x0, 0x7f, 0xfe, 0xd4, 0x6, 0x59,
    0xbf, 0xf8, 0x52, 0x20, 0xa6, 0x80, 0xd3, 0x3f,
    0xfc, 0x26, 0x4, 0x30, 0xb6, 0x10, 0xf, 0xfe,
    0x10, 0xb5, 0x80,

    /* U+E087 "" */
    0x0, 0xfe, 0x59, 0xbd, 0xd6, 0x4b, 0x8, 0x7,
    0xff, 0x8, 0x67, 0xe9, 0x90, 0x88, 0x6d, 0x3d,
    0x24, 0x1, 0xff, 0x37, 0x30, 0x0, 0xda, 0x20,
    0xc6, 0x0, 0x6d, 0x50, 0xf, 0xe9, 0x90, 0x2,
    0x3b, 0x25, 0xdd, 0x39, 0xce, 0x0, 0xa9, 0x0,
    0xfa, 0x58, 0x13, 0x9c, 0x40, 0x3c, 0x31, 0xc6,
    0xd, 0x20, 0x1c, 0xcc, 0x5, 0xb1, 0x0, 0xdd,
    0xc0, 0xc, 0x38, 0xa0, 0xcc, 0x0, 0x86, 0x0,
    0xe8, 0x3, 0x88, 0x44, 0x40, 0x1d, 0x48, 0x10,
    0x20, 0x8, 0x10, 0xd0, 0xf, 0xfe, 0x25, 0x0,
    0xc0, 0x1, 0x81, 0xc4, 0x3, 0xff, 0x88, 0x2e,
    0xc, 0xa, 0x0, 0xa0, 0xf, 0xfe, 0x34, 0x80,
    0x17, 0x40, 0x88, 0x1, 0xff, 0xc6, 0x12, 0xd,
    0x30, 0x70, 0xf, 0xfe, 0x43, 0x81, 0xb0, 0x10,
    0x7, 0xfd, 0x62, 0x1, 0xf1, 0x3, 0x80, 0x7f,
    0xc6, 0x20, 0xdd, 0x2, 0x1, 0xf9, 0x80, 0x80,
    0x3f, 0xf, 0xb0, 0x1, 0xf9, 0x80, 0x31, 0x3,
    0x98, 0x38, 0x7, 0xf0, 0xcf, 0x30, 0x3, 0x40,
    0x33, 0x81, 0xe8, 0x11, 0x0, 0x3f, 0xc3, 0x3d,
    0x12, 0x1, 0x11, 0x3, 0x54, 0x42, 0x80, 0x3f,
    0xf8, 0x2, 0xe4, 0x1, 0x58, 0x1, 0x41, 0xc1,
    0xc8, 0x3, 0xff, 0x88, 0x4c, 0xc, 0x0, 0x80,
    0x7, 0x0, 0x7f, 0xf1, 0x38, 0x1, 0x0, 0x1,
    0x90, 0x3a, 0x0, 0xff, 0xe1, 0x51, 0x84, 0x88,
    0x4, 0xcc, 0x5, 0xc1, 0x0, 0xff, 0xe, 0x28,
    0x3b, 0x0, 0x74, 0xa8, 0x1f, 0x40, 0x80, 0x78,
    0x63, 0x8c, 0x1e, 0x0, 0x3e, 0xa9, 0x0, 0x3f,
    0x6c, 0xc4, 0x27, 0x39, 0xc0, 0x66, 0x0, 0x3f,
    0x9b, 0x58, 0x0, 0x4c, 0xee, 0x63, 0x0, 0x37,
    0xb0, 0x7, 0xfc, 0x53, 0xd4, 0xc8, 0x44, 0x36,
    0xae, 0x91, 0x0, 0xf0,

    /* U+E088 "" */
    0x0, 0xf8, 0x4d, 0xc, 0x40, 0x3f, 0xf9, 0xb,
    0x9d, 0x97, 0x9d, 0x8c, 0x1, 0xff, 0xc4, 0x2c,
    0xa3, 0x0, 0xe3, 0x9d, 0x20, 0xf, 0xfe, 0x9,
    0xe9, 0x82, 0x57, 0x7f, 0x52, 0x1, 0x69, 0x0,
    0x7f, 0xc3, 0xa0, 0xa, 0xb5, 0x10, 0x15, 0xbb,
    0x0, 0x30, 0x40, 0x3f, 0xd0, 0x21, 0x8a, 0x1,
    0xf2, 0x60, 0xc, 0x0, 0x7f, 0x13, 0x4, 0x18,
    0x7, 0xf1, 0xc0, 0x34, 0x3b, 0x8, 0x7, 0x20,
    0x1, 0x80, 0x3f, 0xe7, 0x10, 0x78, 0x9e, 0xa1,
    0x0, 0xb0, 0x10, 0x40, 0x3f, 0xf8, 0x10, 0x44,
    0x10, 0x2, 0xf8, 0x80, 0x18, 0x8, 0x3, 0xff,
    0x82, 0xdb, 0xae, 0xf8, 0x1, 0xd0, 0xf, 0xfe,
    0x5b, 0xd0, 0x1a, 0x3, 0x1, 0x0, 0x7f, 0xf1,
    0xd4, 0x83, 0x43, 0x1, 0x0, 0x3f, 0xf9, 0x8,
    0xa, 0xe, 0x0, 0x80, 0xf, 0xfe, 0x58, 0xa8,
    0x3a, 0x0, 0x7f, 0xf1, 0x90, 0x14, 0x1, 0x62,
    0x16, 0xa0, 0x1f, 0xfc, 0x48, 0x20, 0xa0, 0x0,
    0xe8, 0x85, 0x5a, 0x88, 0x7, 0xfc, 0x52, 0xe0,
    0xa6, 0x1, 0x1e, 0x10, 0x25, 0x77, 0xff, 0xfd,
    0xac, 0x7, 0x40, 0x1c, 0x5b, 0x26, 0x1, 0xff,
    0xc2, 0x17, 0xc0, 0xf, 0xcd, 0x9d, 0x75, 0x5f,
    0xf6, 0x74, 0x0, 0x60,

    /* U+E08A "" */
    0x0, 0xf8, 0xd9, 0xd9, 0x0, 0x3f, 0xf8, 0xc3,
    0x1f, 0x93, 0x13, 0x7f, 0x22, 0x1, 0xff, 0xc2,
    0x4f, 0x70, 0x0, 0x90, 0x80, 0x1b, 0x94, 0x3,
    0xff, 0x80, 0xb6, 0x20, 0xfb, 0xdb, 0xdc, 0x80,
    0x5, 0x38, 0x7, 0xf8, 0xe8, 0xb, 0x60, 0x80,
    0x21, 0x7e, 0x30, 0x84, 0x0, 0xfe, 0xf0, 0x1c,
    0x20, 0xf, 0x87, 0x48, 0x24, 0x3, 0xf1, 0x98,
    0x2c, 0x40, 0x3f, 0x86, 0x40, 0xbf, 0xdb, 0x24,
    0x1, 0x58, 0xa, 0x80, 0x7f, 0xc8, 0x60, 0x11,
    0x36, 0xb0, 0x0, 0xc1, 0x0, 0x3f, 0xf8, 0x3b,
    0x53, 0x27, 0x10, 0x96, 0x7, 0x2, 0x0, 0xff,
    0xe0, 0x8a, 0xb3, 0x23, 0xcc, 0x24, 0x5c, 0x4,
    0x3, 0xff, 0x8c, 0x3a, 0x0, 0x62, 0x5, 0x0,
    0xff, 0xe3, 0x8a, 0x86, 0x60, 0xc, 0x80, 0x3f,
    0xf8, 0xe4, 0xc, 0xa2, 0x10, 0x1, 0x36, 0x10,
    0x7, 0x8b, 0x18, 0x3, 0x18, 0x30, 0x40, 0x2b,
    0x0, 0x2c, 0xd4, 0x3, 0xca, 0x76, 0x1, 0xa,
    0x6, 0x3, 0x20, 0x50, 0x0, 0x40, 0x32, 0x20,
    0x3, 0x8, 0x0, 0x70, 0x0, 0xc0, 0xb, 0x8e,
    0x0, 0x43, 0x30, 0x6, 0xec, 0x20, 0xcf, 0xe0,
    0xa, 0x20, 0xa1, 0x0, 0x9c, 0x80, 0x9, 0x22,
    0x6, 0x0, 0x30, 0x18, 0x30, 0x6, 0xd, 0x28,
    0x7, 0xff, 0x0, 0x8c, 0xc4, 0x1, 0xe7, 0xe5,
    0x0, 0xfe, 0x7d, 0x30, 0x6, 0x60, 0x0, 0x7c,
    0xe0, 0x1f, 0xfc, 0x2a, 0x24, 0x0, 0xf2, 0xd,
    0x0, 0x7f, 0xf0, 0x84, 0x4, 0x0, 0xec, 0x0,
    0x10, 0x10, 0xf, 0xfe, 0x17, 0x43, 0x1, 0x44,
    0x88, 0x34, 0xf0, 0x7, 0xff, 0x8, 0x9c, 0x3,
    0x8c, 0x0, 0xc4, 0x1, 0xff, 0xc6, 0x25, 0x51,
    0x0, 0x7f, 0xc0,

    /* U+E08C "" */
    0x0, 0xf9, 0x1e, 0x1d, 0x0, 0x3f, 0xf8, 0xe3,
    0x3f, 0x70, 0xf1, 0x7f, 0x22, 0x1, 0xff, 0xc3,
    0x5e, 0x60, 0x0, 0x90, 0x80, 0x1b, 0x98, 0x3,
    0xff, 0x82, 0xb4, 0x0, 0x7d, 0xed, 0xee, 0x38,
    0x2, 0x5c, 0x3, 0xfe, 0x2a, 0x2, 0xd8, 0x20,
    0x8, 0x63, 0x88, 0x20, 0xc0, 0x3f, 0xdc, 0x3,
    0x84, 0x1, 0xf0, 0xe0, 0x87, 0x0, 0x7f, 0x19,
    0x82, 0xc4, 0x3, 0xf8, 0x68, 0xb, 0xb6, 0xdc,
    0x40, 0x35, 0x80, 0xa8, 0x7, 0xfc, 0x84, 0x2,
    0x49, 0x1e, 0xa0, 0x11, 0x82, 0x0, 0x7f, 0xf0,
    0x7e, 0x20, 0xea, 0x3, 0x4a, 0x0, 0x70, 0x20,
    0xf, 0xfe, 0x9, 0x3b, 0xa2, 0xb4, 0x82, 0xc4,
    0x2, 0x10, 0xf, 0xf8, 0x40, 0x3c, 0x5e, 0x2,
    0xc0, 0xc0, 0xa0, 0x1f, 0xed, 0xe2, 0x0, 0xf1,
    0x28, 0x60, 0x78, 0x19, 0x0, 0x7e, 0x72, 0x0,
    0xfe, 0x20, 0x60, 0x51, 0x9, 0x0, 0xf8, 0xa0,
    0x18, 0x80, 0x3e, 0x20, 0x60, 0x4, 0x82, 0x40,
    0x7, 0xa4, 0x1, 0x0, 0x1f, 0xa, 0x81, 0x80,
    0x1d, 0x1, 0xec, 0x40, 0x24, 0x40, 0x48, 0x80,
    0x7d, 0x40, 0x9, 0x0, 0xac, 0xc1, 0x3c, 0x2,
    0x90, 0x1, 0xaa, 0x0, 0x47, 0x1c, 0x81, 0x22,
    0x1, 0xb1, 0xc0, 0x33, 0x10, 0x2, 0xa9, 0x6a,
    0x3, 0x8e, 0x21, 0xc, 0x1, 0xe8, 0xef, 0x0,
    0x28, 0x80, 0x73, 0x0, 0x98, 0xb6, 0xb8, 0x7,
    0xe1, 0x10, 0x0, 0xfb, 0xf8, 0x0, 0xa6, 0x0,
    0xce, 0x92, 0x0, 0xff, 0xe2, 0x58, 0x2, 0xc0,
    0x3f, 0xf9, 0x46, 0xa1, 0x2, 0x1, 0xff, 0xca,
    0xf0, 0x27, 0x0, 0xff, 0xe5, 0x21, 0x84, 0x80,
    0x7f, 0xf2, 0xd5, 0x1d, 0x0, 0x3f, 0xf8, 0x20,

    /* U+E08E "" */
    0x0, 0xf8, 0xd9, 0xd9, 0x0, 0x3f, 0xf8, 0xc3,
    0x1f, 0x93, 0x13, 0x7f, 0x44, 0x1, 0xff, 0xc2,
    0x4f, 0x70, 0x0, 0x90, 0x80, 0x17, 0x58, 0x3,
    0xff, 0x80, 0xb6, 0x20, 0xfb, 0xdb, 0xdc, 0x81,
    0x9, 0x80, 0xf, 0xf1, 0xd0, 0xe, 0x41, 0x0,
    0x42, 0xfe, 0x60, 0xea, 0x1, 0xfd, 0xe0, 0x3e,
    0x60, 0x1f, 0xe, 0x10, 0x58, 0x7, 0xe3, 0x30,
    0x58, 0x80, 0x7f, 0xb8, 0x7, 0xfd, 0xb2, 0x40,
    0x15, 0x80, 0xa8, 0x7, 0xfc, 0x68, 0x1, 0x13,
    0x6b, 0x80, 0xc, 0x10, 0x3, 0xff, 0x83, 0x54,
    0x99, 0x38, 0x84, 0x38, 0x38, 0x10, 0x7, 0xff,
    0x4, 0x55, 0x99, 0x1c, 0x81, 0x4, 0xe0, 0x20,
    0x1f, 0xfc, 0x7b, 0x10, 0xa2, 0x5, 0x0, 0xff,
    0xe4, 0x38, 0x26, 0x1, 0x88, 0x7, 0xff, 0x1f,
    0x80, 0x94, 0x42, 0xc0, 0x26, 0xb1, 0x0, 0xf0,
    0xdb, 0x0, 0x6d, 0x2, 0x9, 0x5, 0x60, 0x4,
    0x23, 0x80, 0x79, 0xd2, 0x0, 0x21, 0x50, 0x40,
    0x74, 0xa, 0x0, 0xf9, 0x10, 0x1, 0xf0, 0xe8,
    0x2, 0x80, 0x14, 0xfe, 0x1, 0xe1, 0xbb, 0x8,
    0x7, 0xac, 0xc2, 0x48, 0x0, 0x30, 0x60, 0x1e,
    0x30, 0x1, 0x80, 0x7b, 0x6, 0x58, 0x3, 0xff,
    0x94, 0xdc, 0xc0, 0x1f, 0xff, 0x13, 0x3, 0x0,
    0xf1, 0x81, 0x80, 0x7f, 0xf0, 0xbe, 0x54, 0x3,
    0xcb, 0x3e, 0x1, 0xff, 0xc2, 0x26, 0x0, 0xfc,
    0xc4, 0x1, 0xff, 0xc6, 0x25, 0x51, 0x0, 0x7f,
    0xc0,

    /* U+E090 "" */
    0x0, 0xf8, 0xd9, 0xd9, 0x0, 0x3f, 0xf8, 0xc3,
    0x1f, 0x93, 0x13, 0x7f, 0x22, 0x1, 0xff, 0xc2,
    0x4f, 0x70, 0x0, 0x90, 0x80, 0x1b, 0x94, 0x3,
    0xff, 0x80, 0x96, 0x20, 0xfb, 0xdb, 0xdc, 0x80,
    0x5, 0x38, 0x7, 0xf8, 0xac, 0xb, 0x60, 0x80,
    0x21, 0x7e, 0x30, 0x84, 0x0, 0xfe, 0xe0, 0x1c,
    0x20, 0xf, 0x87, 0x48, 0x24, 0x3, 0xf1, 0x98,
    0x20, 0x40, 0x3f, 0x86, 0x40, 0xbf, 0xdb, 0x24,
    0x1, 0x58, 0xb, 0x0, 0x7f, 0xc8, 0x60, 0x11,
    0x36, 0xb0, 0x0, 0xc1, 0x0, 0x3f, 0xf8, 0x3b,
    0x53, 0x27, 0x10, 0x96, 0x7, 0x2, 0x0, 0xff,
    0xe0, 0x8a, 0xb3, 0x23, 0xcc, 0x24, 0x40, 0x3f,
    0xf9, 0x23, 0xa0, 0x6, 0x60, 0x18, 0x7, 0xff,
    0x1c, 0x54, 0x33, 0x0, 0x82, 0x1, 0xff, 0xc7,
    0x20, 0x67, 0x0, 0x48, 0x7, 0xff, 0x1c, 0xc1,
    0x85, 0x81, 0xd0, 0x0, 0x2a, 0x1, 0xf9, 0x48,
    0x2, 0x14, 0xc, 0x9, 0x20, 0x80, 0x5, 0x51,
    0x80, 0x3c, 0xd5, 0xc0, 0x1, 0xc0, 0x3, 0x0,
    0x3d, 0x24, 0x1, 0xa6, 0x80, 0x1e, 0x43, 0xa0,
    0x5, 0x10, 0x50, 0x80, 0xa, 0xd4, 0x0, 0xd8,
    0x40, 0xd, 0xe0, 0x1, 0x63, 0x0, 0x30, 0x69,
    0x40, 0x3f, 0xf8, 0x2, 0x40, 0x1f, 0x9f, 0x94,
    0x3, 0xfa, 0x38, 0xc0, 0x7b, 0xc0, 0x7, 0xd0,
    0x1, 0xff, 0xc2, 0x31, 0x50, 0x0, 0x88, 0x0,
    0xa2, 0x60, 0x1f, 0xfc, 0x2b, 0xb3, 0x0, 0x11,
    0x0, 0x6, 0xca, 0x0, 0xff, 0xe1, 0xa0, 0x0,
    0x6e, 0xc2, 0x0, 0x31, 0x0, 0xff, 0xe3, 0xa,
    0xa0, 0x80, 0x7f, 0xc0,

    /* U+E093 "" */
    0x0, 0xfc, 0x20, 0x1f, 0x84, 0x3, 0xff, 0x87,
    0x9c, 0x80, 0x1e, 0x4e, 0xb0, 0xf, 0xfe, 0xe,
    0x18, 0x7, 0xf9, 0x30, 0x3, 0xfe, 0xc3, 0x8,
    0x40, 0xf, 0x24, 0x1, 0xe0, 0x7, 0xf6, 0x18,
    0x43, 0x80, 0x7e, 0x78, 0x3, 0xc0, 0xf, 0xb0,
    0xc2, 0x1c, 0x3, 0xfc, 0xf0, 0x7, 0x80, 0x1d,
    0x86, 0x10, 0xe0, 0x1f, 0xfc, 0x7, 0x80, 0x3c,
    0x0, 0xb0, 0xc2, 0x1c, 0x3, 0xff, 0x84, 0xf0,
    0x7, 0x81, 0x46, 0x10, 0xe0, 0x1f, 0xfc, 0x47,
    0x80, 0x3a, 0x0, 0xff, 0xe7, 0x51, 0x84, 0x38,
    0x7, 0xff, 0x11, 0xe0, 0xe, 0x83, 0xc, 0x21,
    0xc0, 0x3f, 0xf8, 0x4f, 0x0, 0x78, 0x1, 0x61,
    0x84, 0x38, 0x7, 0xff, 0x1, 0xe0, 0xf, 0x0,
    0x3b, 0xc, 0x21, 0xc0, 0x3f, 0xcf, 0x0, 0x78,
    0x1, 0xf6, 0x18, 0x43, 0x80, 0x7e, 0x78, 0x3,
    0xc0, 0xf, 0xec, 0x30, 0x84, 0x0, 0xf2, 0x40,
    0x26, 0x0, 0x7f, 0xd8, 0x80, 0x1f, 0xe4, 0xb0,
    0xf, 0xfe, 0xd, 0xf2, 0x0, 0x79, 0x3a, 0xc0,
    0x3e,

    /* U+E096 "" */
    0x0, 0xff, 0xe8, 0x16, 0xc8, 0x2, 0x78, 0x80,
    0x15, 0xa2, 0x1, 0xff, 0xc0, 0x72, 0x70, 0x3,
    0x8a, 0x0, 0x14, 0x94, 0x3, 0xff, 0x92, 0x20,
    0x1f, 0xfc, 0xa3, 0x1, 0x0, 0x38, 0x7, 0xff,
    0x1, 0x5a, 0xc0, 0x16, 0xca, 0x0, 0x97, 0x30,
    0xf, 0xfe, 0xc, 0xa8, 0x1, 0x64, 0x2, 0x68,
    0x0, 0xff, 0xeb, 0x8d, 0xff, 0xff, 0xf1, 0x7a,
    0xd0, 0x2, 0xa4, 0x0, 0xff, 0xe2, 0x8a, 0x5c,
    0x80, 0x18, 0x1a, 0xab, 0xff, 0x82, 0xa0, 0x8,
    0x20, 0x67, 0x0, 0xbd, 0x57, 0xff, 0x83, 0x80,
    0x2f, 0xaa, 0x10, 0x20, 0x1f, 0xfc, 0x9b, 0x0,
    0x20, 0x7, 0xff, 0x24, 0x4c, 0x34, 0x3, 0xff,
    0x94, 0x21, 0xe0, 0x1f, 0xfc, 0x93, 0x20, 0x30,
    0xf, 0xfe, 0x41, 0x70, 0x12, 0x0, 0x7f, 0xf1,
    0x87, 0x34, 0x83, 0x80, 0x3f, 0xf9, 0x6, 0x3,
    0x66, 0x1, 0x8, 0x7, 0xff, 0x4, 0x40, 0xd,
    0x5c, 0x80, 0x1b, 0x80, 0x3f, 0xf8, 0x3e, 0x5,
    0x2a, 0x1, 0x94, 0x18, 0x80, 0x3f, 0xe1, 0x60,
    0x50, 0xf, 0x48, 0x3, 0xcc, 0x3, 0xf8, 0xf0,
    0x42, 0x80, 0x3c, 0x34, 0x5, 0x9d, 0xcd, 0xde,
    0xef, 0xc2, 0xa, 0x20, 0xf, 0x97, 0x8, 0x4,
    0x44, 0x5c, 0x20, 0x2, 0xb5, 0x0, 0xfe, 0x3d,
    0xc9, 0x9f, 0xec, 0xd4, 0x0, 0xfc,

    /* U+E097 "" */
    0x0, 0xff, 0xe1, 0x14, 0x5e, 0xe5, 0x28, 0x7,
    0xff, 0x14, 0x6b, 0x5d, 0x8, 0xd6, 0xb4, 0xc0,
    0x3f, 0xf8, 0x43, 0x8a, 0x0, 0x57, 0x71, 0x81,
    0x63, 0x0, 0x7f, 0xf0, 0x70, 0x81, 0xfe, 0xa2,
    0x19, 0x82, 0x9, 0x30, 0xf, 0xf9, 0xc8, 0x26,
    0x0, 0x48, 0x0, 0x78, 0x41, 0xc0, 0x1f, 0xf5,
    0x2, 0x30, 0x2f, 0x6d, 0x80, 0x7, 0x80, 0x90,
    0x3, 0xf8, 0x88, 0x1e, 0x0, 0x30, 0x2, 0x80,
    0x46, 0x41, 0xa0, 0x1f, 0xce, 0x0, 0x40, 0x3,
    0x40, 0x8, 0x6, 0x40, 0x50, 0xf, 0xe3, 0x0,
    0xf0, 0x80, 0x78, 0x40, 0x40, 0x3c, 0x20, 0x3,
    0x0, 0x8, 0x7, 0xf8, 0x81, 0x80, 0x34, 0x77,
    0x14, 0x10, 0x0, 0xe0, 0x1c, 0x20, 0x19, 0x0,
    0xc0, 0x3, 0xae, 0x20, 0x10, 0x98, 0x58, 0x4,
    0xe9, 0x20, 0x13, 0x88, 0x50, 0xe, 0x10, 0x2e,
    0xa8, 0x3, 0xc0, 0xac, 0x0, 0x36, 0xe0, 0x5,
    0x80, 0x52, 0xb, 0x20, 0xaa, 0x10, 0x4, 0x70,
    0x9, 0xaa, 0x1, 0x14, 0xd0, 0x15, 0x81, 0x28,
    0x42, 0x82, 0x30, 0x4, 0xee, 0x2, 0xaf, 0xde,
    0xd6, 0x3, 0xf1, 0x5, 0x1, 0x70, 0x9b, 0x97,
    0x0, 0xa2, 0xc8, 0x0, 0x42, 0x2, 0xf8, 0x40,
    0xc, 0x4, 0x0, 0x38, 0x2, 0x4, 0x2, 0x4d,
    0xc9, 0x89, 0xbe, 0x80, 0xc, 0xe0, 0x40, 0xc,
    0xa0, 0x5, 0x80, 0x71, 0xb3, 0xb2, 0x0, 0x7e,
    0x10, 0x1, 0x2c, 0x2, 0x98, 0x4, 0x88, 0x0,
    0xff, 0x28, 0x20, 0x6, 0x72, 0x9, 0x0, 0x15,
    0xd8, 0x40, 0x3f, 0xb4, 0x9, 0x0, 0x37, 0x1f,
    0x80, 0x2c, 0x4, 0x40, 0x1f, 0xc8, 0x41, 0x42,
    0x1, 0x1e, 0x28, 0x2b, 0x4, 0x80, 0x7f, 0xdc,
    0x3, 0xe8, 0x1, 0xcf, 0x40, 0x4e, 0x1, 0xff,
    0x1d, 0x0, 0xde, 0xcc, 0x57, 0x40, 0x16, 0x0,
    0x7f, 0xf0, 0x57, 0x8, 0x9, 0x9d, 0x44, 0x17,
    0x4, 0x3, 0xff, 0x84, 0x7b, 0x6c, 0x86, 0x8f,
    0xb4, 0x20, 0x1f, 0xfc, 0x0,

    /* U+E09B "" */
    0x0, 0xfe, 0x59, 0xbd, 0xd6, 0x4b, 0x8, 0x7,
    0xff, 0x8, 0x67, 0xe9, 0x90, 0x88, 0x6d, 0x3d,
    0x24, 0x1, 0xff, 0x37, 0x30, 0x0, 0xda, 0x20,
    0xc6, 0x0, 0x6d, 0x50, 0xf, 0xe9, 0x90, 0x2,
    0x3b, 0x25, 0xdd, 0x39, 0xce, 0x0, 0xa9, 0x0,
    0xfa, 0x58, 0x13, 0x9c, 0x40, 0x3c, 0x31, 0xc6,
    0xd, 0x20, 0x1c, 0xcc, 0x5, 0xb1, 0x0, 0xff,
    0xe, 0x28, 0x33, 0x0, 0x21, 0x80, 0x3a, 0x0,
    0xff, 0xe1, 0x52, 0x4, 0x8, 0x2, 0x4, 0x34,
    0x3, 0xfc, 0xb7, 0xfa, 0x0, 0xa0, 0x18, 0x0,
    0x30, 0x38, 0x80, 0x7c, 0xb7, 0xf4, 0x80, 0x40,
    0x1, 0x70, 0x60, 0x50, 0x5, 0x0, 0x7a, 0x3e,
    0x90, 0x3, 0x20, 0x5, 0x20, 0x5, 0xd0, 0x22,
    0x0, 0x74, 0x38, 0x0, 0xe7, 0x0, 0x1c, 0x1,
    0x9, 0x6, 0x98, 0x38, 0x7, 0x9c, 0x17, 0xb1,
    0x94, 0x0, 0x80, 0x19, 0xc0, 0xd8, 0x8, 0x3,
    0x94, 0x1, 0x62, 0x0, 0xa0, 0x41, 0x0, 0xc4,
    0xe, 0x1, 0xfb, 0x80, 0xc4, 0x0, 0x26, 0x1c,
    0x1, 0xf9, 0x80, 0x80, 0x30, 0xa0, 0x50, 0x0,
    0x6c, 0x0, 0xa0, 0x1c, 0x40, 0xe6, 0xe, 0x1,
    0x9c, 0x0, 0xaf, 0x9c, 0xa0, 0xe0, 0x1e, 0x70,
    0x3d, 0x2, 0x20, 0x5, 0xa0, 0xc, 0x83, 0x0,
    0x3c, 0x0, 0x71, 0x10, 0x35, 0x44, 0x28, 0x2,
    0x40, 0xc, 0x95, 0xf0, 0x1, 0xeb, 0x0, 0x28,
    0x38, 0x39, 0x0, 0x4, 0x12, 0x7a, 0xd4, 0x3,
    0xe2, 0x60, 0x60, 0x4, 0x0, 0x38, 0x1, 0xdf,
    0x6c, 0x20, 0x1f, 0xdc, 0x0, 0x80, 0x0, 0xc8,
    0x1d, 0x0, 0x7f, 0xf0, 0xa8, 0xc2, 0x44, 0x2,
    0x66, 0x2, 0xe0, 0x80, 0x7f, 0x87, 0x14, 0x1d,
    0x80, 0x3a, 0x54, 0xf, 0xa0, 0x40, 0x3c, 0x31,
    0xc6, 0xf, 0x0, 0x1f, 0x54, 0x80, 0x1f, 0xb6,
    0x62, 0x13, 0x9c, 0xe0, 0x33, 0x0, 0x1f, 0xcd,
    0xac, 0x0, 0x26, 0x77, 0x31, 0x80, 0x1b, 0xd8,
    0x3, 0xfe, 0x29, 0xea, 0x64, 0x22, 0x1b, 0x57,
    0x48, 0x80, 0x78,

    /* U+E09C "" */
    0x0, 0xf1, 0x51, 0x80, 0x7d, 0x2e, 0x1, 0xff,
    0xc0, 0xb5, 0x80, 0xf, 0x23, 0x40, 0x7, 0xe1,
    0x56, 0x62, 0x83, 0x37, 0xda, 0x0, 0x76, 0x61,
    0x80, 0x49, 0xd5, 0x32, 0x30, 0x29, 0x9f, 0x30,
    0x2, 0x26, 0x59, 0x60, 0x36, 0x1, 0x84, 0x7f,
    0xf8, 0x20, 0x12, 0x42, 0x0, 0x37, 0xfd, 0xdd,
    0xff, 0xc1, 0xff, 0x28, 0x29, 0x80, 0x90, 0x7,
    0xff, 0x17, 0x0, 0xc0, 0x3f, 0xcf, 0x79, 0x24,
    0x1, 0xff, 0xc5, 0x1d, 0x84, 0x36, 0xd6, 0x0,
    0xff, 0xe2, 0x51, 0x2, 0xb8, 0x84, 0x98, 0x7,
    0xff, 0x8, 0xd0, 0x2a, 0x91, 0xe4, 0x12, 0x1,
    0xff, 0xc2, 0x50, 0x2, 0x80, 0x5, 0x41, 0x80,
    0x3f, 0xf8, 0x46, 0x1, 0xe1, 0x0, 0xff, 0xe2,
    0x20, 0x2, 0x80, 0x8, 0xc0, 0x80, 0x1f, 0xfc,
    0x21, 0x70, 0x5f, 0xeb, 0x1, 0x90, 0xf, 0xfe,
    0x1c, 0x38, 0x0, 0x40, 0xb0, 0x40, 0x3f, 0xf8,
    0x91, 0xb3, 0x17, 0xa4, 0x1, 0xff, 0xc6, 0x26,
    0x74, 0x0, 0xff, 0xe3, 0x8, 0xff, 0x0, 0x7f,
    0xf0, 0x57, 0xbb, 0xfd, 0x40, 0x1f, 0xf1, 0xd0,
    0x80, 0x7f, 0x2d, 0x0, 0x7f, 0xa4, 0xa, 0xf7,
    0x7e, 0x60, 0x51, 0x0, 0xf0, 0x80, 0x18, 0x11,
    0x4, 0x5f, 0x58, 0x0, 0x80, 0x40, 0xa, 0x0,
    0xb8, 0x20, 0x57, 0x7f, 0xd6, 0x0, 0xa8, 0x90,
    0x53, 0x50, 0x47, 0x10, 0x38, 0x8f, 0xcc, 0x0,
    0x67, 0x10, 0x90, 0xa9, 0x42, 0x2f, 0xfe, 0x21,
    0xb6, 0x90,

    /* U+E09E "" */
    0x2, 0xae, 0xe7, 0xff, 0xf7, 0x72, 0x88, 0x3,
    0xf1, 0xea, 0x88, 0x80, 0x3f, 0x84, 0x4b, 0x82,
    0x1, 0xf4, 0x0, 0xc4, 0xcf, 0xfd, 0x0, 0x30,
    0x1, 0xf2, 0x84, 0xbb, 0x37, 0xfc, 0xee, 0x5,
    0x0, 0xfe, 0x10, 0xf, 0xfe, 0xc, 0xac, 0x0,
    0x7f, 0xf2, 0xc6, 0x90, 0x3, 0xff, 0xba, 0x55,
    0xdc, 0xff, 0xff, 0x75, 0x90, 0x7, 0xe3, 0xd5,
    0x11, 0x0, 0x7f, 0x85, 0x34, 0xc0, 0x3e, 0x80,
    0x18, 0x99, 0xff, 0xa0, 0x42, 0x0, 0x3e, 0x50,
    0x97, 0x66, 0xff, 0x9e, 0x41, 0x40, 0x3f, 0x84,
    0x3, 0xff, 0x82, 0x20, 0x1f, 0xff, 0xf0, 0xf,
    0x84, 0x3, 0xff, 0x96, 0x81, 0x10, 0x10, 0xf,
    0xfe, 0x4c, 0x8, 0x3d, 0x80, 0x7f, 0xf2, 0x4b,
    0x18, 0xfc, 0x3, 0xff, 0x94, 0x53, 0x8a, 0x1,
    0xff, 0xff, 0x0, 0xf8, 0x40, 0x3f, 0xf8, 0x22,
    0x1, 0xfc, 0xa1, 0x2e, 0xcd, 0x2a, 0xf3, 0x34,
    0xf2, 0xa, 0x1, 0xf4, 0x0, 0xc4, 0xcd, 0x55,
    0xd3, 0x34, 0x8, 0x40, 0x7, 0xc7, 0x86, 0x1,
    0xff, 0xc1, 0x3c, 0x30,

    /* U+E0A1 "" */
    0x0, 0xff, 0xe3, 0x89, 0x0, 0x7f, 0xf2, 0x37,
    0x48, 0x1, 0xff, 0xc7, 0x20, 0x20, 0xf, 0xff,
    0xf8, 0x7, 0xff, 0x20, 0xc0, 0x3f, 0xf9, 0x17,
    0x8e, 0x1, 0xff, 0xc6, 0xc4, 0x2, 0x0, 0xff,
    0xe2, 0xe1, 0x84, 0x28, 0x7, 0xf8, 0x40, 0x3b,
    0xc, 0x21, 0xc0, 0x3f, 0xc8, 0x0, 0x50, 0x6,
    0x18, 0x43, 0x80, 0x7f, 0x86, 0x40, 0x8c, 0x30,
    0xc0, 0x85, 0x9b, 0xf3, 0xba, 0x78, 0x82, 0x41,
    0xcc, 0x0, 0x53, 0x3f, 0xd1, 0x6, 0x0, 0x52,
    0x2, 0x0, 0x42, 0x45, 0xff, 0x1b, 0xf2, 0x80,
    0xe, 0xc0, 0x2f, 0xdd, 0xff, 0x64, 0x8, 0x6,
    0x4b, 0x1, 0xc2, 0x0, 0xff, 0xe2, 0xa5, 0x80,
    0xe1, 0x0, 0x7f, 0xf1, 0x52, 0xc0, 0x7c, 0x40,
    0x3f, 0xf8, 0xa9, 0x60, 0x52, 0x1, 0xff, 0xc6,
    0x4c, 0x59, 0x0, 0xff, 0xe0, 0x80,

    /* U+E0A9 "" */
    0x0, 0xf3, 0x50, 0x80, 0x4f, 0x20, 0x1a, 0x5c,
    0x3, 0xff, 0x81, 0xa, 0xe0, 0x1, 0x86, 0x20,
    0x1, 0x34, 0x0, 0x7f, 0x85, 0x44, 0x31, 0x9a,
    0x0, 0x53, 0x32, 0x80, 0xc, 0x20, 0x1f, 0x27,
    0xd0, 0x1, 0x66, 0x50, 0x0, 0x79, 0x93, 0x80,
    0x27, 0x94, 0x3, 0x86, 0xc4, 0x3, 0xf8, 0x47,
    0xc0, 0xa, 0x10, 0xc, 0xe0, 0xd, 0xff, 0xfd,
    0xdd, 0xed, 0x0, 0x38, 0x2, 0x3e, 0x40, 0x48,
    0x3, 0xff, 0x84, 0x42, 0x13, 0xf0, 0x20, 0x1f,
    0x57, 0xff, 0xec, 0x20, 0xf, 0xc, 0xeb, 0x80,
    0x68, 0x50, 0xf, 0xc7, 0xc0, 0x19, 0xf6, 0x40,
    0xb8, 0x3, 0x18, 0x25, 0x57, 0x98, 0xc, 0x3,
    0x71, 0x0, 0x7f, 0x8d, 0x57, 0xd8, 0x1, 0xfe,
    0x2e, 0x0, 0xff, 0xe4, 0x71, 0x4, 0xeb, 0x80,
    0x7f, 0xf2, 0x1f, 0x64, 0x3, 0xff, 0x9d, 0x3a,
    0xe0, 0x1f, 0xfc, 0x87, 0xd9, 0x2, 0xe0, 0xf,
    0xfe, 0x47, 0x10, 0x7, 0xf9, 0x1d, 0xfd, 0xe0,
    0x1f, 0xe5, 0xc0, 0xd, 0x80, 0x71, 0x1e, 0x50,
    0x40, 0xd, 0x8a, 0x15, 0x45, 0x0, 0xce, 0xe3,
    0x22, 0xf9, 0x68, 0x3, 0x2d, 0x53, 0x40, 0x3e,
    0x8c, 0xdd, 0xfa, 0x84, 0x3, 0xda, 0xff, 0x40,
    0x24, 0x1, 0xff, 0xc2, 0x21, 0x9, 0xf7, 0x0,
    0x20, 0x3, 0x7f, 0xff, 0xf8, 0x5a, 0x0, 0x70,
    0xc, 0x36, 0x20, 0x1f, 0xfc, 0x5b, 0x10, 0xe,
    0x4f, 0xa0, 0x2, 0xcc, 0xa0, 0x0, 0xf3, 0x27,
    0x0, 0x57, 0x20, 0x7, 0xc2, 0xa2, 0x18, 0xcc,
    0x70, 0x5, 0x33, 0x2c, 0x0, 0xa2, 0x1, 0xfe,
    0x86, 0x70, 0xa, 0x18, 0x80, 0x6, 0xf0, 0x1,
    0xe0,

    /* U+E0AA "" */
    0x0, 0xa, 0x2a, 0xff, 0xf1, 0xc4, 0x2, 0x8e,
    0xba, 0xaf, 0xfe, 0x3f, 0x40, 0x33, 0x80, 0x7f,
    0xf2, 0x9d, 0xd6, 0x9, 0xdf, 0xff, 0xfc, 0x74,
    0xa, 0x30, 0xd1, 0x0, 0xff, 0xe3, 0xe8, 0x18,
    0x7, 0xff, 0x43, 0x19, 0xbf, 0xf9, 0x18, 0x1,
    0x96, 0x67, 0xff, 0x90, 0xa0, 0x1f, 0xfd, 0x29,
    0xff, 0xff, 0xe4, 0x48, 0x7, 0xff, 0xfc, 0x3,
    0xff, 0xfe, 0x1, 0xf8, 0xc3, 0x4, 0x3, 0xff,
    0x8c, 0x3a, 0x7, 0x40, 0xbd, 0xff, 0xff, 0xc6,
    0xe4, 0xa, 0x76, 0x0, 0xff, 0xe5, 0x33, 0x84,
    0xed, 0x57, 0xff, 0x23, 0x64, 0x0,

    /* U+E0AC "" */
    0x0, 0xfe, 0x59, 0xbc, 0xc5, 0xc2, 0x0, 0x7f,
    0xf0, 0xc6, 0x7e, 0x99, 0xc, 0xc8, 0xf7, 0xf0,
    0x20, 0x1f, 0xf2, 0xfb, 0x0, 0x9, 0x40, 0xa,
    0x40, 0x7, 0xe5, 0x0, 0xfe, 0x8a, 0x10, 0x7d,
    0xd4, 0x0, 0x23, 0x79, 0xc0, 0x15, 0x0, 0x1f,
    0x43, 0x81, 0xf4, 0x10, 0x7, 0x86, 0x34, 0xc1,
    0xe0, 0x3, 0x99, 0xc1, 0x70, 0x40, 0x3f, 0xc5,
    0x88, 0xe, 0xa0, 0x10, 0xc8, 0x1d, 0x0, 0x71,
    0x88, 0x8c, 0x3, 0xac, 0xc2, 0x84, 0x1, 0x0,
    0xd, 0x0, 0xf0, 0xf7, 0x4, 0x3, 0xdc, 0x0,
    0x80, 0x3, 0x3, 0x88, 0x7, 0xff, 0x10, 0x9c,
    0x18, 0x14, 0x1, 0x20, 0x1f, 0xfc, 0x6a, 0x0,
    0x2e, 0x81, 0x88, 0x7, 0xff, 0x18, 0x88, 0x1a,
    0x60, 0xc4, 0x50, 0x7, 0xff, 0x8, 0x46, 0x70,
    0x36, 0x5, 0xdd, 0xb8, 0x3, 0xff, 0x81, 0xdd,
    0x94, 0x1c, 0x3, 0xff, 0x9c, 0xc0, 0xbb, 0xb7,
    0x80, 0x7f, 0xf0, 0x3f, 0x76, 0x40, 0x63, 0x7,
    0x22, 0x84, 0x3, 0xff, 0x80, 0x24, 0x53, 0x1,
    0x68, 0x11, 0x0, 0x3f, 0xf8, 0xc4, 0x40, 0xc5,
    0x10, 0xa0, 0xf, 0xfe, 0x35, 0x80, 0xa0, 0x38,
    0x38, 0x80, 0x7f, 0xf1, 0x9, 0x81, 0x80, 0x10,
    0x0, 0xd0, 0xf, 0xf, 0x70, 0x40, 0x3d, 0xc0,
    0x32, 0x0, 0x19, 0x3, 0xa0, 0xe, 0x31, 0x11,
    0x80, 0x75, 0x18, 0x58, 0x80, 0x4c, 0xc0, 0x5c,
    0x10, 0xf, 0xf1, 0x62, 0x83, 0xa8, 0x7, 0x4b,
    0x1, 0xf4, 0x10, 0x7, 0x8a, 0x34, 0xc1, 0xe0,
    0x3, 0xe9, 0x90, 0x1, 0xf7, 0x20, 0x1, 0x1b,
    0xa7, 0x0, 0x54, 0x0, 0x7f, 0x37, 0x30, 0x0,
    0xd4, 0x0, 0xa4, 0x0, 0x7e, 0x50, 0xf, 0xf8,
    0x67, 0xe9, 0x90, 0xcc, 0x8f, 0x7f, 0x2, 0x1,
    0xe0,

    /* U+E0AD "" */
    0x0, 0xff, 0xe8, 0x9b, 0xd5, 0xef, 0x7f, 0xdd,
    0xb7, 0xa, 0x20, 0x1e, 0x18, 0xec, 0x85, 0x42,
    0x10, 0x8, 0x49, 0x1e, 0xba, 0xd4, 0x2, 0x4f,
    0x71, 0x0, 0x23, 0x44, 0xd5, 0x52, 0xea, 0x40,
    0x4, 0xab, 0x1, 0xb1, 0x6, 0xcf, 0xb9, 0x76,
    0x55, 0x9a, 0x2b, 0x7a, 0x48, 0x12, 0x5c, 0x1,
    0xb2, 0x60, 0x1f, 0xfc, 0x1, 0x6d, 0x50, 0x70,
    0xa, 0x4, 0x3, 0xff, 0x86, 0xa8, 0x1, 0xcb,
    0xd6, 0xe6, 0x20, 0x1f, 0x12, 0xcf, 0x50, 0x80,
    0x7c, 0x91, 0x9d, 0xfd, 0xdd, 0xfb, 0x4c, 0x20,
    0x1e, 0x2e, 0x94, 0x10, 0x8, 0x47, 0x80, 0x22,
    0x6c, 0xa0, 0xe, 0x16, 0xbe, 0xdb, 0xa8, 0x8d,
    0x35, 0xbf, 0xb2, 0x60, 0x1f, 0xe2, 0x45, 0x77,
    0xcc, 0xa4, 0x1, 0x8c, 0x3, 0x18, 0x7, 0xff,
    0x8c, 0x58, 0x3, 0xff, 0x88, 0x54, 0x1, 0xd3,
    0xd0, 0x82, 0x1, 0xfc, 0x4d, 0x7a, 0x60, 0x1e,
    0x17, 0xbe, 0xe6, 0xe5, 0xdd, 0x9b, 0xfb, 0x28,
    0x1, 0xe2, 0xc6, 0x10, 0x0, 0x91, 0xa2, 0x46,
    0x40, 0x12, 0x4c, 0x80, 0x38, 0xe7, 0xb9, 0x72,
    0xec, 0xab, 0x34, 0x56, 0x7d, 0xb1, 0x80, 0x7e,
    0x14, 0x68, 0x9a, 0xaa, 0x5d, 0x4c, 0x3, 0xff,
    0xd8, 0x48, 0x1, 0xff, 0xc5, 0xf0, 0x3, 0x88,
    0x5d, 0x94, 0x40, 0x3f, 0xe3, 0x8e, 0x50, 0x91,
    0xd2, 0x4, 0xae, 0xe5, 0xcc, 0x3b, 0xa2, 0x6b,
    0x3f, 0x1c, 0x41, 0xdc, 0x7, 0xb2, 0x60, 0x1,
    0x46, 0x78, 0x83, 0xb2, 0x98, 0x0, 0x5b, 0x60,
    0x3, 0x36, 0x75, 0xc3, 0x21, 0x91, 0x46, 0xaf,
    0x39, 0xd2, 0x40, 0x0,

    /* U+E0B1 "" */
    0x0, 0xfd, 0x32, 0x0, 0xff, 0xe1, 0x93, 0x30,
    0x80, 0x3f, 0xfa, 0x22, 0x8a, 0xa0, 0x2, 0xaf,
    0x8, 0x7, 0x4f, 0x5d, 0x40, 0x2, 0x2a, 0xb7,
    0x80, 0x6c, 0x60, 0xf, 0xf9, 0x40, 0x28, 0x30,
    0x6e, 0xfd, 0x0, 0x6f, 0xfe, 0xb0, 0x9, 0x81,
    0xa4, 0x40, 0x3f, 0xf8, 0x2, 0x20, 0xa0, 0xf,
    0xfe, 0x2b, 0x80, 0x7f, 0xf0, 0x84, 0x83, 0x80,
    0x3f, 0xf8, 0x76, 0xb, 0x48, 0x4c, 0x0, 0x62,
    0x10, 0xf, 0x32, 0x82, 0xde, 0xd8, 0x2, 0xf7,
    0xb8, 0xe0, 0x1d, 0x52, 0x40, 0x1f, 0x86, 0x2c,
    0x3, 0x9b, 0x7b, 0x6c, 0x1, 0x7b, 0x8a, 0x9,
    0x0, 0x1e, 0x12, 0x60, 0x3, 0x11, 0xd2, 0x83,
    0x0, 0x7f, 0xf0, 0xe4, 0x4, 0x80, 0x3f, 0xf8,
    0x42, 0x1, 0xff, 0xc5, 0xa0, 0x1, 0x0, 0x7f,
    0xf0, 0x5, 0xdc, 0xc, 0x0, 0xdf, 0xfe, 0xd0,
    0x6, 0xff, 0x40, 0x14, 0x80, 0x90, 0x7, 0xff,
    0x1, 0x70, 0x0, 0x3b, 0x55, 0xd0, 0x0, 0x8a,
    0xbe, 0xa1, 0x0, 0x89, 0x57, 0xc0, 0x5, 0x52,
    0x8, 0x7, 0xff, 0x44, 0x95, 0x44, 0x1, 0xf0,

    /* U+E0B2 "" */
    0x0, 0xff, 0x94, 0x80, 0x3f, 0xf9, 0x2b, 0x58,
    0x1, 0xff, 0xff, 0x0, 0xff, 0xff, 0x80, 0x7f,
    0x9d, 0xc0, 0x1f, 0xc5, 0x46, 0x1, 0xfc, 0x51,
    0x9, 0x0, 0xf8, 0xb1, 0x60, 0x3, 0xf8, 0x90,
    0x1a, 0x40, 0x38, 0x7c, 0x43, 0xc0, 0x3f, 0xd6,
    0x60, 0xd0, 0x1, 0xe, 0x10, 0x52, 0x0, 0x7f,
    0xd8, 0x60, 0xf2, 0x3, 0x84, 0x12, 0xa0, 0x1f,
    0xfc, 0x1d, 0x20, 0x30, 0x1, 0x4, 0x30, 0x7,
    0xc6, 0xe0, 0x1c, 0x38, 0x40, 0x19, 0xdc, 0x1,
    0xc6, 0xe1, 0xd0, 0xc0, 0x1c, 0x3e, 0x20, 0x7,
    0x80, 0xf, 0x74, 0x28, 0x7, 0xf1, 0x61, 0xbc,
    0x0, 0x7c, 0x60, 0x60, 0x1f, 0xe2, 0xc8, 0x0,
    0xff, 0xe0, 0x88, 0x7, 0xff, 0x8f, 0x40, 0x3f,
    0xf8, 0xa4, 0x20, 0x6a, 0xb, 0xdd, 0x6e, 0xff,
    0xf0, 0x3b, 0x9a, 0x0, 0x48, 0x40, 0x11, 0x88,
    0xbf, 0xf8, 0x2, 0x20, 0x5, 0x88, 0x5e, 0x4c,
    0xff, 0xf1, 0x6b, 0x90, 0x0,

    /* U+E0B4 "" */
    0x0, 0xfe, 0x76, 0x0, 0xff, 0xe2, 0x94, 0x49,
    0x0, 0x7f, 0xf1, 0x14, 0x0, 0xa0, 0x1f, 0xfc,
    0x4a, 0x0, 0x50, 0x7, 0xff, 0xd, 0x48, 0x0,
    0x4c, 0x1, 0xff, 0xc1, 0x1b, 0x3, 0x30, 0x40,
    0x80, 0x7f, 0xf0, 0x28, 0x43, 0xfc, 0x3, 0x40,
    0x1f, 0xf5, 0x20, 0x41, 0x9a, 0x1, 0x2c, 0x3,
    0xfa, 0x94, 0x15, 0xc0, 0xe, 0xa0, 0x96, 0x1,
    0xf5, 0xa8, 0x2d, 0x0, 0x6a, 0x50, 0x4b, 0x0,
    0xe9, 0x40, 0x7a, 0x0, 0xf5, 0x38, 0x24, 0x80,
    0x46, 0xc0, 0xd0, 0x1, 0xfa, 0x18, 0x18, 0xc0,
    0x10, 0x5, 0x20, 0x1f, 0xe9, 0x20, 0x80, 0x14,
    0xb, 0x0, 0xff, 0xe0, 0x58, 0x20, 0x10, 0x1,
    0x0, 0x3f, 0xf8, 0x8, 0x0, 0x36, 0x0, 0x10,
    0x7, 0xff, 0x0, 0x80, 0xe, 0x20, 0x1, 0x0,
    0xff, 0xe0, 0x8, 0x1, 0xd4, 0x0, 0x80, 0x1f,
    0xfc, 0x4, 0x0, 0x10, 0x98, 0x70, 0x7, 0xff,
    0x3, 0x80, 0xc4, 0x28, 0x11, 0x0, 0x1f, 0xe4,
    0x40, 0x50, 0x1, 0x88, 0x28, 0xc0, 0x3f, 0x1d,
    0x1, 0x30, 0x5, 0xc0, 0x38, 0xe0, 0x1e, 0x7c,
    0x10, 0xf0, 0xc, 0x78, 0x21, 0x1f, 0x51, 0xa,
    0xf8, 0x1, 0xc2, 0x0, 0xe3, 0xf5, 0x0, 0x2b,
    0xb9, 0x40, 0xb, 0xe6, 0x1, 0xf0, 0xd6, 0xc2,
    0x11, 0x12, 0x36, 0x84, 0x3, 0x0,

    /* U+E0B5 "" */
    0x0, 0xff, 0xe0, 0xa4, 0x0, 0x7f, 0xf2, 0xa9,
    0xdc, 0x1, 0xff, 0xc8, 0x31, 0xb, 0x0, 0xff,
    0xe0, 0xd6, 0x88, 0x6, 0xa0, 0x1, 0x90, 0x7,
    0xfc, 0x4a, 0x4c, 0x1, 0xb, 0x0, 0x50, 0x1,
    0xff, 0x50, 0x2, 0x40, 0x29, 0x0, 0x30, 0x29,
    0x80, 0x7f, 0x1b, 0x80, 0x6, 0x0, 0x16, 0x75,
    0x22, 0x1a, 0x20, 0x1f, 0x16, 0x80, 0xa0, 0x3b,
    0x1, 0xe2, 0x85, 0x0, 0xe8, 0x80, 0x71, 0x60,
    0x86, 0xd1, 0x4, 0xb0, 0x6, 0x49, 0x3, 0xc2,
    0x0, 0xdc, 0x22, 0xc3, 0x1c, 0x20, 0x92, 0x0,
    0xcd, 0x20, 0x58, 0x40, 0x4, 0x30, 0xd3, 0x0,
    0xe, 0x8, 0x40, 0x7, 0x35, 0x80, 0xf8, 0x3,
    0x41, 0xc, 0x3, 0xb, 0x2, 0x0, 0x79, 0x28,
    0x9, 0xc0, 0x21, 0x0, 0xf7, 0x80, 0x80, 0x7c,
    0xac, 0x10, 0x2, 0xe, 0x1, 0xed, 0x2, 0x0,
    0xfd, 0x60, 0x4, 0xb0, 0x27, 0x0, 0xc8, 0xa0,
    0xa0, 0x1f, 0x88, 0x80, 0x66, 0x50, 0x89, 0x33,
    0x3d, 0x80, 0xc8, 0x7, 0xf0, 0x87, 0x5, 0x98,
    0x36, 0x62, 0x0, 0x1a, 0x20, 0x1f, 0xc2, 0x2,
    0x3, 0x90, 0x20, 0x12, 0xf1, 0x80, 0x7f, 0x9,
    0x6, 0x80, 0x4f, 0xdc, 0xdf, 0xa1, 0x0, 0xff,
    0x38, 0x1, 0x0, 0x38, 0x48, 0x3, 0xff, 0x80,
    0x30, 0x8, 0x20, 0x1f, 0x1e, 0x28, 0x7, 0xf6,
    0x88, 0x48, 0x7, 0xeb, 0x3a, 0x91, 0x0, 0xe4,
    0xd3, 0x9, 0x20, 0xf, 0xd2, 0x80, 0xdd, 0x70,
    0xf3, 0xb6, 0x41, 0xc, 0x1, 0xfc, 0x36, 0xe0,
    0x4, 0x78, 0x62, 0x3, 0xc7, 0x0, 0xff, 0xe0,
    0x47, 0x4a, 0x99, 0x23, 0x5e, 0x18, 0x6,

    /* U+E0B6 "" */
    0x0, 0x10, 0x80, 0x78, 0x44, 0x1, 0xf1, 0x0,
    0x55, 0xbc, 0xe0, 0x19, 0xfb, 0x94, 0x1, 0x97,
    0xf7, 0x1, 0x14, 0x1, 0x2, 0x0, 0x18, 0x0,
    0x2a, 0x0, 0x56, 0x0, 0x37, 0x10, 0xc, 0x60,
    0x3, 0x0, 0xc2, 0x1, 0x8, 0x5, 0xea, 0x40,
    0x4, 0x20, 0x1, 0x20, 0x0, 0x94, 0x2, 0x70,
    0x0, 0xd0, 0x6c, 0xd5, 0x80, 0x6b, 0xa9, 0xc0,
    0xd, 0x17, 0x3e, 0x40,

    /* U+E0B7 "" */
    0x0, 0x22, 0x0, 0x2a, 0xbb, 0x60, 0x12, 0x80,
    0xd, 0x40, 0x3c, 0x4e, 0x0, 0x45, 0x8, 0xdc,
    0xb0, 0x8, 0x8c, 0x3, 0xfc, 0x22, 0x0, 0x9f,
    0xb9, 0x40, 0x30, 0x0, 0x54, 0x30, 0xc, 0x24,
    0x80, 0x2, 0x50, 0xba, 0x9c, 0x0, 0x95, 0x84,
    0x3, 0xff, 0x84, 0xbd, 0xee, 0x3, 0x42, 0x10,
    0x64, 0x1, 0x94, 0xc8, 0x0, 0x2e, 0x18, 0xed,
    0x82,

    /* U+E0B9 "" */
    0x0, 0xff, 0xe1, 0xab, 0x37, 0xc6, 0x1, 0xff,
    0xc2, 0x4a, 0x99, 0xfb, 0x40, 0x3f, 0xf8, 0x4a,
    0x64, 0x50, 0x80, 0x7c, 0x24, 0x5f, 0x8, 0x0,
    0x73, 0x76, 0x50, 0xe, 0x1b, 0xed, 0xdf, 0xb8,
    0x40, 0x3b, 0x10, 0xc, 0x2, 0xc4, 0x0, 0xfe,
    0x30, 0x8, 0x70, 0xc2, 0x24, 0x0, 0x84, 0x13,
    0xbb, 0xf7, 0x10, 0x0, 0x74, 0xc2, 0x5c, 0x2,
    0x20, 0x16, 0x22, 0xf8, 0x40, 0x3, 0x86, 0x12,
    0xc0, 0x1f, 0xfc, 0x51, 0xc2, 0x9, 0x60, 0xf,
    0xfe, 0x28, 0xe1, 0x4, 0xb0, 0x4, 0x86, 0xc0,
    0x1f, 0xf0, 0xe1, 0x4, 0xb0, 0x6, 0x1c, 0x80,
    0xf, 0xf0, 0xe1, 0x4, 0xb0, 0x7, 0xff, 0x14,
    0x70, 0x82, 0x58, 0x2, 0x8c, 0x10, 0xf, 0xfe,
    0x6, 0x90, 0x53, 0x0, 0x66, 0x34, 0x0, 0xff,
    0x8c, 0xc1, 0x4a, 0x1, 0xff, 0xc7, 0x3a, 0xb5,
    0x0, 0xff, 0xe4, 0xaa, 0x0, 0x7c, 0x20, 0x1f,
    0xff, 0xf0, 0x1, 0x80, 0x90, 0x7, 0xff, 0x4,
    0x80, 0x3c, 0x80, 0xd, 0xee, 0x6e, 0xff, 0x77,
    0x34, 0x5, 0x40, 0x21, 0xb0, 0x0, 0x88, 0x8b,
    0xf8, 0x44, 0x0, 0xa0, 0xe, 0x4e, 0xa9, 0x9f,
    0xfe, 0xd, 0x72, 0x0, 0x60,

    /* U+E0BA "" */
    0x0, 0xff, 0x89, 0x10, 0x62, 0x1, 0xff, 0xc5,
    0x27, 0xcf, 0xdb, 0xb6, 0x76, 0xc9, 0x0, 0x7f,
    0xf0, 0x6, 0x76, 0xc, 0x3, 0xc4, 0xdb, 0x64,
    0x1, 0xfc, 0x7e, 0xc0, 0x5, 0xad, 0xff, 0x75,
    0xb9, 0x2, 0x6b, 0x0, 0x7c, 0xb8, 0x20, 0xff,
    0x4a, 0x40, 0x1, 0x48, 0xda, 0x10, 0x99, 0x0,
    0x72, 0x50, 0x16, 0xc0, 0x0, 0x63, 0x31, 0x24,
    0x0, 0x5e, 0x40, 0x68, 0x0, 0x8a, 0xc0, 0xf4,
    0x80, 0x7, 0xee, 0x66, 0x6d, 0x50, 0xa, 0xd8,
    0x1d, 0x0, 0x12, 0x3, 0xa0, 0x1b, 0x84, 0x19,
    0xc4, 0x28, 0x80, 0x29, 0x30, 0xa0, 0x44, 0x5,
    0x88, 0x4, 0xa4, 0x19, 0x31, 0xe2, 0x16, 0x1,
    0xb4, 0x5, 0xf8, 0xd, 0x40, 0x36, 0x81, 0x98,
    0x0, 0x2e, 0x4, 0x1, 0x85, 0xc2, 0x80, 0x4,
    0x1, 0xde, 0x4, 0x1, 0x8c, 0x3, 0xe3, 0x0,
    0x70, 0xb, 0x80, 0x64, 0x1, 0x80, 0x2, 0xa8,
    0x30, 0x3, 0x1a, 0x5, 0x22, 0x2, 0x8, 0x2,
    0x34, 0x7, 0xfe, 0xa0, 0x27, 0x0, 0x87, 0x80,
    0x5c, 0x24, 0x1, 0x84, 0x1, 0x5a, 0x80, 0x4,
    0xf, 0xc0, 0x36, 0x90, 0x58, 0x0, 0xa8, 0x7,
    0xc, 0x2, 0xad, 0x98, 0xcc, 0x10, 0x0, 0x70,
    0xc2, 0x14, 0x2, 0x59, 0x1, 0xc8, 0x10, 0x1,
    0x33, 0x98, 0x4, 0xdc, 0x60, 0xce, 0x1, 0xcd,
    0x62, 0xf, 0xd2, 0xa4, 0x0, 0x14, 0x8e, 0x90,
    0x4, 0xc8, 0x3, 0xe4, 0xf6, 0x0, 0x35, 0x6f,
    0xfb, 0xad, 0xc4, 0x13, 0x58, 0x3, 0xf8, 0x67,
    0x9c, 0xc0, 0x3c, 0x4f, 0x96, 0x40, 0x1f, 0xfc,
    0x1, 0x8c, 0xfc, 0xba, 0xce, 0xd8, 0x30, 0xf,
    0x80,

    /* U+E0BB "" */
    0x0, 0xff, 0xe7, 0xbf, 0xb0, 0x7, 0xff, 0x33,
    0x42, 0x58, 0x3, 0xff, 0x97, 0x64, 0x12, 0xc0,
    0x1f, 0xfc, 0xa1, 0xc2, 0x9, 0x60, 0xe, 0x67,
    0x86, 0x41, 0x0, 0xff, 0x87, 0x8, 0x25, 0x80,
    0x27, 0x98, 0x79, 0xbe, 0xc5, 0x0, 0xff, 0xe,
    0x10, 0x4b, 0x0, 0x10, 0x8a, 0x10, 0x1, 0xd6,
    0xa0, 0x7, 0xf0, 0xa0, 0x2, 0x58, 0xf, 0x76,
    0xee, 0x52, 0x1, 0x5c, 0x80, 0x7e, 0x96, 0x0,
    0xa5, 0x80, 0x38, 0x56, 0xf0, 0x81, 0xac, 0x3,
    0xce, 0xc0, 0x9a, 0x41, 0x2c, 0x1, 0xf1, 0xeb,
    0x2, 0x50, 0x6, 0x48, 0x4, 0xb2, 0xc2, 0x9,
    0x60, 0xf, 0xd2, 0xc0, 0xac, 0x1, 0x48, 0x15,
    0x80, 0x7, 0xc0, 0x12, 0xc0, 0x1f, 0xa5, 0x2,
    0x4, 0x18, 0x83, 0x80, 0x32, 0x0, 0x52, 0xc0,
    0x1f, 0xa4, 0x6, 0x43, 0x41, 0xc, 0x3, 0x70,
    0x11, 0x2, 0x58, 0x3, 0xe2, 0x60, 0x50, 0x10,
    0x50, 0xf, 0xd8, 0x41, 0x2c, 0x1, 0xf2, 0x80,
    0x84, 0x80, 0xb8, 0x6, 0xb0, 0x29, 0xc2, 0x9,
    0x60, 0xe, 0x53, 0x9, 0x3, 0x50, 0x83, 0x0,
    0x8d, 0x1, 0xfc, 0xc0, 0x12, 0xc0, 0x1a, 0xc0,
    0xd4, 0x1, 0x62, 0x18, 0x60, 0x15, 0xa8, 0x8,
    0x80, 0x29, 0x60, 0x0, 0x88, 0x38, 0x2, 0x1d,
    0x0, 0x6a, 0x80, 0x55, 0xb3, 0x2c, 0xe2, 0x9,
    0x60, 0x1d, 0xe2, 0x0, 0xc7, 0x60, 0x35, 0x64,
    0x0, 0x26, 0x61, 0x8e, 0x10, 0x4b, 0x1, 0x8,
    0x7, 0x93, 0x48, 0x13, 0x71, 0xd0, 0xcc, 0x8f,
    0x44, 0x0, 0x96, 0x0, 0xfe, 0x2d, 0x81, 0x3,
    0x8b, 0xcc, 0x5c, 0x20, 0x0, 0x42, 0x58, 0x3,
    0xfc, 0xfd, 0x4a, 0x20, 0x18, 0x56, 0xbf, 0xc4,
    0x12, 0xc0, 0x1f, 0xf2, 0xd7, 0x7e, 0xeb, 0xb9,
    0x4a, 0x3, 0x84, 0x12, 0xa0, 0x1f, 0xfc, 0x22,
    0x20, 0x80, 0x70, 0xe1, 0x5, 0x28, 0x7, 0xff,
    0x28, 0x70, 0x82, 0x0, 0x3f, 0xf9, 0x63, 0x8d,
    0x20,

    /* U+E0BD "" */
    0x0, 0x23, 0xa8, 0x7, 0xe1, 0x56, 0x30, 0xf,
    0xf6, 0x5c, 0x56, 0x88, 0x7, 0x1f, 0xd4, 0xe5,
    0x0, 0x7e, 0x83, 0x1, 0x2, 0xc1, 0x0, 0xdc,
    0x20, 0x20, 0xb6, 0x1, 0xf3, 0x3, 0x75, 0x1,
    0x79, 0x0, 0xc, 0x82, 0xf9, 0x81, 0x2c, 0x3,
    0xf7, 0x82, 0xd8, 0xe, 0x10, 0x6, 0x50, 0x96,
    0x4, 0xb0, 0xf, 0xf2, 0x58, 0xe, 0x10, 0x7,
    0xa5, 0x81, 0x2c, 0x3, 0xfc, 0x96, 0x3, 0x8a,
    0x1, 0xe9, 0x60, 0x4b, 0x0, 0xff, 0x25, 0x80,
    0xc8, 0x7, 0xd2, 0xc0, 0x96, 0x1, 0xfe, 0x4b,
    0x0, 0xff, 0x4b, 0x82, 0x58, 0x7, 0xf9, 0x28,
    0x3, 0xfd, 0xe, 0x8, 0xe0, 0x1f, 0xe5, 0x80,
    0xf, 0xf4, 0x28, 0x58, 0x7, 0xff, 0x61, 0x60,
    0x3, 0xfd, 0xa, 0x16, 0x1, 0xfc, 0xb4, 0x1,
    0xfe, 0x87, 0x4, 0x70, 0xf, 0xcb, 0x40, 0x1f,
    0xe8, 0x70, 0x3b, 0x0, 0xfc, 0xb4, 0x3, 0x40,
    0x1f, 0x43, 0x81, 0xe0, 0x7, 0xe5, 0xa0, 0x1c,
    0x60, 0xf, 0x43, 0x82, 0x60, 0x7, 0xe5, 0xa0,
    0x1c, 0x20, 0xf, 0x4b, 0x82, 0x58, 0x7, 0xbc,
    0x16, 0x80, 0x70, 0x80, 0x32, 0x84, 0xb0, 0x25,
    0x80, 0x73, 0x3, 0x75, 0x1, 0x79, 0x0, 0xc,
    0x82, 0xf9, 0x81, 0x2c, 0x3, 0xd0, 0x60, 0x20,
    0x58, 0x20, 0x1b, 0x84, 0x4, 0x16, 0xc0, 0x3f,
    0x65, 0xc5, 0x68, 0x80, 0x71, 0xf5, 0x4e, 0x50,
    0x7, 0xe0,

    /* U+E0C0 "" */
    0x0, 0x46, 0xf7, 0xff, 0xdd, 0xca, 0x30, 0xf,
    0xad, 0xc8, 0x40, 0x3e, 0x11, 0x2e, 0x28, 0x7,
    0x1a, 0x2, 0xcc, 0xfe, 0x0, 0xd4, 0xa0, 0x19,
    0x40, 0x14, 0xcd, 0xf8, 0x41, 0xc8, 0x29, 0x40,
    0x38, 0x40, 0x3f, 0xee, 0xc2, 0xa, 0x50, 0xf,
    0xfe, 0x28, 0xe1, 0x5, 0x20, 0x7, 0xff, 0x14,
    0x70, 0x82, 0x80, 0x3f, 0xf8, 0x26, 0x13, 0xfe,
    0xe2, 0x1, 0x40, 0xf, 0xfe, 0x4, 0x0, 0x7e,
    0x20, 0xf, 0xfe, 0x2, 0xec, 0xcf, 0x0, 0x7f,
    0xf1, 0x9, 0x9b, 0x84, 0x3, 0xff, 0xfe, 0x1,
    0xff, 0xff, 0x0, 0xff, 0xff, 0x80, 0x7f, 0xf2,
    0x44, 0x3, 0xff, 0x88, 0x20, 0x5, 0x0, 0x4b,
    0x37, 0xff, 0xa, 0x40, 0xa, 0x68, 0xd, 0x33,
    0xff, 0xc2, 0x60, 0x43, 0xb, 0x71, 0x0, 0xff,
    0xe1, 0xb, 0xd8, 0x0,

    /* U+E0C1 "" */
    0x0, 0x46, 0xf7, 0xff, 0xdd, 0xca, 0x30, 0xf,
    0xad, 0xc8, 0x40, 0x3e, 0x11, 0x2e, 0x28, 0x7,
    0x1a, 0x2, 0xcc, 0xfe, 0x0, 0xd4, 0xa0, 0x19,
    0x40, 0x14, 0xcd, 0xf8, 0x41, 0xc8, 0x29, 0x40,
    0x38, 0x40, 0x3f, 0xee, 0xc2, 0xa, 0x50, 0xf,
    0xfe, 0x28, 0xe1, 0x5, 0x20, 0x7, 0xff, 0x14,
    0x70, 0x82, 0x80, 0x3f, 0xf8, 0x26, 0x13, 0xfe,
    0xe2, 0x1, 0x40, 0xf, 0xfe, 0x4, 0x0, 0x7e,
    0x20, 0xf, 0xfe, 0x2, 0xec, 0xcf, 0x0, 0x7f,
    0xf1, 0x9, 0x9b, 0x84, 0x3, 0xff, 0xde, 0xd8,
    0x60, 0x1f, 0xfc, 0x66, 0x93, 0xb0, 0xf, 0xfe,
    0x0, 0xb8, 0x80, 0x1a, 0x40, 0xe0, 0x3, 0xff,
    0x81, 0x71, 0x82, 0xd2, 0x5, 0xa0, 0x1f, 0xfc,
    0x1e, 0x2, 0xf9, 0x2, 0xc1, 0x0, 0xff, 0xe0,
    0xa5, 0x0, 0x81, 0xe0, 0x80, 0x7f, 0xf0, 0xd6,
    0x80, 0xf4, 0x40, 0x3f, 0xf8, 0xab, 0xf8, 0x20,
    0x1f, 0xfd, 0x61, 0x0, 0xff, 0xe2, 0x8, 0x1,
    0x40, 0x12, 0xcd, 0xff, 0xc2, 0x90, 0x2, 0x9a,
    0x3, 0x4c, 0xff, 0xf0, 0x98, 0x10, 0xc2, 0xdc,
    0x40, 0x3f, 0xf8, 0x42, 0xf6, 0x0,

    /* U+E0C9 "" */
    0x0, 0x46, 0xf7, 0xff, 0xdd, 0xca, 0x30, 0xf,
    0xad, 0xc8, 0x40, 0x3e, 0x11, 0x2e, 0x28, 0x7,
    0x1a, 0x2, 0xcc, 0xfe, 0x10, 0xa, 0x94, 0x3,
    0x28, 0x2, 0x99, 0xbf, 0x10, 0x31, 0x85, 0x28,
    0x7, 0x8, 0x7, 0xfc, 0x3a, 0x41, 0x4a, 0x1,
    0xff, 0xc5, 0x1c, 0x20, 0xa4, 0x0, 0xff, 0xe2,
    0x8e, 0x10, 0x50, 0x7, 0xff, 0x5, 0xc1, 0xff,
    0xdc, 0x40, 0x28, 0x1, 0xff, 0xc0, 0x80, 0xf,
    0xc4, 0x1, 0xff, 0xc0, 0x3d, 0x99, 0xe0, 0xf,
    0xfe, 0x21, 0x33, 0x70, 0x80, 0x7f, 0xf5, 0xbb,
    0x82, 0x1, 0xff, 0xc6, 0x11, 0x88, 0x3, 0xff,
    0xb2, 0x55, 0x4b, 0x0, 0x45, 0x50, 0x80, 0x3f,
    0xf8, 0x16, 0xab, 0x0, 0x11, 0x55, 0x60, 0x1f,
    0xfc, 0xb, 0x55, 0x80, 0x8, 0xaa, 0xb0, 0xf,
    0xfe, 0x1, 0x55, 0x2c, 0x1, 0x15, 0x42, 0x0,
    0xff, 0xec, 0x88, 0x80, 0x80, 0x3f, 0xf8, 0xfd,
    0xe2, 0x1, 0xff, 0x8, 0x7, 0xff, 0x10, 0x40,
    0xa, 0x0, 0x96, 0x6f, 0xfe, 0x14, 0x80, 0x14,
    0xd0, 0x1a, 0x67, 0xff, 0x84, 0xc0, 0x86, 0x16,
    0xe2, 0x1, 0xff, 0xc2, 0x17, 0xb0,

    /* U+E0CB "" */
    0x0, 0x46, 0xf7, 0xff, 0xdd, 0xca, 0x30, 0xf,
    0xad, 0xc8, 0x40, 0x3e, 0x11, 0x2e, 0x28, 0x7,
    0x1a, 0x2, 0xcc, 0xfe, 0x0, 0xd4, 0xa0, 0x19,
    0x40, 0x14, 0xcd, 0xf8, 0x41, 0xc8, 0x29, 0x40,
    0x38, 0x40, 0x3f, 0xee, 0xc2, 0xa, 0x50, 0xf,
    0xfe, 0x28, 0xe1, 0x5, 0x20, 0x7, 0xff, 0x14,
    0x70, 0x82, 0x80, 0x3f, 0xf8, 0x26, 0x13, 0xfe,
    0xe2, 0x1, 0x40, 0xf, 0xfe, 0x4, 0x0, 0x7e,
    0x20, 0xf, 0xfe, 0x2, 0xec, 0xcf, 0x0, 0x7f,
    0xf1, 0x9, 0x9b, 0x84, 0x3, 0xff, 0xa9, 0x1d,
    0xfa, 0xa0, 0x1f, 0xfc, 0x4c, 0x71, 0x2, 0xa7,
    0x0, 0xff, 0xe1, 0x31, 0x82, 0xd2, 0x4, 0x8,
    0x7, 0xff, 0x7, 0x0, 0xe9, 0x6c, 0x0, 0xe0,
    0x1f, 0xfc, 0x71, 0x0, 0xff, 0xe1, 0xe0, 0x1c,
    0x25, 0x8, 0x20, 0x7, 0xff, 0x5, 0x8c, 0x1e,
    0xd4, 0x1, 0x60, 0x1f, 0xfc, 0x2c, 0x72, 0x3,
    0x30, 0x34, 0x0, 0x7f, 0xf0, 0xa3, 0x7f, 0x30,
    0xc1, 0xe0, 0x1f, 0xfc, 0x79, 0xf7, 0x0, 0xfc,
    0x20, 0x1f, 0xfc, 0x41, 0x0, 0x28, 0x2, 0x59,
    0xbf, 0xf8, 0x52, 0x0, 0x53, 0x40, 0x69, 0x9f,
    0xfe, 0x13, 0x2, 0x18, 0x5b, 0x88, 0x7, 0xff,
    0x8, 0x5e, 0xc0,

    /* U+E0CC "" */
    0x0, 0x46, 0xf7, 0xff, 0xdd, 0xca, 0x30, 0xf,
    0xad, 0xc8, 0x40, 0x3e, 0x11, 0x2e, 0x28, 0x7,
    0x1a, 0x2, 0xcc, 0xfe, 0x0, 0xd4, 0xa0, 0x19,
    0x40, 0x14, 0xcd, 0xf8, 0x41, 0x40, 0x14, 0xa0,
    0x1c, 0x20, 0x1f, 0xf6, 0x58, 0x2, 0x94, 0x3,
    0xff, 0x8a, 0x96, 0x0, 0xa4, 0x0, 0xff, 0xe2,
    0xa5, 0x80, 0x28, 0x3, 0xff, 0x87, 0x75, 0x4e,
    0x20, 0x14, 0x0, 0xe1, 0x66, 0x88, 0x0, 0xc0,
    0x4a, 0xb1, 0x0, 0x8, 0x3, 0xae, 0x66, 0xe0,
    0x4, 0x41, 0x13, 0x80, 0x3f, 0x61, 0x15, 0x60,
    0x13, 0xdd, 0xf0, 0x80, 0x7c, 0xdb, 0xb3, 0x80,
    0x7f, 0xf6, 0xdf, 0xff, 0xfc, 0xe0, 0x1f, 0xed,
    0x0, 0xff, 0x68, 0x7, 0xfa, 0xae, 0xab, 0xf5,
    0xd0, 0x7, 0xfc, 0x8a, 0xbf, 0x90, 0x3, 0xff,
    0x80, 0xab, 0xfe, 0x0, 0xff, 0xaa, 0xbf, 0xf8,
    0x0, 0x1f, 0xed, 0x0, 0xff, 0x68, 0x7, 0xf9,
    0xff, 0xff, 0xce, 0x1, 0xff, 0xd1, 0x10, 0xf,
    0xfe, 0x20, 0x80, 0x14, 0x1, 0x2c, 0xdf, 0xfc,
    0x29, 0x0, 0x29, 0xa0, 0x34, 0xcf, 0xff, 0x9,
    0x81, 0xc, 0x2d, 0xc4, 0x3, 0xff, 0x84, 0x2f,
    0x60,

    /* U+E0D0 "" */
    0x0, 0xa, 0xb3, 0x7f, 0xf1, 0x50, 0x2, 0x5e,
    0xa9, 0x9f, 0xfe, 0x2d, 0xe0, 0xd, 0x0, 0x8,
    0x0, 0x24, 0x5f, 0x84, 0x0, 0x22, 0x3, 0x94,
    0x0, 0x76, 0x88, 0x46, 0xef, 0xec, 0x0, 0x6f,
    0x30, 0x39, 0x81, 0x8, 0x7, 0xff, 0x17, 0x0,
    0x40, 0x6, 0xaa, 0x10, 0xf, 0xfe, 0xa, 0x2e,
    0x0, 0x61, 0xaa, 0x0, 0x7f, 0xf0, 0xa2, 0x98,
    0x3, 0xff, 0xa0, 0x5f, 0xe1, 0x0, 0xff, 0xe0,
    0xe7, 0xd8, 0x7, 0xff, 0x40, 0xc8, 0x80, 0xe,
    0x22, 0xfc, 0xc0, 0x6, 0x22, 0x0, 0x61, 0xdd,
    0x8, 0x3e, 0xef, 0xeb, 0x0, 0x56, 0xc8, 0x7,
    0xff, 0x40, 0x77, 0x42, 0xf, 0xbb, 0xfa, 0xc0,
    0x15, 0xb2, 0x1, 0x8c, 0x88, 0x0, 0xe2, 0x2f,
    0xcc, 0x0, 0x62, 0x20, 0x7, 0xff, 0x40, 0xbf,
    0xc2, 0x1, 0xff, 0xc1, 0xcf, 0xb0, 0xf, 0xfe,
    0x80, 0xd5, 0x0, 0x3f, 0xf8, 0x51, 0x4e, 0x1,
    0x8d, 0x54, 0x20, 0x1f, 0xfc, 0x14, 0x5d, 0x0,
    0x18, 0x10, 0x80, 0x7f, 0xf1, 0x74, 0x5, 0x0,
    0x1d, 0xa2, 0x11, 0xbb, 0xfb, 0x0, 0x1b, 0xce,
    0xe, 0x34, 0x0, 0x20, 0x0, 0x91, 0x7e, 0x10,
    0x0, 0x88, 0x12, 0x41, 0x7a, 0xa6, 0x7f, 0xf8,
    0xb9, 0x60,

    /* U+E0D1 "" */
    0x0, 0x8e, 0x2e, 0xd4, 0xe6, 0x1, 0xff, 0xc1,
    0x2c, 0xc3, 0xa2, 0x16, 0x33, 0x5c, 0x40, 0x30,
    0xbc, 0x10, 0xe, 0x18, 0xa, 0xb2, 0x8, 0x14,
    0x75, 0x43, 0xd7, 0x43, 0xe0, 0xa0, 0x84, 0xf5,
    0x4d, 0xf5, 0xa8, 0x1, 0x5e, 0x14, 0x2, 0x14,
    0x30, 0x16, 0x0, 0xe4, 0xae, 0x84, 0x22, 0x24,
    0x70, 0x81, 0x80, 0x7f, 0xc2, 0xf7, 0xba, 0xb7,
    0x10, 0xf, 0xff, 0xf8, 0x7, 0xff, 0xfc, 0x3,
    0xff, 0xa8, 0x71, 0x79, 0x4e, 0x60, 0x1f, 0xfc,
    0x21, 0xc7, 0x43, 0x58, 0xcd, 0x71, 0x0, 0xe3,
    0x10, 0xf, 0xa, 0xb2, 0x8, 0x14, 0x76, 0x4b,
    0xc6, 0x60, 0x0, 0x80, 0x15, 0x75, 0x4d, 0xf5,
    0xa8, 0x0, 0xda, 0x1c, 0xc0, 0xb0, 0x80, 0x2,
    0xa0, 0x1c, 0x95, 0xf4, 0xc6, 0x44, 0x5a, 0xd3,
    0x0, 0xff, 0xe0, 0xac, 0xe6, 0xea, 0x94, 0x3,
    0xff, 0xfe, 0x1, 0xff, 0xda, 0x43, 0x90, 0xf,
    0xfe, 0x38,

    /* U+E0D2 "" */
    0x0, 0xfe, 0x77, 0x0, 0x7f, 0xf1, 0x6a, 0x20,
    0x60, 0x1f, 0xfc, 0x39, 0x50, 0x5, 0x80, 0x7f,
    0xf0, 0x91, 0x80, 0x41, 0x80, 0x3f, 0xf8, 0x5e,
    0x7, 0xa0, 0x2c, 0x1, 0xff, 0xc1, 0x40, 0xa3,
    0x40, 0x91, 0x0, 0xff, 0xe1, 0x10, 0x48, 0x2,
    0x80, 0x3f, 0xf8, 0x2, 0x18, 0x5, 0x0, 0x94,
    0x1, 0xff, 0x38, 0x30, 0x1, 0xd4, 0x16, 0x80,
    0x3f, 0xd6, 0x2, 0xc0, 0xa, 0x50, 0x5b, 0x0,
    0xfe, 0x24, 0xa, 0x0, 0xa9, 0x81, 0x20, 0x2,
    0x1e, 0xe0, 0x5, 0xa0, 0x60, 0x1a, 0x54, 0x1c,
    0xc0, 0x10, 0x22, 0x40, 0x0, 0x80, 0x80, 0x75,
    0x10, 0x48, 0x1, 0x80, 0x12, 0xad, 0x20, 0x80,
    0x1e, 0xb0, 0x51, 0x30, 0x8, 0xaa, 0x44, 0x20,
    0x3, 0xc8, 0x0, 0x27, 0x0, 0x59, 0x0, 0x13,
    0x48, 0x3, 0xc4, 0x0, 0x77, 0x0, 0x17, 0x7b,
    0xec, 0x80, 0x3e, 0x10, 0x3, 0x90, 0x1, 0x0,
    0x40, 0x3f, 0xc8, 0x0, 0x21, 0x30, 0xe0, 0xf,
    0xfe, 0x7, 0x1, 0x88, 0x50, 0x22, 0x0, 0x3f,
    0xc8, 0x80, 0xa0, 0x3, 0x10, 0x51, 0x80, 0x7e,
    0x3a, 0x2, 0x60, 0xb, 0x80, 0x71, 0xc0, 0x3c,
    0xf8, 0x21, 0xe0, 0x18, 0xf0, 0x42, 0x3a, 0xdd,
    0xd5, 0xd0, 0x3, 0x84, 0x1, 0xc7, 0xea, 0x2,
    0x91, 0x5, 0x10, 0x5f, 0x30, 0xf, 0x86, 0xb6,
    0x10, 0x88, 0x91, 0xb4, 0x20, 0x18,

    /* U+E0D5 "" */
    0x0, 0xf5, 0xf7, 0xff, 0xba, 0xc0, 0x3f, 0xf8,
    0x8, 0x20, 0x1e, 0x14, 0x10, 0xf, 0xfb, 0x14,
    0x1, 0x32, 0x0, 0x2e, 0x8, 0x7, 0xfc, 0x7e,
    0x0, 0x66, 0x0, 0x30, 0xc0, 0x3f, 0xf8, 0xc2,
    0x1, 0xff, 0xc4, 0x30, 0xf, 0xff, 0xa8, 0x80,
    0x80, 0x61, 0x0, 0xff, 0xe1, 0x50, 0x10, 0x1,
    0x42, 0x80, 0x3f, 0xf8, 0x2c, 0x41, 0x0, 0xf,
    0x2, 0x60, 0xf, 0xfe, 0x4, 0x1, 0xa0, 0x1,
    0xc, 0x20, 0x3, 0xfe, 0x71, 0x8, 0x0, 0xde,
    0x2, 0xe0, 0x1f, 0xc3, 0x0, 0x88, 0x0, 0xc6,
    0x81, 0x2, 0x1, 0xfa, 0x40, 0x10, 0x1, 0xe9,
    0x0, 0x40, 0x7, 0xc2, 0xe0, 0x28, 0xec, 0xd9,
    0xd4, 0x81, 0x88, 0x3, 0xd6, 0x0, 0x18, 0x84,
    0xce, 0x88, 0x10, 0x2, 0x0, 0x38, 0x94, 0x4,
    0x7f, 0xf8, 0x0, 0xa6, 0x1, 0xa4, 0x7, 0xfb,
    0xbf, 0xde, 0x21, 0x0, 0x12, 0x20, 0x24, 0x40,
    0x3f, 0xc3, 0x0, 0x88, 0x0, 0x40, 0xb, 0x80,
    0x7f, 0xf0, 0x18, 0x82, 0x0, 0xcc, 0x10, 0x1,
    0xff, 0xc2, 0x80, 0x33, 0x30, 0x1, 0x80, 0x3f,
    0xf8, 0x4a, 0x0, 0x67, 0x0, 0x4a, 0xaf, 0xff,
    0xa, 0x40, 0xc, 0x4a, 0xd, 0x55, 0xff, 0xc2,
    0x60, 0x43, 0xa, 0x71, 0x0, 0xff, 0xe1, 0xb,
    0x58, 0x5, 0x1d, 0xff, 0xff, 0xc2, 0xe9, 0x0,
    0x0,

    /* U+E0D7 "" */
    0x0, 0x1b, 0x37, 0x8c, 0x3, 0xff, 0x8b, 0x79,
    0x33, 0xec, 0x90, 0xf, 0xfe, 0x1c, 0x20, 0x8,
    0xf8, 0x1a, 0x0, 0x3f, 0xf8, 0x4a, 0xd, 0xdd,
    0xe4, 0x7, 0x62, 0x2f, 0xf0, 0x4, 0x61, 0xe0,
    0x1e, 0xa1, 0x9, 0xdd, 0xff, 0x73, 0x80, 0x80,
    0x7e, 0x1c, 0x40, 0xf, 0xf8, 0x61, 0x80, 0x3f,
    0xc5, 0x7d, 0xbb, 0xfd, 0x88, 0x16, 0x1, 0xff,
    0xc0, 0x12, 0x2f, 0xe3, 0xd0, 0x20, 0xf, 0xff,
    0xf8, 0x7, 0xff, 0xac, 0x40, 0x3f, 0xff, 0xe0,
    0x1f, 0xff, 0xf0, 0xe, 0x30, 0xc0, 0xf, 0xfe,
    0x46, 0x0, 0xa8, 0x2f, 0xff, 0xff, 0x21, 0x41,
    0xa1, 0x40, 0x3f, 0xf9, 0x4b, 0x1, 0x5b, 0x53,
    0x3f, 0xfc, 0x6a, 0xda, 0x0,

    /* U+E0D9 "" */
    0x0, 0x1b, 0x37, 0x88, 0x3, 0xff, 0x8b, 0x79,
    0x33, 0xed, 0x80, 0xf, 0xfe, 0x1c, 0x20, 0x8,
    0xf0, 0x1, 0xd8, 0x3, 0xff, 0x84, 0xa0, 0xdd,
    0xdd, 0xe6, 0x12, 0xa4, 0x5f, 0xe0, 0x8, 0xc3,
    0xc0, 0x3d, 0xa2, 0x15, 0xbb, 0xfe, 0xe5, 0x1,
    0x0, 0xfc, 0x38, 0x60, 0x1f, 0xf0, 0xd2, 0x0,
    0x7f, 0x8b, 0x3b, 0x77, 0xfb, 0x8, 0x3c, 0x3,
    0xff, 0x80, 0x24, 0x5f, 0xc6, 0xa0, 0xc0, 0x1f,
    0xfc, 0x5, 0x30, 0xf, 0xfe, 0x59, 0xd6, 0x0,
    0x7f, 0xff, 0x1f, 0xfd, 0x80, 0xf, 0xf9, 0x0,
    0x3e, 0x11, 0x0, 0x7d, 0xc0, 0x1f, 0x8c, 0x3,
    0xff, 0x89, 0x35, 0x47, 0x0, 0x4d, 0x5b, 0x80,
    0x7f, 0xf1, 0x55, 0x56, 0x0, 0x65, 0x40, 0xf,
    0xff, 0x11, 0xab, 0x0, 0x7f, 0xf3, 0x2a, 0x40,
    0x3f, 0xf8, 0x6, 0x18, 0x1, 0xff, 0xc8, 0x30,
    0x75, 0x5, 0xff, 0xff, 0xe4, 0x20, 0x6c, 0x28,
    0x7, 0xff, 0x29, 0x98, 0x15, 0xb5, 0x33, 0xff,
    0xc6, 0xad, 0x90,

    /* U+E0DB "" */
    0x0, 0xfe, 0x59, 0xbd, 0xd6, 0x4b, 0x8, 0x7,
    0xff, 0x8, 0x67, 0xe9, 0x90, 0x88, 0x6d, 0x3d,
    0x24, 0x1, 0xff, 0x37, 0x30, 0x0, 0xda, 0x20,
    0xe6, 0x0, 0x6d, 0x50, 0xf, 0xe9, 0x90, 0x1,
    0xfb, 0x25, 0xdd, 0x19, 0xd0, 0x21, 0x52, 0x1,
    0xf4, 0xb0, 0x1f, 0x40, 0x80, 0x78, 0x5f, 0xd0,
    0x1a, 0x40, 0x39, 0x98, 0xb, 0x82, 0x1, 0xfe,
    0x1b, 0x60, 0x66, 0x0, 0x43, 0x0, 0x74, 0x1,
    0xff, 0xc2, 0x95, 0x8, 0x10, 0x4, 0x8, 0x70,
    0x7, 0xff, 0x12, 0xc4, 0x50, 0x0, 0x60, 0x72,
    0x0, 0xcc, 0x20, 0x1c, 0xc2, 0x1, 0xc, 0x83,
    0x2, 0x80, 0x28, 0x3, 0x3c, 0xd8, 0x6, 0x79,
    0xb0, 0xc, 0xe0, 0x5, 0xd0, 0x22, 0x0, 0x64,
    0x2c, 0x0, 0xc8, 0x58, 0x1, 0xc8, 0x1a, 0x60,
    0xe0, 0x1c, 0x7a, 0xc0, 0x18, 0xf5, 0x80, 0x38,
    0xc0, 0xd8, 0x8, 0x3, 0xff, 0x91, 0xe0, 0xe0,
    0x1f, 0xfc, 0xe6, 0x2, 0x0, 0xf9, 0x27, 0x31,
    0x28, 0x1, 0xf7, 0x83, 0x98, 0x38, 0x7, 0x16,
    0x5b, 0x19, 0x9a, 0xf0, 0x80, 0x39, 0x0, 0xf4,
    0x8, 0x80, 0x11, 0x61, 0x81, 0x33, 0x8, 0xf,
    0xc, 0x2, 0x13, 0xd, 0x51, 0xa, 0x0, 0xa4,
    0x42, 0xb6, 0x65, 0xb4, 0x3, 0x0, 0x13, 0x0,
    0x14, 0x1c, 0x1c, 0x80, 0x1a, 0x78, 0xa0, 0x19,
    0x70, 0xf4, 0x0, 0x32, 0xc, 0x0, 0x80, 0x7,
    0x0, 0x1b, 0xc, 0x3, 0xc7, 0x8c, 0x0, 0xa1,
    0x8, 0x0, 0xc, 0x81, 0xd8, 0x7, 0xff, 0xa,
    0x50, 0x24, 0x40, 0x26, 0x60, 0x26, 0x10, 0x7,
    0xf8, 0x6d, 0x81, 0xd8, 0x3, 0xa5, 0x40, 0xf6,
    0x4, 0x3, 0xc3, 0x1c, 0x80, 0xf0, 0x1, 0xf5,
    0x48, 0x1, 0xfb, 0x66, 0x21, 0x39, 0xce, 0x3,
    0x30, 0x1, 0xfc, 0xda, 0xc0, 0x2, 0x67, 0x73,
    0x18, 0x1, 0xbd, 0x80, 0x3f, 0xe2, 0x9e, 0xa6,
    0x42, 0x21, 0xb5, 0x74, 0x88, 0x7, 0x80,

    /* U+E0DC "" */
    0x2, 0x66, 0xff, 0xe5, 0x10, 0x26, 0xcc, 0xff,
    0xf2, 0xb5, 0x3c, 0x0, 0x45, 0xff, 0xc8, 0x0,
    0x70, 0x80, 0x3b, 0x77, 0xff, 0x8d, 0xe0, 0x14,
    0x0, 0x34, 0x80, 0x3f, 0xf8, 0x85, 0x80, 0x30,
    0x58, 0x3, 0xe2, 0x1, 0xff, 0xc2, 0x1f, 0x10,
    0xd2, 0x3, 0xa0, 0x2d, 0x0, 0xff, 0xe1, 0x69,
    0x5, 0x18, 0x4, 0xb2, 0x7, 0x60, 0x1f, 0xfc,
    0xb, 0x30, 0x95, 0x0, 0xe6, 0x70, 0x4a, 0x0,
    0xff, 0x52, 0x3, 0xb0, 0x7, 0xd0, 0xc0, 0xb2,
    0x1, 0xfa, 0x14, 0x1a, 0x0, 0x3f, 0xa5, 0x1,
    0x9c, 0x3, 0xce, 0xe0, 0x59, 0x0, 0xff, 0xac,
    0xc2, 0x18, 0x3, 0x2c, 0x1, 0xd0, 0x7, 0xff,
    0x7, 0x48, 0x24, 0xc0, 0x7, 0x40, 0x5a, 0x1,
    0xff, 0xc2, 0x1c, 0x10, 0x90, 0x4, 0x0, 0xe0,
    0x80, 0x7f, 0xf0, 0xc6, 0x41, 0x0, 0xa, 0x12,
    0x20, 0x1f, 0xff, 0xf0, 0xf, 0xfe, 0x40, 0x80,
    0x78, 0x40, 0x3f, 0xff, 0x82, 0x40, 0x1f, 0xfc,
    0xa5, 0x0, 0x6c, 0x88, 0x7, 0xff, 0x20, 0xe8,
    0x41, 0x80, 0x4, 0x1, 0xff, 0xc7, 0x5e, 0x81,
    0x7, 0x40, 0xf, 0xfe, 0x4b, 0xf7, 0xc0, 0x7,
    0xf8,

    /* U+E0DF "" */
    0x0, 0xe2, 0x45, 0x5f, 0xfe, 0x2, 0x10, 0x7,
    0xe4, 0xcd, 0xba, 0xaf, 0xfe, 0x5, 0xee, 0x90,
    0x3, 0x9a, 0xcc, 0x3, 0xff, 0x88, 0x56, 0xc0,
    0x11, 0x48, 0xd, 0x7f, 0xff, 0xf0, 0xac, 0x82,
    0x48, 0x1, 0x0, 0xc, 0x50, 0xf, 0xfe, 0x12,
    0x60, 0x84, 0x0, 0x10, 0x18, 0x80, 0x9, 0x22,
    0x1, 0xff, 0xc, 0x82, 0x0, 0x88, 0x30, 0x2,
    0x86, 0x60, 0x7, 0xf2, 0x20, 0xc, 0x4, 0x44,
    0x0, 0x60, 0x25, 0x20, 0xd5, 0x0, 0xf8, 0x6e,
    0xc2, 0xc0, 0x2, 0x70, 0x0, 0x8b, 0x68, 0x41,
    0x6a, 0xc0, 0x30, 0x80, 0xaa, 0x84, 0x80, 0xe,
    0x40, 0x2, 0x12, 0x0, 0xe3, 0x0, 0x9b, 0xa4,
    0x2a, 0x80, 0x18, 0xb8, 0x4, 0x1, 0xbe, 0x41,
    0x1f, 0x0, 0x1f, 0xf1, 0x7, 0x8, 0x18, 0x6,
    0x60, 0x10, 0xe, 0x6e, 0x90, 0xe, 0x60, 0x12,
    0x6, 0x0, 0xd7, 0x66, 0x0, 0xf0, 0x80, 0x78,
    0x40, 0x9c, 0x4, 0x3, 0x90, 0xd5, 0x7c, 0x80,
    0x1e, 0x30, 0x71, 0x3, 0x0, 0xea, 0xca, 0xaf,
    0x5e, 0x8, 0x6, 0x10, 0x3, 0x2, 0x80, 0x6c,
    0x50, 0xf, 0xc7, 0x82, 0x1, 0x10, 0x3e, 0x81,
    0xb8, 0xe, 0x18, 0x4f, 0xff, 0xa0, 0xb, 0x8,
    0x19, 0x43, 0x58, 0x82, 0x3f, 0x8c, 0x25, 0x80,
    0x3c, 0xf2, 0x5, 0xbf, 0x20, 0x4c, 0x18, 0x80,
    0x1a, 0x98, 0x3, 0xf3, 0x50, 0x6, 0x4c, 0x0,
    0xd, 0xed, 0x53, 0xd4, 0x3, 0xfc, 0xbf, 0x54,
    0xdb, 0x10,

    /* U+E0E1 "" */
    0x0, 0xc9, 0x7b, 0x6c, 0x1, 0xc5, 0x3b, 0x90,
    0x20, 0x1f, 0x3d, 0xa1, 0x24, 0xe0, 0x80, 0x17,
    0x58, 0x8d, 0xfc, 0x40, 0x38, 0xa0, 0x9, 0xd0,
    0xf, 0x1, 0x28, 0x0, 0xcc, 0x1, 0xb0, 0xe,
    0x50, 0x6, 0xc5, 0xc8, 0x15, 0x50, 0xb, 0xa6,
    0x50, 0xa, 0x1, 0xde, 0x4, 0x1, 0x33, 0x1,
    0x44, 0x3c, 0x40, 0x6, 0x0, 0x10, 0xd, 0xa0,
    0x4c, 0x1, 0x40, 0x4, 0xc4, 0x0, 0x18, 0x1,
    0x10, 0x0, 0x6e, 0x80, 0x13, 0xff, 0x70, 0x4,
    0xdf, 0xf7, 0x18, 0xf, 0x38, 0x5a, 0x0, 0x7f,
    0xf1, 0xc6, 0xd, 0xc1, 0x6a, 0xbe, 0x60, 0x5,
    0x57, 0xe1, 0x5, 0x0, 0x62, 0xaf, 0xd8, 0x2,
    0xab, 0xf8, 0xc0, 0x36, 0x2a, 0xfd, 0x80, 0x2a,
    0xbf, 0x8c, 0x0, 0xe0, 0xb5, 0x5f, 0x30, 0x2,
    0xab, 0xf0, 0x82, 0xd8, 0x80, 0x7f, 0xf2, 0x18,
    0xc5, 0x41, 0xbf, 0xfd, 0x40, 0x3f, 0xfe, 0xe0,
    0x6, 0x80, 0x7f, 0xff, 0xc0, 0x3f, 0xff, 0xe0,
    0x1f, 0xfc, 0x81, 0x5, 0x0, 0xff, 0xe1, 0xa8,
    0x1, 0xc0, 0x1e, 0x7, 0xdd, 0x6e, 0xd6, 0x3,
    0xbb, 0x77, 0x56, 0x4, 0x60, 0x5, 0x70, 0x11,
    0x88, 0xa1, 0x0, 0x11, 0x42, 0x30, 0xf, 0x0,
    0x68, 0xd9, 0x9f, 0xfe, 0x1d, 0x71, 0x80, 0x0,

    /* U+E0E8 "" */
    0x0, 0xfe, 0x48, 0xbc, 0xc5, 0xc2, 0x80, 0x7f,
    0xf1, 0x6, 0x3a, 0xdd, 0xc, 0xc8, 0xf5, 0xf0,
    0x20, 0x1f, 0xfc, 0x5, 0xf7, 0x10, 0xf, 0xe7,
    0xf4, 0x0, 0xff, 0x45, 0x8, 0x3d, 0x80, 0x11,
    0x0, 0xb, 0x60, 0x1b, 0x80, 0xf, 0xd0, 0xe0,
    0x7b, 0x1c, 0x0, 0xaa, 0x8, 0x7c, 0xe9, 0x83,
    0xb8, 0x3, 0xcc, 0xe0, 0xb8, 0x44, 0x50, 0x91,
    0x14, 0x2, 0x11, 0x31, 0x42, 0x14, 0x3, 0xc,
    0x1, 0xd0, 0x2, 0xc0, 0x58, 0x0, 0xc2, 0x16,
    0x0, 0xa3, 0xa, 0x10, 0xa, 0x4, 0x38, 0x2,
    0x70, 0x60, 0xc, 0xc0, 0xe0, 0x16, 0x80, 0x20,
    0x2, 0x60, 0x72, 0x0, 0x18, 0x85, 0x0, 0x6b,
    0x1, 0x30, 0x0, 0xb0, 0x30, 0x1, 0x40, 0x12,
    0x1, 0x20, 0x9, 0x0, 0x63, 0x10, 0x40, 0xa,
    0x0, 0xa, 0x18, 0x6, 0x20, 0x16, 0x82, 0x80,
    0x79, 0x43, 0x40, 0x21, 0x30, 0xc0, 0x20, 0x62,
    0x2c, 0xc0, 0x24, 0x5e, 0x10, 0x62, 0x2c, 0xc0,
    0x40, 0xe0, 0xbb, 0xb8, 0xc1, 0x77, 0x7c, 0xa0,
    0x7b, 0xb9, 0x41, 0xc0, 0x3f, 0xfa, 0xe, 0xb,
    0xbb, 0x8c, 0x17, 0x77, 0xca, 0x7, 0xbb, 0x94,
    0x1c, 0x8, 0x1c, 0x8b, 0x30, 0x9, 0x17, 0x84,
    0x18, 0x8b, 0x30, 0x10, 0x68, 0x11, 0x0, 0x2d,
    0x5, 0x0, 0xf2, 0x86, 0x80, 0x42, 0x61, 0x80,
    0x80, 0xa, 0x0, 0x8c, 0x4, 0x80, 0x31, 0x8,
    0x20, 0x5, 0x20, 0x5, 0x0, 0x38, 0x38, 0x80,
    0x10, 0x1, 0x40, 0x1a, 0x80, 0x4c, 0x0, 0x2e,
    0xc, 0x1, 0x48, 0x3, 0x40, 0x26, 0x6, 0x0,
    0xcc, 0xe, 0x1, 0x68, 0x2, 0x0, 0x21, 0xa0,
    0x3a, 0x0, 0x50, 0xb, 0x0, 0x18, 0x42, 0xc0,
    0x14, 0x61, 0x22, 0x1, 0x95, 0xc1, 0x6c, 0x4d,
    0x2, 0x4, 0x50, 0x8, 0x43, 0x6a, 0xe, 0xc0,
    0x1e, 0x87, 0x4, 0xe8, 0xf0, 0x1b, 0xb0, 0x87,
    0xbf, 0x20, 0x3c, 0x0, 0x7e, 0x8a, 0x0, 0x3d,
    0x80, 0x15, 0x40, 0xb, 0x80, 0x1a, 0x80, 0xf,
    0xf2, 0xf3, 0x80, 0x7f, 0x9b, 0xd4, 0x3, 0xff,
    0x80, 0x31, 0xf6, 0xc8, 0x66, 0x46, 0xaf, 0x91,
    0x0, 0xf8,

    /* U+E0EA "" */
    0x4, 0xba, 0x20, 0xc, 0x55, 0x68, 0x1, 0x86,
    0x6d, 0x80, 0xad, 0x17, 0x0, 0x36, 0x2a, 0x59,
    0x0, 0x5a, 0xc9, 0x28, 0xe0, 0x10, 0x98, 0x0,
    0xc4, 0x2, 0x40, 0x8, 0xc0, 0x2c, 0x70, 0x8,
    0x4c, 0x0, 0x60, 0x19, 0x40, 0x23, 0x0, 0xb4,
    0xa8, 0xd3, 0x40, 0x36, 0x19, 0xa8, 0xc0, 0x2e,
    0x52, 0x85, 0x5, 0xcb, 0x30, 0xc, 0x79, 0x85,
    0x0, 0xc5, 0x5a, 0xe0, 0x1f, 0xfc, 0xc4, 0xba,
    0x20, 0xc, 0x55, 0x68, 0x1, 0x86, 0x6d, 0x80,
    0xad, 0x17, 0x0, 0x36, 0x2a, 0x59, 0x0, 0x5a,
    0xc9, 0x28, 0xe0, 0x10, 0x98, 0x0, 0xc4, 0x2,
    0x40, 0x8, 0xc0, 0x2c, 0x70, 0x8, 0x4c, 0x0,
    0x60, 0x19, 0x40, 0x23, 0x0, 0xb4, 0xa8, 0xd3,
    0x40, 0x36, 0x19, 0xa8, 0xc0, 0x2e, 0x52, 0x85,

    /* U+E0EC "" */
    0x0, 0xfc, 0x2c, 0xef, 0x98, 0xc0, 0x3f, 0xf8,
    0xd1, 0x31, 0x1a, 0x73, 0x98, 0x3, 0xff, 0x89,
    0xa0, 0x10, 0x90, 0x0, 0x67, 0x4, 0x3, 0xff,
    0x84, 0x92, 0x0, 0x5d, 0xfc, 0x50, 0x3c, 0x10,
    0xf, 0xfe, 0x13, 0x40, 0x22, 0x0, 0xea, 0x40,
    0xb0, 0x40, 0x3f, 0xf8, 0x4e, 0x61, 0xe0, 0x13,
    0x50, 0x16, 0x80, 0x7f, 0xf0, 0xe8, 0x10, 0x3,
    0x2c, 0x81, 0x98, 0x3, 0xff, 0x84, 0xa0, 0x1,
    0x0, 0xcc, 0x0, 0x60, 0xf, 0xfe, 0x15, 0x80,
    0xc, 0x3, 0x84, 0x38, 0x3, 0xff, 0x82, 0xee,
    0x0, 0x38, 0x7, 0x48, 0x25, 0x8, 0x7, 0xf9,
    0xe0, 0x2, 0xa4, 0x0, 0xce, 0xa0, 0xbd, 0x20,
    0x1f, 0x9e, 0x0, 0xf0, 0x42, 0xff, 0x58, 0x1,
    0x46, 0x0, 0x30, 0xf, 0x9e, 0x0, 0xf0, 0xf0,
    0x2, 0x29, 0xa0, 0x73, 0x3, 0xa0, 0xf, 0x3c,
    0x1, 0xe0, 0x1, 0x40, 0x6, 0x80, 0xb9, 0x0,
    0x78, 0x1, 0xe7, 0x80, 0x3c, 0x0, 0x3c, 0x1,
    0xed, 0xa8, 0x18, 0x1e, 0x0, 0x79, 0xe0, 0xf,
    0x0, 0xf, 0x0, 0x78, 0x21, 0x60, 0x3, 0xc0,
    0xf, 0x3c, 0x1, 0xe0, 0x1, 0xe0, 0xf, 0x0,
    0x21, 0x55, 0x60, 0x7, 0x9e, 0x0, 0xf0, 0x0,
    0xf0, 0x7, 0x80, 0x1d, 0x54, 0x0, 0xf3, 0x40,
    0x1e, 0x0, 0x1e, 0x0, 0xf0, 0x3, 0xff, 0x82,
    0x92, 0x7, 0xa0, 0x7, 0x80, 0x3c, 0x0, 0xff,
    0xe1, 0x70, 0x16, 0x88, 0x3c, 0x1, 0xe0, 0x7,
    0xff, 0xd, 0x81, 0x4, 0x1e, 0x0, 0xf0, 0x3,
    0xff, 0x88, 0xa0, 0xcf, 0x30, 0x7, 0x80, 0x1f,
    0xfc, 0x5b, 0x0, 0x43, 0x2, 0x60, 0x7, 0xff,
    0x18, 0xb5, 0x0, 0x5e, 0xc0, 0x3f, 0xf9, 0x5,
    0x7f, 0xd0, 0x1, 0xff, 0xc8,

    /* U+E0ED "" */
    0x0, 0xf2, 0x33, 0x7f, 0xf0, 0x10, 0x3, 0xfc,
    0x39, 0x73, 0x3f, 0xfc, 0xb, 0xd1, 0x0, 0xfd,
    0x46, 0x0, 0x11, 0xff, 0x0, 0xb, 0x40, 0x3e,
    0x44, 0x3, 0xff, 0x77, 0xfb, 0xdc, 0xd, 0x0,
    0x3d, 0x0, 0x30, 0x1, 0xff, 0xc0, 0x81, 0x8,
    0x0, 0xe4, 0x30, 0x80, 0xf, 0xfe, 0x14, 0x1,
    0xa0, 0x6, 0x80, 0x16, 0x0, 0xff, 0xe1, 0x30,
    0x84, 0x0, 0x48, 0x61, 0x0, 0x1f, 0xfc, 0x48,
    0x3, 0x40, 0x4, 0x1, 0x30, 0x7, 0xff, 0x11,
    0x88, 0x20, 0x10, 0xc1, 0x48, 0xbf, 0xf8, 0xca,
    0x6, 0xbe, 0x0, 0x7d, 0xdf, 0xfe, 0x33, 0x80,
    0x25, 0x40, 0x3f, 0xf9, 0x86, 0x0, 0x7d, 0xdf,
    0xfe, 0x44, 0x0, 0x6e, 0x22, 0xff, 0xe4, 0x80,
    0x7c, 0x8e, 0x1, 0x31, 0x80, 0x7f, 0xf1, 0xee,
    0xc, 0x12, 0x74, 0x3, 0xfe, 0x30, 0xf, 0xa1,
    0x8c, 0x15, 0x24, 0x3, 0xff, 0x8e, 0xf2, 0x0,
    0x1b, 0x70, 0xf, 0xfe, 0x11, 0x86, 0x0, 0x7f,
    0xf2, 0x3c, 0x5, 0x41, 0x7f, 0xff, 0xf9, 0xc,
    0xd, 0xa, 0x1, 0xff, 0xca, 0x58, 0xa, 0xda,
    0x99, 0xff, 0xe3, 0x56, 0xd0, 0x0,

    /* U+E0EF "" */
    0x0, 0xfc, 0xa6, 0x1, 0xc8, 0x60, 0x1f, 0xfc,
    0x3, 0xac, 0x0, 0xc7, 0x78, 0x1, 0xff, 0xc0,
    0x50, 0xf, 0x28, 0x7, 0xff, 0x8, 0x40, 0x80,
    0x30, 0x81, 0x0, 0x7f, 0xf0, 0x38, 0x4, 0x3,
    0x70, 0x8, 0x7, 0xff, 0x0, 0x81, 0x80, 0x31,
    0x3, 0x0, 0x7f, 0xf0, 0x18, 0x8, 0x3, 0x30,
    0x10, 0x7, 0x91, 0x9b, 0x88, 0x9, 0x9b, 0x10,
    0x13, 0x36, 0x13, 0xb9, 0x9e, 0x0, 0x2c, 0xce,
    0x0, 0x2c, 0xce, 0xb3, 0x42, 0x2c, 0x20, 0x1,
    0x22, 0x84, 0x0, 0x24, 0x5b, 0x82, 0xf7, 0x78,
    0x1, 0xfb, 0xb5, 0x0, 0x3f, 0x77, 0x20, 0x7,
    0x98, 0x0, 0x20, 0x10, 0x80, 0x4, 0x3, 0xfe,
    0x20, 0x20, 0xc, 0x40, 0x40, 0x1f, 0xfc, 0xe,
    0x6, 0x0, 0xdc, 0xc, 0x1, 0xf2, 0x33, 0x64,
    0x7, 0x66, 0xc8, 0xe, 0xcd, 0xc2, 0x77, 0x33,
    0x88, 0xe, 0x67, 0x10, 0x1c, 0xcf, 0x59, 0xa1,
    0x16, 0x0, 0x9, 0x16, 0x0, 0x9, 0x17, 0x70,
    0x5e, 0xee, 0x0, 0x5e, 0xee, 0x0, 0x5e, 0xef,
    0x20, 0x7, 0x10, 0x1, 0x80, 0x22, 0x0, 0x30,
    0x7, 0xfc, 0xc0, 0x2, 0x0, 0x98, 0x0, 0x40,
    0x1f, 0xf1, 0x0, 0x4, 0x2, 0x20, 0x0, 0x80,
    0x7f, 0xc2, 0x4, 0x1, 0x84, 0x8, 0x3, 0xff,
    0x81, 0xc0, 0xc0, 0x1b, 0x81, 0x80, 0x3f, 0xf8,
    0x14, 0x5c, 0x1, 0xa8, 0xb8, 0x3, 0xe0,

    /* U+E0F0 "" */
    0x0, 0xff, 0xed, 0x6e, 0x80, 0x3f, 0xf9, 0x64,
    0x58, 0x3, 0xff, 0xee, 0xf2, 0x1, 0xc4, 0x22,
    0x20, 0xe, 0x98, 0x0, 0xfd, 0xd, 0x80, 0x1d,
    0xdc, 0x0, 0xeb, 0x67, 0x0, 0xfd, 0x0, 0x74,
    0x1, 0xfe, 0xa4, 0x8, 0x0, 0xfc, 0xf0, 0x1,
    0xc6, 0xcc, 0x30, 0x8, 0x42, 0x1c, 0x3, 0xf9,
    0xf6, 0x81, 0x37, 0x26, 0x59, 0xa8, 0x17, 0xae,
    0x1, 0xff, 0x10, 0x2d, 0x90, 0x8, 0x80, 0xad,
    0x40, 0x80, 0x3f, 0xf8, 0x23, 0x40, 0x59, 0xdc,
    0xc2, 0xa, 0x10, 0xf, 0xfe, 0x13, 0x0, 0x30,
    0xc0, 0x7, 0xe0, 0x6, 0x0, 0xfa, 0x3f, 0xe8,
    0x0, 0x60, 0x28, 0x80, 0x62, 0x50, 0xc0, 0x4,
    0x7f, 0xd0, 0x60, 0x11, 0x80, 0x1c, 0x34, 0x3,
    0xda, 0xe, 0x0, 0x30, 0x8, 0xee, 0xab, 0x0,
    0x3a, 0x5c, 0x3, 0xcf, 0x3c, 0x0, 0xba, 0xac,
    0xa, 0xb0, 0x80, 0x9, 0x80, 0x3f, 0x31, 0x0,
    0x4a, 0xb0, 0x89, 0x57, 0xff, 0x98, 0x15, 0x5f,
    0xfc, 0xdb, 0x30, 0xf, 0xfe, 0x61, 0xc7, 0xff,
    0xff, 0x32, 0x0, 0x3f, 0xf9, 0xc2, 0xcd, 0xff,
    0xcc, 0x1a, 0x99, 0xff, 0xe6, 0x56, 0x11, 0x7f,
    0xf3, 0x34,

    /* U+E0F1 "" */
    0x0, 0xfe, 0x15, 0x67, 0x63, 0x0, 0xff, 0xe2,
    0x36, 0x75, 0x4c, 0x4e, 0x7d, 0x20, 0x7, 0xfc,
    0x9d, 0x26, 0x1, 0x8, 0x4, 0xb7, 0x61, 0x0,
    0xfc, 0xf6, 0x20, 0xb7, 0xfe, 0xef, 0xd9, 0x20,
    0x4f, 0x30, 0xf, 0x3c, 0x1, 0xed, 0x20, 0x6,
    0x26, 0xd8, 0x1, 0xd2, 0x0, 0xc9, 0x0, 0x98,
    0x40, 0x1f, 0xcf, 0x60, 0x3e, 0x1, 0xa8, 0xe,
    0xc0, 0x3f, 0xf8, 0x9, 0x60, 0x50, 0x0, 0x71,
    0xf, 0x0, 0xff, 0xe1, 0x23, 0x3, 0x88, 0x50,
    0x29, 0x80, 0x7f, 0xf0, 0xe0, 0x0, 0xe2, 0x41,
    0xc0, 0x1f, 0xfc, 0x41, 0x40, 0xc5, 0x0, 0x20,
    0x7, 0xff, 0x14, 0xc1, 0xc8, 0x4, 0x3, 0xff,
    0x8d, 0xc0, 0x60, 0x1f, 0xfc, 0x93, 0x0, 0xc3,
    0xba, 0xc9, 0x10, 0xf, 0xe4, 0xbd, 0xd5, 0x80,
    0x71, 0x10, 0xdb, 0xc8, 0x3, 0xe7, 0xb4, 0x22,
    0x8, 0x6, 0x17, 0x78, 0x6, 0x0, 0x3e, 0x80,
    0x37, 0x72, 0x80, 0x63, 0x88, 0xc0, 0x80, 0x1e,
    0x30, 0x6, 0xc4, 0x3c, 0x3, 0xf0, 0x80, 0x7e,
    0x70, 0xf, 0xfe, 0xb1, 0x80, 0x7f, 0xf3, 0xc4,
    0x3, 0xff, 0x84, 0x60, 0x5, 0x1, 0xb7, 0x74,
    0x2, 0x80, 0x79, 0x40, 0x1a, 0xee, 0x80, 0x53,
    0x50, 0x48, 0x80, 0x2, 0x40, 0x3c, 0x2e, 0x7,
    0x10, 0x10, 0x80, 0xa8, 0x22, 0x97, 0x48, 0x3,
    0xe8, 0xa3, 0x22, 0x26, 0x18,

    /* U+E0F2 "" */
    0x0, 0xe2, 0x67, 0x72, 0x0, 0x79, 0x1d, 0xca,
    0x40, 0x1f, 0x8e, 0xf6, 0x62, 0x17, 0xcc, 0x0,
    0x7f, 0xb8, 0x85, 0x6e, 0x18, 0x7, 0x2e, 0x20,
    0x0, 0x40, 0x3, 0x39, 0x88, 0x0, 0x9, 0x0,
    0xf, 0x18, 0x2, 0x4a, 0x1, 0xaf, 0xef, 0xc4,
    0x3, 0x30, 0x36, 0xf6, 0xfd, 0x8, 0x4a, 0x0,
    0x24, 0xb, 0xd4, 0x2, 0x3b, 0x90, 0x4, 0xc8,
    0x80, 0x25, 0xf2, 0xa, 0x5, 0x20, 0xe1, 0x0,
    0xf3, 0x7f, 0x98, 0x3, 0xc3, 0xe0, 0x2b, 0xe0,
    0x66, 0x0, 0xff, 0xe3, 0x12, 0x7, 0xb0, 0x20,
    0x7, 0xff, 0x20, 0xc1, 0x80, 0x3f, 0xf9, 0xcc,
    0x6, 0x1, 0xff, 0xc8, 0x40, 0x6f, 0x4, 0x20,
    0xf, 0xfe, 0x31, 0x98, 0x3d, 0x44, 0x38, 0x3,
    0xff, 0x8d, 0xc0, 0x2a, 0x16, 0x7, 0x40, 0x1f,
    0xfc, 0x4a, 0x20, 0xa0, 0x2, 0xb8, 0x2c, 0x80,
    0x7f, 0xf0, 0xa5, 0x41, 0xd0, 0x2, 0x85, 0x6,
    0x90, 0xf, 0xfe, 0x5, 0x30, 0x2c, 0x0, 0x75,
    0x28, 0x35, 0x0, 0x7f, 0xa9, 0x41, 0x68, 0x3,
    0xea, 0x60, 0x5b, 0x0, 0xfd, 0x6a, 0xd, 0x40,
    0x1f, 0xd2, 0xc0, 0x96, 0x1, 0xeb, 0x40, 0x69,
    0x0, 0xff, 0xa5, 0xc1, 0x30, 0x3, 0x62, 0x3,
    0xc8, 0x7, 0xff, 0x6, 0x1c, 0xf, 0x4, 0x58,
    0x61, 0x10, 0x0, 0xff, 0xe1, 0xc4, 0x0, 0xfb,
    0x86, 0x10, 0xe0, 0x1f, 0xfc, 0x57, 0x90, 0xd,
    0x2e, 0x1, 0xff, 0xc7, 0x6e, 0x99, 0x73, 0x0,
    0x7f, 0x80,

    /* U+E0F4 "" */
    0x0, 0xff, 0xe0, 0xab, 0x80, 0x7f, 0xf2, 0x9e,
    0xa0, 0xc0, 0x3f, 0xf9, 0xf, 0x0, 0x66, 0x0,
    0xff, 0xe3, 0xbc, 0x1, 0xe0, 0x7, 0xff, 0x1d,
    0xe0, 0xf, 0x0, 0x3f, 0xf8, 0xef, 0x0, 0x78,
    0x1, 0xff, 0xc7, 0x58, 0x3, 0xc0, 0xf, 0xfe,
    0x44, 0x1, 0xe0, 0x7, 0xff, 0x24, 0x82, 0x0,
    0x3f, 0xf9, 0x26, 0x0, 0xf0, 0xf, 0xfe, 0x9,
    0x80, 0x78, 0xf4, 0x0, 0x94, 0x1, 0xff, 0x5e,
    0x38, 0x6, 0x3d, 0x10, 0x50, 0x5a, 0x0, 0xfe,
    0xb4, 0x2, 0x0, 0x8f, 0x44, 0x32, 0x98, 0x16,
    0x80, 0x3e, 0xb4, 0x8, 0x50, 0x1, 0xe8, 0x86,
    0x18, 0x4b, 0x2, 0xd0, 0x7, 0x5a, 0x3, 0xb8,
    0x0, 0x7a, 0x21, 0x86, 0x1, 0x4b, 0x2, 0xd8,
    0x5, 0x88, 0xf, 0x0, 0x2, 0xd1, 0xc, 0x30,
    0xe, 0x96, 0x4, 0xb4, 0xc3, 0x7, 0x80, 0xb,
    0x84, 0x30, 0xc0, 0x3e, 0x95, 0x4, 0xb3, 0x7,
    0x80, 0xc, 0x21, 0x6, 0x1, 0xf8, 0xd0, 0x2,
    0x19, 0x80, 0xf, 0x84, 0x3, 0xf1, 0xe8, 0x86,
    0x77, 0x18, 0x3, 0xf4, 0xff, 0xfe, 0xc1, 0xc,
    0x31, 0x0, 0xfc, 0x20, 0x1f, 0xf0, 0xe1, 0x80,
    0x7f, 0xb6, 0x67, 0xfe, 0xc3, 0x0, 0xff, 0x80,

    /* U+E0F5 "" */
    0x0, 0xff, 0x2d, 0xe4, 0x88, 0x7, 0xff, 0x1a,
    0x69, 0xd, 0xbc, 0xc0, 0x3f, 0xf8, 0x96, 0xc0,
    0x4c, 0x3, 0x8a, 0x1, 0xff, 0xc1, 0x1d, 0x40,
    0x5d, 0x9c, 0x10, 0xa7, 0x0, 0xff, 0x8f, 0xc8,
    0x22, 0x80, 0x7, 0xe4, 0x11, 0x40, 0x1f, 0xc9,
    0x82, 0x14, 0xe0, 0x18, 0x75, 0x1, 0x70, 0x40,
    0x3c, 0xd6, 0x3, 0x8a, 0x1, 0xf5, 0xb8, 0x1e,
    0x10, 0x6, 0x99, 0x1, 0xf9, 0x80, 0x7f, 0x44,
    0x81, 0x61, 0x80, 0x25, 0x81, 0x70, 0x40, 0x3f,
    0xe6, 0xc1, 0x16, 0x19, 0x98, 0x1e, 0x80, 0x3f,
    0xf8, 0x47, 0x84, 0x1e, 0xa0, 0x8, 0x0, 0xff,
    0xe2, 0x15, 0x81, 0x80, 0x4, 0x3, 0xc2, 0x45,
    0xc0, 0x1e, 0x30, 0xf, 0xf4, 0xf6, 0xef, 0x71,
    0x80, 0x7f, 0xf0, 0x91, 0x80, 0x3c, 0x3c, 0x1,
    0xff, 0xc2, 0x10, 0x1d, 0xdd, 0x0, 0x60, 0x1f,
    0xfc, 0x52, 0x2e, 0x0, 0xff, 0xff, 0x80, 0x7f,
    0xfa, 0x8c, 0x4, 0x80, 0x3f, 0xf8, 0xba, 0x2,
    0x80, 0xd, 0xed, 0xd5, 0x80, 0xee, 0xeb, 0x1,
    0xdd, 0xb9, 0xc1, 0xc6, 0xc0, 0x2, 0x44, 0x10,
    0x1, 0x16, 0x10, 0x1, 0x14, 0x20, 0x92, 0x9,
    0xd5, 0x33, 0xff, 0xc5, 0xcb, 0x0,

    /* U+E0F6 "" */
    0x0, 0xa, 0xb3, 0x7f, 0xf1, 0x50, 0x2, 0x4e,
    0xa9, 0x9f, 0xfe, 0x2d, 0xe0, 0xd, 0x80, 0x4,
    0x7f, 0xf8, 0xa0, 0x72, 0x80, 0xd, 0xee, 0xff,
    0xe2, 0xb0, 0x39, 0x80, 0x90, 0x7, 0xff, 0x17,
    0x0, 0x40, 0x3c, 0x77, 0xda, 0xe0, 0x1f, 0xfc,
    0x62, 0xc4, 0x12, 0x88, 0x0, 0x7f, 0xf1, 0x6c,
    0x0, 0xa4, 0xe, 0x1, 0xff, 0xc5, 0x20, 0x5a,
    0xe0, 0x1, 0x0, 0x7f, 0xf1, 0x8, 0x16, 0xb8,
    0x0, 0x40, 0x1f, 0xfc, 0x4b, 0x0, 0x29, 0x3,
    0x80, 0x49, 0x9d, 0x88, 0x1, 0xfc, 0x58, 0x80,
    0x51, 0x0, 0x3, 0x59, 0x89, 0xdb, 0x80, 0x7f,
    0x1d, 0xfe, 0xb8, 0x1, 0xa4, 0xa, 0x8, 0x22,
    0x40, 0x3f, 0xf8, 0x4f, 0x20, 0x58, 0xf8, 0x60,
    0x60, 0x1f, 0xfc, 0x17, 0x80, 0x3c, 0x10, 0x1c,
    0x30, 0xf, 0xfe, 0xc, 0x40, 0xf, 0x44, 0x3,
    0x62, 0x0, 0x7f, 0xd0, 0xe0, 0x78, 0x20, 0x1e,
    0xe0, 0xf, 0xf4, 0x38, 0x26, 0x0, 0x7f, 0xf1,
    0xa5, 0xc1, 0x2c, 0x3, 0xff, 0x8d, 0x2c, 0x9,
    0x60, 0x1f, 0xfc, 0x13, 0x1, 0x20, 0x96, 0x5,
    0xb0, 0xf, 0xfb, 0x40, 0x50, 0x1, 0xbc, 0xc0,
    0x4, 0xdd, 0xff, 0x77, 0x1c, 0x1c, 0x6c, 0x0,
    0x20, 0x10, 0x91, 0x7f, 0x84, 0x40, 0x92, 0x9,
    0xd5, 0x33, 0xff, 0xc5, 0xcb, 0x0,

    /* U+E0F9 "" */
    0x0, 0xfe, 0x59, 0xbd, 0xd6, 0x4b, 0x8, 0x7,
    0xff, 0x8, 0x67, 0xe9, 0x90, 0x88, 0x6d, 0x3d,
    0x24, 0x1, 0xff, 0x37, 0x30, 0x0, 0xda, 0x20,
    0xc6, 0x0, 0x6d, 0x50, 0xf, 0xe9, 0x90, 0x2,
    0x3b, 0x25, 0xdd, 0x39, 0xce, 0x0, 0xa9, 0x0,
    0xfa, 0x58, 0x13, 0x9c, 0x40, 0x3c, 0x31, 0xc6,
    0xd, 0x20, 0x1c, 0xcc, 0x5, 0xb1, 0x0, 0xff,
    0xe, 0x28, 0x33, 0x0, 0x21, 0x80, 0x3a, 0x0,
    0xff, 0xe1, 0x52, 0x4, 0x8, 0x2, 0x4, 0x34,
    0x3, 0xea, 0xb0, 0xf, 0xa8, 0x6, 0x0, 0xc,
    0xe, 0x20, 0x1e, 0x15, 0x41, 0x0, 0xf0, 0xb8,
    0x30, 0x28, 0x2, 0x80, 0x3e, 0x1b, 0xc1, 0x0,
    0xfa, 0x40, 0xb, 0xa0, 0x44, 0x0, 0xfc, 0x86,
    0x1, 0xf8, 0x48, 0x34, 0xc1, 0xc0, 0x3f, 0xf9,
    0xe, 0x6, 0xc0, 0x40, 0x1f, 0x87, 0xb8, 0x20,
    0x1f, 0x88, 0x1c, 0x3, 0xfe, 0x31, 0x11, 0x80,
    0x7f, 0xcc, 0x4, 0x1, 0xff, 0xc8, 0x20, 0x73,
    0x7, 0x0, 0xff, 0xe4, 0x38, 0x1e, 0x81, 0x10,
    0x3, 0xff, 0x8c, 0x44, 0xd, 0x51, 0xa, 0x0,
    0xff, 0xe3, 0x58, 0x1, 0x41, 0xc1, 0xc8, 0x3,
    0xc4, 0xaa, 0x20, 0xf, 0x13, 0x3, 0x0, 0x20,
    0x1, 0xc0, 0x1f, 0x55, 0x0, 0x3e, 0xe0, 0x4,
    0x0, 0x6, 0x40, 0xe8, 0x3, 0xff, 0x85, 0x46,
    0x12, 0x20, 0x13, 0x30, 0x17, 0x4, 0x3, 0xfc,
    0x38, 0xa0, 0xec, 0x1, 0xd2, 0xa0, 0x7d, 0x2,
    0x1, 0xe1, 0x8e, 0x30, 0x78, 0x0, 0xfa, 0xa4,
    0x0, 0xfd, 0xb3, 0x10, 0x9c, 0xe7, 0x1, 0x98,
    0x0, 0xfe, 0x6d, 0x60, 0x1, 0x33, 0xb9, 0x8c,
    0x0, 0xde, 0xc0, 0x1f, 0xf1, 0x4f, 0x53, 0x21,
    0x10, 0xda, 0xba, 0x44, 0x3, 0xc0,

    /* U+E0FD "" */
    0x0, 0xff, 0xe5, 0x26, 0x18, 0x7, 0xff, 0x29,
    0x2c, 0xe8, 0x3, 0xff, 0x92, 0xb6, 0x5, 0x0,
    0x1f, 0xfc, 0x85, 0xa0, 0x7, 0x88, 0x7, 0xff,
    0x1d, 0x68, 0x2, 0x80, 0xf, 0xfe, 0x3a, 0xd0,
    0x12, 0x82, 0xc8, 0x7, 0xff, 0x15, 0x68, 0xb,
    0x29, 0x41, 0x8c, 0x3, 0xff, 0x86, 0xb4, 0x3,
    0x82, 0x1e, 0x0, 0x70, 0xf, 0xfe, 0x12, 0xd0,
    0x0, 0x58, 0x16, 0x80, 0x90, 0x3, 0x85, 0x5d,
    0x90, 0x2, 0x5a, 0x2, 0x30, 0x8a, 0xa0, 0x16,
    0x0, 0x62, 0xbe, 0xa8, 0x9b, 0xe7, 0x6a, 0x2,
    0xcc, 0x18, 0x28, 0x16, 0x8, 0x4, 0xba, 0x80,
    0x1, 0x10, 0xc, 0x48, 0x16, 0x8, 0x62, 0x8a,
    0x60, 0x80, 0x49, 0x40, 0x33, 0xfd, 0xcd, 0x50,
    0xb, 0x4, 0x2, 0xae, 0xb1, 0x0, 0xd4, 0x5,
    0xec, 0x1, 0x15, 0x40, 0x1, 0x0, 0x3f, 0xe5,
    0x10, 0xe1, 0x0, 0xf3, 0xa0, 0x40, 0x7, 0xfd,
    0xe0, 0x66, 0x0, 0xfd, 0xe0, 0x42, 0x1, 0xfe,
    0x60, 0x50, 0xf, 0xe5, 0x0, 0x10, 0x7, 0xff,
    0x0, 0x40, 0x3f, 0xf8, 0xe, 0x1, 0xfe, 0x60,
    0x30, 0xf, 0xe2, 0x0, 0x30, 0x7, 0xfb, 0x1,
    0x8, 0x3, 0xf4, 0x81, 0x10, 0x3, 0xfc, 0xe2,
    0x1c, 0x1, 0xf2, 0xa8, 0x28, 0x3, 0xfe, 0x1b,
    0x3, 0xc3, 0x0, 0xcf, 0x40, 0x4e, 0x1, 0xff,
    0xc0, 0x57, 0x3, 0xcd, 0xbc, 0xf8, 0x2, 0xc0,
    0xf, 0xfe, 0x14, 0x50, 0x81, 0x21, 0x80, 0x1b,
    0x4, 0x3, 0xff, 0x86, 0xbd, 0x6e, 0xad, 0x3d,
    0x22, 0x1, 0xff, 0xc1,

    /* U+E0FE "" */
    0x0, 0xf4, 0x6e, 0x10, 0x7, 0xff, 0x29, 0x88,
    0xd0, 0x3, 0xff, 0x95, 0xb1, 0x2c, 0x1, 0xff,
    0xc4, 0x15, 0x5e, 0x62, 0x35, 0x5f, 0x20, 0x7,
    0xfa, 0xab, 0xff, 0x87, 0x6c, 0x1, 0xfc, 0x60,
    0x1f, 0xfc, 0x35, 0x0, 0xfe, 0x8f, 0xff, 0xe7,
    0x0, 0x5f, 0xf8, 0xc0, 0x3f, 0xf8, 0x3, 0x70,
    0x1, 0x1b, 0x83, 0x20, 0x7, 0xff, 0xd, 0x51,
    0xe8, 0xf, 0x0, 0x64, 0x3, 0xff, 0x88, 0x8a,
    0xb, 0x78, 0x0, 0xd0, 0xf, 0xfe, 0x35, 0x28,
    0x20, 0x3, 0xc, 0x3, 0xff, 0x8f, 0x20, 0x12,
    0x18, 0x7, 0xc2, 0x1, 0xff, 0x1e, 0x0, 0x49,
    0x40, 0x1e, 0x3e, 0xc0, 0xf, 0xe3, 0xc0, 0x6,
    0x28, 0x2d, 0x0, 0x74, 0x1, 0xa8, 0x7, 0xc5,
    0x80, 0xc, 0x3a, 0x50, 0x59, 0x0, 0x8d, 0x0,
    0x10, 0x1, 0xf2, 0x0, 0x30, 0xc0, 0x14, 0xa0,
    0xe0, 0x14, 0x0, 0x81, 0x28, 0x7, 0x9a, 0x74,
    0xc0, 0x35, 0x4e, 0x80, 0xd, 0x2, 0x10, 0x20,
    0x3, 0xe6, 0x20, 0xf, 0x31, 0x80, 0x20, 0x5,
    0xa0, 0x9, 0x40, 0x3f, 0xf8, 0xa6, 0x80, 0xc4,
    0x26, 0x10, 0x1, 0xff, 0xc5, 0x80, 0x3, 0xee,
    0x8c, 0x9, 0x40, 0x3f, 0xf8, 0x66, 0x80, 0x1f,
    0xa0, 0x3, 0xff, 0x87, 0x0, 0x5b, 0xbd, 0x60,
    0x4a, 0x1, 0xff, 0xc1, 0x34, 0xb, 0x22, 0xe4,
    0x40, 0x40, 0x7, 0xff, 0x6, 0x0, 0x98, 0x3,
    0xd0, 0x4, 0xa0, 0x1f, 0xf0, 0xa0, 0x58, 0x7,
    0xc6, 0x81, 0x20, 0x1f, 0xf0, 0xaa, 0x98, 0x3,
    0xf4, 0x9d, 0x0,

    /* U+E0FF "" */
    0x3, 0x66, 0xf8, 0x3, 0x91, 0x9b, 0xca, 0x0,
    0x5c, 0x99, 0xfb, 0x40, 0x28, 0xb9, 0x9f, 0x56,
    0x84, 0x0, 0x91, 0x70, 0x12, 0x80, 0x1c, 0x4,
    0x8b, 0x80, 0x90, 0x1, 0x1b, 0xbc, 0x20, 0x60,
    0x1a, 0xb7, 0x78, 0x40, 0x40, 0x3f, 0xff, 0xe0,
    0x1f, 0xfc, 0xbc, 0x55, 0xe1, 0x0, 0xf6, 0x2a,
    0xf0, 0x80, 0x18, 0x16, 0xab, 0x80, 0xa, 0x0,
    0x20, 0x7a, 0xae, 0x0, 0x3d, 0x20, 0x7, 0x86,
    0xc, 0x1, 0xc6, 0x1, 0xe1, 0x92, 0x1b, 0xff,
    0xf7, 0x38, 0x4, 0x79, 0xff, 0xee, 0x60, 0xf,
    0xfe, 0x68, 0xdf, 0xff, 0xb9, 0x80, 0x22, 0xce,
    0xff, 0xee, 0x50, 0xb4, 0x0, 0xf0, 0xc9, 0x80,
    0x3c, 0xc4, 0x3, 0x86, 0x89, 0xc1, 0x6a, 0xb8,
    0x0, 0xa0, 0x2, 0x7, 0xaa, 0xe0, 0x3, 0x80,
    0x31, 0x57, 0x84, 0x3, 0xd8, 0xab, 0xc2, 0x1,
    0xff, 0xff, 0x0, 0xff, 0xe6, 0xe3, 0x37, 0x8,
    0x7, 0xb5, 0x9b, 0x84, 0x0, 0x80, 0xb3, 0x3c,
    0x0, 0x40, 0x1, 0x83, 0x4c, 0xf0, 0x1, 0xe5,
    0x48, 0x44, 0x45, 0x1d, 0x10, 0x3, 0x90, 0x8a,
    0x11, 0x11, 0xd9, 0x0,

    /* U+E102 "" */
    0x0, 0xff, 0xe2, 0x2c, 0xdd, 0xa0, 0x80, 0x3f,
    0xf8, 0xc9, 0xb4, 0xc8, 0x87, 0xda, 0x0, 0xff,
    0xe2, 0x35, 0x90, 0x1a, 0xa8, 0x0, 0xb8, 0x1,
    0xff, 0xc2, 0x69, 0x2, 0xcc, 0x55, 0x3d, 0xc0,
    0xe8, 0x3, 0xff, 0x80, 0x92, 0x5, 0x86, 0x1,
    0xa1, 0xc1, 0x48, 0x3, 0xff, 0x82, 0x78, 0x20,
    0x1e, 0x81, 0xa, 0x0, 0xff, 0x93, 0xb0, 0x40,
    0x3f, 0x20, 0x18, 0x7, 0xff, 0x0, 0x40, 0x3f,
    0xc6, 0xe, 0x1, 0xf9, 0x22, 0xa5, 0x84, 0x3,
    0xf9, 0x41, 0x40, 0x3c, 0x9b, 0x6e, 0xad, 0x3c,
    0xe0, 0x1f, 0x11, 0x86, 0x0, 0x73, 0x59, 0x1,
    0x21, 0x80, 0x22, 0x80, 0x38, 0x7c, 0x9, 0x40,
    0x33, 0x48, 0x16, 0x6d, 0xe7, 0x20, 0x2a, 0x80,
    0x21, 0xc2, 0x9, 0x0, 0xcf, 0x20, 0x78, 0x60,
    0x10, 0xdb, 0xb, 0x0, 0x7, 0x8, 0x25, 0x0,
    0x26, 0x80, 0x3d, 0x10, 0x3e, 0x90, 0x4, 0xf1,
    0x80, 0xe1, 0x4, 0xb0, 0x4, 0xb2, 0x7, 0xa2,
    0x0, 0x51, 0x6a, 0x10, 0x8, 0xf0, 0x82, 0x58,
    0x3, 0x58, 0x16, 0x88, 0x4, 0xca, 0xb, 0xd9,
    0x7b, 0x84, 0x12, 0xc0, 0x19, 0x84, 0x3c, 0x40,
    0x3a, 0xa0, 0x0, 0x68, 0x40, 0x56, 0xc0, 0x1d,
    0x80, 0x84, 0x1, 0xf3, 0xf4, 0xb2, 0xbd, 0xea,
    0x0, 0x79, 0x80, 0x80, 0x3f, 0x85, 0xa6, 0xa1,
    0x0, 0x3f, 0x38, 0x18, 0x7, 0xf8, 0x40, 0x3f,
    0xf8, 0x6, 0x8, 0x1, 0xf8, 0x77, 0x90, 0x3,
    0xfe, 0xb0, 0x17, 0x0, 0xf0, 0xe1, 0x3, 0x80,
    0x7f, 0xc6, 0xa1, 0xe, 0x1, 0x8f, 0x8, 0x28,
    0xc0, 0x3f, 0xf8, 0x16, 0x61, 0x1d, 0x53, 0x98,
    0x20, 0xa5, 0x0, 0xff, 0xe0, 0x8e, 0xa8, 0xa,
    0xb1, 0x81, 0x5a, 0x80, 0x7f, 0xf0, 0xc6, 0xb5,
    0xd5, 0x1a, 0xf5, 0x0, 0x3f, 0xf8, 0x40,

    /* U+E106 "" */
    0x4, 0x0, 0xe5, 0x5f, 0xfe, 0x1a, 0x4, 0x5c,
    0x0, 0x55, 0x5f, 0xfc, 0x4b, 0xae, 0x1d, 0x0,
    0xb4, 0x3, 0xff, 0x89, 0xad, 0xca, 0x1, 0x3f,
    0xff, 0xff, 0x11, 0xc0, 0x3f, 0xff, 0xe0, 0x1f,
    0xfc, 0xa1, 0x0, 0xe1, 0x11, 0x17, 0xff, 0x8,
    0x1b, 0xa4, 0x2, 0x8e, 0xe6, 0xef, 0xff, 0xa,
    0x0, 0x3f, 0xf9, 0x8d, 0xd2, 0x1, 0x46, 0xef,
    0xff, 0x12, 0x0, 0x40, 0x38, 0x8b, 0xff, 0x88,
    0x1, 0xff, 0xff, 0x0, 0xff, 0xe5, 0x2f, 0x28,
    0x4, 0xdf, 0xff, 0xfc, 0x46, 0xd1, 0xd0, 0xb,
    0x0, 0x3f, 0xf8, 0x9f, 0x17, 0x0, 0x15, 0x57,
    0xff, 0x16, 0x40,

    /* U+E109 "" */
    0x0, 0xff, 0xe0, 0x54, 0x80, 0x7f, 0xf2, 0xc9,
    0x58, 0x80, 0x3f, 0xfb, 0xaa, 0x40, 0x1f, 0xfc,
    0x22, 0x50, 0xf, 0x96, 0xb0, 0xc0, 0x3f, 0xf8,
    0x7, 0xb4, 0xa0, 0x1e, 0x71, 0x16, 0x18, 0x7,
    0xf8, 0xf0, 0x5, 0xc0, 0x3c, 0x5a, 0x0, 0xd3,
    0x0, 0x18, 0x88, 0xc0, 0x7, 0x80, 0xd, 0x20,
    0xf, 0x8f, 0x0, 0x74, 0x40, 0x7b, 0x82, 0x3,
    0xa0, 0x38, 0x60, 0x1f, 0xc7, 0x82, 0x23, 0x0,
    0xf1, 0x88, 0xb4, 0xc0, 0x3f, 0xe3, 0xfd, 0x20,
    0xf, 0x16, 0xf9, 0x80, 0x7f, 0xf0, 0x44, 0x80,
    0x3f, 0x10, 0x80, 0x7e, 0x12, 0x2c, 0x1, 0xff,
    0xc2, 0x22, 0xe0, 0x9e, 0xdd, 0xdc, 0x1, 0xff,
    0xc0, 0xed, 0xde, 0x93, 0x0, 0xff, 0xe6, 0x1d,
    0x6e, 0xf7, 0x80, 0x7f, 0xf0, 0x3f, 0x77, 0xa8,
    0x8, 0xb8, 0x40, 0x3f, 0xf8, 0x2, 0x45, 0xc0,
    0x1f, 0x84, 0x80, 0x3f, 0x10, 0x80, 0x7f, 0xf0,
    0x4f, 0xf4, 0x80, 0x3c, 0x5b, 0xe6, 0x1, 0xff,
    0x1e, 0x8, 0x8c, 0x3, 0xc6, 0x22, 0xd3, 0x0,
    0xfe, 0x3c, 0x1, 0xd1, 0x1, 0xee, 0x8, 0xe,
    0x80, 0xe1, 0x80, 0x7c, 0x5a, 0x0, 0xd3, 0x0,
    0x18, 0x88, 0xc0, 0x7, 0x80, 0xd, 0x20, 0xf,
    0x38, 0x8b, 0xc, 0x3, 0xfc, 0x78, 0x2, 0xe0,
    0x1e, 0x5a, 0xc3, 0x0, 0xff, 0xe0, 0x1e, 0xd2,
    0x80, 0x7c, 0xa4, 0x1, 0xff, 0xc2, 0x25, 0x0,
    0xff, 0xee, 0x92, 0xa8, 0x80, 0x3f, 0xe0,

    /* U+E10A "" */
    0x0, 0xfe, 0x25, 0x77, 0x29, 0x80, 0x7f, 0xf0,
    0xc6, 0x3b, 0x6a, 0x21, 0x59, 0xc6, 0x1, 0xff,
    0xc0, 0x6e, 0x71, 0x0, 0x8, 0x80, 0x2, 0xa0,
    0x1f, 0xf5, 0x48, 0x1, 0xaf, 0xfb, 0x9f, 0x96,
    0xc0, 0x1f, 0xeb, 0x50, 0x4e, 0x94, 0x0, 0xc6,
    0x80, 0x1f, 0xe8, 0x40, 0x6b, 0x10, 0xf, 0xfe,
    0x29, 0x38, 0x2c, 0x80, 0x7f, 0xf1, 0xec, 0x6,
    0xc0, 0x3f, 0xf9, 0xc, 0xc, 0x20, 0x1f, 0xfc,
    0x73, 0x0, 0x50, 0x7, 0xff, 0x21, 0x0, 0x48,
    0x3, 0xff, 0x8c, 0x21, 0xe0, 0x60, 0x1f, 0xfc,
    0x65, 0xe9, 0x0, 0x8, 0x7, 0xff, 0x1b, 0x0,
    0xbc, 0x8, 0x3, 0xff, 0x8c, 0x40, 0x28, 0x2,
    0x40, 0x1f, 0xfc, 0x55, 0xd, 0x30, 0x5, 0x0,
    0x7f, 0xf1, 0x10, 0x41, 0x1, 0x81, 0xc4, 0x3,
    0xff, 0x87, 0x0, 0x66, 0x8, 0x0, 0x50, 0x7,
    0xff, 0x9, 0xcc, 0x24, 0x0, 0x30, 0x9, 0x20,
    0x1f, 0xfc, 0x6, 0x80, 0x55, 0x0, 0x4e, 0xa0,
    0xd6, 0x20, 0x1f, 0xd1, 0x20, 0x56, 0x1, 0xd4,
    0xa0, 0x9d, 0x28, 0x1, 0x8e, 0x39, 0xc0, 0xf0,
    0x40, 0x3d, 0x50, 0x0, 0x6b, 0xfe, 0xdf, 0xc7,
    0x10, 0x7c, 0x10, 0xf, 0xcf, 0xce, 0x40, 0x1,
    0x20, 0x0, 0xb6, 0xc0, 0x7, 0xfc, 0x31, 0xba,
    0xa8, 0x85, 0x6f, 0x49, 0x0, 0x78,

    /* U+E10B "" */
    0x0, 0xfe, 0x6a, 0xcc, 0x52, 0x0, 0x7f, 0xf1,
    0x17, 0xa5, 0x4c, 0xcb, 0x78, 0x40, 0x1f, 0xfc,
    0x16, 0xa1, 0x4, 0x77, 0x10, 0x1e, 0x10, 0x7,
    0xfc, 0x52, 0x5, 0xb7, 0x10, 0xda, 0x1, 0xf0,
    0xf, 0xfa, 0x0, 0x70, 0x80, 0x32, 0xd8, 0x13,
    0x0, 0x7f, 0x94, 0x24, 0x40, 0x3c, 0x88, 0xd,
    0x0, 0xfe, 0x20, 0x2, 0x80, 0x7e, 0xc0, 0x50,
    0xf, 0xe1, 0x0, 0xff, 0x84, 0x3, 0xff, 0x9a,
    0x20, 0x1f, 0xfd, 0x31, 0x54, 0x0, 0x2a, 0xff,
    0x78, 0x1, 0x50, 0x3, 0x3f, 0x54, 0x0, 0x22,
    0xab, 0xf3, 0x0, 0x2a, 0xf8, 0xc1, 0x60, 0x3,
    0xff, 0x8e, 0x3a, 0x12, 0x9, 0xff, 0xff, 0xc5,
    0xc0, 0x15, 0x10, 0xc0, 0xf, 0xfe, 0x29, 0x88,
    0x18, 0x7, 0xff, 0xfc, 0x3, 0xff, 0xfe, 0x1,
    0xff, 0xdb, 0x10, 0x3, 0x84, 0xbb, 0x37, 0xff,
    0x12, 0x80, 0xb, 0x0, 0x31, 0x33, 0xff, 0xc4,
    0x50, 0x53, 0x2c, 0x41, 0x18, 0x3, 0xff, 0x80,
    0x22, 0x28, 0xa0,

    /* U+E10C "" */
    0x0, 0xfc, 0x2d, 0x7b, 0x92, 0x80, 0x1f, 0xfc,
    0x45, 0xf9, 0x42, 0x36, 0xbb, 0x8, 0x7, 0xff,
    0x5, 0xa8, 0x41, 0x5d, 0xc4, 0x9, 0x82, 0x1,
    0xff, 0x14, 0x81, 0x6d, 0x44, 0x36, 0x40, 0xa8,
    0x3, 0xfe, 0x80, 0x1c, 0x20, 0xc, 0xd0, 0x8,
    0x60, 0x1f, 0xe5, 0x9, 0x10, 0xf, 0x38, 0x85,
    0x80, 0x7f, 0x10, 0x1, 0x0, 0x3f, 0x30, 0x78,
    0x7, 0xf0, 0x80, 0x4, 0x3, 0xf4, 0x73, 0x80,
    0x7f, 0xf2, 0x84, 0x3, 0xff, 0xa8, 0x2a, 0x80,
    0x5, 0x5f, 0xfe, 0x9, 0x80, 0x67, 0xea, 0x80,
    0x4, 0x55, 0x7f, 0xf0, 0x33, 0x48, 0x16, 0x0,
    0x3f, 0xf8, 0xe5, 0x81, 0x20, 0x9f, 0xff, 0xfc,
    0x5c, 0x1, 0x51, 0xc, 0x0, 0xff, 0xe2, 0x98,
    0x81, 0x80, 0x7f, 0xff, 0xc0, 0x3f, 0xff, 0xe0,
    0x1f, 0xfd, 0xb1, 0x0, 0x38, 0x4b, 0xb3, 0x7f,
    0xf1, 0x28, 0x0, 0xb0, 0x3, 0x13, 0x3f, 0xfc,
    0x45, 0x5, 0x32, 0xc4, 0x11, 0x80, 0x3f, 0xf8,
    0x2, 0x22, 0x8a, 0x0,

    /* U+E10D "" */
    0x0, 0xff, 0xe1, 0xb, 0x37, 0x84, 0x3, 0xff,
    0x89, 0x53, 0x3e, 0xe4, 0x0, 0xff, 0xe1, 0xe9,
    0x10, 0x46, 0x0, 0x58, 0x7, 0xff, 0xd, 0xb7,
    0x5d, 0xd6, 0x80, 0x14, 0x3, 0xff, 0x90, 0x42,
    0x1, 0xfe, 0x5e, 0x70, 0xf, 0xfe, 0x4e, 0x8c,
    0x40, 0x3, 0xfe, 0x30, 0xf, 0xd0, 0x80, 0xf0,
    0x1, 0xff, 0xc8, 0xb3, 0x7, 0x80, 0xf, 0xfe,
    0x46, 0x18, 0x3c, 0x0, 0x7f, 0x88, 0xbf, 0xde,
    0x40, 0xf0, 0x1, 0xfa, 0x77, 0x7f, 0xd8, 0x40,
    0x7, 0x50, 0xf, 0xfe, 0x9c, 0xee, 0xff, 0xb0,
    0x80, 0xe, 0xa0, 0x1f, 0x88, 0xbf, 0xde, 0x40,
    0xf0, 0x1, 0xff, 0xc6, 0xb3, 0x7, 0x80, 0xf,
    0xfe, 0x35, 0xa0, 0x3c, 0x0, 0x7f, 0xf1, 0xa1,
    0x1, 0xe0, 0x3, 0xff, 0x8f, 0x81, 0x10, 0x0,
    0xff, 0x8c, 0x3, 0xf2, 0x7b, 0x80, 0x7f, 0xf5,
    0x84, 0x3, 0xff, 0x88, 0x2c, 0xd3, 0xba, 0x80,
    0xe, 0x1, 0xff, 0xc2, 0xa9, 0x9a, 0x20, 0xa0,
    0xa4, 0x1, 0xff, 0xc2, 0xd2, 0x2e, 0x38, 0xa0,

    /* U+E10E "" */
    0x0, 0xa, 0xb3, 0x71, 0x0, 0x7f, 0xf0, 0xd3,
    0xaa, 0x67, 0xb8, 0x3, 0xff, 0x84, 0x36, 0x0,
    0x11, 0x88, 0x96, 0x1, 0xff, 0xc2, 0x40, 0x6,
    0xf7, 0x5b, 0xa7, 0x0, 0xff, 0xe1, 0x18, 0x9,
    0x0, 0x7f, 0xf5, 0xc7, 0x6c, 0x3, 0xff, 0x92,
    0x64, 0x98, 0x20, 0x1f, 0xfc, 0x72, 0x90, 0x3d,
    0x10, 0xf, 0xfe, 0x3b, 0x40, 0x1e, 0x88, 0x7,
    0xff, 0x1d, 0xe0, 0xf, 0x44, 0x3, 0xf8, 0x48,
    0xbf, 0x95, 0x80, 0xf4, 0x3, 0xf1, 0xf6, 0xef,
    0xf9, 0x80, 0x7, 0x60, 0x1f, 0x38, 0x7, 0xff,
    0x2d, 0x3b, 0x77, 0xfc, 0xc0, 0x3, 0xb0, 0xf,
    0xc2, 0x45, 0xfc, 0xac, 0x7, 0xa0, 0x1f, 0xfc,
    0x67, 0x80, 0x3d, 0x10, 0xf, 0xfe, 0x2b, 0x40,
    0x1e, 0x88, 0x7, 0xff, 0x14, 0xa4, 0xf, 0x44,
    0x3, 0xff, 0x8c, 0x64, 0x98, 0x20, 0x1f, 0xfc,
    0x71, 0xdb, 0x0, 0xff, 0xe9, 0x28, 0xd, 0x3b,
    0x99, 0xa2, 0x0, 0xff, 0xe1, 0x1a, 0x82, 0xc4,
    0x26, 0x6e, 0x0, 0xff, 0xe1, 0xd4, 0x19, 0x17,
    0x58, 0x7, 0xff, 0x8,

    /* U+E10F "" */
    0x0, 0x1b, 0x37, 0xff, 0x20, 0xc0, 0x2a, 0xc9,
    0x9f, 0xfe, 0x46, 0x50, 0x42, 0x80, 0x42, 0x3f,
    0xfc, 0x40, 0x9, 0x61, 0x41, 0x7f, 0xdd, 0xdf,
    0xfc, 0x4f, 0xf3, 0x3, 0x18, 0x10, 0x7, 0xff,
    0x20, 0x40, 0x40, 0xf, 0x64, 0x1, 0xff, 0xc4,
    0x1b, 0x70, 0xe, 0x4d, 0x70, 0xf, 0xfe, 0x13,
    0x72, 0x0, 0x72, 0x0, 0x23, 0xc, 0x3, 0xfc,
    0x59, 0x20, 0x4, 0x0, 0xdb, 0xca, 0x7, 0x90,
    0x1, 0xfa, 0x34, 0xc1, 0x37, 0x40, 0x1c, 0x35,
    0x41, 0x7, 0xe4, 0x0, 0xc9, 0xae, 0x3, 0x56,
    0x40, 0x1f, 0x97, 0x98, 0x6, 0xe8, 0x45, 0x56,
    0x40, 0xde, 0xa0, 0x1f, 0xfc, 0x9, 0xc3, 0x5,
    0xee, 0x28, 0x16, 0x48, 0x80, 0x7f, 0xf0, 0x8f,
    0x20, 0x3, 0x46, 0x98, 0x7, 0xff, 0x19, 0xfa,
    0xa9, 0xce, 0x1, 0xff, 0xc9, 0x15, 0x50, 0x80,
    0x7f, 0xff, 0xc0, 0x3f, 0xf8, 0x46, 0x18, 0x1,
    0xff, 0xc8, 0xc0, 0x15, 0x5, 0xff, 0xff, 0xe4,
    0x28, 0x34, 0x28, 0x7, 0xff, 0x29, 0x60, 0x2b,
    0x6a, 0x67, 0xff, 0x8d, 0x5b, 0x40,

    /* U+E110 "" */
    0x0, 0xf8, 0x48, 0x3, 0xff, 0x90, 0x75, 0xdb,
    0xa6, 0x0, 0xfc, 0x53, 0x46, 0x1, 0x8e, 0xf1,
    0x40, 0x5, 0x3c, 0xe0, 0x18, 0xef, 0x59, 0x70,
    0x40, 0xab, 0x10, 0x4, 0x0, 0x40, 0x31, 0xce,
    0xb7, 0x88, 0x4, 0x0, 0x45, 0xd5, 0x1, 0x9e,
    0x10, 0xbd, 0x50, 0x18, 0xa4, 0x2, 0x9d, 0x10,
    0x38, 0x1, 0x9e, 0x60, 0xc, 0x55, 0xaa, 0x0,
    0x2a, 0xd6, 0x0, 0xf4, 0x30, 0x7, 0xe2, 0xa1,
    0x8, 0x50, 0xf, 0xff, 0xf8, 0x7, 0xff, 0xfc,
    0x3, 0xff, 0xfe, 0x1, 0xff, 0xe7, 0x31, 0xf,
    0x0, 0xff, 0x18, 0x80, 0x78, 0xef, 0x0, 0xd,
    0xce, 0x1, 0xe3, 0xbc, 0x0, 0x20, 0x3, 0xeb,
    0x10, 0x5, 0x0, 0x63, 0x9c, 0x43, 0x2f, 0x10,
    0xa, 0xc9, 0x81, 0x94, 0x6, 0x7a, 0xf5, 0x40,
    0x60, 0x0, 0xc8, 0x3, 0x3a, 0x81, 0x22, 0x5,
    0x3c, 0xc0, 0x2, 0xad, 0x50, 0xc, 0x53, 0xcc,
    0x1, 0x17, 0x6e, 0x98, 0x3, 0xc5, 0x5b, 0xd,
    0x5a, 0xc0, 0x1c,

    /* U+E111 "" */
    0x0, 0xf8, 0xe2, 0xf3, 0x6e, 0x10, 0x3, 0xff,
    0x80, 0x79, 0x87, 0x43, 0x24, 0x7b, 0xd4, 0x0,
    0xfe, 0x8c, 0x30, 0x15, 0x77, 0x31, 0x1, 0x5c,
    0x80, 0x7d, 0x2e, 0x5, 0x7d, 0x51, 0x9, 0xdb,
    0x20, 0x6a, 0x0, 0xe7, 0x60, 0x5d, 0x40, 0xf,
    0x26, 0xa8, 0x2c, 0x0, 0x43, 0x0, 0x94, 0x1,
    0xfe, 0xa4, 0x7, 0x30, 0x4, 0x0, 0xd0, 0x4,
    0x55, 0xdf, 0x68, 0x1, 0x50, 0x84, 0x0, 0x1c,
    0x24, 0x40, 0x9, 0xaa, 0x20, 0x96, 0xe0, 0x1,
    0x60, 0x41, 0x31, 0x5, 0x0, 0xd, 0x80, 0xc4,
    0x90, 0x41, 0x80, 0x28, 0x0, 0x8a, 0x2, 0x40,
    0x7, 0x0, 0x63, 0xb6, 0x88, 0x50, 0x0, 0x80,
    0x4, 0x0, 0x30, 0xb, 0x80, 0xc8, 0x2, 0x70,
    0x20, 0x8, 0x83, 0xc0, 0x6, 0x1, 0x78, 0x10,
    0x6, 0x50, 0xe, 0x30, 0xf5, 0x1, 0x10, 0x1,
    0x40, 0x68, 0x45, 0x6, 0x1c, 0x0, 0x11, 0x1,
    0x18, 0x1, 0xc0, 0x4, 0xe0, 0xbd, 0xc7, 0x4,
    0x50, 0x3, 0x80, 0x10, 0x14, 0x28, 0x2, 0x87,
    0x0, 0xcd, 0x60, 0x15, 0x1, 0x88, 0x70, 0x1a,
    0x0, 0x51, 0xf9, 0x7d, 0x20, 0x12, 0x18, 0x50,
    0x1, 0x10, 0x12, 0x1, 0xc6, 0x82, 0x1, 0xa4,
    0x5, 0x80, 0x28, 0x2, 0x80, 0xf, 0xf4, 0x10,
    0x58, 0x6, 0x37, 0x7, 0x40, 0xf, 0xc8, 0xe0,
    0xaa, 0x0, 0xe8, 0x30, 0xb2, 0x0, 0xf1, 0x58,
    0xd, 0x80, 0x7d, 0xc2, 0x1e, 0x20, 0x18, 0x7c,
    0x1, 0xa2, 0x1, 0xf1, 0x68, 0x16, 0x8, 0x0,
    0x70, 0x82, 0x8c, 0x3, 0xf8, 0xe8, 0xb, 0x4,
    0x58, 0x41, 0xa, 0x1, 0xff, 0x2d, 0x1, 0x7f,
    0x88, 0x21, 0xc0, 0x3f, 0xf8, 0x2b, 0x60, 0x22,
    0x8, 0x70, 0xf, 0xfe, 0x1a, 0x62, 0x22, 0x9c,
    0x3, 0xf0,

    /* U+E112 "" */
    0x0, 0x1b, 0x36, 0x40, 0xf, 0x85, 0x9b, 0x28,
    0x80, 0x55, 0x93, 0x3a, 0xc8, 0x3, 0xd7, 0x33,
    0xab, 0xd0, 0x1d, 0x40, 0x44, 0x44, 0x32, 0x0,
    0xf7, 0x91, 0x4, 0x40, 0x34, 0x16, 0xb, 0xdc,
    0xdd, 0x60, 0x7, 0xcb, 0xba, 0xee, 0x68, 0xa,
    0x88, 0x68, 0x7, 0xff, 0x14, 0x84, 0xc, 0x0,
    0x20, 0x1f, 0xff, 0x99, 0x57, 0x0, 0xff, 0xe3,
    0x43, 0x31, 0x28, 0x40, 0x3f, 0xf8, 0xcd, 0x20,
    0x1f, 0xff, 0xf0, 0xf, 0xff, 0x19, 0x80, 0x7f,
    0xf1, 0xc4, 0x82, 0xf1, 0x40, 0x3f, 0xf8, 0xdb,
    0xa4, 0x60, 0x30, 0xf, 0xfe, 0x31, 0x1, 0x0,
    0x7f, 0xf3, 0x84, 0x3, 0xff, 0xbc, 0x20, 0x6e,
    0x13, 0xc, 0xd2, 0x0, 0x7c, 0x2c, 0xd3, 0xd8,
    0x1, 0xa0, 0x5, 0xe6, 0x6b, 0x20, 0xf, 0x5c,
    0xcd, 0x8, 0xa, 0x65, 0xaa, 0x45, 0x90, 0x80,
    0x3d, 0xe4, 0x58, 0xe2, 0x80,

    /* U+E113 "" */
    0x0, 0xff, 0xe1, 0x13, 0x37, 0xca, 0x1, 0xff,
    0xc3, 0xf9, 0x9f, 0xa9, 0x40, 0x3f, 0xf8, 0x4a,
    0x45, 0x80, 0x3f, 0xf8, 0xf1, 0xbb, 0x48, 0x7,
    0xff, 0x29, 0x2c, 0x4, 0x3, 0xff, 0x8e, 0x96,
    0x3, 0xa2, 0x1, 0xff, 0xc5, 0x4b, 0x1, 0xc3,
    0x0, 0xff, 0xe2, 0xa5, 0x80, 0xe1, 0x0, 0x7f,
    0xf1, 0x4e, 0xc0, 0x70, 0x80, 0x3f, 0xf8, 0xd8,
    0x3, 0x84, 0x1, 0x31, 0xa0, 0x7, 0xff, 0x4,
    0x87, 0x8, 0x3, 0x46, 0x8, 0x7, 0xff, 0x7,
    0x78, 0x80, 0x3f, 0xfb, 0x85, 0x2, 0x1, 0xff,
    0xc1, 0x25, 0x0, 0xe3, 0xc7, 0x90, 0xf, 0xfe,
    0xf, 0x52, 0x80, 0x47, 0x82, 0x2b, 0x0, 0xff,
    0xe0, 0x88, 0x18, 0x0, 0xf0, 0x1, 0xa6, 0x1,
    0xff, 0xc5, 0x3c, 0x0, 0x61, 0x80, 0x7f, 0xf1,
    0x4f, 0x0, 0x18, 0x60, 0x1f, 0xfc, 0x5c, 0xc0,
    0x3, 0xc, 0x3, 0xff, 0x8c, 0xa0, 0xc, 0x30,
    0xf, 0xfe, 0x4a, 0xa9, 0x98, 0xa0, 0x1f, 0xfc,
    0x75, 0x99, 0xa9, 0x40, 0x3f, 0xf8, 0x4a, 0x45,
    0xf9, 0xc0, 0x3f, 0xf8, 0x40,

    /* U+E114 "" */
    0x0, 0xfe, 0x59, 0xbd, 0xd6, 0x4b, 0x8, 0x7,
    0xff, 0x8, 0x67, 0xe9, 0x90, 0x88, 0x6d, 0x3d,
    0x24, 0x1, 0xff, 0x37, 0x30, 0x0, 0xda, 0x20,
    0xe6, 0x0, 0x6d, 0x50, 0xf, 0xe9, 0x90, 0x1,
    0xfb, 0x25, 0xdd, 0x19, 0xd0, 0x21, 0x52, 0x1,
    0xf4, 0xb0, 0x1f, 0x40, 0x80, 0x78, 0x5f, 0xd0,
    0x1a, 0x40, 0x39, 0x98, 0xb, 0x82, 0x1, 0xfe,
    0x1b, 0x60, 0x66, 0x0, 0x43, 0x0, 0x74, 0x1,
    0xff, 0xc2, 0x95, 0x8, 0x10, 0x4, 0x8, 0x70,
    0x7, 0xff, 0x12, 0xc4, 0x50, 0x0, 0x60, 0x72,
    0x0, 0xcc, 0x20, 0x1c, 0xc2, 0x1, 0xc, 0x83,
    0x2, 0x80, 0x28, 0x3, 0x3c, 0xd8, 0x6, 0x79,
    0xb0, 0xc, 0xe0, 0x5, 0xd0, 0x22, 0x0, 0x64,
    0x2c, 0x0, 0xc8, 0x58, 0x1, 0xc8, 0x1a, 0x60,
    0xe0, 0x1c, 0x7a, 0xc0, 0x18, 0xf5, 0x80, 0x38,
    0xc0, 0xd8, 0x8, 0x3, 0xff, 0x91, 0xe0, 0xe0,
    0x1f, 0xfc, 0xe6, 0x2, 0x0, 0xff, 0xe4, 0x78,
    0x39, 0x83, 0x80, 0x61, 0x66, 0xff, 0x10, 0x6,
    0x40, 0x3d, 0x2, 0x20, 0x5, 0x73, 0x3f, 0xef,
    0x0, 0x84, 0xc3, 0x54, 0x42, 0x80, 0x2f, 0x22,
    0xff, 0x28, 0x4, 0xc0, 0x5, 0x7, 0x7, 0x20,
    0x2, 0xee, 0xff, 0xa0, 0x0, 0x32, 0xc, 0x0,
    0x80, 0x7, 0x0, 0x7f, 0xf1, 0x28, 0x42, 0x0,
    0x3, 0x20, 0x76, 0x1, 0xff, 0xc2, 0x94, 0x9,
    0x10, 0x9, 0x98, 0x9, 0x84, 0x1, 0xfe, 0x1b,
    0x60, 0x76, 0x0, 0xe9, 0x50, 0x3d, 0x81, 0x0,
    0xf0, 0xc7, 0x20, 0x3c, 0x0, 0x7d, 0x52, 0x0,
    0x7e, 0xd9, 0x88, 0x4e, 0x73, 0x80, 0xcc, 0x0,
    0x7f, 0x36, 0xb0, 0x0, 0x99, 0xdc, 0xc6, 0x0,
    0x6f, 0x60, 0xf, 0xf8, 0xa7, 0xa9, 0x90, 0x88,
    0x6d, 0x5d, 0x22, 0x1, 0xe0,

    /* U+E115 "" */
    0x4, 0x55, 0xff, 0xe3, 0x18, 0x4d, 0xd5, 0x7f,
    0xf1, 0xb0, 0xbc, 0x3, 0xff, 0x8e, 0x46, 0xdf,
    0xff, 0xfc, 0x7d, 0x10, 0xf, 0xff, 0xf8, 0x7,
    0xff, 0x8, 0x48, 0xbf, 0xf8, 0xc2, 0x11, 0xdb,
    0xbf, 0xfc, 0x6e, 0x2f, 0x0, 0xff, 0xe3, 0x89,
    0xbe, 0xef, 0xff, 0x1f, 0xc4, 0x8, 0xbf, 0xf8,
    0xe2, 0x1, 0xff, 0xff, 0x0, 0xff, 0xe1, 0x37,
    0xff, 0xff, 0x1f, 0x87, 0xc0, 0x3f, 0xf8, 0xe2,
    0x73, 0x75, 0x5f, 0xfc, 0x5b, 0xd2,

    /* U+E116 "" */
    0x0, 0xfe, 0x38, 0xac, 0xc5, 0x42, 0x0, 0x7f,
    0xf1, 0x6, 0x3b, 0x1d, 0x4c, 0xca, 0xf7, 0xd0,
    0x20, 0x1f, 0xfc, 0x5, 0xf7, 0x10, 0x15, 0x66,
    0x29, 0x0, 0xbf, 0xa8, 0x7, 0xfa, 0x28, 0x41,
    0xb7, 0xaa, 0x65, 0x5b, 0xa7, 0x1, 0xa8, 0x0,
    0xfd, 0xe, 0x5, 0xb2, 0x40, 0x1e, 0x28, 0xd2,
    0x7, 0x80, 0xf, 0x2b, 0x82, 0x69, 0x0, 0x7f,
    0x8b, 0x50, 0x1d, 0x40, 0x30, 0xd8, 0x1d, 0x80,
    0x7f, 0xf0, 0xac, 0x82, 0xc4, 0x2, 0x91, 0xe,
    0x0, 0xff, 0xe2, 0x78, 0xc, 0x80, 0x4e, 0xe,
    0x40, 0x1f, 0xfc, 0x42, 0x70, 0x60, 0x2, 0x0,
    0x28, 0x3, 0xff, 0x8d, 0x40, 0x2a, 0x18, 0x4,
    0x40, 0xf, 0xfe, 0x31, 0x10, 0x34, 0xc, 0x1c,
    0x3, 0xff, 0x90, 0xe0, 0x60, 0xe0, 0x40, 0x1f,
    0xfc, 0x82, 0x7, 0x0, 0xff, 0xe8, 0x38, 0x10,
    0x7, 0xff, 0x20, 0x41, 0xc0, 0xc1, 0xc0, 0x3f,
    0xf9, 0x8, 0x6, 0x1a, 0x4, 0x40, 0xf, 0xfe,
    0x30, 0x90, 0x68, 0x28, 0x1, 0x40, 0x3f, 0xf8,
    0xd2, 0x0, 0x50, 0x2, 0x85, 0x80, 0x7f, 0xf1,
    0x45, 0xc1, 0x80, 0x39, 0xc0, 0x3f, 0xf8, 0xba,
    0x0, 0x80, 0x9, 0x43, 0x0, 0x3f, 0xf8, 0x94,
    0x61, 0x22, 0x0, 0x40, 0x2, 0x80, 0x7f, 0xf0,
    0x8b, 0x14, 0x19, 0x80, 0x16, 0x81, 0x10, 0x56,
    0x69, 0xc8, 0x3, 0xc3, 0x1a, 0x60, 0xd2, 0x1,
    0x94, 0x1, 0x9d, 0x4c, 0xb1, 0xba, 0x98, 0x79,
    0xce, 0x70, 0x4, 0xc8, 0x3, 0x94, 0x8, 0xc0,
    0x6, 0x80, 0x2, 0x67, 0x86, 0x30, 0x3, 0x73,
    0x0, 0x7a, 0x58, 0x96, 0x7b, 0x2f, 0xe9, 0x90,
    0x88, 0x8d, 0x5f, 0x22, 0x1, 0xf0,

    /* U+E117 "" */
    0x0, 0x1b, 0x37, 0xff, 0x20, 0xc0, 0x2b, 0xc9,
    0x9f, 0xfe, 0x46, 0x50, 0x42, 0x0, 0x88, 0x8b,
    0xff, 0x86, 0x23, 0x2, 0xc2, 0x83, 0x77, 0x37,
    0x7f, 0xf8, 0x7d, 0xd3, 0x2, 0x98, 0x78, 0x7,
    0xff, 0x23, 0xc0, 0xc0, 0x3f, 0xf9, 0xa2, 0x1,
    0xff, 0xff, 0x0, 0xff, 0xff, 0x80, 0x70, 0x80,
    0x7f, 0xff, 0xc0, 0x3f, 0xff, 0xe0, 0x1f, 0xfd,
    0x1, 0xc0, 0x30, 0xc, 0x35, 0xff, 0xff, 0xc4,
    0xe5, 0xa, 0x0, 0x8b, 0xd4, 0x3, 0xff, 0x8c,
    0xce, 0x0, 0xec, 0x10, 0x8a, 0xaf, 0xfe, 0x26,
    0xc8, 0x4, 0xe2, 0x16, 0xea, 0xbf, 0xfc, 0x42,
    0x0, 0x10, 0x5, 0x68, 0x1, 0xff, 0xc8, 0xe4,
    0x46, 0x20, 0x7, 0xff, 0x24,

    /* U+E118 "" */
    0x0, 0xff, 0xe7, 0x95, 0xff, 0xac, 0x80, 0x3f,
    0xf8, 0x27, 0xa8, 0x0, 0x4d, 0x30, 0xf, 0xfe,
    0x7, 0x0, 0xcc, 0x84, 0x38, 0x3, 0xfe, 0x42,
    0xd, 0x66, 0x68, 0x12, 0x0, 0x7f, 0x88, 0x4,
    0xc0, 0x6, 0x20, 0x40, 0x1f, 0xfc, 0x3, 0x0,
    0xff, 0xed, 0x98, 0x7, 0xff, 0x56, 0x14, 0x3,
    0xff, 0x84, 0xb2, 0xa, 0xf4, 0x1, 0xff, 0xc2,
    0xa6, 0x40, 0xf, 0xfe, 0x38, 0x80, 0x7f, 0xf2,
    0x4, 0x3, 0xc2, 0x20, 0x8, 0x40, 0x3c, 0x2c,
    0x0, 0x30, 0x70, 0x4, 0x0, 0x24, 0x0, 0x80,
    0x60, 0x6, 0x21, 0xb, 0x1, 0x60, 0x6e, 0xe3,
    0x3, 0x10, 0x58, 0x9, 0x3, 0x83, 0x8, 0x4b,
    0x0, 0x88, 0x16, 0x40, 0x5c, 0x18, 0x1, 0x0,
    0x34, 0x0, 0x9d, 0x99, 0x6d, 0x0, 0x28, 0x1,
    0x20, 0x1, 0x90, 0x4b, 0x10, 0x26, 0x61, 0x0,
    0xda, 0x4, 0x88, 0x4, 0xcc, 0x4, 0xf8, 0x30,
    0x1, 0xc7, 0xa0, 0x3b, 0x0, 0x74, 0xc8, 0x5,
    0xf3, 0xfd, 0x8e, 0x21, 0x30, 0x1, 0xf3, 0x73,
    0x8, 0x6, 0x16, 0xe6, 0x0, 0xfe, 0x19, 0xec,
    0x0, 0x67, 0x48, 0x80, 0x7f, 0xf0, 0x4c, 0x0,
    0x60, 0x1f, 0xfd, 0x96, 0x60, 0x7, 0xf0,

    /* U+E119 "" */
    0x0, 0xff, 0xe7, 0x37, 0x30, 0x7, 0xc9, 0x7b,
    0x90, 0x20, 0x1f, 0xef, 0x19, 0x60, 0xe, 0x7b,
    0x42, 0x37, 0xf2, 0x0, 0xfe, 0x83, 0x9, 0x60,
    0x8, 0xe0, 0xa, 0x18, 0x7, 0x80, 0x3f, 0x87,
    0x48, 0x25, 0x80, 0xa, 0x7, 0xaf, 0x34, 0x6,
    0x60, 0xf, 0xe1, 0xc2, 0x9, 0x60, 0x6b, 0xd0,
    0x9, 0x44, 0x14, 0x3, 0xfc, 0x38, 0x41, 0x2c,
    0x8, 0x20, 0x1f, 0xfc, 0x61, 0xc2, 0x9, 0x60,
    0xf, 0xfe, 0x48, 0xe1, 0x4, 0xa8, 0x7, 0x18,
    0x7, 0xff, 0xc, 0x70, 0x82, 0x94, 0x3, 0xff,
    0x8f, 0xa, 0x38, 0x41, 0x4a, 0x1, 0xf9, 0x60,
    0x3, 0xe4, 0x7a, 0x1, 0x50, 0x5, 0x28, 0x1,
    0x49, 0x0, 0x14, 0xe8, 0x1, 0xe1, 0x0, 0xfd,
    0x4a, 0x11, 0xa4, 0x1, 0x84, 0x3, 0xff, 0x82,
    0x46, 0x14, 0xa0, 0x1f, 0xfc, 0x21, 0x0, 0xde,
    0x7, 0xa6, 0x14, 0xa0, 0x1e, 0x10, 0xf, 0x30,
    0x0, 0xc1, 0x0, 0x63, 0x4c, 0x29, 0x0, 0x39,
    0x80, 0x3c, 0x42, 0x16, 0x6, 0x80, 0xdc, 0x40,
    0xb, 0x40, 0x6, 0x59, 0x0, 0x7c, 0xc0, 0xe2,
    0x16, 0x80, 0x1, 0x0, 0xad, 0x0, 0xd0, 0x3,
    0xf4, 0x80, 0x34, 0x1, 0x79, 0x32, 0xdc, 0x0,
    0x5a, 0x0, 0x7f, 0x86, 0x80, 0xf0, 0x80, 0xd9,
    0x84, 0x70, 0x0, 0xb4, 0x0, 0xff, 0x2c, 0x1,
    0xed, 0x29, 0x99, 0xf2, 0x0, 0x2b, 0x40, 0xf,
    0xf3, 0xd9, 0x2, 0xd6, 0x62, 0xc, 0x6, 0x44,
    0x2d, 0x0, 0x3f, 0xc9, 0xb2, 0x60, 0x18, 0xe7,
    0x9b, 0x4, 0x2c, 0xc0, 0x3f, 0xe6, 0xcd, 0x0,
    0x6e, 0x30, 0x0, 0xb0, 0x43, 0xc, 0x3, 0xff,
    0x92, 0x58, 0x21, 0x86, 0x1, 0xff, 0x18, 0x0,
    0xc0, 0x3c, 0x58, 0x21, 0x20, 0x1f, 0xf0, 0xc4,
    0x4, 0x3, 0xe2, 0xc6, 0x90,

    /* U+E11A "" */
    0x0, 0xf3, 0x58, 0x80, 0x78, 0x6d, 0x80, 0x3f,
    0xf8, 0x10, 0x8e, 0x1, 0xe7, 0x48, 0x0, 0xff,
    0xfd, 0x88, 0x7, 0xfc, 0x62, 0x6, 0x1, 0xe3,
    0x0, 0x18, 0x7, 0x2f, 0x7f, 0xd8, 0x2, 0xa0,
    0x1e, 0x51, 0xc, 0xff, 0xb9, 0xb0, 0x40, 0x30,
    0xe8, 0x7, 0xed, 0x10, 0xc, 0x3f, 0x35, 0x5a,
    0xf8, 0xc0, 0x3f, 0x1f, 0x5d, 0x56, 0x90, 0x55,
    0xc8, 0x1, 0xff, 0xc0, 0x45, 0x5c, 0x1, 0xff,
    0xff, 0x0, 0xff, 0xf1, 0xa, 0xb3, 0x4a, 0x1,
    0xff, 0xc0, 0x56, 0x6c, 0x37, 0x53, 0x35, 0x71,
    0x80, 0x7e, 0x4e, 0xa9, 0x9d, 0x78, 0x22, 0x0,
    0x87, 0x40, 0x3f, 0x50, 0x80, 0x42, 0x2f, 0x6e,
    0xe7, 0xfb, 0x0, 0x54, 0x3, 0xca, 0x21, 0x9f,
    0xee, 0xe2, 0x80, 0x71, 0x88, 0x18, 0x7, 0x8c,
    0x0, 0x60, 0x1f, 0xfc, 0xa1, 0x0, 0xff, 0xf8,
    0x5a, 0xb8, 0x7, 0x9d, 0x60, 0x3, 0xc0,

    /* U+E11B "" */
    0x0, 0xff, 0xe4, 0x8b, 0x88, 0x7, 0xff, 0x4,
    0x50, 0x3, 0x8b, 0xe2, 0x40, 0x3f, 0xf8, 0x3b,
    0x6a, 0x1, 0x16, 0x8, 0x58, 0x7, 0xff, 0x4,
    0x80, 0xc0, 0x5, 0x82, 0x18, 0x60, 0x1f, 0xfc,
    0x52, 0xc1, 0xc, 0x30, 0xf, 0xfe, 0x29, 0x60,
    0x86, 0x18, 0x7, 0xff, 0x17, 0xf0, 0x43, 0xc,
    0x3, 0xff, 0x8c, 0xc2, 0x16, 0x60, 0x1f, 0xfc,
    0x95, 0x15, 0x52, 0x0, 0x7f, 0xf1, 0xd6, 0xaa,
    0xb4, 0x0, 0xff, 0xe1, 0x38, 0x7, 0xc2, 0xc0,
    0x1f, 0xfc, 0x29, 0xff, 0xfb, 0x88, 0x3, 0xff,
    0x9c, 0x5b, 0xff, 0xf4, 0x80, 0x7f, 0xf0, 0x98,
    0x80, 0x3e, 0x70, 0xf, 0xfe, 0x12, 0x5d, 0x54,
    0xc0, 0x1f, 0xfc, 0x74, 0x55, 0x33, 0x0, 0x3f,
    0xf9, 0x27, 0x80, 0x2c, 0x1, 0xff, 0xc6, 0x3c,
    0x1, 0xdf, 0x0, 0xff, 0xe2, 0x9e, 0x0, 0xe9,
    0x80, 0x7f, 0xf1, 0x4f, 0x0, 0x74, 0xc0, 0x3f,
    0xf8, 0xa5, 0x80, 0x3a, 0x60, 0x3, 0x2, 0x0,
    0xff, 0xe0, 0xd0, 0xe, 0x18, 0x4, 0xb7, 0xa0,
    0x1f, 0xfc, 0x19, 0x8c, 0x20, 0xe, 0x41, 0x0,
    0xff, 0xe0, 0x80,

    /* U+E11C "" */
    0x1, 0x11, 0x17, 0xff, 0xc, 0x40, 0xbb, 0x9b,
    0xbf, 0xfc, 0x3e, 0x20, 0xf, 0xfe, 0x41, 0x76,
    0xef, 0xff, 0x13, 0x88,

    /* U+E11D "" */
    0x0, 0x1b, 0x37, 0xff, 0x20, 0xc0, 0x2b, 0xc9,
    0x9f, 0xfe, 0x46, 0x50, 0x42, 0x0, 0x88, 0x8b,
    0xff, 0x86, 0x23, 0x2, 0xc2, 0x83, 0x77, 0x37,
    0x7f, 0xf8, 0x7d, 0xd3, 0x2, 0x98, 0x78, 0x7,
    0xff, 0x23, 0xc0, 0xc4, 0x3, 0xff, 0x98, 0x20,
    0x1f, 0xff, 0xf0, 0xf, 0xff, 0x50, 0x88, 0x3,
    0xff, 0xfe, 0x1, 0xff, 0xd2, 0x10, 0xf, 0xfe,
    0x40, 0x80, 0x8, 0x25, 0x95, 0x7f, 0xf8, 0xcd,
    0x20, 0x50, 0x3, 0x35, 0x5f, 0xfc, 0x69, 0x10,
    0x84, 0xb3, 0x0, 0xff, 0xe4, 0x1d, 0xa0, 0x26,
    0x7f, 0xfe, 0xc0, 0x7, 0xff, 0xf6, 0x20, 0x7,
    0xff, 0x58, 0x99, 0xab, 0x0, 0x3b, 0x34, 0x20,
    0x1f, 0xfc, 0x2f, 0x99, 0x9c, 0x1, 0x13, 0x35,
    0x0, 0x7f, 0xf0, 0x94, 0x8b, 0xfd, 0xa0, 0x1f,
    0x0,

    /* U+E11E "" */
    0x0, 0xfc, 0x2a, 0xf2, 0x80, 0x1f, 0xfc, 0x53,
    0xae, 0xa8, 0x6b, 0x10, 0xf, 0xfe, 0x1c, 0xe2,
    0x80, 0x71, 0x80, 0x7f, 0xf0, 0x47, 0x18, 0x6,
    0x78, 0xc0, 0xc8, 0x3, 0xff, 0x83, 0xa6, 0xd,
    0xcc, 0x26, 0x12, 0x1, 0xff, 0xc1, 0x93, 0x8,
    0x90, 0x1, 0x80, 0x18, 0x3, 0xff, 0x80, 0x6c,
    0xc, 0xe0, 0x1e, 0x10, 0xf, 0xfe, 0x4, 0x80,
    0xc8, 0x6, 0x20, 0x3, 0x0, 0x7f, 0xf0, 0x14,
    0x24, 0x3, 0x84, 0x83, 0x80, 0x3f, 0xe4, 0x0,
    0x28, 0x7, 0x94, 0x14, 0xc0, 0x3f, 0xc6, 0x2,
    0x40, 0x1e, 0x91, 0xd, 0x30, 0xf, 0x8, 0x3,
    0xc0, 0x80, 0x3e, 0x1d, 0x1, 0xc9, 0x31, 0x3,
    0x9e, 0xf5, 0x0, 0xff, 0x8f, 0x4, 0x1b, 0x3b,
    0xf1, 0x80, 0x1d, 0xe0, 0x40, 0x1f, 0xc7, 0xee,
    0x20, 0x18, 0x44, 0x2, 0x60, 0x24, 0x1, 0xfc,
    0x31, 0xdb, 0x76, 0xde, 0x0, 0x6a, 0x0, 0x14,
    0x3, 0xff, 0x80, 0x48, 0x82, 0x41, 0x4, 0x5,
    0x9, 0x0, 0xff, 0xe2, 0x40, 0x11, 0x84, 0x80,
    0xc8, 0x7, 0xff, 0x9, 0x8c, 0x2c, 0x0, 0x6e,
    0xc, 0xe0, 0x1f, 0xfc, 0x4, 0x90, 0x36, 0x0,
    0xa0, 0xc2, 0x24, 0x3, 0xfc, 0xf6, 0x3, 0xa0,
    0x1d, 0x86, 0xd, 0xae, 0x20, 0x1c, 0xb9, 0x0,
    0x38, 0x20, 0x1e, 0xc6, 0x2, 0x8e, 0xdb, 0xb6,
    0x7d, 0x18, 0x27, 0x90, 0x7, 0xe9, 0xc4, 0x0,
    0x12, 0x20, 0xc0, 0x7, 0x56, 0x20, 0x1f, 0xe3,
    0xbe, 0xa7, 0x55, 0x34, 0xee, 0x28, 0x7, 0x80,

    /* U+E122 "" */
    0x0, 0xff, 0xe3, 0x92, 0x3c, 0xa0, 0x7, 0xff,
    0x4, 0x95, 0xeb, 0x7f, 0x6e, 0x1a, 0x80, 0x3f,
    0x23, 0xd6, 0x7e, 0xd4, 0x29, 0x0, 0x7f, 0xf0,
    0x52, 0xe1, 0x4c, 0x2, 0x14, 0x69, 0xce, 0x90,
    0xf, 0xe1, 0x0, 0x23, 0x4e, 0x7f, 0x5c, 0xb1,
    0x89, 0x80, 0x7f, 0xc3, 0x72, 0xc6, 0x1, 0xff,
    0xff, 0x0, 0xff, 0xff, 0x80, 0x7f, 0xf2, 0xa,
    0xbb, 0x99, 0xe0, 0x1f, 0xfc, 0x54, 0xd5, 0x11,
    0x1a, 0x80, 0x61, 0x7c, 0xc5, 0x60, 0x7, 0xd4,
    0x3, 0x12, 0x80, 0x18, 0xbe, 0xc, 0xca, 0xc0,
    0x1e, 0x51, 0xc, 0x76, 0xb4, 0x0, 0xbc, 0x41,
    0x9c, 0x80, 0x3e, 0xd0, 0x32, 0x0, 0xb0, 0x0,
    0xa4, 0x17, 0x31, 0xa4, 0x1, 0xef, 0x3, 0x10,
    0xb, 0x40, 0xf4, 0xd, 0x0, 0x2b, 0x0, 0xf2,
    0x80, 0x31, 0x4e, 0x54, 0x17, 0xc0, 0x80, 0x37,
    0x0, 0x78, 0x9c, 0xa, 0xb1, 0x80, 0xa1, 0x0,
    0x64, 0x0, 0x8e, 0xe, 0x1, 0xd1, 0x0, 0xc,
    0x98, 0x6, 0xa0, 0xdf, 0xd6, 0x3, 0x0, 0x1e,
    0x7f, 0xbb, 0x6d, 0x88, 0x2, 0x94, 0x0, 0x20,
    0x58, 0x20, 0x1f, 0x91, 0x4, 0x1, 0xd5, 0xb3,
    0x17, 0xa4, 0x1, 0xff, 0xc3,

    /* U+E123 "" */
    0x0, 0xff, 0xe5, 0x36, 0x30, 0x7, 0xff, 0x21,
    0xfa, 0x4e, 0x80, 0x3f, 0xf8, 0xa2, 0xfd, 0x2,
    0x0, 0xa0, 0xf, 0xfe, 0x18, 0xc7, 0x40, 0x80,
    0x42, 0xc0, 0x1f, 0xfc, 0x12, 0x9e, 0x70, 0x3,
    0x58, 0x2, 0x40, 0x3f, 0xf8, 0x7, 0x5a, 0xc0,
    0x7, 0xe9, 0xd0, 0x17, 0x0, 0xff, 0x1d, 0xe2,
    0x80, 0xc7, 0x40, 0x89, 0x81, 0x80, 0x3f, 0x93,
    0x30, 0x80, 0x31, 0xce, 0x20, 0x9, 0x0, 0x48,
    0x7, 0xcb, 0xb6, 0x60, 0x53, 0xce, 0x1, 0x85,
    0xc1, 0xc4, 0x3, 0x9b, 0x68, 0x80, 0xab, 0x58,
    0x3, 0xd2, 0x0, 0x90, 0xc, 0xfd, 0x24, 0x7,
    0x7a, 0xa0, 0x1f, 0x98, 0x18, 0x40, 0x28, 0x80,
    0x80, 0x17, 0x90, 0x3, 0xf9, 0xc4, 0x2c, 0x3,
    0x68, 0x6, 0x5d, 0xea, 0x61, 0x0, 0xf4, 0x82,
    0x90, 0x6, 0x5f, 0xb7, 0x30, 0x0, 0xac, 0xf5,
    0x0, 0x66, 0x10, 0x90, 0xf, 0x92, 0x33, 0xed,
    0xcc, 0x0, 0xa4, 0x1, 0x58, 0x21, 0x80, 0x7f,
    0xc9, 0x19, 0xc0, 0x4, 0x0, 0x29, 0x4, 0x0,
    0x7f, 0xf0, 0xc4, 0xc3, 0x0, 0x10, 0x6, 0x60,
    0xf, 0xfe, 0x22, 0x2, 0x2, 0x10, 0x40, 0x7,
    0xff, 0x17, 0x0, 0x4a, 0x0, 0x90, 0x3, 0xff,
    0x8a, 0x80, 0x8, 0x30, 0x80, 0xf, 0xfe, 0x39,
    0x82, 0x81, 0x28, 0x7, 0xff, 0x1d, 0x0, 0x2b,
    0x0, 0xff, 0xe4, 0x60, 0x0, 0x58, 0x3, 0xff,
    0x90, 0x80, 0x8, 0x0, 0xff, 0xe5, 0x53, 0xb0,
    0x7, 0xf8,

    /* U+E127 "" */
    0x0, 0xf9, 0xf7, 0xbf, 0xfd, 0xda, 0xe0, 0x1f,
    0xfc, 0x1b, 0x82, 0x10, 0xf, 0x9, 0x45, 0x80,
    0x7f, 0xd6, 0x80, 0xb3, 0x3f, 0x94, 0x12, 0xc0,
    0x3f, 0xad, 0x1, 0xe9, 0x9b, 0xf5, 0x38, 0x25,
    0x80, 0x7d, 0x68, 0xf, 0x0, 0x1f, 0xe8, 0x70,
    0x4b, 0x0, 0xeb, 0x40, 0x78, 0x0, 0xff, 0xe0,
    0x43, 0x82, 0x58, 0x5, 0x68, 0x11, 0x0, 0xf,
    0xfe, 0x14, 0x38, 0x25, 0x83, 0xa0, 0x43, 0x80,
    0x7d, 0x96, 0x1, 0xf4, 0x38, 0x23, 0xd8, 0x2b,
    0x80, 0x7c, 0x66, 0x41, 0x0, 0xfa, 0x14, 0x2c,
    0x83, 0x40, 0x3f, 0xf9, 0x1a, 0x4, 0x1, 0xff,
    0xff, 0x0, 0xff, 0xe1, 0x10, 0x90, 0x80, 0x7f,
    0xf2, 0x87, 0xb4, 0x3, 0xff, 0xcc, 0x66, 0x0,
    0xff, 0xe0, 0x10, 0x68, 0x7, 0xe1, 0xcc, 0x0,
    0x7f, 0x68, 0x15, 0x82, 0xb8, 0x7, 0xc2, 0x6a,
    0x1, 0xfa, 0x14, 0x2d, 0xd0, 0x21, 0xc0, 0x3e,
    0xca, 0x0, 0xfa, 0x1c, 0x11, 0xc2, 0xd0, 0x21,
    0xc0, 0x3f, 0xf8, 0x50, 0xe0, 0x96, 0x1, 0x5a,
    0x4, 0x38, 0x7, 0xff, 0x2, 0x1c, 0x12, 0xc0,
    0x3a, 0xd0, 0x21, 0xc0, 0x3f, 0xd0, 0xe0, 0x96,
    0x1, 0xf5, 0xa0, 0x44, 0xb3, 0x7e, 0xa7, 0x4,
    0xb0, 0xf, 0xeb, 0x40, 0x69, 0x9f, 0xca, 0x9,
    0x60, 0x1f, 0xf5, 0xc1, 0x8, 0x7, 0x84, 0xa2,
    0xc0, 0x3c,

    /* U+E129 "" */
    0x0, 0xfe, 0x18, 0xca, 0x50, 0xf, 0xfe, 0x33,
    0xfb, 0x9a, 0xd6, 0x18, 0x7, 0xff, 0x9, 0x36,
    0x4, 0x15, 0x40, 0x79, 0x42, 0x1, 0xfe, 0x2b,
    0xb1, 0x1, 0xe5, 0x53, 0xc, 0x17, 0x9c, 0x3,
    0xe1, 0x9d, 0x40, 0xf, 0x8f, 0x28, 0x82, 0x39,
    0x40, 0x32, 0xfb, 0x0, 0x1c, 0xc0, 0xf2, 0x84,
    0x0, 0xbb, 0x0, 0x35, 0x82, 0x9, 0x42, 0xd,
    0xd1, 0x94, 0x40, 0xbc, 0xe0, 0x13, 0xf3, 0x1,
    0xe0, 0x78, 0x4, 0x60, 0x12, 0xec, 0x0, 0x23,
    0x94, 0x2, 0x30, 0x1, 0x23, 0x0, 0x4b, 0xce,
    0x1, 0x3f, 0x30, 0xd, 0x64, 0x72, 0x80, 0x46,
    0x0, 0x76, 0x0, 0x46, 0xa8, 0x0, 0x67, 0xc,
    0xd, 0xc0, 0x64, 0x80, 0x37, 0x4e, 0x18, 0x15,
    0x61, 0x80, 0x7c, 0xfc, 0xc0, 0x1c, 0x20, 0x79,
    0x42, 0x7, 0x95, 0x4c, 0x30, 0x5d, 0x80, 0xf,
    0xf9, 0x7a, 0x0, 0xa, 0xa0, 0x3c, 0xa2, 0x0,
    0xff, 0xe1, 0x3f, 0x20, 0x2, 0xb0, 0xc0, 0x3f,
    0xf8, 0xa3, 0xc0, 0x2a, 0x1, 0xff, 0xff, 0x0,
    0xf9, 0x82, 0xc4, 0x3, 0xff, 0x88, 0x84, 0x5,
    0xc0, 0x7c, 0xe0, 0x1f, 0xfc, 0x12, 0xab, 0x1,
    0x55, 0x48, 0x2, 0x35, 0x0, 0x3f, 0xd1, 0xaa,
    0x5, 0x80, 0x6, 0xe5, 0x2, 0xbb, 0x10, 0x7,
    0x9b, 0x9c, 0x6, 0x74, 0x80, 0x21, 0xac, 0x30,
    0x4d, 0x92, 0x0, 0x26, 0xc8, 0x83, 0x7b, 0x0,
    0x7c, 0x79, 0x22, 0xd, 0x0, 0x36, 0x40, 0x9b,
    0x22, 0x1, 0xfe, 0x6e, 0x70, 0xe, 0x2b, 0xb1,
    0x0, 0x7f, 0xf0, 0xa3, 0x98, 0x8e, 0x75, 0x0,
    0x3f, 0x0,

    /* U+E12D "" */
    0x0, 0xff, 0xe1, 0x35, 0xee, 0x40, 0x80, 0x7f,
    0xf1, 0x4b, 0x65, 0x8, 0xdf, 0x98, 0x3, 0xff,
    0x86, 0x58, 0x40, 0x8e, 0xc0, 0x9, 0x40, 0xf,
    0xfe, 0x9, 0x60, 0x85, 0xda, 0x27, 0x88, 0x24,
    0x3, 0xff, 0x80, 0x58, 0x21, 0x68, 0x2, 0x3,
    0xe0, 0x48, 0x1, 0xfe, 0x2c, 0x10, 0xb4, 0x7,
    0xea, 0x2, 0x10, 0x20, 0xf, 0xe1, 0xf1, 0xb,
    0x40, 0x78, 0x0, 0xff, 0xe1, 0x8e, 0x10, 0x5a,
    0x3, 0xc0, 0x1d, 0x1, 0x88, 0x10, 0x7, 0xc3,
    0x84, 0x14, 0x80, 0xf0, 0x7, 0x80, 0x3c, 0x4,
    0x80, 0x1e, 0x1c, 0x20, 0xa5, 0x6, 0x80, 0x3c,
    0x1, 0xc2, 0xe, 0x0, 0xf0, 0xe9, 0x5, 0x28,
    0x34, 0x81, 0xe8, 0x3, 0x48, 0x24, 0xc0, 0x3d,
    0xa6, 0x12, 0xa0, 0xd2, 0x5, 0xa2, 0x18, 0x61,
    0x2c, 0x6, 0xe0, 0x16, 0x18, 0x4b, 0x2, 0xc8,
    0x16, 0x8, 0x61, 0x84, 0x30, 0x26, 0x42, 0x83,
    0x98, 0x43, 0x2, 0xd0, 0x16, 0x8, 0x59, 0x84,
    0x38, 0x25, 0x81, 0x20, 0x40, 0x2b, 0x82, 0xd0,
    0x16, 0x8, 0x5a, 0x3, 0xb8, 0xe, 0xc0, 0x7c,
    0x54, 0x1, 0x60, 0x74, 0x3, 0x82, 0x16, 0x80,
    0xf0, 0x7, 0x80, 0x38, 0x41, 0xa0, 0x42, 0x1e,
    0x3, 0x82, 0x16, 0x80, 0xf0, 0x7, 0x80, 0x38,
    0x40, 0x2, 0x6, 0x0, 0x18, 0x41, 0x5, 0xa0,
    0x3c, 0x1, 0xe0, 0xe, 0x10, 0x4, 0x60, 0xe0,
    0x2, 0xa, 0x3b, 0x40, 0x68, 0x2, 0xd0, 0x6,
    0x90, 0x6, 0xf0, 0x30, 0x5, 0x1, 0xe2, 0x3,
    0x48, 0x16, 0x8, 0x61, 0x80, 0x72, 0x0, 0x18,
    0x1e, 0x0, 0x28, 0x90, 0x2c, 0x10, 0xc3, 0x0,
    0xf1, 0x28, 0x49, 0x3, 0xff, 0x7b, 0x81, 0x60,
    0x86, 0x18, 0x7, 0xe8, 0x10, 0xc5, 0x0, 0x8,
    0x1, 0x74, 0x42, 0xcc, 0x3, 0xf8, 0xb4, 0x6,
    0xb6, 0x5e, 0x7a, 0x80, 0x16, 0x80, 0x1f, 0xf1,
    0xe9, 0x81, 0x34, 0x30, 0x81, 0xea, 0x0, 0x7f,
    0xf0, 0x4b, 0x2d, 0x8c, 0x8d, 0xaf, 0x8, 0x3,
    0xfe,

    /* U+E12E "" */
    0x0, 0x2b, 0x36, 0x30, 0xc, 0x6c, 0xd9, 0x40,
    0x2c, 0xa9, 0x9d, 0x8c, 0x0, 0x6c, 0x99, 0xd5,
    0x80, 0x86, 0x4, 0x50, 0x85, 0x80, 0x2c, 0x4,
    0x8a, 0x3, 0x41, 0x0, 0x6e, 0xd0, 0x6, 0x0,
    0x30, 0x8d, 0xd8, 0x0, 0x20, 0x1f, 0xff, 0xf0,
    0xf, 0xff, 0xf8, 0x7, 0xff, 0xfc, 0x3, 0xff,
    0xfe, 0x1, 0xff, 0xdf, 0x66, 0xb0, 0x3, 0xd8,
    0xcd, 0x0, 0x48, 0x0, 0x99, 0x94, 0x10, 0x0,
    0x80, 0xb3, 0x30, 0x1, 0x6, 0xcc, 0x8b, 0x2d,
    0x80, 0x2d, 0x48, 0xb1, 0xd8, 0x80,

    /* U+E12F "" */
    0x0, 0xff, 0xe3, 0xad, 0x65, 0x20, 0x7, 0xff,
    0x22, 0xe9, 0x4d, 0x6d, 0xc0, 0x3f, 0xf8, 0xd6,
    0x80, 0x8e, 0x41, 0x6, 0x1, 0xff, 0xc4, 0xb4,
    0x7, 0xb8, 0xd2, 0x9, 0x0, 0xff, 0xe1, 0xe2,
    0x3, 0xc0, 0x4, 0xa0, 0xc0, 0x1f, 0xfc, 0x2c,
    0x30, 0x78, 0x0, 0xc6, 0xe, 0x1, 0xff, 0xc1,
    0xc3, 0x7, 0x80, 0xd, 0x8, 0x1c, 0x1, 0xff,
    0xc0, 0xc3, 0x7, 0x80, 0xd, 0xe, 0x8, 0xa0,
    0x1f, 0xf6, 0x18, 0x3c, 0x0, 0x68, 0x70, 0x4b,
    0x0, 0xff, 0xb0, 0xc1, 0xe0, 0x3, 0x43, 0x82,
    0x58, 0x7, 0xfd, 0x86, 0xf, 0x0, 0x1a, 0x1c,
    0x12, 0xc0, 0x3f, 0xeb, 0x30, 0x78, 0x0, 0xd0,
    0xe0, 0x96, 0x1, 0xff, 0x5a, 0x3, 0xc0, 0x6,
    0x87, 0x4, 0xb0, 0xf, 0xfa, 0xd0, 0x1e, 0x0,
    0x34, 0x38, 0x1d, 0x80, 0x7f, 0xd6, 0x80, 0xf0,
    0x1, 0xa1, 0xc0, 0xf0, 0x3, 0xfe, 0xb4, 0x7,
    0x80, 0xd, 0xe, 0x7, 0x80, 0x1f, 0xf5, 0xa0,
    0x3c, 0x0, 0x68, 0x70, 0x3c, 0x0, 0xff, 0xa9,
    0x1, 0xe0, 0x3, 0x43, 0x81, 0xe0, 0x7, 0xfc,
    0x6a, 0xf, 0x0, 0x1a, 0x1c, 0xf, 0x0, 0x3f,
    0xf8, 0x16, 0x3, 0x0, 0x1a, 0x1c, 0xf, 0x0,
    0x3f, 0xf8, 0x2a, 0xe, 0x1, 0xa1, 0xc0, 0xf0,
    0x3, 0xff, 0x82, 0x44, 0xc, 0x0, 0xa1, 0xc1,
    0x30, 0x3, 0xff, 0x84, 0x80, 0x4, 0x59, 0xe7,
    0x4, 0xb0, 0xf, 0xfe, 0x1e, 0x80, 0x3a, 0x98,
    0x41, 0x6c, 0x3, 0xff, 0x88, 0xe0, 0x18, 0x9f,
    0x28, 0x3, 0xff, 0x8b, 0xc8, 0x89, 0xdd, 0x41,
    0x80, 0x7f, 0xf1, 0x80,

    /* U+E132 "" */
    0x0, 0x95, 0xd4, 0x3, 0xff, 0x8a, 0x5b, 0x51,
    0x5c, 0x60, 0x1f, 0xe1, 0x30, 0xb, 0xc8, 0x4,
    0x7, 0x40, 0x3f, 0x8f, 0xf0, 0xc1, 0x48, 0x2f,
    0xb0, 0x5, 0x40, 0x3e, 0x3d, 0x11, 0x10, 0x10,
    0xa, 0x1, 0x98, 0x34, 0x3, 0xc7, 0x82, 0x2d,
    0x10, 0x20, 0x12, 0x2, 0x30, 0xe0, 0xe, 0x3c,
    0x0, 0x69, 0x80, 0x14, 0x43, 0x6f, 0x0, 0xe,
    0x1, 0x8f, 0x0, 0x18, 0x60, 0x1a, 0x80, 0x8,
    0x21, 0x42, 0x1, 0x1e, 0x0, 0x30, 0xc0, 0x39,
    0x3a, 0x19, 0xf5, 0x40, 0x23, 0xc0, 0x6, 0x18,
    0x7, 0xc2, 0xf3, 0x4, 0x1, 0x1e, 0x0, 0x30,
    0xc0, 0x3f, 0xf8, 0x67, 0x80, 0xc, 0x30, 0xf,
    0xfe, 0x19, 0xe0, 0x3, 0xc, 0x3, 0xff, 0x86,
    0x78, 0x0, 0xc3, 0x0, 0xff, 0xe1, 0x9e, 0x0,
    0x30, 0xc0, 0x23, 0x8a, 0x71, 0x0, 0xf8, 0xf0,
    0x1, 0x86, 0x1, 0x3e, 0x3a, 0xc7, 0x90, 0x7,
    0x1e, 0x0, 0x30, 0xc0, 0x23, 0x80, 0x14, 0x1,
    0xf0, 0xc, 0x78, 0x0, 0xc3, 0x0, 0xd2, 0x3,
    0xf7, 0x80, 0x46, 0x0, 0x3d, 0x0, 0x61, 0x80,
    0x70, 0x82, 0x88, 0x18, 0x83, 0x1, 0x68, 0x8b,
    0xc, 0x3, 0xc4, 0x8, 0x40, 0x82, 0xc, 0x2,
    0x36, 0x98, 0x7, 0xd6, 0x0, 0xde, 0xb0, 0x33,
    0x1, 0xe7, 0x98, 0x7, 0xe2, 0xa1, 0x1, 0x3,
    0xd0, 0x8, 0xc4, 0x3, 0xfc, 0xbf, 0x51, 0x78,
    0x20,

    /* U+E133 "" */
    0x2, 0xae, 0xff, 0xb6, 0x0, 0x3f, 0xf8, 0xa5,
    0xaa, 0x20, 0x11, 0x3d, 0x0, 0x7f, 0xf1, 0x20,
    0x1, 0x13, 0x33, 0x2, 0x98, 0x7, 0xff, 0xd,
    0xc1, 0xdc, 0xcd, 0x48, 0x82, 0x80, 0x7f, 0xf0,
    0xc4, 0x3, 0xff, 0x9a, 0xe0, 0x20, 0x1f, 0xfc,
    0xb1, 0x2, 0x0, 0xff, 0xe5, 0xe8, 0x28, 0x7,
    0x8, 0x7, 0xff, 0x14, 0xc0, 0x48, 0x2, 0xc0,
    0x2, 0x0, 0x7f, 0xf0, 0xd0, 0x0, 0x80, 0x8,
    0x30, 0x72, 0x0, 0xff, 0xe2, 0x20, 0x50, 0x0,
    0xc1, 0x20, 0x3, 0xff, 0x8b, 0xc0, 0x66, 0xc,
    0x4, 0x20, 0xf, 0xfe, 0x2a, 0x88, 0x48, 0x39,
    0x7, 0x0, 0x7f, 0xf1, 0xa4, 0x14, 0x83, 0x80,
    0xe4, 0x3, 0xff, 0x8a, 0xe2, 0x1c, 0x6, 0xe0,
    0xce, 0x1, 0xff, 0xc5, 0xb0, 0x37, 0x8, 0x50,
    0x89, 0x0, 0xc4, 0xce, 0xf9, 0x0, 0x39, 0x50,
    0x21, 0x2, 0x94, 0x1a, 0xc8, 0x27, 0x66, 0x23,
    0x5d, 0x80, 0x3a, 0x88, 0x2d, 0x2, 0x9c, 0x13,
    0x6d, 0x80, 0x48, 0xa1, 0x4, 0x80, 0xc, 0x3e,
    0x21, 0x68, 0x11, 0x84, 0x8, 0x9, 0xdb, 0xb7,
    0x30, 0x28, 0x7, 0x16, 0x88, 0x5c, 0x1, 0xec,
    0x2b, 0xd8, 0x7, 0x78, 0x18, 0x7, 0x8f, 0x8,
    0x1e, 0xc8, 0x1e, 0xa0, 0x3, 0xff, 0x88, 0x58,
    0x80, 0x9b, 0x24, 0x1, 0xff, 0xc7, 0x1b, 0xa1,
    0x6, 0xdb, 0x61, 0x0, 0xe1, 0x0, 0xff, 0xe0,
    0x2f, 0x38, 0x82, 0x4f, 0x72, 0xe5, 0xe2, 0x41,
    0x40, 0x3f, 0xf8, 0x11, 0xd4, 0x80, 0x1, 0x46,
    0x87, 0x10, 0x90, 0xf, 0xfe, 0x12, 0xdf, 0x5b,
    0xa9, 0x91, 0x17, 0x48,

    /* U+E134 "" */
    0x1, 0x9c, 0xdd, 0xad, 0x80, 0x34, 0xed, 0xc2,
    0x0, 0x7e, 0x1f, 0x63, 0x22, 0x92, 0x64, 0x0,
    0x16, 0x24, 0x7b, 0xe8, 0x0, 0xf4, 0x8, 0x33,
    0xbc, 0x80, 0xc6, 0x3, 0x6e, 0xa4, 0x2, 0xfc,
    0x80, 0x19, 0x1, 0xa6, 0x22, 0xb1, 0x5, 0x0,
    0x24, 0x56, 0xe2, 0x80, 0xdb, 0x0, 0x42, 0x2,
    0x1, 0xff, 0x8, 0x0, 0xeb, 0x4, 0x25, 0x0,
    0x30, 0x80, 0x7f, 0xbb, 0x9f, 0x46, 0x7, 0x82,
    0x14, 0x20, 0xc0, 0x40, 0x1f, 0xfc, 0x15, 0xc9,
    0x2, 0xd0, 0x18, 0xd, 0x5, 0x0, 0xe1, 0x0,
    0xdd, 0x90, 0x40, 0xd2, 0x6, 0xe0, 0xc2, 0x60,
    0x22, 0x0, 0xac, 0x0, 0x80, 0x11, 0xbe, 0xa8,
    0x32, 0x4, 0x80, 0x1d, 0x0, 0xe, 0x0, 0x84,
    0x8, 0x20, 0xf, 0x51, 0x7, 0x80, 0xa0, 0x60,
    0x20, 0x68, 0x0, 0xc1, 0x1c, 0x3, 0xf5, 0x82,
    0x0, 0xc, 0x1c, 0x38, 0x10, 0x83, 0x1, 0x8,
    0x3, 0xf2, 0x80, 0x8, 0x38, 0xc, 0x14, 0x42,
    0x1, 0xc8, 0x3c, 0x3, 0xf1, 0x98, 0x88, 0x8,
    0x2e, 0x0, 0x60, 0x52, 0xe, 0x2, 0xa0, 0xf,
    0xd9, 0xa0, 0x2, 0xe9, 0x0, 0x40, 0x87, 0x1,
    0xc0, 0x2c, 0x80, 0x7f, 0xf1, 0x6c, 0xd, 0xc1,
    0xd8, 0x1a, 0xc0, 0x32, 0xcc, 0xf3, 0x80, 0x72,
    0xa0, 0x42, 0x4, 0xb0, 0x26, 0xa0, 0x5d, 0x33,
    0x74, 0x68, 0x80, 0x6a, 0x10, 0xb3, 0x9, 0x80,
    0x2b, 0xe4, 0x3, 0x55, 0x90, 0xa, 0x0, 0x30,
    0xe0, 0x86, 0x20, 0x3e, 0x98, 0x8, 0x36, 0x55,
    0x56, 0xe0, 0x80, 0x1c, 0x5a, 0x21, 0x6e, 0x5,
    0x94, 0xf3, 0x20, 0xe, 0xe0, 0x30, 0xf, 0x1e,
    0x8, 0x45, 0x90, 0x2c, 0x30, 0x7, 0xff, 0x10,
    0xbd, 0x1, 0x36, 0x48, 0x3, 0xff, 0x8e, 0x37,
    0x42, 0xd, 0xb6, 0xc2, 0x1, 0xc2, 0x1, 0xff,
    0xc0, 0x5e, 0x71, 0x4, 0x9e, 0xe5, 0xcb, 0xc4,
    0x82, 0x80, 0x7f, 0xf0, 0x23, 0xa9, 0x0, 0x2,
    0x8d, 0xe, 0x21, 0x20, 0x1f, 0xfc, 0x25, 0xbe,
    0xb7, 0x53, 0x22, 0x2e, 0x90,

    /* U+E138 "" */
    0x0, 0x15, 0x77, 0xfd, 0xb0, 0x1, 0xff, 0xc2,
    0x19, 0x50, 0x2d, 0x51, 0x0, 0x89, 0xe8, 0x3,
    0xff, 0x80, 0x38, 0xd0, 0x10, 0x0, 0x89, 0x99,
    0x81, 0x4c, 0x3, 0xfc, 0x38, 0x41, 0x60, 0xe0,
    0xee, 0x66, 0xa4, 0x41, 0x40, 0x3f, 0x87, 0x8,
    0x25, 0x80, 0x40, 0x3f, 0xf8, 0xc3, 0x84, 0x14,
    0xc0, 0x7, 0x2, 0x0, 0xff, 0xe1, 0x97, 0x90,
    0x52, 0x80, 0x42, 0x2, 0x1, 0xff, 0xc2, 0x2c,
    0x10, 0xa5, 0x0, 0xda, 0xa, 0x1, 0xc2, 0x1,
    0xf1, 0x60, 0x85, 0x28, 0x7, 0x20, 0x9, 0x0,
    0x7, 0x0, 0x8, 0x1, 0x8b, 0x4, 0x2d, 0x40,
    0x3c, 0x60, 0x4, 0x0, 0x41, 0x84, 0x10, 0x4,
    0x58, 0x21, 0x68, 0x1, 0xf9, 0x2, 0x80, 0x4,
    0x8, 0xe0, 0x11, 0x60, 0x85, 0xa0, 0x7, 0xf7,
    0x1, 0x90, 0x68, 0x28, 0x4, 0x58, 0x21, 0x68,
    0x1, 0xfe, 0x51, 0x8, 0x6, 0x9d, 0x0, 0x1e,
    0x8, 0x62, 0x0, 0x7f, 0xf0, 0x24, 0x14, 0x81,
    0x8c, 0xf, 0x44, 0x30, 0xc0, 0x3f, 0xf8, 0x2e,
    0x21, 0x60, 0x11, 0xe8, 0x86, 0x18, 0x7, 0xff,
    0xe, 0xc7, 0xc0, 0x7, 0x82, 0xc, 0x60, 0x11,
    0x33, 0xbe, 0x40, 0xf, 0x2f, 0x30, 0x1e, 0x0,
    0x4d, 0x64, 0x13, 0xb3, 0x11, 0xae, 0xc0, 0x1f,
    0x8f, 0x0, 0x6d, 0x1, 0x36, 0xd8, 0x4, 0x8a,
    0x10, 0x48, 0x0, 0xf1, 0xe0, 0x2, 0x92, 0xe4,
    0x0, 0x80, 0x9d, 0xbb, 0x73, 0x2, 0x80, 0x72,
    0x60, 0x5, 0x24, 0xd, 0xce, 0x8f, 0x60, 0x1d,
    0xe0, 0x60, 0x19, 0x2c, 0x6, 0x0, 0xb6, 0x0,
    0x62, 0xe0, 0x3, 0xff, 0x80, 0x96, 0x3, 0x8f,
    0x82, 0xf, 0xce, 0x20, 0x1f, 0xfc, 0x14, 0xb0,
    0x1c, 0x20, 0x3e, 0x60, 0x18, 0xea, 0x51, 0x0,
    0xe1, 0x0, 0x92, 0xc0, 0x70, 0x80, 0x34, 0xea,
    0x80, 0x16, 0xbb, 0x6e, 0x5e, 0x24, 0x14, 0x28,
    0xb, 0x8, 0x3, 0xc5, 0x5d, 0x6, 0x0, 0x24,
    0x68, 0x71, 0x9, 0x7, 0x4c, 0x20, 0xf, 0xe1,
    0x7c, 0xea, 0x75, 0x32, 0x22, 0xe9, 0x0,

    /* U+E13A "" */
    0x0, 0xff, 0xe2, 0x8b, 0x4b, 0x80, 0x7f, 0xf2,
    0x5f, 0xa5, 0xa0, 0x80, 0x3f, 0xf8, 0x46, 0x8a,
    0xb5, 0x40, 0x7, 0xff, 0x10, 0xab, 0xf2, 0xea,
    0xa5, 0x4, 0xb0, 0xf, 0xfe, 0xa, 0xea, 0x80,
    0x7c, 0x96, 0xc0, 0x6, 0x0, 0xfe, 0x5a, 0x0,
    0x3e, 0x7f, 0xf5, 0x81, 0x8, 0x59, 0x0, 0x4d,
    0x64, 0x3, 0x40, 0x5b, 0x6, 0x1, 0xfb, 0x40,
    0x1c, 0x1, 0x5a, 0x28, 0x40, 0x3, 0xc8, 0x3,
    0xfc, 0x72, 0x6, 0x60, 0xd, 0xe0, 0xc0, 0xe4,
    0x1, 0xfc, 0xc4, 0xc, 0x0, 0x84, 0x7, 0x6,
    0x80, 0x5, 0x80, 0x7f, 0x44, 0xc8, 0x0, 0x40,
    0x96, 0xd0, 0x2, 0xe0, 0x3, 0x0, 0xfe, 0xb4,
    0xe0, 0x4, 0x18, 0x84, 0x16, 0x18, 0x7, 0xff,
    0x4, 0xed, 0x40, 0xb, 0x90, 0x1, 0x1e, 0x58,
    0x7, 0xff, 0x35, 0x80, 0xa, 0x1, 0xff, 0xc2,
    0x5d, 0x80, 0xe, 0x22, 0x4, 0x80, 0x7f, 0xf0,
    0x4a, 0x88, 0x42, 0x0, 0x34, 0x1, 0xc8, 0x7,
    0xfc, 0xb8, 0x0, 0x8c, 0x60, 0xc, 0xaa, 0x6,
    0x40, 0x1, 0xaa, 0xc6, 0x0, 0x1a, 0x10, 0xa7,
    0x30, 0xf, 0x50, 0x0, 0x40, 0xf2, 0xaa, 0xc5,
    0x3, 0x0, 0x5a, 0x80, 0x7f, 0xf0, 0x58, 0x3,
    0x8c, 0x3, 0x30, 0x7, 0xff, 0x17, 0xc4, 0x3,
    0xff, 0x8a, 0x21, 0x5f, 0x40, 0x11, 0x84, 0xfe,
    0x80, 0xc, 0x3, 0xfd, 0x20, 0x1d, 0x1, 0x0,
    0x1c, 0xc2, 0x1, 0xfe, 0x7c, 0x99, 0xb1, 0xc1,
    0x76, 0x66, 0xb9, 0x0, 0xe0,

    /* U+E13C "" */
    0x0, 0x1c, 0x4a, 0x80, 0x7f, 0xf1, 0x5b, 0x1d,
    0xab, 0x4c, 0x3, 0xff, 0x87, 0x20, 0x26, 0x5,
    0x94, 0x20, 0x1f, 0xfc, 0x4, 0x0, 0x7e, 0x59,
    0x2, 0xf3, 0x80, 0x7f, 0xf0, 0x84, 0x13, 0x60,
    0x1, 0x1a, 0xa0, 0x1f, 0xfc, 0x47, 0xe6, 0x2,
    0xab, 0x20, 0xf, 0x84, 0x3, 0xe1, 0x9c, 0x30,
    0x4d, 0x80, 0xf, 0xfe, 0x21, 0xe4, 0x88, 0x3f,
    0x30, 0x7, 0xff, 0x11, 0xb9, 0xc0, 0x67, 0xc,
    0x3, 0xff, 0x89, 0x1a, 0x80, 0x78, 0xe0, 0x1f,
    0xfc, 0x42, 0xba, 0x10, 0x83, 0x0, 0xff, 0xe2,
    0xaf, 0x8, 0x20, 0x7, 0xff, 0x6d, 0x74, 0x41,
    0x40, 0x3f, 0xf8, 0x65, 0x74, 0x41, 0x4, 0x1,
    0xff, 0xc2, 0x8d, 0x40, 0x3c, 0x70, 0xf, 0xfe,
    0xb, 0x73, 0x80, 0xce, 0x18, 0x7, 0xff, 0x0,
    0xf2, 0x44, 0x1b, 0xd8, 0x3, 0x8, 0x7, 0xc3,
    0x58, 0x60, 0x7b, 0x22, 0x1, 0xff, 0xc0, 0x7e,
    0x50, 0x1a, 0xc2, 0x0, 0xff, 0x8, 0x26, 0xc0,
    0x1, 0xf9, 0x40, 0x3f, 0x90, 0x1, 0xf9, 0x64,
    0x9, 0xb0, 0x1, 0xff, 0xc0, 0xa0, 0x13, 0x2,
    0xbb, 0x10, 0x7, 0xff, 0x5, 0x71, 0x99, 0x5a,
    0x80, 0x1f, 0xfc, 0x20,

    /* U+E13D "" */
    0x0, 0xfe, 0x22, 0x0, 0x7f, 0xf1, 0x47, 0x74,
    0x20, 0x1f, 0xfc, 0x43, 0x0, 0x18, 0x7, 0xff,
    0xfc, 0x3, 0xff, 0xac, 0x24, 0x5e, 0x60, 0x3,
    0x11, 0x78, 0x40, 0xbb, 0x77, 0xd6, 0x0, 0xbd,
    0xdf, 0x71, 0x0, 0x7f, 0xf2, 0xb, 0xb7, 0x7d,
    0x60, 0xb, 0xdd, 0xf7, 0x10, 0x9, 0x17, 0x98,
    0x0, 0xc4, 0x5e, 0x10, 0xf, 0xff, 0xf8, 0x7,
    0xff, 0x58, 0xc0, 0x6, 0x1, 0xff, 0xc4, 0x1d,
    0xd0, 0x80, 0x7e,

    /* U+E140 "" */
    0x0, 0xff, 0xa2, 0x0, 0x1f, 0xfc, 0x91, 0x77,
    0x10, 0x7, 0xff, 0xfc, 0x3, 0xfe, 0x40, 0xf,
    0xfe, 0x12, 0x0, 0x7d, 0x57, 0x40, 0x1f, 0xfc,
    0x8, 0xbc, 0x0, 0xe7, 0x50, 0xd0, 0xf, 0xfe,
    0x6, 0x81, 0xc8, 0x4, 0x30, 0x8, 0xe0, 0x1f,
    0xfc, 0x5, 0x70, 0x64, 0x0, 0x40, 0x2, 0x80,
    0x3f, 0xf8, 0x50, 0x41, 0xe0, 0x7, 0x7, 0x10,
    0xf, 0xfe, 0x1c, 0x2, 0x12, 0x8, 0x50, 0x7,
    0xff, 0x11, 0x40, 0x8, 0x40, 0x24, 0x1, 0xff,
    0xc5, 0x40, 0xce, 0x2, 0x0, 0xf8, 0x40, 0x6,
    0x1, 0xf1, 0x0, 0x88, 0x3, 0xfd, 0xdc, 0x10,
    0xf, 0x84, 0x1c, 0x40, 0x40, 0x3f, 0x8, 0x80,
    0x3f, 0x10, 0x36, 0x81, 0x0, 0x7f, 0xf1, 0x9c,
    0x9, 0x0, 0xa, 0x1, 0xff, 0xc4, 0x22, 0x6,
    0xa, 0x4, 0x80, 0x7f, 0xf1, 0x2c, 0x5, 0x3,
    0xc0, 0xd8, 0x3, 0xff, 0x84, 0x6c, 0x12, 0x0,
    0x44, 0x4, 0xa0, 0x7, 0xff, 0x0, 0xb4, 0x5,
    0xc0, 0x2a, 0x10, 0xb5, 0x0, 0xff, 0x1e, 0x8,
    0x68, 0x6, 0x1c, 0x10, 0xab, 0x30, 0xf, 0xc,
    0xe0, 0x85, 0x18, 0x7, 0x16, 0x18, 0x26, 0x6c,
    0xbb, 0xa7, 0x39, 0x80, 0x6d, 0x40, 0x3e, 0x2c,
    0x81, 0x2, 0x68, 0x83, 0x18, 0xb, 0xf2, 0x0,
    0x7f, 0x9f, 0xad, 0xd0, 0x88, 0x6d, 0x5d, 0x0,
    0x1e,

    /* U+E141 "" */
    0x0, 0xe4, 0xdf, 0xff, 0xfe, 0x6, 0x10, 0x7,
    0xfa, 0xc8, 0x3, 0xff, 0x80, 0x7e, 0x1, 0xfc,
    0x60, 0x9, 0xaa, 0xff, 0x38, 0x10, 0x80, 0x7f,
    0xce, 0xab, 0xfe, 0xb0, 0xf, 0xff, 0xf8, 0x7,
    0xff, 0x68, 0xda, 0xc0, 0xc, 0xdf, 0xf5, 0x80,
    0x19, 0x86, 0x1, 0x5e, 0x4b, 0x80, 0x22, 0x67,
    0xfc, 0xe0, 0x8, 0x9c, 0xa0, 0x74, 0x1, 0x11,
    0x17, 0xff, 0xc, 0x44, 0x0, 0x57, 0xb0, 0x6e,
    0xe6, 0xef, 0xff, 0xf, 0xb9, 0xec, 0x16, 0x41,
    0xc0, 0x1f, 0xfc, 0x8e, 0x2, 0x0, 0xff, 0xe9,
    0xa6, 0xff, 0xff, 0xf0, 0x30, 0x80, 0x3f, 0xd6,
    0x40, 0x1f, 0xfc, 0x3, 0xf0, 0xf, 0xe3, 0x0,
    0x4d, 0x57, 0xf9, 0xc0, 0x84, 0x3, 0xfe, 0x75,
    0x5f, 0xf5, 0x80, 0x7c, 0xa1, 0x66, 0xc0, 0x1f,
    0xfc, 0x42, 0x3a, 0x2, 0xe0, 0x3c, 0xa0, 0xf,
    0xfe, 0x26, 0x60, 0x82, 0x56, 0x44, 0x3, 0xff,
    0x90, 0x32, 0xa0, 0xdd, 0xb4, 0x1, 0xff, 0xc4,
    0xcd, 0xe6, 0x0, 0xc4, 0xc0, 0x1f, 0xfc, 0x42,
    0x20, 0x7, 0xf9, 0xd5, 0x7f, 0xd6, 0x1, 0xff,
    0x18, 0x2, 0x6a, 0xbf, 0xce, 0x4, 0x20, 0x1f,
    0xd6, 0x40, 0x1f, 0xfc, 0x3, 0xe0, 0xe,

    /* U+E142 "" */
    0x0, 0xca, 0x20, 0x1f, 0xfc, 0x22, 0x40, 0xf,
    0xa6, 0xb4, 0x3, 0xff, 0x85, 0xf7, 0x20, 0x1c,
    0xac, 0xa, 0x1, 0xff, 0xc2, 0x40, 0x66, 0x0,
    0x43, 0x40, 0x72, 0x1, 0xff, 0xc2, 0x93, 0x9,
    0x10, 0x4, 0x0, 0x38, 0x7, 0x78, 0x40, 0x3c,
    0x3d, 0xa2, 0x1a, 0x0, 0x80, 0x3, 0x3, 0x90,
    0x51, 0x8, 0x7, 0xe1, 0x2d, 0x1, 0x70, 0x60,
    0x50, 0x4, 0x82, 0xa0, 0x48, 0x81, 0x33, 0x8,
    0x6, 0x40, 0xd4, 0x24, 0x0, 0xba, 0x6, 0x21,
    0xc0, 0x6c, 0xd, 0xb3, 0x2d, 0x60, 0x63, 0xe,
    0x1, 0x20, 0xc3, 0x5, 0x0, 0x20, 0x50, 0x14,
    0x80, 0x69, 0x20, 0xa0, 0x40, 0x2, 0x1, 0x30,
    0x8, 0x8, 0x1, 0x41, 0x0, 0x1d, 0xc0, 0x2,
    0x2, 0x80, 0x4, 0x4, 0x18, 0x3, 0xff, 0x9c,
    0xc0, 0x20, 0x20, 0x5, 0x4, 0x0, 0x77, 0x0,
    0x8, 0xa, 0x0, 0x10, 0x10, 0x63, 0x5, 0x0,
    0x20, 0x50, 0x14, 0x80, 0x69, 0x20, 0xa0, 0x40,
    0x2, 0x1, 0xe8, 0x18, 0x87, 0x1, 0xb0, 0x36,
    0xcc, 0xb5, 0x81, 0x8c, 0x38, 0x4, 0x83, 0x54,
    0x1, 0x20, 0xa6, 0x12, 0x20, 0x4c, 0xc2, 0x1,
    0x90, 0x35, 0x9, 0x0, 0x28, 0x30, 0x39, 0x6,
    0x88, 0x80, 0x3f, 0x8, 0xb4, 0x5, 0xc1, 0x80,
    0x10, 0x0, 0xe0, 0x1e, 0xe0, 0x80, 0x78, 0x7b,
    0x82, 0x1a, 0x0, 0x80, 0x0, 0xd0, 0x1c, 0x80,
    0x7f, 0xf0, 0xa4, 0xc2, 0x84, 0x2, 0x56, 0x5,
    0x0, 0xff, 0xe1, 0x28, 0x32, 0x80, 0x74, 0xd7,
    0x0, 0x7f, 0xf0, 0xb6, 0xa4, 0x2,

    /* U+E145 "" */
    0x0, 0xfe, 0x36, 0x77, 0x29, 0x0, 0x78, 0xd8,
    0x3, 0xe3, 0x9f, 0xc9, 0x88, 0x56, 0xf4, 0x8,
    0x5, 0xb2, 0xa0, 0x1d, 0x38, 0xc0, 0x11, 0x8,
    0x0, 0x5f, 0xa0, 0x3, 0xf0, 0xeb, 0x0, 0xc6,
    0xfe, 0xf7, 0xe3, 0x88, 0x3e, 0x8, 0x7, 0xb0,
    0x81, 0xf9, 0xc8, 0x3, 0x1c, 0x73, 0x81, 0xf8,
    0x80, 0x6b, 0x20, 0x98, 0x0, 0xff, 0x45, 0x80,
    0x80, 0x64, 0x40, 0x43, 0x0, 0x7f, 0x37, 0x7d,
    0x80, 0x7a, 0x0, 0x9c, 0x3, 0xfd, 0xa2, 0x1,
    0xe1, 0x23, 0x8, 0x0, 0xff, 0xaa, 0x67, 0xd6,
    0x88, 0x0, 0x28, 0x7, 0xfc, 0x2c, 0xde, 0x40,
    0xc0, 0x40, 0xf, 0xfe, 0x38, 0x80, 0x81, 0x0,
    0x7f, 0xf1, 0xaf, 0x8c, 0x83, 0xc0, 0x3f, 0xf8,
    0xc8, 0xd, 0x3a, 0xc0, 0x1f, 0xfc, 0x51, 0x0,
    0x8, 0x10, 0x7, 0xff, 0x19, 0x40, 0xa, 0x2a,
    0xbe, 0x40, 0xf, 0xfe, 0x7, 0x1, 0xd, 0xd5,
    0x7a, 0xd0, 0x3, 0xfc, 0x2a, 0x14, 0x2, 0x1,
    0xe2, 0x50, 0xf, 0xf5, 0x80, 0x18, 0x3, 0x93,
    0xfd, 0xa2, 0x1, 0xfc, 0xea, 0x12, 0x20, 0x10,
    0x82, 0x69, 0x80, 0x7f, 0xa6, 0x1, 0x98, 0x1,
    0x9a, 0x0, 0xb2, 0x48, 0x3, 0xcb, 0xac, 0x9,
    0x20, 0x1e, 0x7a, 0x10, 0x6d, 0xeb, 0x99, 0x5f,
    0xd1, 0x3, 0xd8, 0x7, 0xe5, 0xf7, 0x10, 0x14,
    0x66, 0x20, 0x1, 0x32, 0x0, 0x3b, 0xd2, 0x80,
    0x3, 0x1d, 0x6e, 0xa8, 0x86, 0x9d, 0xb3, 0x0,
    0xf0,

    /* U+E146 "" */
    0x0, 0xff, 0xe2, 0x15, 0xb8, 0x7, 0xff, 0x25,
    0x11, 0x10, 0x0, 0xff, 0xe4, 0x32, 0x3, 0xc0,
    0x7, 0xff, 0x22, 0xd0, 0x1e, 0x0, 0x3e, 0x12,
    0x2f, 0xfe, 0x4, 0x90, 0x3c, 0x0, 0x68, 0xee,
    0x6e, 0xff, 0xf0, 0x48, 0x0, 0xea, 0x3, 0xae,
    0x20, 0x1f, 0xfc, 0x8d, 0x20, 0x6b, 0xdd, 0xff,
    0xe0, 0x90, 0x1, 0xd5, 0xc, 0x2a, 0x50, 0x8b,
    0xff, 0x81, 0x24, 0xf, 0x1, 0xc0, 0x6a, 0x1,
    0xff, 0xc1, 0xb4, 0x7, 0x80, 0x3, 0x2, 0x0,
    0x7f, 0xf0, 0x59, 0x1, 0xe0, 0x3, 0xff, 0x8e,
    0x87, 0x10, 0x0, 0xd6, 0x36, 0x1, 0xff, 0xc1,
    0x2c, 0x70, 0xe, 0x7e, 0x30, 0xf, 0xfe, 0x33,
    0xf1, 0x80, 0x75, 0x50, 0x3, 0xff, 0x85, 0x63,
    0x60, 0x1b, 0x15, 0x44, 0x1, 0xff, 0xc7, 0xc3,
    0x7, 0x20, 0xf, 0xfe, 0x0, 0x98, 0x70, 0x2,
    0xcc, 0x1e, 0x0, 0x3f, 0xf8, 0x36, 0x0, 0x70,
    0xb4, 0x5, 0xa2, 0x2f, 0xfe, 0x2, 0x5a, 0x83,
    0x8d, 0x20, 0x1, 0x77, 0x7f, 0xf8, 0x36, 0x80,
    0xb0, 0x6, 0x1, 0xff, 0xc6, 0x29, 0xa0, 0x4,
    0xa0, 0x1, 0x77, 0x7f, 0xf8, 0x3d, 0xac, 0x1,
    0xac, 0xc1, 0x68, 0x8b, 0xff, 0x80, 0x20, 0x1f,
    0x61, 0x83, 0xc0, 0x7, 0xff, 0x23, 0x10, 0x1c,
    0x80, 0x3f, 0xf9, 0x16, 0xaa, 0x20, 0xf, 0xfe,
    0x20,

    /* U+E147 "" */
    0x0, 0xfe, 0x47, 0x50, 0xf, 0xe5, 0x74, 0x0,
    0xff, 0x5d, 0xa2, 0xb8, 0x80, 0x38, 0xba, 0xa2,
    0xec, 0x1, 0xfa, 0xd0, 0x4, 0x7, 0x80, 0x31,
    0x60, 0x80, 0x82, 0x40, 0x7, 0xad, 0x1, 0xfa,
    0x80, 0xc4, 0x0, 0x58, 0x21, 0x7c, 0xc0, 0xa0,
    0x1d, 0x88, 0xf, 0x0, 0xe0, 0x3, 0x2, 0xc1,
    0xb, 0x40, 0xe0, 0x30, 0xd, 0x86, 0xf, 0x0,
    0x1e, 0x3c, 0x10, 0xc4, 0x0, 0xfd, 0x86, 0xf,
    0x0, 0x1e, 0x7d, 0x10, 0xc3, 0x0, 0xfd, 0x86,
    0xf, 0x0, 0x1f, 0x50, 0x86, 0x18, 0x7, 0xeb,
    0x30, 0x78, 0x0, 0xff, 0x59, 0x80, 0x7e, 0x74,
    0x7, 0x80, 0xf, 0xf5, 0xa0, 0x7, 0xf5, 0x82,
    0x40, 0x7, 0xfa, 0x90, 0x3, 0xff, 0xb1, 0x60,
    0x90, 0x1, 0xfe, 0xa4, 0x0, 0xff, 0x3a, 0x3,
    0xc0, 0x7, 0xfa, 0xd0, 0x3, 0xfd, 0x66, 0xf,
    0x0, 0x1f, 0xeb, 0x40, 0xf, 0xf6, 0x18, 0x3c,
    0x0, 0x7d, 0x42, 0x16, 0x80, 0x1f, 0xec, 0x30,
    0x78, 0x0, 0xf3, 0xe0, 0x85, 0xa0, 0x7, 0xfb,
    0xc, 0x1e, 0x0, 0x3c, 0x58, 0x21, 0x68, 0x1,
    0xfe, 0xc3, 0x7, 0x80, 0x40, 0x1, 0x81, 0x60,
    0x85, 0xa8, 0x68, 0x18, 0x7, 0xb1, 0x1, 0xfa,
    0x40, 0xc4, 0x0, 0x58, 0x21, 0x5c, 0xa0, 0xa0,
    0x1f, 0x5a, 0x0, 0x80, 0xf0, 0x6, 0x2c, 0x20,
    0x10, 0x48, 0x0, 0xfd, 0x76, 0x8a, 0xe2, 0x0,
    0xe2, 0xda, 0x8b, 0xb0, 0x0,

    /* U+E148 "" */
    0x6, 0x10, 0xf, 0x12, 0xb3, 0x46, 0x1, 0xfd,
    0x13, 0x40, 0x11, 0x4f, 0x6d, 0x4c, 0xd9, 0xf2,
    0x40, 0x1f, 0xe1, 0xad, 0x61, 0x0, 0x8, 0x80,
    0x26, 0xd9, 0x0, 0xfc, 0x5e, 0xa0, 0x2f, 0x9f,
    0xdc, 0xfc, 0x70, 0x3, 0x68, 0x80, 0x72, 0xe8,
    0x84, 0x74, 0x18, 0x6, 0x38, 0xe6, 0x2, 0xc1,
    0x0, 0xc2, 0x3, 0x8e, 0x1, 0xfc, 0x33, 0x0,
    0x54, 0x1, 0xe1, 0xcf, 0xe3, 0x0, 0xfe, 0x78,
    0x4, 0x50, 0xf0, 0xf, 0xa, 0x0, 0x7f, 0x9c,
    0xc2, 0x1, 0xea, 0x67, 0xa9, 0xc0, 0x3f, 0xe8,
    0x2, 0x30, 0x56, 0x6e, 0x50, 0xf, 0xfe, 0x2,
    0x8, 0x58, 0x18, 0x7, 0xff, 0x1d, 0x0, 0x9b,
    0x24, 0x3, 0xff, 0x8c, 0x60, 0xdc, 0xa, 0x1,
    0xff, 0xc9, 0xe0, 0x20, 0xf, 0xfe, 0x31, 0x83,
    0x10, 0x9, 0x0, 0x7f, 0xf1, 0x50, 0x9, 0x4,
    0x28, 0x3, 0xff, 0x88, 0x82, 0x16, 0xe, 0xe,
    0x20, 0x1f, 0xfc, 0x38, 0x2, 0x30, 0x80, 0x5,
    0x0, 0x7f, 0xf0, 0x9c, 0xc2, 0x0, 0x3, 0x20,
    0x92, 0x1, 0xff, 0xc0, 0x58, 0x5, 0x50, 0x4,
    0xcc, 0x6, 0xb2, 0x0, 0xfe, 0x8a, 0x3, 0xa0,
    0xe, 0x95, 0x4, 0xd9, 0x40, 0xc, 0x4f, 0xce,
    0x7, 0xa0, 0x1f, 0x54, 0x80, 0x1a, 0xff, 0xb9,
    0xfb, 0x2, 0xf, 0x82, 0x1, 0xf9, 0xba, 0x4,
    0x0, 0x22, 0x0, 0x9b, 0x60, 0x3, 0xfe, 0x17,
    0xed, 0xa8, 0x84, 0xe7, 0xc9, 0x0, 0x78,

    /* U+E149 "" */
    0x0, 0xfe, 0x35, 0x77, 0x32, 0x0, 0x7c, 0xc6,
    0x1, 0xe1, 0x8e, 0xca, 0x88, 0x4d, 0xfd, 0xa8,
    0x4, 0xb3, 0xa0, 0x1c, 0xde, 0xe2, 0x0, 0x12,
    0x10, 0x2, 0x56, 0x98, 0x7, 0xea, 0x91, 0x6,
    0xbf, 0xed, 0xee, 0x52, 0x1, 0x63, 0x80, 0x7a,
    0xd4, 0x13, 0x65, 0x0, 0x30, 0xad, 0xd8, 0x82,
    0x20, 0x1, 0x9d, 0x1, 0xac, 0x80, 0x3f, 0x93,
    0x54, 0x8, 0x2, 0x18, 0x4, 0x90, 0xf, 0xf6,
    0x7f, 0x94, 0x3, 0xa0, 0x6, 0x80, 0x3f, 0xc4,
    0x60, 0x1e, 0x30, 0x70, 0x91, 0x0, 0xff, 0x15,
    0xcc, 0xfb, 0xcc, 0x41, 0x80, 0x3f, 0xf8, 0x8,
    0xcd, 0xe2, 0x50, 0x11, 0x0, 0x7f, 0xf1, 0x88,
    0x44, 0x6, 0x1, 0xff, 0xc6, 0x3d, 0xd7, 0x80,
    0x7f, 0xf2, 0x14, 0xb, 0xc0, 0xc0, 0x3f, 0xf8,
    0xde, 0x4, 0x60, 0x24, 0x1, 0xff, 0xc5, 0x50,
    0x54, 0x0, 0x50, 0x7, 0xff, 0x10, 0x8c, 0x30,
    0x18, 0x1c, 0x40, 0x3f, 0xf8, 0x70, 0x2, 0xa1,
    0x60, 0xa, 0x0, 0xff, 0xe1, 0x2a, 0x82, 0x0,
    0x5, 0x20, 0x94, 0x1, 0xff, 0xc0, 0x4a, 0x4,
    0x60, 0x9, 0x98, 0xb, 0x64, 0x1, 0xfd, 0x16,
    0x3, 0x40, 0x1d, 0x2c, 0x9, 0xb2, 0x80, 0x18,
    0x9f, 0x9c, 0xb, 0x4, 0x3, 0xd3, 0x40, 0x6,
    0xbf, 0xed, 0xfd, 0x81, 0x5, 0xd2, 0x0, 0xfc,
    0xbc, 0xe2, 0x0, 0x12, 0x0, 0x97, 0x28, 0x3,
    0xfe, 0x18, 0xed, 0xa8, 0x84, 0xdf, 0xd1, 0x80,
    0x78,

    /* U+E14A "" */
    0x7, 0x73, 0x20, 0x80, 0x7f, 0xf1, 0x1e, 0x21,
    0x37, 0xdc, 0x94, 0x0, 0xff, 0xe0, 0xa9, 0x90,
    0x80, 0x5, 0xaf, 0x58, 0x3, 0xfe, 0x2c, 0xde,
    0xe5, 0xb9, 0x1, 0x4e, 0xa0, 0x7, 0xff, 0x4,
    0x52, 0x36, 0xd0, 0xa, 0xe0, 0x3, 0xff, 0x88,
    0x97, 0x62, 0x7, 0xb0, 0xf, 0xfe, 0x2a, 0x6a,
    0x82, 0x60, 0x7, 0xff, 0x1a, 0xa0, 0xe, 0xc0,
    0x3c, 0x68, 0x40, 0x1f, 0xcf, 0x0, 0x90, 0x1,
    0x97, 0x2f, 0x7e, 0x90, 0x3, 0xe7, 0x60, 0x74,
    0x0, 0x98, 0x40, 0x25, 0xbc, 0x20, 0xf, 0x49,
    0x4, 0x80, 0x47, 0xdc, 0xc8, 0x20, 0x3d, 0x40,
    0xf, 0x48, 0x13, 0x0, 0x61, 0x37, 0xd9, 0x0,
    0x5a, 0x0, 0x72, 0x20, 0x2c, 0x3, 0xf3, 0x68,
    0x85, 0x90, 0x7, 0x40, 0x12, 0x0, 0x7e, 0x2c,
    0x0, 0x48, 0x7, 0x19, 0x6, 0x80, 0x7f, 0x14,
    0x82, 0x20, 0x3, 0x94, 0x1c, 0x2, 0x10, 0xf,
    0x30, 0x87, 0x0, 0x76, 0x0, 0x88, 0x2f, 0xbd,
    0x80, 0x3a, 0x41, 0x40, 0x39, 0x40, 0xa, 0xa4,
    0x0, 0x48, 0x80, 0x64, 0x0, 0x10, 0x6, 0x10,
    0x1, 0x18, 0x7, 0xf1, 0x0, 0x18, 0x3, 0x84,
    0x5, 0xc4, 0x0, 0xa2, 0x1, 0x84, 0x40, 0x1f,
    0x10, 0x8, 0xbe, 0x6a, 0x80, 0x1e, 0xd9, 0x40,
    0xe, 0xe9, 0x60,

    /* U+E14B "" */
    0x0, 0xe6, 0xbc, 0x81, 0x0, 0xff, 0xe4, 0x5c,
    0xa1, 0xbf, 0x98, 0x7, 0xff, 0x1b, 0x10, 0x11,
    0x80, 0x74, 0xc0, 0x3f, 0xf8, 0x98, 0x61, 0x17,
    0x38, 0x3, 0xa6, 0x1, 0xff, 0xc2, 0xb3, 0x8,
    0x70, 0x1, 0xa0, 0xe, 0x98, 0x7, 0xff, 0x1,
    0x90, 0x1d, 0xc0, 0x15, 0x20, 0x0, 0x74, 0xc0,
    0x3f, 0xea, 0x4, 0x80, 0x8, 0x94, 0x17, 0x0,
    0x74, 0xc0, 0x3f, 0xf8, 0x4, 0x1, 0x89, 0x9e,
    0x8f, 0x0, 0x70, 0xc0, 0x3f, 0x94, 0x19, 0x0,
    0x34, 0xc0, 0x2, 0x40, 0x2c, 0x30, 0xf, 0xd0,
    0x21, 0x66, 0x1, 0xe8, 0x50, 0x40, 0x6, 0x18,
    0x7, 0xc3, 0xa0, 0xc, 0x30, 0xe, 0x10, 0x5b,
    0xc0, 0x6, 0x18, 0x7, 0xc7, 0x80, 0xc, 0x30,
    0xd, 0x3b, 0x40, 0x68, 0x0, 0xd3, 0x0, 0xf8,
    0xf0, 0x1, 0x86, 0x1, 0x88, 0x1, 0x48, 0x0,
    0x1d, 0x30, 0xf, 0x8f, 0x0, 0x18, 0x60, 0x1c,
    0x4a, 0xb, 0x80, 0x3a, 0x60, 0x1f, 0x1e, 0x0,
    0x30, 0xc0, 0x31, 0x33, 0xd1, 0xe0, 0xe, 0x98,
    0x7, 0xc7, 0x80, 0xc, 0x30, 0xd, 0x30, 0x0,
    0x90, 0x0, 0xe9, 0x0, 0x7c, 0x78, 0x0, 0xc3,
    0x0, 0xf4, 0x28, 0x20, 0xe, 0x8, 0x7, 0xc7,
    0x80, 0xc, 0x30, 0xe, 0x10, 0x5b, 0xc0, 0x18,
    0x0, 0xfc, 0x78, 0x0, 0xc3, 0x0, 0xd3, 0xb4,
    0x6, 0xc0, 0xa0, 0x1f, 0xc7, 0x80, 0xc, 0x30,
    0xc, 0x40, 0x11, 0x0, 0x7f, 0xf0, 0xf, 0x0,
    0x18, 0x60, 0x1e, 0x74, 0xa, 0x0, 0xff, 0x8f,
    0x0, 0x18, 0x60, 0x19, 0xe0, 0x11, 0x80, 0x3f,
    0xf8, 0x7, 0x82, 0x18, 0x60, 0x7, 0x80, 0x3b,
    0x0, 0xff, 0xe1, 0x1e, 0x88, 0x64, 0xdc, 0x1,
    0xe0, 0x7, 0xff, 0x10, 0xf4, 0x41, 0x90, 0xf,
    0x0, 0x3f, 0xf8, 0xc7, 0xec, 0x66, 0x9c, 0x0,
    0xc0,

    /* U+E14D "" */
    0x0, 0xa, 0xb3, 0x7f, 0xf0, 0x44, 0x3, 0xe5,
    0xea, 0x99, 0xff, 0xe0, 0xf2, 0x80, 0x70, 0xd0,
    0x0, 0x80, 0x2, 0x45, 0xf0, 0x80, 0x29, 0x80,
    0x32, 0x0, 0x3b, 0x44, 0x23, 0x77, 0xee, 0xd2,
    0x9, 0x70, 0x8, 0xc0, 0x44, 0x1, 0xff, 0xc0,
    0x2c, 0x20, 0x88, 0x0, 0x7f, 0xf1, 0xc7, 0xc,
    0x1e, 0x40, 0x3c, 0x61, 0x3f, 0xff, 0x73, 0x80,
    0xe1, 0x83, 0x30, 0x3, 0xac, 0x3, 0xf8, 0x6c,
    0x2, 0xc3, 0x8, 0x0, 0xe6, 0xd9, 0x9f, 0xed,
    0x0, 0xd2, 0x2, 0x1, 0xe2, 0x66, 0xfe, 0x10,
    0xf, 0xff, 0x81, 0x67, 0xff, 0xfb, 0x94, 0x3,
    0xfd, 0xc6, 0x1, 0xfe, 0x1a, 0x10, 0xf, 0xe2,
    0x5, 0xaa, 0xfd, 0x20, 0x2, 0x0, 0xff, 0xb1,
    0x57, 0xf2, 0x0, 0x7f, 0xff, 0xc0, 0x3f, 0xfa,
    0x6, 0x2, 0x40, 0x1f, 0xfc, 0x5c, 0x1, 0x40,
    0x6, 0xe8, 0x42, 0x37, 0x7f, 0x60, 0x3, 0x79,
    0x81, 0xc6, 0x80, 0x4, 0x0, 0x12, 0x2f, 0xc2,
    0x0, 0x11, 0x2, 0x48, 0x2f, 0x54, 0xcf, 0xff,
    0x17, 0x2c, 0x0,

    /* U+E14E "" */
    0x0, 0xc, 0x66, 0x24, 0x80, 0x3f, 0xf8, 0x87,
    0xee, 0x66, 0x6d, 0x50, 0xf, 0xf8, 0xe4, 0x83,
    0x84, 0x19, 0xc4, 0x28, 0x80, 0x3f, 0x8f, 0x1a,
    0xd4, 0x83, 0x26, 0x3c, 0x42, 0xc0, 0x3f, 0x1e,
    0x0, 0xde, 0x81, 0x98, 0x0, 0x2e, 0x4, 0x1,
    0xf1, 0xe0, 0xe, 0x17, 0x81, 0x0, 0x63, 0x0,
    0xfc, 0x78, 0x3, 0x84, 0x8, 0x3, 0x0, 0x5,
    0x50, 0x68, 0x7, 0x1e, 0x0, 0xe1, 0x0, 0xd,
    0x1, 0xff, 0xa8, 0x0, 0x20, 0x19, 0x30, 0x7,
    0x8, 0x3, 0x5a, 0x80, 0x4, 0x2, 0x87, 0x0,
    0x25, 0x80, 0xe1, 0x0, 0x7a, 0xb6, 0x63, 0x3c,
    0xc2, 0x1d, 0x2c, 0x7, 0x8, 0x3, 0xf1, 0x33,
    0x98, 0x61, 0x84, 0x58, 0xe, 0x10, 0x7, 0xff,
    0xf, 0x8, 0x0, 0x38, 0x40, 0x1f, 0xfc, 0x44,
    0x20, 0x1c, 0x20, 0xf, 0xfe, 0x22, 0x58, 0xe,
    0x10, 0x7, 0xfc, 0x31, 0x98, 0x96, 0xb0, 0x1c,
    0x20, 0x7c, 0x20, 0xf, 0x8f, 0xdc, 0xcc, 0xd2,
    0x3, 0x84, 0x0, 0xa3, 0xc3, 0x0, 0xf6, 0x88,
    0x33, 0x88, 0x2, 0xc8, 0x2, 0xe1, 0x16, 0x18,
    0x6, 0x51, 0xc, 0x98, 0xf1, 0xc, 0x0, 0xc7,
    0xa0, 0xc, 0x30, 0xb, 0x40, 0xcc, 0x0, 0x17,
    0x5, 0x0, 0xe3, 0xc0, 0x6, 0x18, 0x3, 0xc0,
    0x80, 0x31, 0x83, 0x80, 0x78, 0xf0, 0x1, 0x86,
    0x8, 0x3, 0x0, 0x5, 0x50, 0x60, 0x7, 0xc7,
    0x80, 0xd, 0x23, 0x40, 0x7f, 0xea, 0x2, 0x70,
    0xf, 0xc7, 0x82, 0x24, 0xb, 0x50, 0x0, 0x81,
    0xf8, 0x7, 0xf8, 0xf2, 0x18, 0x1, 0x5b, 0x31,
    0x98, 0x20, 0xf, 0xf8, 0x9c, 0x0,

    /* U+E151 "" */
    0x0, 0xfc, 0x6c, 0xee, 0x52, 0x0, 0xff, 0xe2,
    0x3f, 0x64, 0xc4, 0x2b, 0x74, 0xc0, 0x1f, 0xfc,
    0x4, 0xe8, 0x10, 0x1, 0x10, 0x0, 0x53, 0x84,
    0x1, 0xfc, 0xd6, 0x20, 0xd9, 0xfb, 0xaf, 0xb4,
    0x3, 0xd3, 0x0, 0xf9, 0x24, 0xb, 0x64, 0xc0,
    0x32, 0x5d, 0x84, 0x30, 0x80, 0x3d, 0x40, 0x58,
    0x40, 0x1f, 0x93, 0x4, 0x38, 0x3, 0xa0, 0x43,
    0xc4, 0x3, 0xfc, 0x54, 0x6, 0xc0, 0x19, 0x81,
    0xc8, 0x3, 0xff, 0x80, 0x88, 0xb, 0x0, 0x8c,
    0x42, 0x80, 0x3f, 0xf8, 0x5c, 0x4, 0x20, 0x4,
    0x1, 0x20, 0xf, 0xfe, 0x12, 0x0, 0x14, 0x1,
    0xe0, 0x60, 0x1f, 0xfc, 0x31, 0x0, 0x10, 0x7,
    0xff, 0x3b, 0xc0, 0xc0, 0x3f, 0xf8, 0x62, 0x0,
    0x20, 0x1, 0x80, 0x98, 0x7, 0xff, 0x9, 0x0,
    0xa, 0x0, 0x41, 0xa, 0x0, 0xff, 0xe1, 0x70,
    0x18, 0x80, 0x4c, 0xc, 0x40, 0x1f, 0xfc, 0x4,
    0x40, 0x50, 0x6, 0x91, 0xf, 0x10, 0xf, 0xf1,
    0x50, 0x13, 0x0, 0x61, 0xa0, 0x2c, 0x30, 0xf,
    0xc9, 0x82, 0x10, 0x1, 0xe4, 0x90, 0x2c, 0xa3,
    0x0, 0xc9, 0x76, 0x10, 0x5, 0x90, 0x7, 0x9a,
    0xc4, 0x17, 0x3f, 0x7b, 0xed, 0x0, 0xa4, 0x7,
    0x8, 0x3, 0xc9, 0xd0, 0x20, 0x2, 0x10, 0x1,
    0x4e, 0xb5, 0x80, 0xe1, 0x0, 0x7c, 0xfd, 0xb5,
    0x31, 0x5b, 0xa6, 0x0, 0x26, 0x0, 0xe1, 0x0,
    0x7e, 0x25, 0x67, 0x52, 0x0, 0xe3, 0xc0, 0x18,
    0x0, 0xff, 0xe4, 0x1e, 0x1f, 0x80,

    /* U+E152 "" */
    0x0, 0xff, 0xe4, 0x8b, 0x5d, 0x88, 0x3, 0xff,
    0x8e, 0xb7, 0xd2, 0x88, 0x90, 0xf, 0xfe, 0x22,
    0xd7, 0xd2, 0x0, 0x7f, 0xf1, 0x92, 0xbe, 0x94,
    0x3, 0xed, 0x0, 0xff, 0x25, 0x7d, 0xa8, 0x0,
    0xe2, 0x80, 0x39, 0xc0, 0x3e, 0x49, 0xeb, 0x50,
    0x1, 0x46, 0xe2, 0x50, 0x0, 0x41, 0x4, 0x3,
    0x1c, 0xf5, 0xb0, 0x81, 0x3e, 0xe9, 0xc8, 0xf0,
    0x1, 0x42, 0x1c, 0x0, 0x28, 0xec, 0x61, 0x2,
    0x7d, 0xd4, 0x10, 0x0, 0xf0, 0x1, 0x84, 0x0,
    0x50, 0x7d, 0x71, 0x1, 0x7c, 0xd8, 0x20, 0xc,
    0x78, 0x0, 0xc3, 0xb0, 0x50, 0x5, 0x80, 0x55,
    0xd0, 0x60, 0x1e, 0x3c, 0x0, 0x61, 0x91, 0x87,
    0x80, 0x28, 0x2, 0xaa, 0x20, 0x7, 0x8f, 0x0,
    0x18, 0x60, 0xa0, 0x5, 0x0, 0x36, 0x30, 0x1,
    0x6f, 0x5c, 0x40, 0x7, 0x80, 0xc, 0x30, 0x5,
    0x2, 0x80, 0x63, 0x9f, 0x92, 0x2, 0x8e, 0xa6,
    0xc0, 0x6, 0x18, 0x0, 0x88, 0x1c, 0x1, 0xf3,
    0x6e, 0x28, 0x1, 0x64, 0x1, 0x86, 0x1, 0x50,
    0x1, 0x0, 0x3f, 0x8e, 0xba, 0x48, 0x1, 0x26,
    0x1, 0x94, 0x18, 0x3, 0xff, 0x80, 0x2d, 0xa4,
    0x18, 0x1, 0x88, 0x81, 0xa0, 0x1f, 0xfc, 0x3b,
    0x5, 0x10, 0xa, 0x80, 0x50, 0x3, 0xff, 0x86,
    0xc0, 0x6, 0x0, 0x94, 0x1c, 0x3, 0xff, 0x8a,
    0xc1, 0x20, 0x3, 0x20, 0xd0, 0xf, 0xfe, 0x2d,
    0x0, 0xa0, 0x58, 0xa, 0x0, 0x7f, 0xf1, 0x4c,
    0xc1, 0xe0, 0xc0, 0xe0, 0x1f, 0xfc, 0x7a, 0x4,
    0x51, 0xa, 0x0, 0xff, 0xe3, 0xb0, 0x2, 0x80,
    0x4c, 0x3, 0xff, 0x90, 0xc0, 0x13, 0x0, 0x7f,
    0xf2, 0x68, 0x2, 0xa0, 0xf, 0xfe, 0x49, 0xc9,
    0xc9, 0x0, 0x7c,

    /* U+E153 "" */
    0x2, 0xae, 0xed, 0xff, 0xff, 0xc2, 0xee, 0x51,
    0x1, 0xea, 0x88, 0xe0, 0xf, 0xfe, 0x10, 0x89,
    0x74, 0xe0, 0x6, 0x26, 0x7f, 0xf8, 0xd0, 0x0,
    0x85, 0x9, 0x76, 0x6f, 0xfe, 0x33, 0xc0, 0x28,
    0x0, 0x40, 0x2, 0x1, 0xff, 0xc5, 0x10, 0xf,
    0xf, 0x68, 0x7, 0xff, 0x94, 0x7b, 0x40, 0x3f,
    0xf9, 0x22, 0x0, 0x10, 0xf, 0xfe, 0x28, 0x80,
    0x14, 0x25, 0xd9, 0xb9, 0x57, 0xf3, 0x37, 0x3c,
    0x82, 0xc0, 0xc, 0x4c, 0xf5, 0x57, 0xe9, 0x9e,
    0x81, 0x8, 0x3c, 0x30, 0xf, 0xfe, 0x41, 0xe1,
    0x81, 0xe7, 0xff, 0xff, 0x23, 0xc, 0x3, 0xff,
    0xa0, 0x55, 0xdd, 0xbf, 0xff, 0xf8, 0x5d, 0xcb,
    0x20, 0x3d, 0x51, 0x1c, 0x1, 0xff, 0xc2, 0x11,
    0x26, 0x9c, 0x0, 0xc4, 0xcf, 0xff, 0x1a, 0x0,
    0x10, 0xa1, 0x2e, 0xcd, 0xff, 0xc6, 0x78, 0x5,
    0x0, 0x8, 0x0, 0x40, 0x3f, 0xf8, 0xa2, 0x1,
    0xe1, 0xed, 0x0, 0xff, 0xf2, 0x8f, 0x68, 0x7,
    0xff, 0x24, 0x40, 0x2, 0x1, 0xff, 0xc5, 0x10,
    0x2, 0x84, 0xbb, 0x37, 0x2a, 0xfe, 0x66, 0xe7,
    0x90, 0x58, 0x1, 0x89, 0x9e, 0xaa, 0xfd, 0x33,
    0xd0, 0x21, 0x7, 0x86, 0x1, 0xff, 0xc8, 0x3c,
    0x30,

    /* U+E154 "" */
    0x0, 0xff, 0x3e, 0x61, 0xc0, 0x3f, 0xf8, 0xf9,
    0x6, 0x68, 0xc0, 0xf, 0xfe, 0x2c, 0x18, 0x2a,
    0x80, 0xe0, 0x3, 0xff, 0x88, 0xa0, 0xd5, 0x46,
    0x5, 0x0, 0xff, 0x8d, 0x8, 0x10, 0x83, 0x40,
    0x1a, 0x4, 0x80, 0x48, 0x60, 0x18, 0xb7, 0x2f,
    0x7a, 0xc0, 0x90, 0x0, 0x84, 0x17, 0xdb, 0x79,
    0xa6, 0x0, 0xc2, 0x0, 0x84, 0xb, 0xc0, 0x37,
    0x90, 0x8, 0x4, 0x5a, 0x2c, 0x21, 0x7f, 0x73,
    0x5a, 0x40, 0x18, 0xb6, 0xa6, 0xfe, 0xc0, 0x5f,
    0xc0, 0xd0, 0x11, 0x94, 0x6, 0x33, 0x10, 0x20,
    0xac, 0x80, 0x86, 0x1f, 0xc0, 0x64, 0x1, 0x8f,
    0x9c, 0xcc, 0xfe, 0x60, 0x18, 0x8c, 0x39, 0x80,
    0x18, 0x20, 0x16, 0x80, 0x19, 0x80, 0x3a, 0x1,
    0x16, 0x0, 0x18, 0x6c, 0x6, 0xc0, 0xa, 0x21,
    0x93, 0x2c, 0x1, 0x50, 0x4, 0x8, 0x58, 0x82,
    0x40, 0x28, 0x3, 0x40, 0xcc, 0x0, 0x33, 0x6,
    0x80, 0x14, 0x21, 0x0, 0x3f, 0x78, 0x10, 0x6,
    0x20, 0xf0, 0xf, 0xc7, 0x0, 0xa0, 0x4, 0x1,
    0x80, 0x4, 0x8, 0x20, 0x1, 0x42, 0x10, 0x7,
    0x0, 0x6c, 0x0, 0x68, 0xf, 0xdc, 0x70, 0x43,
    0x0, 0x40, 0x85, 0x8b, 0x0, 0x30, 0x40, 0x2a,
    0x40, 0x11, 0x2, 0x58, 0x4, 0x58, 0x0, 0x6e,
    0x3, 0x20, 0xc, 0x37, 0x93, 0x2c, 0xb0, 0xe,
    0x23, 0xe, 0xe0, 0x1a, 0x2, 0xc3, 0x8, 0x1b,
    0x30, 0xc0, 0x5a, 0x14, 0x10, 0xc3, 0xd8, 0x1,
    0x7f, 0x4f, 0x3e, 0x60, 0x18, 0xfe, 0x5e, 0xbe,
    0xc0, 0x5c, 0x70, 0x40, 0x38, 0x74, 0x3, 0x68,
    0x80, 0x80, 0x45, 0xa2, 0x7, 0xd7, 0x5b, 0xf6,
    0x2, 0xa0, 0x5, 0x10, 0xbe, 0xda, 0xcd, 0x30,
    0xc, 0x8a, 0x40, 0x84, 0x18, 0x0, 0xc0, 0x24,
    0x2, 0x53, 0x0, 0xff, 0x94, 0x1a, 0x64, 0xc0,
    0xa0, 0x1f, 0xfc, 0x49, 0x20, 0x66, 0x1, 0x40,
    0x7, 0xff, 0x10, 0x71, 0xcc, 0xcf, 0xa0, 0x1f,
    0xc0,

    /* U+E156 "" */
    0x0, 0xff, 0xe2, 0xc, 0x66, 0x24, 0x80, 0x3f,
    0xf8, 0xa5, 0xee, 0x66, 0x6d, 0x40, 0xf, 0xfe,
    0x27, 0x88, 0x33, 0x4, 0x2c, 0x40, 0x3f, 0xf8,
    0x4a, 0x41, 0x93, 0x2f, 0x10, 0x90, 0xf, 0xfe,
    0x16, 0x81, 0x18, 0x0, 0x50, 0xc, 0x3, 0xff,
    0x85, 0xe0, 0x60, 0x18, 0x40, 0x40, 0x3f, 0xf8,
    0x27, 0x40, 0x30, 0x0, 0x54, 0xc, 0x0, 0xff,
    0x86, 0xb0, 0x80, 0xf, 0xfd, 0x40, 0x4c, 0x1,
    0x2c, 0xc9, 0x84, 0x0, 0xfc, 0xa0, 0x54, 0xa0,
    0x1, 0x3, 0xc0, 0x0, 0xe5, 0x33, 0x27, 0xdf,
    0x60, 0x1, 0x1a, 0xb5, 0xb3, 0x17, 0x82, 0x0,
    0xd3, 0x3, 0x40, 0x18, 0x20, 0x5e, 0x70, 0x8,
    0x99, 0xd0, 0x2, 0x43, 0x9, 0xcb, 0xc0, 0x1,
    0x65, 0x8, 0x7, 0xfd, 0x80, 0x4c, 0x0, 0x36,
    0x6, 0x30, 0xf, 0xfe, 0xce, 0x1, 0x30, 0x0,
    0xd8, 0x18, 0xc0, 0x3f, 0xf8, 0x28, 0x41, 0x39,
    0x78, 0x0, 0x2c, 0xa1, 0x0, 0xff, 0xe0, 0x79,
    0x1, 0xa0, 0xc, 0x10, 0x2f, 0x38, 0x4, 0x4c,
    0xc3, 0x0, 0xc5, 0xb4, 0xcb, 0x1e, 0xfb, 0x0,
    0x8, 0xd5, 0xad, 0x99, 0x66, 0x4, 0x3, 0x2c,
    0xd3, 0x88, 0x1, 0xf9, 0x40, 0xa9, 0x40, 0x2,
    0x7, 0x80, 0x1f, 0xfc, 0x1, 0xac, 0x20, 0x3,
    0xff, 0x50, 0x13, 0x0, 0x7f, 0xf0, 0x4e, 0x80,
    0x60, 0x0, 0xa8, 0x1a, 0x1, 0xff, 0xc2, 0xf0,
    0x30, 0xc, 0x20, 0xe0, 0x1f, 0xfc, 0x2d, 0x2,
    0x40, 0x0, 0xa0, 0x20, 0x7, 0xff, 0x9, 0x48,
    0x2e, 0xa7, 0xc4, 0x28, 0x3, 0xff, 0x87, 0xe2,
    0xa, 0xc2, 0x14, 0x40, 0x1f, 0xfc, 0x32, 0xf7,
    0x43, 0x6d, 0x50,

    /* U+E158 "" */
    0x0, 0xfe, 0x4b, 0xb2, 0x0, 0x7f, 0xf1, 0x62,
    0xd1, 0x17, 0x20, 0x1f, 0xfc, 0x25, 0xd7, 0x2,
    0x20, 0x36, 0xa8, 0x7, 0xe4, 0x69, 0xea, 0x20,
    0x6d, 0xd3, 0x1, 0x57, 0x4b, 0x20, 0x5, 0x97,
    0x2c, 0x20, 0x79, 0x20, 0x9, 0xc3, 0x1, 0x69,
    0xbc, 0x5, 0x30, 0x1, 0xbe, 0x60, 0xc0, 0x31,
    0xe6, 0x18, 0x80, 0x6, 0xa6, 0x3, 0xf9, 0x6,
    0x1, 0xf8, 0xe7, 0x7c, 0x40, 0xc0, 0x3f, 0xf9,
    0x22, 0x1, 0xff, 0xff, 0x0, 0xff, 0xf7, 0x88,
    0x7, 0xff, 0x18, 0x4c, 0x3, 0xff, 0x8c, 0x20,
    0x6c, 0x0, 0x30, 0xf, 0xfe, 0x11, 0x80, 0x18,
    0xc4, 0x2c, 0x3, 0xff, 0x85, 0x60, 0x26, 0xe,
    0xe, 0x20, 0x1f, 0xfc, 0x1, 0x60, 0x70, 0x5,
    0x80, 0x28, 0x3, 0xff, 0x81, 0x62, 0x16, 0x0,
    0x28, 0x4, 0xa0, 0xf, 0xf4, 0xa8, 0x41, 0x0,
    0x4e, 0xa0, 0xb8, 0x40, 0x1e, 0x2c, 0x60, 0x57,
    0x0, 0xea, 0x60, 0x3d, 0x91, 0x0, 0xc, 0x69,
    0x83, 0x50, 0x7, 0xd3, 0x42, 0xd, 0xd7, 0x5c,
    0xe0, 0x35, 0x20, 0x1f, 0xcb, 0xee, 0x20, 0x8a,
    0x0, 0x7f, 0x50, 0xf, 0xf8, 0x63, 0xa5, 0x11,
    0x3f, 0x2, 0x1, 0xe0,

    /* U+E15B "" */
    0x0, 0xd3, 0xbd, 0xcf, 0xff, 0xdd, 0xcb, 0x40,
    0xf, 0xb1, 0x88, 0x44, 0x1, 0xf8, 0x44, 0x96,
    0xa0, 0x1d, 0x26, 0xd, 0x33, 0xff, 0xc0, 0x20,
    0xa2, 0x0, 0x95, 0x81, 0xe5, 0x9b, 0xff, 0x81,
    0x82, 0x1c, 0x0, 0x1b, 0x1, 0xa2, 0x20, 0x8f,
    0xf1, 0x10, 0xe4, 0xe, 0x2, 0x4, 0x7, 0x76,
    0xee, 0xfe, 0xdd, 0xa0, 0x0, 0xe2, 0x80, 0x1f,
    0xfc, 0xa4, 0x0, 0x3e, 0x67, 0xff, 0x18, 0x3,
    0xb8, 0xcf, 0xff, 0x8c, 0x20, 0x1f, 0x91, 0x40,
    0x3e, 0x16, 0x10, 0xf, 0xfe, 0x5, 0xd1, 0x80,
    0x7a, 0xe6, 0x40, 0x1f, 0xfc, 0x24, 0x0, 0xf2,
    0x0, 0x7f, 0xf0, 0x90, 0x28, 0x3, 0x90, 0x43,
    0x0, 0x3f, 0xf8, 0x1e, 0x5, 0x64, 0x0, 0x5a,
    0x2, 0x40, 0xf, 0xfe, 0x2, 0x30, 0x26, 0xf7,
    0x28, 0x45, 0xe0, 0x1f, 0xfc, 0x29, 0x81, 0x1,
    0x10, 0x1e, 0x10, 0x7, 0xff, 0xd, 0xfa, 0xa6,
    0x5b, 0x84, 0x1, 0xff, 0xc6, 0x56, 0x61, 0x0,
    0x7f, 0xff, 0xc0, 0x3f, 0x84, 0x3, 0xff, 0x8c,
    0x20, 0x1b, 0xc0, 0x3f, 0xf9, 0x2e, 0xc, 0xec,
    0xdf, 0xfc, 0x4a, 0x0, 0x34, 0x0, 0xc4, 0xcf,
    0xff, 0x11, 0x41, 0x4c, 0xb1, 0x4, 0x60, 0xf,
    0xfe, 0x0, 0x88, 0xa2, 0x80,

    /* U+E15C "" */
    0x5d, 0xd9, 0xc0, 0x3f, 0xf9, 0x3c, 0x45, 0x40,
    0x7, 0xff, 0x26, 0xa1, 0x80, 0x4, 0x1, 0xff,
    0xc8, 0x17, 0x90, 0x3, 0x80, 0x7f, 0xf2, 0xcc,
    0x30, 0x3, 0xff, 0x96, 0xa0, 0xa0, 0x1f, 0xfc,
    0xbc, 0x3, 0xff, 0xff, 0xe3, 0xc8, 0x4, 0xe0,
    0x1f, 0xfc, 0x94, 0x0, 0x88, 0x41, 0x6a, 0xbf,
    0xf8, 0x84, 0xe, 0x1, 0x94, 0x0, 0xab, 0xff,
    0xc4, 0x30, 0xd0, 0xc, 0x60, 0xe0, 0x1f, 0xfc,
    0x32, 0x10, 0x30, 0xd, 0x80, 0x42, 0x1, 0xff,
    0xc2, 0x70, 0x2, 0x0, 0x65, 0x0, 0x28, 0x7,
    0xff, 0xb, 0x0, 0xc0, 0x38, 0x48, 0xc, 0x3,
    0xff, 0x84, 0xa0, 0xa0, 0x1e, 0x70, 0xc0, 0xf,
    0xfe, 0x11, 0x86, 0x0, 0x7b, 0x41, 0x40, 0x3f,
    0xf8, 0x28, 0x0, 0x70, 0xf, 0x20, 0xc, 0xaa,
    0xff, 0xf0, 0x24, 0x4, 0x80, 0x3c, 0x68, 0xd,
    0x55, 0xff, 0xc0, 0x20, 0xb0, 0xf, 0xd6, 0xe2,
    0x1, 0xff, 0xc0, 0x2a, 0x50, 0xf, 0xe8, 0xef,
    0xff, 0xfe, 0x6, 0xa8, 0x7, 0xff, 0x5c, 0x66,
    0xd8, 0x3, 0xf8, 0xaa, 0xd4, 0x3, 0xfa, 0x99,
    0x25, 0x40, 0x3f, 0x7a, 0xa5, 0x18, 0x7, 0xe4,
    0x0, 0xb0, 0x3, 0xe1, 0x20, 0x9, 0x0, 0x3f,
    0x20, 0x5, 0xe0, 0x1f, 0x8, 0x80, 0x24, 0x0,
    0xfd, 0x4a, 0x50, 0xc0, 0x1f, 0xb1, 0xe, 0x4c,
    0x0,

    /* U+E15D "" */
    0x0, 0xff, 0xe3, 0x15, 0x64, 0x0, 0x7f, 0xf2,
    0x4f, 0x54, 0xdf, 0x4, 0x3, 0xff, 0x8f, 0xc0,
    0x2a, 0x7, 0xa0, 0x1f, 0xfc, 0x65, 0x20, 0xda,
    0x80, 0x3c, 0x0, 0xff, 0xe2, 0xe8, 0x11, 0x83,
    0xc0, 0x1c, 0x0, 0x7f, 0xf1, 0x3c, 0x3, 0x9d,
    0x0, 0xc0, 0x3f, 0xf8, 0x88, 0x5, 0x0, 0x5,
    0x40, 0x30, 0xf, 0xfe, 0x23, 0x80, 0x1f, 0xb9,
    0x40, 0x52, 0x1, 0xff, 0xc3, 0x4b, 0x0, 0x84,
    0x40, 0x78, 0x20, 0x1f, 0xfc, 0x24, 0xb0, 0x1d,
    0xc9, 0x8c, 0xc0, 0x80, 0x7f, 0xf0, 0x8e, 0xc0,
    0x70, 0x8d, 0x9c, 0xc0, 0x3f, 0xf8, 0x67, 0x80,
    0x3a, 0x40, 0x1f, 0xfc, 0x73, 0xc0, 0x1d, 0x30,
    0xf, 0xfe, 0x8, 0xd6, 0xc8, 0x81, 0xe0, 0x3,
    0x4c, 0x3, 0xff, 0x82, 0x38, 0xa4, 0xd8, 0x9a,
    0x0, 0xc3, 0x0, 0xff, 0xe0, 0x8e, 0x10, 0x28,
    0x15, 0x88, 0x61, 0x80, 0x7f, 0xf0, 0x47, 0x8,
    0x2a, 0x92, 0x1, 0x51, 0x80, 0x7f, 0xf0, 0x47,
    0x8, 0x29, 0x41, 0xa4, 0x1, 0x2, 0x1, 0xff,
    0xc1, 0xa2, 0xa, 0x50, 0x9, 0xa4, 0xa, 0xc0,
    0x3f, 0xf8, 0x2a, 0xe, 0xa0, 0x1c, 0xca, 0xe,
    0x1, 0xff, 0xc3, 0xe0, 0xf, 0x2a, 0x81, 0xc0,
    0x3f, 0xf9, 0x2b, 0x40, 0x56, 0x1, 0xff, 0xc8,
    0x5a, 0x2, 0xc1, 0x0, 0xff, 0xe1, 0xe2, 0xac,
    0xf4, 0x5, 0x82, 0x1, 0xff, 0xc2, 0x50, 0x5a,
    0xaa, 0x0, 0xb0, 0x40, 0x3f, 0xf8, 0x74, 0x80,
    0x1c, 0x98, 0x20, 0x1f, 0xfc, 0x40,

    /* U+E15E "" */
    0x0, 0xff, 0xe3, 0xcd, 0x0, 0x7f, 0xf2, 0xc5,
    0x96, 0xc0, 0x3f, 0xf9, 0x43, 0x0, 0x96, 0x1,
    0xff, 0xca, 0x78, 0x4, 0xc0, 0x8, 0x48, 0x82,
    0x1, 0xff, 0xc0, 0x22, 0x95, 0x40, 0x78, 0x13,
    0xdb, 0xae, 0xd5, 0x0, 0xf8, 0xef, 0xf7, 0x72,
    0x80, 0xe, 0x8c, 0x3, 0x15, 0x50, 0x3, 0x9b,
    0x10, 0x3, 0xfd, 0x5b, 0xac, 0xb3, 0x5, 0x70,
    0x8, 0xe4, 0x6, 0x73, 0x76, 0x50, 0x2, 0x50,
    0x11, 0xd, 0x31, 0x42, 0x40, 0x2e, 0x2, 0xf6,
    0x32, 0x22, 0xa8, 0xe, 0xc0, 0x3e, 0xa5, 0x80,
    0x4, 0x10, 0x48, 0x80, 0x4f, 0x0, 0x78, 0x1,
    0xfd, 0x4c, 0x4, 0xe0, 0xc8, 0x1, 0xc, 0x1,
    0xe0, 0x7, 0xff, 0x7, 0x80, 0x60, 0x3, 0xa,
    0xab, 0x0, 0x3f, 0xf8, 0x2c, 0x61, 0x62, 0x1,
    0xd5, 0x40, 0xf, 0xfe, 0x8, 0xc8, 0x22, 0x80,
    0x7f, 0xf2, 0x6c, 0x1, 0x20, 0x1f, 0x4d, 0x0,
    0x7f, 0xf0, 0x11, 0x42, 0x8, 0x3, 0xc2, 0xcb,
    0x60, 0x1f, 0xf5, 0x1, 0x38, 0x2d, 0x90, 0x4,
    0x30, 0x9, 0x60, 0x1f, 0xd4, 0x21, 0xc0, 0xe,
    0x4f, 0x10, 0x9, 0xe0, 0x13, 0x0, 0x22, 0x29,
    0x6d, 0x41, 0xcc, 0x1, 0xe0, 0x5e, 0xc6, 0x44,
    0x55, 0x1, 0xe0, 0x56, 0xed, 0x48, 0xb, 0x0,
    0x12, 0x48, 0xc, 0xe6, 0xec, 0xa0, 0x3, 0xa0,
    0xe, 0x39, 0xa0, 0xe, 0x6c, 0x40, 0xf, 0xf5,
    0x6e, 0xdd, 0x8c, 0x1, 0xf1, 0xdf, 0xee, 0xe5,
    0x0, 0x25, 0x1, 0x14, 0x20, 0x1f, 0xfc, 0x2,
    0x29, 0x54, 0x7, 0x60, 0x1f, 0xfc, 0x87, 0x80,
    0x3c, 0x0, 0xff, 0xe4, 0xc, 0x1, 0xe0, 0x7,
    0xff, 0x24, 0x55, 0x58, 0x1, 0x80,

    /* U+E15F "" */
    0x26, 0x0, 0xff, 0xe2, 0x13, 0xb0, 0x80, 0x3e,
    0x58, 0x3, 0xff, 0x82, 0x33, 0xb1, 0x3c, 0xa0,
    0x1f, 0xfc, 0x46, 0xf6, 0x1, 0x0, 0x50, 0x80,
    0x7f, 0xf0, 0x4f, 0x64, 0x42, 0x3b, 0x40, 0x8,
    0x1, 0xff, 0xd, 0x61, 0x2, 0xf3, 0x81, 0x8,
    0x18, 0x7, 0xf9, 0xb9, 0x40, 0xae, 0x84, 0x3,
    0xff, 0x84, 0x79, 0x20, 0x8, 0xd4, 0x0, 0xff,
    0xe1, 0xc, 0xe1, 0x82, 0x6b, 0x80, 0x7f, 0xf0,
    0xcb, 0xd8, 0xa, 0xec, 0x40, 0x1f, 0xfc, 0x4f,
    0x10, 0x7d, 0x40, 0xf, 0xfe, 0x29, 0x10, 0x2e,
    0x0, 0x3f, 0xfb, 0xe4, 0x40, 0xb8, 0x0, 0xff,
    0xe4, 0x70, 0x83, 0xea, 0x0, 0x7f, 0xf1, 0x8f,
    0xd4, 0xa, 0xec, 0x40, 0x1f, 0xfc, 0x51, 0xac,
    0x20, 0x4d, 0x80, 0xf, 0xfe, 0x31, 0xec, 0x0,
    0x1f, 0x50, 0x3, 0xff, 0x8c, 0xfc, 0xa0, 0x57,
    0x62, 0x0, 0xff, 0xe2, 0x8d, 0x61, 0x2, 0x6c,
    0x1, 0x8, 0x18, 0x7, 0xff, 0x4, 0xf6, 0x0,
    0xf, 0xfa, 0x0, 0x50, 0xf, 0xfe, 0x1b, 0xf2,
    0x80, 0x6a, 0xf, 0x96, 0x0, 0xff, 0xe0, 0x8d,
    0x6c, 0x4f, 0x28, 0x0,

    /* U+E160 "" */
    0x0, 0xb, 0x39, 0x0, 0x7f, 0xf1, 0x18, 0x81,
    0x7a, 0x63, 0x64, 0x40, 0x3f, 0xf8, 0x2b, 0x38,
    0x34, 0x1, 0x9b, 0xd8, 0x3, 0xff, 0x86, 0xe0,
    0xe, 0xf7, 0x1, 0x9c, 0x30, 0xf, 0xfe, 0x18,
    0x88, 0x23, 0x50, 0xf, 0x24, 0x40, 0x3f, 0xf8,
    0xa5, 0x76, 0x20, 0x6f, 0x60, 0xf, 0xfe, 0x32,
    0x6c, 0x0, 0xce, 0x18, 0x7, 0xff, 0x19, 0xf5,
    0x0, 0xf2, 0x44, 0x3, 0xff, 0x8a, 0x57, 0x62,
    0x6, 0xf2, 0x0, 0xff, 0xe3, 0x26, 0xc0, 0xf,
    0x0, 0x7f, 0xf2, 0x1f, 0x0, 0xc4, 0x3, 0xff,
    0x96, 0x60, 0x1f, 0xfc, 0x77, 0xc0, 0x22, 0x0,
    0x7f, 0xf1, 0x53, 0x60, 0x7, 0x80, 0x3f, 0xf8,
    0x85, 0x56, 0x40, 0xde, 0x60, 0x1f, 0xfc, 0x37,
    0xd5, 0x3, 0xc9, 0x10, 0xf, 0xfe, 0x12, 0x6c,
    0x0, 0xce, 0x18, 0x7, 0xff, 0x8, 0xae, 0xc4,
    0xd, 0xec, 0x1, 0xff, 0xc0, 0x11, 0x4, 0x6a,
    0x1, 0xe4, 0x88, 0x7, 0xfc, 0xe0, 0xe, 0xf7,
    0x1, 0x9c, 0x30, 0xf, 0xfe, 0x8, 0xd0, 0x6,
    0x6f, 0x60, 0xf, 0xfe, 0x22, 0xec, 0xc6, 0xc8,
    0x80, 0x7f, 0xf0, 0x56, 0x70,

    /* U+E163 "" */
    0x0, 0x36, 0x77, 0x3f, 0xff, 0xbb, 0x5c, 0x2,
    0x99, 0x18, 0x88, 0x3, 0xf8, 0x4a, 0x28, 0x5,
    0x81, 0x22, 0x67, 0xfe, 0x40, 0x53, 0x40, 0x5,
    0xbb, 0x37, 0xfd, 0x60, 0x5, 0x0, 0xff, 0xff,
    0x80, 0x7f, 0xff, 0xc0, 0x3f, 0xff, 0xe0, 0x1f,
    0xff, 0xf0, 0xf, 0xee, 0xe0, 0x7, 0xff, 0x6b,
    0xb8, 0x1, 0xff, 0xd1, 0x70, 0x5, 0x33, 0x65,
    0x5c, 0xcd, 0xa8, 0x0, 0xa4, 0xc0, 0xb3, 0x3a,
    0xab, 0x4c, 0xe5, 0x5, 0x30, 0x98, 0x10, 0xf,
    0xfe, 0x0, 0xbd, 0x0,

    /* U+E164 "" */
    0x0, 0xfe, 0x59, 0xbd, 0xd6, 0x4b, 0x8, 0x7,
    0xff, 0x8, 0x67, 0xe9, 0x90, 0x88, 0x6d, 0x3d,
    0x24, 0x1, 0xff, 0x37, 0x30, 0x0, 0xda, 0x20,
    0xc6, 0x0, 0x6d, 0x50, 0xf, 0xe9, 0x90, 0x2,
    0x3b, 0x25, 0xdd, 0x39, 0xce, 0x0, 0xa9, 0x0,
    0xfa, 0x58, 0x13, 0x9c, 0x40, 0x3c, 0x31, 0xc6,
    0xd, 0x20, 0x1c, 0xcc, 0x5, 0xb1, 0x0, 0xff,
    0xe, 0x28, 0x33, 0x0, 0x21, 0x80, 0x3a, 0x0,
    0xff, 0xe1, 0x52, 0x4, 0x8, 0x2, 0x4, 0x34,
    0x3, 0xff, 0x89, 0x40, 0x30, 0x0, 0x60, 0x71,
    0x0, 0x85, 0x84, 0x3, 0xb, 0x8, 0x4, 0x2e,
    0xc, 0xa, 0x0, 0xa0, 0xd, 0x13, 0x0, 0x1a,
    0x26, 0x0, 0x34, 0x80, 0x17, 0x40, 0x88, 0x1,
    0xb4, 0xb4, 0x3, 0x69, 0x68, 0x6, 0x12, 0xd,
    0x30, 0x70, 0xe, 0x4d, 0x40, 0xc, 0x9a, 0x80,
    0x1c, 0xe0, 0x6c, 0x4, 0x1, 0xff, 0xc8, 0x20,
    0x70, 0xf, 0xfe, 0x73, 0x1, 0x0, 0x64, 0xa2,
    0x0, 0xf1, 0x52, 0x0, 0x62, 0x7, 0x30, 0x70,
    0xd, 0xb, 0x88, 0x1, 0x93, 0x16, 0x0, 0x33,
    0x81, 0xe8, 0x11, 0x0, 0x28, 0x1, 0xbc, 0x88,
    0x65, 0x88, 0xbc, 0x2, 0x22, 0x6, 0xa8, 0x85,
    0x0, 0x49, 0xa6, 0x6, 0xee, 0x30, 0x2c, 0x30,
    0xa, 0xc0, 0xa, 0xe, 0xe, 0x40, 0x11, 0x65,
    0x29, 0x1a, 0xd6, 0x90, 0x4, 0x4c, 0xc, 0x0,
    0x80, 0x7, 0x0, 0x72, 0xd6, 0xe5, 0x28, 0x7,
    0x70, 0x2, 0x0, 0x3, 0x20, 0x74, 0x1, 0xff,
    0xc2, 0xa3, 0x9, 0x10, 0x9, 0x98, 0xb, 0x82,
    0x1, 0xfe, 0x1c, 0x50, 0x76, 0x0, 0xe9, 0x50,
    0x3e, 0x81, 0x0, 0xf0, 0xc7, 0x18, 0x3c, 0x0,
    0x7d, 0x52, 0x0, 0x7e, 0xd9, 0x88, 0x4e, 0x73,
    0x80, 0xcc, 0x0, 0x7f, 0x36, 0xb0, 0x0, 0x99,
    0xdc, 0xc6, 0x0, 0x6f, 0x60, 0xf, 0xf8, 0xa7,
    0xa9, 0x90, 0x88, 0x6d, 0x5d, 0x22, 0x1, 0xe0,

    /* U+E165 "" */
    0x0, 0xf1, 0xa8, 0x7, 0xf9, 0x48, 0x3, 0xff,
    0x81, 0xb4, 0xa0, 0x60, 0x18, 0xc1, 0x6b, 0x0,
    0x3f, 0xf8, 0xa, 0x10, 0xd9, 0x60, 0xb, 0xc6,
    0x80, 0x50, 0xf, 0xfe, 0x7, 0x81, 0x48, 0x8,
    0x0, 0x42, 0x48, 0x3c, 0x3, 0xfe, 0xb9, 0x0,
    0xd0, 0x0, 0x80, 0xd, 0x36, 0x1, 0xfc, 0x28,
    0x40, 0x12, 0x10, 0x0, 0x90, 0x2, 0x24, 0x10,
    0xf, 0xc3, 0xb2, 0xc4, 0xc, 0x1, 0x98, 0x9,
    0xa7, 0x44, 0x3, 0xf8, 0x9a, 0x7c, 0xa, 0x59,
    0x90, 0x41, 0xf2, 0xc4, 0x1, 0xf9, 0x88, 0x2,
    0x23, 0x6, 0x99, 0x38, 0x19, 0x0, 0x44, 0xc0,
    0x1c, 0xd3, 0x82, 0x0, 0x23, 0x1, 0x22, 0x8,
    0x19, 0x0, 0x7, 0x25, 0x80, 0x22, 0x30, 0x1a,
    0x22, 0x40, 0x3, 0xf7, 0x5e, 0x0, 0x82, 0x25,
    0x8, 0x19, 0x5, 0x6d, 0x0, 0x13, 0x74, 0xa0,
    0xe2, 0x0, 0x17, 0x5, 0xdd, 0x20, 0x2, 0xb6,
    0x80, 0x3f, 0xde, 0x1, 0xbc, 0x3, 0xfd, 0x5b,
    0x40, 0x4, 0xdd, 0x28, 0x48, 0x6, 0x90, 0x5d,
    0xd2, 0x0, 0x2b, 0x68, 0x8, 0xc0, 0x68, 0x89,
    0x0, 0x32, 0xcc, 0x91, 0x8, 0x22, 0x50, 0x81,
    0x90, 0x4, 0xd3, 0x82, 0x0, 0x23, 0x6, 0x99,
    0x30, 0x19, 0x0, 0x7, 0x25, 0x80, 0x39, 0x88,
    0x2, 0x23, 0x1, 0x22, 0x8, 0x19, 0x0, 0x44,
    0xc0, 0x1f, 0xc4, 0xb2, 0x0, 0xfd, 0xd7, 0x80,
    0x25, 0x8c, 0x3, 0xfe, 0xdd, 0x52, 0x2, 0x88,
    0x0, 0x54, 0x12, 0x73, 0x40, 0x3f, 0x84, 0x80,
    0x32, 0x0, 0x64, 0x0, 0xc4, 0x20, 0x1f, 0x87,
    0x24, 0x2, 0x17, 0x0, 0x38, 0x80, 0x55, 0xa2,
    0x1, 0xfc, 0x7c, 0x0, 0x30, 0xb0, 0x5, 0x81,
    0x80, 0x34, 0x80, 0x3f, 0xe6, 0x6, 0xd5, 0x80,
    0x4, 0x2e, 0xb0, 0x30, 0x7, 0xff, 0x1, 0xd2,
    0x6, 0x90, 0x0, 0x94, 0x30, 0x6e, 0x1, 0xe0,

    /* U+E166 "" */
    0x0, 0xff, 0xe5, 0x8c, 0xf7, 0xff, 0xff, 0xb,
    0xa4, 0x2, 0xd6, 0x10, 0xf, 0xfe, 0x10, 0xb6,
    0x1, 0x98, 0x1e, 0xab, 0xff, 0x84, 0xe0, 0x68,
    0xa0, 0x8, 0x55, 0xff, 0xe1, 0x40, 0x81, 0x0,
    0x4, 0x3, 0xff, 0xa3, 0xde, 0x20, 0x1f, 0xfd,
    0xde, 0xe0, 0x80, 0x7e, 0x10, 0xf, 0xf8, 0x40,
    0x3f, 0xf8, 0xe6, 0xce, 0x80, 0x1f, 0xfc, 0x44,
    0xdc, 0x98, 0xbe, 0x50, 0xf, 0xfe, 0xa, 0x59,
    0x0, 0x88, 0x6, 0x98, 0x3, 0xff, 0x81, 0x40,
    0x59, 0xdc, 0xc2, 0x9, 0x20, 0xf, 0xf3, 0x88,
    0x61, 0x80, 0xf, 0xc0, 0x14, 0x1, 0xfe, 0xd0,
    0x51, 0x9, 0xa0, 0x25, 0x4, 0x0, 0xff, 0x8,
    0x10, 0xb, 0x28, 0x81, 0x0, 0x80, 0x7f, 0x88,
    0xc, 0x6, 0xec, 0x20, 0x60, 0xc0, 0x1f, 0xed,
    0x4, 0x30, 0x44, 0x2, 0x20, 0x34, 0x3, 0xfc,
    0x86, 0x18, 0xc2, 0x26, 0xb0, 0x26, 0x0, 0xff,
    0xb4, 0x82, 0x7b, 0x92, 0x3, 0xe0, 0x1c, 0x20,
    0x1e, 0x1d, 0x71, 0x0, 0x9b, 0xc8, 0x3, 0xff,
    0x85, 0x1d, 0xd7, 0xc8, 0x80, 0x7f, 0x8, 0x7,
    0xc2, 0x20, 0xf, 0xf2, 0x80, 0x25, 0x9b, 0xff,
    0x85, 0x22, 0xa, 0x68, 0xd, 0x33, 0xff, 0xc2,
    0x60, 0x43, 0xb, 0x71, 0x0, 0xff, 0xe1, 0xb,
    0xd8, 0x0,

    /* U+E167 "" */
    0x0, 0xa, 0xb3, 0x7f, 0xf1, 0x50, 0x2, 0x4e,
    0xa9, 0x9f, 0xfe, 0x2d, 0xe0, 0xd, 0x80, 0x4,
    0x7f, 0xf8, 0xa0, 0x72, 0x80, 0xd, 0xee, 0xff,
    0xe2, 0xb0, 0x39, 0x80, 0x90, 0x7, 0xff, 0x17,
    0x0, 0x40, 0x3f, 0xff, 0xe0, 0x1f, 0xff, 0xf0,
    0xf, 0xff, 0xf8, 0x7, 0xff, 0xfc, 0x3, 0xff,
    0xe0, 0x60, 0x24, 0x1, 0xff, 0xc5, 0xd0, 0x14,
    0x0, 0x6f, 0x73, 0x77, 0xff, 0x81, 0xdd, 0x38,
    0x38, 0xd8, 0x0, 0x44, 0x45, 0xff, 0xc0, 0x11,
    0x81, 0x24, 0x13, 0xaa, 0x67, 0xff, 0x8b, 0x96,
    0x0,

    /* U+E176 "" */
    0x0, 0xff, 0xe0, 0x26, 0xe0, 0x80, 0x7f, 0xf2,
    0xe8, 0x8e, 0xc0, 0x3f, 0xf9, 0x4e, 0x20, 0x5,
    0x20, 0xf, 0xfe, 0x4c, 0x82, 0x88, 0x40, 0x7,
    0xff, 0x21, 0xc4, 0x22, 0x41, 0x48, 0x3, 0xff,
    0x8f, 0x20, 0xa4, 0xe2, 0x16, 0x1, 0xff, 0xc6,
    0x81, 0x8, 0x0, 0x48, 0x31, 0x0, 0x7f, 0xf0,
    0x9, 0x5e, 0xb1, 0xc1, 0x48, 0x0, 0xe2, 0x1b,
    0x72, 0xc8, 0x40, 0x19, 0x37, 0xf6, 0xa1, 0x4c,
    0xe, 0x80, 0x35, 0x0, 0x11, 0xa6, 0xf7, 0xec,
    0x42, 0x88, 0x2, 0x14, 0x6a, 0xc0, 0xe, 0x4e,
    0x85, 0x30, 0xc, 0x90, 0x6, 0x0, 0x8f, 0xeb,
    0x95, 0x0, 0xf8, 0x5e, 0xb3, 0xf9, 0x0, 0x2,
    0x1e, 0x21, 0x8, 0x1, 0xff, 0xc4, 0x84, 0x4,
    0x80, 0x2c, 0x10, 0xb4, 0x0, 0xff, 0xe1, 0x4b,
    0x2, 0x58, 0x4, 0x58, 0x21, 0x68, 0x1, 0xff,
    0xc0, 0x96, 0x4, 0xb0, 0xe, 0x2c, 0x10, 0xb1,
    0x0, 0xff, 0x33, 0x1, 0x6c, 0x3, 0xe2, 0xc0,
    0x3, 0x0, 0x7f, 0xac, 0x12, 0x80, 0x3f, 0x88,
    0xc3, 0x80, 0x3f, 0xc6, 0x1a, 0x1, 0xff, 0x10,
    0x70, 0x7, 0xf8, 0xc3, 0x80, 0x3f, 0xc2, 0x20,
    0x20, 0xf, 0xf3, 0x81, 0x80, 0x7f, 0x94, 0x0,
    0xe0, 0x2, 0x9d, 0xc7, 0x0, 0xb4, 0x14, 0x3,
    0xfc, 0x40, 0x2, 0x19, 0xd6, 0x23, 0x8e, 0x60,
    0x30, 0x11, 0x0, 0x7f, 0x78, 0x14, 0x73, 0x0,
    0xba, 0x80, 0xce, 0x98, 0x0, 0x80, 0x3f, 0x88,
    0x9, 0xc0, 0xf, 0xd1, 0x5a, 0x80, 0x50, 0x0,
    0x60, 0xf, 0xe2, 0x0, 0x9b, 0xa0, 0x2, 0x2b,
    0xc4, 0x0, 0x98, 0x3, 0xfa, 0x61, 0xfa, 0x44,
    0x3, 0xc7, 0x76, 0x6a, 0x30, 0xc,

    /* U+E178 "" */
    0x0, 0xff, 0xe0, 0x4c, 0x80, 0x3f, 0xf9, 0x64,
    0xcc, 0x20, 0xf, 0xfe, 0xea, 0x8, 0x7, 0xff,
    0x8, 0x94, 0x3, 0xe5, 0xbf, 0x30, 0xc, 0x4a,
    0xa2, 0x0, 0xc7, 0x94, 0xa0, 0x1e, 0x70, 0x1d,
    0x20, 0xd, 0x54, 0x0, 0xc5, 0x82, 0x27, 0x0,
    0xf1, 0x58, 0xd, 0x0, 0x7f, 0x94, 0x1, 0xa4,
    0x1, 0xf2, 0x63, 0xc8, 0x0, 0xe6, 0xed, 0x26,
    0x0, 0x67, 0xd3, 0x0, 0xfe, 0x38, 0x10, 0x9c,
    0x64, 0x43, 0x64, 0x80, 0xc1, 0x0, 0x7f, 0xf0,
    0x65, 0x80, 0x99, 0x84, 0xd, 0x20, 0x1f, 0xfc,
    0x33, 0x60, 0x6d, 0x99, 0x6b, 0x3, 0x18, 0x7,
    0xe1, 0x18, 0x2, 0xa0, 0x29, 0x0, 0xd2, 0x21,
    0x40, 0x10, 0x8c, 0x13, 0xdd, 0x50, 0x1, 0x41,
    0x0, 0x3c, 0xe0, 0xa0, 0x9, 0xee, 0xa8, 0xc0,
    0x3f, 0xf9, 0x6, 0x1, 0xab, 0x76, 0xa0, 0x2,
    0x82, 0x0, 0x79, 0x1, 0x40, 0x15, 0xbb, 0x50,
    0x11, 0x40, 0x15, 0x1, 0x48, 0x6, 0xa2, 0xa,
    0x0, 0x88, 0xa0, 0xf, 0xc6, 0xc0, 0xdb, 0x32,
    0xe5, 0x6, 0x30, 0xf, 0xfe, 0x1c, 0xa8, 0x13,
    0x30, 0x41, 0x64, 0x3, 0xff, 0x82, 0x4e, 0x21,
    0x58, 0xa4, 0x45, 0xca, 0x1, 0x72, 0x0, 0xfe,
    0x3d, 0x89, 0x0, 0x1d, 0x6e, 0xa8, 0xc0, 0xd,
    0x18, 0x60, 0x1f, 0x16, 0x0, 0x28, 0x3, 0xfc,
    0xa0, 0x3a, 0x40, 0x1e, 0x70, 0x6, 0x10, 0x6,
    0x99, 0x0, 0x62, 0xc0, 0x17, 0x0, 0xf2, 0xd6,
    0x98, 0x6, 0x26, 0x61, 0x0, 0x63, 0xda, 0x50,
    0xf, 0x94, 0x80, 0x3f, 0xf8, 0x44, 0xa0, 0x1f,
    0xfd, 0xd2, 0x55, 0x10, 0x7, 0xfc,

    /* U+E179 "" */
    0x0, 0xff, 0xe0, 0x4c, 0x0, 0x7f, 0xf2, 0xed,
    0x9e, 0xc0, 0x3f, 0xf9, 0x36, 0x80, 0x4, 0xb0,
    0xf, 0xfe, 0x3d, 0xa0, 0x6, 0x4b, 0x0, 0xff,
    0xe2, 0xda, 0x2, 0x0, 0x10, 0x12, 0xc0, 0x3f,
    0xf8, 0x72, 0x80, 0xd2, 0x0, 0x97, 0x4, 0x90,
    0xf, 0xfe, 0x11, 0x83, 0xc8, 0x6, 0x87, 0x3,
    0x0, 0xff, 0xe1, 0x56, 0xc0, 0x7, 0xa3, 0x68,
    0x3, 0xff, 0x86, 0x40, 0x1f, 0x88, 0x3, 0xff,
    0xb4, 0x62, 0x1, 0xff, 0xc2, 0x25, 0x0, 0xf9,
    0x33, 0xc8, 0x3, 0x12, 0x20, 0x80, 0x31, 0xe5,
    0x28, 0x7, 0x98, 0x7, 0x8, 0x3, 0x5d, 0x80,
    0x31, 0x60, 0x89, 0xc0, 0x3c, 0x56, 0x3, 0x40,
    0x1f, 0xe5, 0x0, 0x69, 0x0, 0x7c, 0x96, 0xd2,
    0x0, 0x28, 0xaa, 0x39, 0x0, 0x19, 0xf4, 0xc0,
    0x3f, 0x92, 0x44, 0x23, 0x5d, 0x55, 0x1b, 0x0,
    0x30, 0x40, 0x1f, 0xfc, 0x19, 0x70, 0x16, 0x60,
    0x83, 0xc8, 0x7, 0xff, 0xc, 0xd8, 0x17, 0xa6,
    0x5c, 0xa0, 0xc6, 0x1, 0xf8, 0x8a, 0x0, 0xa8,
    0x6, 0x80, 0x35, 0x8, 0x50, 0x4, 0x45, 0x4,
    0xee, 0xd4, 0x0, 0x50, 0x70, 0xf, 0x38, 0x28,
    0x2, 0x77, 0x6a, 0x30, 0xf, 0x30, 0x68, 0x7,
    0xb4, 0x18, 0x0, 0x60, 0x1a, 0xb7, 0x6a, 0x0,
    0x56, 0xa0, 0x7, 0x93, 0x68, 0x1, 0x5b, 0xb5,
    0x1, 0x14, 0x1, 0x88, 0x3, 0xf1, 0x0, 0x62,
    0x28, 0x5, 0x9b, 0xff, 0x96, 0xa3, 0xb3, 0x3f,
    0xfc, 0xba, 0xa5, 0x88, 0x7, 0xff, 0x20, 0x46,
    0xc0,

    /* U+E17A "" */
    0x0, 0xff, 0xe0, 0x44, 0x0, 0x3f, 0xf9, 0x64,
    0xee, 0x20, 0xf, 0xff, 0xf8, 0x7, 0xff, 0x26,
    0x7d, 0x40, 0x3c, 0xbf, 0x0, 0x1f, 0xfc, 0x22,
    0xa, 0x50, 0xc, 0xb4, 0x4, 0x1, 0xff, 0xc2,
    0xa2, 0xa, 0xa0, 0x2, 0xa8, 0x5, 0x60, 0x1f,
    0xfc, 0x21, 0xc2, 0x7, 0x0, 0x38, 0x16, 0x8,
    0x7, 0xff, 0xc, 0x70, 0x80, 0x31, 0x60, 0x80,
    0x7f, 0xf0, 0xc, 0x40, 0x21, 0xc2, 0x0, 0x16,
    0x8, 0x4, 0x4a, 0x1, 0xf2, 0x67, 0x90, 0x4,
    0x38, 0x88, 0xc1, 0x0, 0x8f, 0x29, 0x40, 0x3c,
    0xc0, 0x38, 0x40, 0x10, 0xdd, 0x84, 0x2, 0x2c,
    0x11, 0x38, 0x7, 0x8a, 0xc0, 0x68, 0x3, 0xfc,
    0xa0, 0xd, 0x20, 0xf, 0x92, 0xda, 0x40, 0x5,
    0x15, 0x47, 0x20, 0x3, 0x3e, 0x98, 0x7, 0xf2,
    0x48, 0x84, 0x6b, 0xaa, 0xa3, 0x60, 0x6, 0x8,
    0x3, 0xff, 0x83, 0x2e, 0x2, 0xcc, 0x10, 0x79,
    0x0, 0xff, 0xe1, 0x9b, 0x2, 0xf4, 0xcb, 0x94,
    0x18, 0xc0, 0x3f, 0x11, 0x40, 0x15, 0x0, 0xd0,
    0x6, 0xa1, 0xa, 0x0, 0x88, 0xa0, 0x9d, 0xda,
    0x80, 0xa, 0xe, 0x1, 0xe7, 0x5, 0x0, 0x4e,
    0xed, 0x46, 0x1, 0xe6, 0xd, 0x0, 0xf6, 0x83,
    0x0, 0xc, 0x3, 0x56, 0xed, 0x40, 0xa, 0xd4,
    0x0, 0xf2, 0x6d, 0x0, 0x2b, 0x76, 0xa0, 0x22,
    0x80, 0x31, 0x0, 0x7e, 0x20, 0xc, 0x45, 0x0,
    0xb3, 0x7f, 0xf2, 0xd4, 0x76, 0x67, 0xff, 0x97,
    0x54, 0xb1, 0x0, 0xff, 0xe4, 0x8, 0xd8,

    /* U+E17D "" */
    0x0, 0xa, 0xb3, 0x7f, 0xf1, 0x4c, 0x2, 0x4e,
    0xa9, 0x9f, 0xfe, 0x2e, 0x58, 0xd, 0x80, 0x4,
    0x44, 0x5c, 0x0, 0x12, 0x28, 0x47, 0x2, 0x42,
    0x0, 0x37, 0xb9, 0xbb, 0xc2, 0x17, 0xbb, 0x77,
    0x65, 0x5, 0x30, 0x12, 0x0, 0xff, 0xe2, 0xe0,
    0x6, 0x30, 0xf, 0xff, 0x19, 0xb3, 0x7e, 0x10,
    0xf6, 0x6f, 0xb0, 0x3, 0xc, 0xcf, 0xe0, 0x2,
    0xcc, 0xfc, 0xa0, 0x1c, 0x45, 0xf8, 0x0, 0x24,
    0x5f, 0x8, 0x6, 0x2d, 0xdf, 0xc2, 0x17, 0xbb,
    0xf4, 0x0, 0x7f, 0xff, 0xc0, 0xd9, 0xbf, 0x8,
    0x7b, 0x37, 0xd8, 0x1, 0x86, 0x67, 0xf0, 0x1,
    0x66, 0x7e, 0x50, 0xe, 0x22, 0xfc, 0x0, 0x12,
    0x2f, 0x84, 0x3, 0x16, 0xef, 0xe1, 0xb, 0xdd,
    0xfa, 0x0, 0x3f, 0xfa, 0x6, 0x1, 0xff, 0xc9,
    0x30, 0x11, 0x0, 0x7f, 0xf1, 0x7c, 0x0, 0x80,
    0xe, 0xe6, 0xef, 0x84, 0x2f, 0x77, 0xdc, 0xc1,
    0x43, 0x40, 0x1, 0x22, 0xf0, 0x0, 0x48, 0xbc,
    0x20, 0xae, 0xb, 0xd5, 0x33, 0xff, 0xc5, 0xca,
    0x0,

    /* U+E17E "" */
    0x0, 0xff, 0xe6, 0x4f, 0x7f, 0xff, 0xf0, 0xec,
    0x80, 0x16, 0xc2, 0x1, 0xff, 0xc3, 0x4c, 0x13,
    0x40, 0x7a, 0xaf, 0xfe, 0x14, 0x80, 0xb2, 0x80,
    0x21, 0x57, 0xff, 0x84, 0xc8, 0x1c, 0x0, 0x10,
    0xf, 0xfe, 0x31, 0x80, 0x7f, 0xff, 0xc0, 0x3f,
    0xff, 0xe0, 0x1f, 0xff, 0xf0, 0xf, 0xff, 0xf8,
    0x7, 0xff, 0x1b, 0xbc, 0x40, 0x3f, 0xfb, 0xbd,
    0xc1, 0x0, 0xff, 0x84, 0x3, 0xf0, 0x80, 0x7f,
    0x1a, 0x80, 0x25, 0x9b, 0xff, 0x84, 0xe8, 0x1e,
    0x68, 0xd, 0x33, 0xff, 0xc2, 0x80, 0x26, 0xb,
    0x71, 0x0, 0xff, 0xe1, 0xa, 0xe0, 0x0,

    /* U+E17F "" */
    0x3, 0xae, 0xe7, 0xff, 0xbb, 0x60, 0x3, 0xff,
    0x80, 0x78, 0xa2, 0x20, 0xf, 0x9, 0x3d, 0x80,
    0x7f, 0xd0, 0x3, 0x13, 0x3f, 0x94, 0x12, 0xc0,
    0x3f, 0xca, 0x12, 0xec, 0xdf, 0xa9, 0xc1, 0x2c,
    0x3, 0xfe, 0x10, 0xf, 0xf4, 0x38, 0x25, 0x80,
    0x7f, 0xf2, 0xa1, 0xc1, 0x2c, 0x3, 0xff, 0x82,
    0xff, 0x60, 0x1e, 0x87, 0x4, 0xb0, 0xf, 0xfe,
    0x4, 0x2, 0x28, 0x7, 0xa1, 0xc1, 0x2c, 0x3,
    0xfe, 0x20, 0x3, 0x0, 0x7d, 0xe, 0x9, 0x60,
    0x1f, 0xec, 0x9c, 0x30, 0xf, 0xd0, 0xe0, 0x96,
    0x1, 0xfc, 0x2c, 0x60, 0x1f, 0xe8, 0x70, 0x4b,
    0x0, 0xff, 0xe5, 0x43, 0x82, 0x58, 0x18, 0x78,
    0x7, 0xff, 0x1a, 0x1c, 0x11, 0x54, 0xc, 0xc0,
    0xf, 0xfe, 0x34, 0x18, 0x7c, 0x18, 0x4b, 0x0,
    0x7f, 0xf1, 0x9c, 0x2, 0xc3, 0x9, 0x60, 0xf,
    0xfe, 0x22, 0xa0, 0x68, 0x3, 0x4c, 0x25, 0x80,
    0x3f, 0xf8, 0x49, 0x40, 0x4c, 0x0, 0x1d, 0x20,
    0x96, 0x0, 0xff, 0xe0, 0x25, 0x80, 0xf8, 0x80,
    0x43, 0x84, 0x12, 0xc0, 0x1f, 0xe4, 0xb0, 0x1c,
    0x20, 0xe, 0x1c, 0x20, 0x96, 0x0, 0xfc, 0x96,
    0x3, 0x84, 0x1, 0xf0, 0xe1, 0x4, 0xb0, 0x7,
    0x92, 0xc0, 0x70, 0x80, 0x3f, 0x87, 0x8, 0x25,
    0x80, 0x32, 0x58, 0xe, 0x10, 0x7, 0xfc, 0x38,
    0x41, 0x2c, 0x0, 0x4b, 0x1, 0xc2, 0x0, 0xff,
    0xe0, 0x8e, 0x10, 0x4d, 0x4d, 0x80, 0xe1, 0x0,
    0x7f, 0xf0, 0xc7, 0x8, 0x15, 0x80, 0x70, 0x80,
    0x3f, 0xf8, 0xa3, 0xb0, 0x66, 0x7f, 0x20, 0xf,
    0xc0,

    /* U+E180 "" */
    0x0, 0xfe, 0x59, 0xbd, 0xd6, 0x4b, 0x8, 0x7,
    0xff, 0x8, 0x67, 0xe9, 0x90, 0x88, 0x6d, 0x3d,
    0x24, 0x1, 0xff, 0x37, 0x30, 0x0, 0xda, 0x20,
    0xc6, 0x0, 0x6d, 0x50, 0xf, 0xe9, 0x90, 0x2,
    0x3b, 0x25, 0xdd, 0x39, 0xce, 0x0, 0xa9, 0x0,
    0xfa, 0x58, 0x13, 0x9c, 0x40, 0x2, 0x20, 0x0,
    0xc7, 0x18, 0x34, 0x80, 0x73, 0x30, 0x16, 0xc4,
    0x16, 0xff, 0xb9, 0xf6, 0x80, 0x38, 0xa0, 0xcc,
    0x0, 0x86, 0x0, 0xe8, 0x7, 0x29, 0x0, 0x32,
    0x5e, 0x8, 0x52, 0x4, 0x8, 0x2, 0x4, 0x34,
    0x7, 0xc, 0xe, 0x73, 0x12, 0x60, 0x7e, 0x21,
    0x40, 0x30, 0x0, 0x60, 0x71, 0xd, 0x20, 0x9c,
    0x63, 0x33, 0x64, 0x80, 0xe8, 0xb, 0x83, 0x2,
    0x80, 0x28, 0x14, 0xc2, 0x58, 0x9, 0x98, 0x40,
    0xd2, 0x6, 0xa1, 0x20, 0x5, 0xd0, 0x22, 0x7,
    0x1, 0xb0, 0x36, 0xcc, 0xb5, 0x81, 0x8c, 0x38,
    0x4, 0x83, 0x4c, 0x1c, 0x0, 0x81, 0x40, 0x52,
    0x2, 0x20, 0x92, 0xa, 0x4, 0x0, 0x38, 0x1b,
    0x1, 0x0, 0x80, 0x14, 0x10, 0x1, 0xfe, 0x0,
    0x20, 0x28, 0x0, 0x80, 0x81, 0xc0, 0x3f, 0xf9,
    0x26, 0x1, 0x98, 0x8, 0x4, 0x0, 0xa0, 0x80,
    0xe, 0xe0, 0x1, 0x1, 0x40, 0x2, 0x4, 0xe,
    0x60, 0xe0, 0x4, 0xa, 0x2, 0x90, 0xd, 0x24,
    0x14, 0x8, 0x0, 0x70, 0x3d, 0x2, 0x20, 0x70,
    0x1b, 0x3, 0x6c, 0xcb, 0x58, 0x18, 0xc3, 0x80,
    0x88, 0x1a, 0xa2, 0x14, 0xa, 0x61, 0x2c, 0x4,
    0xcc, 0x20, 0x69, 0x3, 0x50, 0xb0, 0x2, 0x83,
    0x83, 0x90, 0x68, 0x84, 0xe3, 0x19, 0x9b, 0x24,
    0xb, 0x40, 0x98, 0x18, 0x1, 0x0, 0xe, 0x1,
    0xf3, 0x3, 0x9c, 0xc4, 0x98, 0x1e, 0x8, 0x70,
    0x2, 0x0, 0x3, 0x20, 0x74, 0x3, 0x94, 0x80,
    0x19, 0x2b, 0x4, 0x28, 0xc2, 0x44, 0x2, 0x66,
    0x2, 0xe0, 0x82, 0xdf, 0xee, 0xbe, 0xd4, 0x7,
    0x14, 0x1d, 0x80, 0x3a, 0x54, 0xf, 0xa0, 0x40,
    0x4, 0x40, 0x0, 0xc7, 0x18, 0x3c, 0x0, 0x7d,
    0x52, 0x0, 0x7e, 0xd9, 0x88, 0x4e, 0x73, 0x80,
    0xcc, 0x0, 0x7f, 0x36, 0xb0, 0x0, 0x99, 0xdc,
    0xc6, 0x0, 0x6f, 0x60, 0xf, 0xf8, 0xa7, 0xa9,
    0x90, 0x88, 0x6d, 0x5d, 0x22, 0x1, 0xe0,

    /* U+E181 "" */
    0x3, 0x10, 0xf, 0xfe, 0x3a, 0xe6, 0x4, 0x3,
    0xff, 0x8c, 0xc0, 0x58, 0x20, 0x1f, 0xfc, 0x53,
    0xa0, 0x2c, 0x10, 0xf, 0xfe, 0x2a, 0xd0, 0x16,
    0x8, 0x7, 0xff, 0x15, 0x6c, 0xb, 0x4, 0x3,
    0xff, 0x8a, 0x96, 0x5, 0x82, 0x1, 0xff, 0xc5,
    0x4b, 0x2, 0xc1, 0x0, 0xff, 0xe2, 0xa5, 0x1,
    0x50, 0x7, 0xff, 0x1b, 0xc0, 0x6, 0x1, 0xff,
    0xc5, 0xa5, 0x6, 0x80, 0xf, 0xfe, 0x25, 0x28,
    0x34, 0x80, 0x7f, 0xf1, 0x29, 0x41, 0xa4, 0x3,
    0xff, 0x89, 0x4a, 0xd, 0x20, 0x1f, 0xfc, 0x4a,
    0x50, 0x69, 0x0, 0xff, 0xe2, 0x32, 0x83, 0x48,
    0x7, 0xff, 0x15, 0x45, 0xa4, 0x3, 0xff, 0x8c,
    0x7d, 0x20, 0x1f, 0x6f, 0xff, 0xf8, 0xc0, 0x3f,
    0x84, 0x80, 0x3f, 0xca, 0x1, 0xfc, 0x3b, 0x55,
    0xfd, 0x6c,

    /* U+E186 "" */
    0x0, 0xd1, 0xdc, 0x90, 0xf, 0xa9, 0xc4, 0x4d,
    0x60, 0x1c, 0x4a, 0xc, 0xe0, 0x86, 0x1, 0x9c,
    0x1, 0x30, 0x0, 0x50, 0xf, 0xe1, 0x0, 0xff,
    0xff, 0x80, 0x7f, 0xf9, 0xf8, 0x3, 0xd4, 0x1,
    0x4a, 0x3, 0x0, 0x1c, 0xe, 0x80, 0x98, 0x1a,
    0x40, 0x12, 0xe0, 0xa7, 0x40, 0x9, 0x0, 0xd0,
    0x41, 0x44, 0x8, 0x1, 0xe7, 0x2, 0x0, 0xff,
    0xe0, 0x60, 0x20, 0x80, 0x61, 0x40, 0x37, 0x0,
    0x68, 0x80, 0x6, 0x84, 0x28, 0x68, 0xf, 0xb2,
    0xf9, 0x2, 0x8, 0x16, 0x40, 0x6, 0x80, 0x9,
    0x70, 0x9, 0xba, 0x15, 0x51, 0xcc, 0x0,

    /* U+E187 "" */
    0x0, 0xff, 0xe3, 0x36, 0x61, 0xc0, 0x3f, 0xc4,
    0xa0, 0x1f, 0xd3, 0x23, 0x34, 0x50, 0x7, 0xf7,
    0x53, 0x81, 0x8, 0x6, 0x26, 0x1, 0x10, 0x29,
    0x80, 0x7e, 0x50, 0x85, 0xdc, 0x0, 0xce, 0x0,
    0xfe, 0x0, 0x28, 0x7, 0xeb, 0x0, 0x50, 0x8,
    0x7, 0xc2, 0x2, 0x1, 0xfd, 0x5e, 0x1, 0xa0,
    0x3, 0xff, 0x8e, 0x84, 0x1, 0x12, 0x0, 0x7f,
    0xf1, 0xfe, 0x9c, 0xc0, 0xc0, 0x3f, 0xf9, 0x2,
    0xb1, 0xa0, 0x34, 0xc8, 0x1, 0xff, 0xc3, 0x63,
    0x0, 0x85, 0x41, 0x66, 0xcc, 0x3, 0xff, 0x82,
    0x93, 0x84, 0x0, 0x15, 0x1, 0x23, 0x20, 0xf,
    0xfe, 0x1, 0x38, 0x3, 0xc8, 0x92, 0x0, 0xcd,
    0xc1, 0x0, 0xff, 0xa3, 0x70, 0x0, 0x5b, 0xa7,
    0x6, 0x20, 0xf, 0xfe, 0xe4, 0x6e, 0x0, 0xb,
    0x74, 0xe0, 0xc2, 0x1, 0xff, 0xc3, 0x27, 0x0,
    0x79, 0x12, 0x40, 0x1a, 0x40, 0x16, 0x0, 0x7b,
    0x0, 0x32, 0x4e, 0x10, 0x0, 0x54, 0xe, 0xc0,
    0xe, 0xc0, 0x80, 0x4, 0x5, 0x90, 0xc, 0xc6,
    0x1, 0xa, 0x81, 0xd8, 0xc, 0x2, 0x58, 0x2,
    0x94, 0x18, 0x80, 0x3c, 0x6d, 0x40, 0xd, 0x20,
    0x60, 0x5, 0x0, 0x6a, 0x10, 0xa0, 0xe, 0xdc,
    0x94, 0x3, 0x10, 0x6, 0x82, 0x8, 0x7, 0x20,
    0x18, 0x7, 0xf8, 0xcc, 0x1, 0xff, 0xc7, 0xdd,
    0x0, 0x69, 0x0, 0x68, 0x20, 0x7, 0x90, 0xc,
    0x3, 0xd4, 0x0, 0x70, 0x40, 0x3, 0x0, 0x2c,
    0x3, 0x48, 0x85, 0x0, 0x79, 0x41, 0xa2, 0x74,
    0x0, 0x30, 0x9, 0xd3, 0x2d, 0x60, 0x72, 0x0,
    0xf4, 0xb4, 0x3, 0x18, 0x4, 0xee, 0x1, 0x66,
    0x10, 0x3c, 0x0, 0x7c, 0x92, 0x20, 0x1f, 0x46,
    0x31, 0x99, 0xb2, 0x0, 0x0,

    /* U+E188 "" */
    0x0, 0xff, 0xe0, 0x5d, 0x80, 0x33, 0x66, 0x1c,
    0x3, 0xff, 0x86, 0x48, 0x82, 0x0, 0x4c, 0x8c,
    0xd1, 0x40, 0x1f, 0xfc, 0x72, 0x60, 0x56, 0x5,
    0x30, 0xf, 0x32, 0x0, 0x7f, 0x9c, 0x1, 0x52,
    0x0, 0x50, 0xe, 0x39, 0xb6, 0x0, 0xc4, 0xee,
    0x20, 0xf, 0x8, 0x7, 0xc6, 0x41, 0x2a, 0x1,
    0xa2, 0x0, 0x1f, 0xfc, 0x4c, 0x20, 0xc0, 0xf,
    0xfe, 0x50, 0xe4, 0xc0, 0x1, 0x2b, 0x6c, 0x3,
    0xff, 0x8a, 0x2c, 0x21, 0x76, 0x52, 0x41, 0x0,
    0xff, 0xe3, 0xd2, 0x1, 0xc6, 0x8, 0x7, 0xff,
    0x19, 0x14, 0x1f, 0x1c, 0xc0, 0x3f, 0xf8, 0x24,
    0x50, 0x5, 0xa0, 0x50, 0x1, 0xff, 0xc3, 0x9d,
    0xda, 0x80, 0xa, 0x8, 0x1, 0xff, 0xc4, 0x30,
    0xf, 0xfe, 0x6d, 0x6e, 0xd4, 0x0, 0x50, 0x70,
    0xf, 0xfe, 0x29, 0x14, 0x1, 0x50, 0xd, 0x0,
    0x76, 0x0, 0x7b, 0x40, 0x3f, 0x8d, 0xc1, 0x74,
    0x40, 0x10, 0xc0, 0x80, 0x4, 0x4, 0x90, 0xf,
    0xe8, 0x70, 0x23, 0x1, 0x70, 0x4b, 0x0, 0x53,
    0x3, 0x10, 0x7, 0x13, 0x88, 0x46, 0xe1, 0x3,
    0x0, 0x2c, 0x3, 0x48, 0x85, 0x0, 0x63, 0xd8,
    0x90, 0x1, 0x18, 0x3, 0x41, 0x0, 0x3c, 0x80,
    0x60, 0x11, 0x60, 0x2, 0x80, 0x3f, 0xf9, 0x2e,
    0x0, 0xc2, 0x0, 0xf6, 0x82, 0x8, 0x7, 0x20,
    0x18, 0x4, 0xb5, 0xa6, 0x1, 0xf3, 0x0, 0x28,
    0x3, 0x50, 0x85, 0x0, 0x65, 0x20, 0xf, 0xc3,
    0x0, 0x9d, 0x53, 0xca, 0xe, 0x40, 0x1f, 0xfc,
    0x37, 0x70, 0xa, 0xb0, 0x83, 0xc0, 0x7, 0xff,
    0x16, 0x35, 0x8c, 0xcd, 0x90, 0x0,

    /* U+E189 "" */
    0x0, 0xff, 0xe9, 0x1e, 0x7f, 0xff, 0xf1, 0x71,
    0x0, 0x31, 0xe1, 0x80, 0x7f, 0xf1, 0x4e, 0xd0,
    0x2, 0x80, 0x19, 0xab, 0xbf, 0xe7, 0x0, 0x55,
    0x42, 0x10, 0x1, 0x20, 0x43, 0x2a, 0x27, 0xf6,
    0x0, 0x15, 0x69, 0x2, 0x0, 0x28, 0x1, 0x0,
    0x3f, 0xf8, 0xa2, 0x1, 0xb0, 0x8, 0x80, 0x1f,
    0xfc, 0xa7, 0x5, 0x0, 0xff, 0xe5, 0x10, 0x85,
    0x80, 0x7f, 0xf2, 0x94, 0x0, 0x60, 0x1f, 0xfc,
    0xab, 0x5, 0x0, 0xff, 0xe5, 0x98, 0x60, 0x7,
    0xff, 0x29, 0x40, 0xe, 0x1, 0xff, 0xca, 0xd0,
    0x21, 0x0, 0xff, 0xe5, 0x78, 0x18, 0x80, 0x7f,
    0xf1, 0xf0, 0xd, 0x40, 0x7b, 0xff, 0xe7, 0x0,
    0xed, 0x0, 0x7f, 0xca, 0x14, 0x54, 0x1, 0xfd,
    0x60, 0x1a, 0x58, 0x3, 0xca, 0xe0, 0xbf, 0x75,
    0x5a, 0x44, 0x14, 0x2, 0x36, 0x5, 0x99, 0x55,
    0x36, 0x80, 0x32, 0x2a, 0xe7, 0x10, 0xc0, 0xa,
    0x0, 0xa9, 0x98, 0xaa, 0x20, 0xf, 0xf2, 0x80,
    0x10, 0x0, 0x88, 0x8, 0x0, 0xff, 0xe2, 0x60,
    0x10, 0x80, 0x20, 0x9, 0x40, 0x3f, 0xf8, 0x84,
    0xe, 0x0, 0x43, 0x8, 0x0, 0xff, 0xe3, 0x88,
    0x2, 0x0, 0x94, 0x3, 0xff, 0x8b, 0xe0, 0x89,
    0x18, 0x40, 0x7, 0xff, 0x19, 0x48, 0x2e, 0x80,
    0x94, 0x3, 0xff, 0x8f, 0xe6, 0x2, 0x10, 0x1,
    0xff, 0xc8, 0x2c, 0xa6, 0x85, 0x0, 0xff, 0x80,

    /* U+E18A "" */
    0x0, 0xff, 0xe0, 0x45, 0x30, 0x7, 0xff, 0x29,
    0x9d, 0x67, 0x44, 0x3, 0xff, 0x91, 0x60, 0x20,
    0x58, 0x1, 0xff, 0xc7, 0x62, 0xd, 0xa0, 0x25,
    0x0, 0xff, 0xe3, 0x40, 0x21, 0xa9, 0x86, 0x0,
    0x7f, 0xf1, 0x58, 0x42, 0x0, 0xe, 0x6, 0x1,
    0xff, 0xc5, 0x80, 0x43, 0x0, 0x28, 0x68, 0x7,
    0xff, 0x11, 0x84, 0x20, 0x0, 0x42, 0x8, 0x1,
    0xff, 0xc4, 0x80, 0x43, 0x0, 0x20, 0x0, 0xc0,
    0x3f, 0xc4, 0xaa, 0x66, 0x50, 0x84, 0x80, 0x58,
    0x2, 0xca, 0xbc, 0x1, 0xab, 0x6a, 0x93, 0x25,
    0x6, 0x20, 0x9, 0xc0, 0x66, 0xab, 0xb9, 0x1,
    0xd4, 0x3, 0xcd, 0x20, 0x19, 0x44, 0x3, 0xe1,
    0xb1, 0xa0, 0x5f, 0xf7, 0x0, 0x34, 0x3, 0xa3,
    0xbf, 0xfd, 0xa0, 0x6, 0x30, 0xc0, 0xf, 0xfe,
    0x39, 0x8, 0x7, 0xff, 0x30, 0x84, 0xc, 0x3,
    0xff, 0x94, 0x80, 0x4, 0x0, 0xff, 0xe5, 0x68,
    0x20, 0x7, 0xff, 0x2d, 0x3, 0x40, 0x3f, 0xf9,
    0x48, 0x0, 0x70, 0xf, 0xfe, 0x56, 0x81, 0x8,
    0x7, 0xff, 0x29, 0xc1, 0x40, 0x3f, 0xf9, 0x44,
    0x21, 0x60, 0x18, 0x40, 0x3f, 0xf8, 0xaa, 0x2,
    0x60, 0x5, 0x9, 0x66, 0x38, 0x3, 0x19, 0xbf,
    0xcf, 0x0, 0x80, 0x14, 0x0, 0xcc, 0xc0, 0x7,
    0x99, 0xff, 0x40, 0x2, 0x0, 0x23, 0xc3, 0x0,
    0xff, 0xe1, 0x88, 0x93, 0x8, 0x2,

    /* U+E18B "" */
    0x0, 0xf8, 0x51, 0x57, 0xe4, 0x31, 0x0, 0xff,
    0xe0, 0x36, 0xf5, 0xd5, 0x7d, 0x79, 0xd8, 0xc0,
    0x1f, 0x8b, 0x64, 0x80, 0x3f, 0xf8, 0x7, 0x3a,
    0x40, 0x1c, 0x7a, 0x40, 0x95, 0xdf, 0xff, 0xba,
    0x90, 0xb, 0xc, 0x2, 0x1d, 0x0, 0x55, 0xa8,
    0x80, 0x7e, 0x15, 0xbb, 0x0, 0xe8, 0x80, 0x2c,
    0x43, 0x14, 0x16, 0xf2, 0xd4, 0x3, 0xf2, 0x60,
    0xc, 0x1, 0x28, 0x41, 0x85, 0xd2, 0x1a, 0x55,
    0x80, 0x7e, 0x38, 0x6, 0x25, 0x1, 0x70, 0x84,
    0x3, 0x74, 0x4, 0x80, 0xf, 0xcc, 0x0, 0x5d,
    0x4, 0x0, 0x30, 0x2e, 0x45, 0xa8, 0x30, 0x7,
    0xe1, 0x40, 0xd6, 0x2, 0x2, 0x10, 0x90, 0xa,
    0x40, 0x44, 0x1, 0xf8, 0xc1, 0x84, 0x2, 0x30,
    0x3, 0x80, 0x4e, 0x1, 0xff, 0xc2, 0x60, 0x20,
    0x12, 0x9, 0x20, 0x29, 0x2, 0x10, 0xf, 0xc4,
    0xf, 0x80, 0xa0, 0x9, 0x2, 0xde, 0xd2, 0x9,
    0x0, 0xfe, 0x50, 0xc5, 0x0, 0x38, 0x25, 0x0,
    0x4, 0x1, 0x48, 0x1, 0xf9, 0xc0, 0xa, 0x4c,
    0x10, 0x60, 0xbf, 0x51, 0x5e, 0xa0, 0x1f, 0x8e,
    0x1, 0x48, 0x24, 0x43, 0x10, 0x0, 0xae, 0xa0,
    0x1f, 0xc9, 0x80, 0x36, 0x1, 0x68, 0x85, 0xd9,
    0x44, 0x3, 0xf0, 0xad, 0xd8, 0x7, 0x44, 0x2,
    0x3c, 0x20, 0x4a, 0xef, 0xff, 0xdd, 0x48, 0x7,
    0x86, 0x1, 0xc5, 0xb2, 0x60, 0x1f, 0xfc, 0x3,
    0x9c, 0x20, 0xf, 0xcd, 0x9d, 0x76, 0xaa, 0xfa,
    0xfb, 0x18, 0x3, 0x80,

    /* U+E18C "" */
    0x0, 0xf8, 0x51, 0x57, 0xe4, 0x31, 0x0, 0xff,
    0xe0, 0x36, 0xf5, 0xd5, 0x7d, 0x79, 0xd8, 0xc0,
    0x1f, 0x8b, 0x64, 0x80, 0x3f, 0xf8, 0x7, 0x3a,
    0x40, 0x1c, 0x7a, 0x40, 0x95, 0xdf, 0xff, 0xba,
    0x90, 0xb, 0xc, 0x2, 0x1d, 0x0, 0x55, 0xa8,
    0x80, 0x7e, 0x15, 0xbb, 0x0, 0xe8, 0x80, 0x2c,
    0x43, 0x14, 0x3, 0xf2, 0xde, 0x5a, 0x82, 0x60,
    0xc, 0x1, 0x28, 0x41, 0x80, 0x7e, 0xba, 0x43,
    0x4a, 0xb0, 0x38, 0x6, 0x25, 0x1, 0x70, 0xf,
    0xd0, 0x80, 0x6e, 0x80, 0x90, 0xc, 0x0, 0x5d,
    0x4, 0x0, 0xfe, 0x60, 0x5c, 0x8b, 0x50, 0x60,
    0x14, 0xd, 0x60, 0x20, 0xf, 0xc4, 0x21, 0x20,
    0x14, 0x80, 0x88, 0xc, 0x18, 0x40, 0x3f, 0xc6,
    0x0, 0x70, 0x9, 0xc0, 0x3e, 0x60, 0x20, 0xf,
    0xc2, 0x41, 0x24, 0x5, 0x20, 0x42, 0x4, 0xf,
    0x80, 0xa0, 0x1f, 0xd2, 0x5, 0xbd, 0xa4, 0x12,
    0x0, 0x50, 0xc5, 0x0, 0x38, 0x7, 0xe4, 0xa0,
    0x0, 0x80, 0x29, 0x1, 0xc0, 0xa, 0x4c, 0x10,
    0x60, 0x1f, 0x97, 0xea, 0x2b, 0xd4, 0xe, 0x1,
    0x48, 0x24, 0x43, 0x10, 0x3, 0xf9, 0x5d, 0x40,
    0x9, 0x80, 0x36, 0x1, 0x68, 0x85, 0xd9, 0x44,
    0x3, 0xf0, 0xad, 0xd8, 0x7, 0x44, 0x2, 0x3c,
    0x20, 0x4a, 0xef, 0xff, 0xdd, 0x48, 0x7, 0x86,
    0x1, 0xc5, 0xb2, 0x60, 0x1f, 0xfc, 0x3, 0x9c,
    0x20, 0xf, 0xcd, 0x9d, 0x76, 0xaa, 0xfa, 0xfb,
    0x18, 0x3, 0x80,

    /* U+E18E "" */
    0x0, 0xf8, 0xef, 0xbf, 0xf7, 0x50, 0x80, 0x7f,
    0xf0, 0x4f, 0x10, 0x40, 0x30, 0xaf, 0x88, 0x7,
    0xff, 0x2, 0x0, 0x66, 0x79, 0xc0, 0x58, 0x3,
    0xff, 0x80, 0xa1, 0xc, 0xdd, 0xa, 0x18, 0x1,
    0xf1, 0x17, 0x8, 0x9, 0x17, 0x80, 0xe, 0x45,
    0x84, 0x27, 0x77, 0x80, 0x11, 0xbb, 0xe5, 0x3,
    0xdd, 0xdc, 0xa0, 0x1f, 0xfc, 0xc9, 0xd7, 0x1,
    0xdd, 0xff, 0xe0, 0xe0, 0x2, 0xb9, 0x40, 0xbc,
    0xc, 0x8b, 0xff, 0x84, 0x0, 0x61, 0x0, 0xe3,
    0x0, 0xff, 0xe8, 0x18, 0x4, 0x26, 0x1, 0xff,
    0xc5, 0x8c, 0x90, 0x6, 0x60, 0xc0, 0x3f, 0xf8,
    0x82, 0x4, 0x0, 0x20, 0x60, 0xf, 0xff, 0x31,
    0x80, 0x7f, 0xff, 0xc0, 0x3f, 0xfa, 0xd8, 0x1a,
    0x0, 0x51, 0x70, 0xf, 0xfe, 0x22, 0xfb, 0x0,
    0x2b, 0x88, 0x3, 0xff, 0xa2, 0x20, 0x1f, 0xfd,
    0x4, 0x1, 0x96, 0x6c, 0xab, 0x99, 0xb4, 0x80,
    0x8, 0x3, 0x1a, 0x3, 0x4c, 0xea, 0xad, 0x33,
    0x90, 0x20, 0x3, 0xd6, 0xe2, 0x1, 0xff, 0xc0,
    0x29, 0x70, 0x8,

    /* U+E190 "" */
    0x6e, 0x50, 0xf, 0xfe, 0x5e, 0xd, 0x30, 0x7,
    0xf8, 0x84, 0x3, 0xfd, 0x66, 0x12, 0xc0, 0x1f,
    0x9b, 0x7c, 0x80, 0x3f, 0x87, 0x4c, 0x25, 0x80,
    0x3c, 0xd2, 0x3, 0x84, 0x1, 0xfc, 0x3a, 0x41,
    0x2c, 0x1, 0x9a, 0x40, 0x80, 0x70, 0x80, 0x38,
    0xc4, 0x0, 0x38, 0x41, 0x2c, 0x0, 0x69, 0x2,
    0xcc, 0x0, 0xe1, 0x0, 0x49, 0x9a, 0x1, 0xe,
    0x10, 0x4b, 0x32, 0x40, 0xb0, 0x4f, 0x0, 0x70,
    0x80, 0x4, 0x4, 0x1, 0x87, 0x8, 0x26, 0x40,
    0x58, 0x20, 0x3, 0xc0, 0x1c, 0x20, 0xf, 0xe1,
    0xc3, 0x0, 0x16, 0x8, 0x6, 0x3c, 0x1, 0xc2,
    0x0, 0xfe, 0x1d, 0x44, 0x60, 0x80, 0x78, 0xf0,
    0x7, 0x3c, 0x3, 0xf8, 0x6e, 0xc2, 0x1, 0xf8,
    0xf0, 0x5, 0x80, 0x3f, 0xf8, 0xe6, 0xaa, 0x66,
    0x0, 0x7f, 0xf2, 0x13, 0x2a, 0xa6, 0x0, 0xff,
    0xe4, 0x30, 0x80, 0x7c, 0xe0,

    /* U+E191 "" */
    0x0, 0xff, 0xe2, 0x17, 0x7f, 0xfd, 0x20, 0x1f,
    0xfc, 0x46, 0x10, 0xf, 0x9c, 0x3, 0xff, 0x88,
    0x99, 0x55, 0x30, 0x7, 0xff, 0x24, 0xd5, 0x4c,
    0xc0, 0xf, 0xfe, 0x5, 0xd8, 0x40, 0x3f, 0x1e,
    0x0, 0xb8, 0x7, 0xe1, 0xc4, 0x46, 0x88, 0x7,
    0x8f, 0x0, 0x73, 0x80, 0x3e, 0x1d, 0x30, 0x1,
    0xe8, 0x80, 0x63, 0xc0, 0x1c, 0x20, 0xf, 0x87,
    0xc, 0x26, 0x40, 0x78, 0x20, 0x3, 0xc0, 0x1c,
    0x20, 0xf, 0x87, 0x8, 0x25, 0x99, 0x20, 0x58,
    0x27, 0x80, 0x38, 0x40, 0x2, 0x3, 0x0, 0xe,
    0x90, 0x4b, 0x0, 0x1a, 0x40, 0xb3, 0x0, 0x38,
    0x40, 0x12, 0x66, 0x0, 0x74, 0xc2, 0x58, 0x3,
    0x34, 0x81, 0x0, 0xe1, 0x0, 0x71, 0x88, 0x69,
    0x84, 0xb0, 0x7, 0x9a, 0x80, 0x70, 0x80, 0x3f,
    0x49, 0x84, 0xb0, 0x7, 0xe5, 0xdf, 0x20, 0xf,
    0xef, 0x19, 0x60, 0xf, 0xf1, 0x8, 0x7, 0xf9,
    0xb9, 0x80, 0x3f, 0xf9, 0x60,

    /* U+E193 "" */
    0x0, 0xff, 0xa3, 0x30, 0xe0, 0x1f, 0xfc, 0x9b,
    0x73, 0x34, 0x58, 0x7, 0xff, 0x1d, 0x90, 0x15,
    0x81, 0x14, 0x3, 0xff, 0x8d, 0x0, 0x95, 0x28,
    0x16, 0x1, 0xff, 0xc5, 0x81, 0x9, 0x0, 0x48,
    0xc, 0x0, 0x7f, 0xf0, 0xc9, 0xc1, 0xc8, 0x0,
    0x4c, 0xe, 0x20, 0x1f, 0xfc, 0x29, 0x1, 0x90,
    0xd, 0x0, 0xb, 0x0, 0xff, 0xe0, 0xa2, 0x2,
    0x4, 0x2a, 0x80, 0x30, 0xa, 0x60, 0x1f, 0xfc,
    0x9, 0x2, 0x60, 0x25, 0x51, 0x3, 0x90, 0x78,
    0x7, 0xfc, 0xc4, 0x12, 0x1, 0xfa, 0x40, 0xd4,
    0x3, 0xf8, 0x60, 0x11, 0x0, 0x1f, 0x91, 0x1,
    0x60, 0x1f, 0xd2, 0x21, 0x20, 0x1f, 0xe9, 0x1,
    0x80, 0xf, 0x89, 0xc1, 0x88, 0x3, 0xfc, 0x4c,
    0xe, 0x20, 0x1e, 0x90, 0x18, 0x0, 0xc4, 0x22,
    0x20, 0xd, 0x0, 0xb, 0x0, 0xe4, 0x40, 0x40,
    0x80, 0x77, 0x70, 0x3, 0x86, 0x1, 0x4c, 0x3,
    0x48, 0x13, 0x0, 0x7f, 0xf0, 0x9c, 0x83, 0xc0,
    0x26, 0x20, 0x90, 0xf, 0x91, 0x40, 0x3e, 0x80,
    0x35, 0x0, 0x40, 0x22, 0x0, 0x3c, 0x37, 0x42,
    0x1, 0xe5, 0x40, 0xb0, 0x81, 0x9, 0x0, 0xf8,
    0x59, 0x82, 0x1, 0xf4, 0x0, 0xba, 0x2, 0x90,
    0x7, 0xe9, 0x90, 0x7, 0xe3, 0x50, 0xb0, 0x0,
    0x80, 0x7f, 0xf2, 0x4, 0x1, 0x60, 0x9d, 0xdf,
    0xfc, 0x84, 0xa, 0x75, 0x1, 0x1f, 0xfe, 0x40,
    0x2b, 0x5, 0x64, 0xcf, 0xff, 0x23, 0x28, 0x0,

    /* U+E194 "" */
    0x0, 0x1b, 0x37, 0xf9, 0x40, 0x3f, 0xf8, 0x35,
    0x93, 0x3f, 0xea, 0xe4, 0x0, 0xff, 0x42, 0x80,
    0x4, 0x7f, 0x80, 0x6c, 0x40, 0x3f, 0x94, 0x1b,
    0xfb, 0xbf, 0xb0, 0x0, 0x80, 0x1f, 0xc6, 0x1e,
    0x1, 0xfe, 0x30, 0x1, 0x80, 0x7f, 0xf3, 0x67,
    0xfd, 0xd2, 0x1, 0xff, 0xcc, 0x16, 0xa0, 0xf,
    0xfe, 0x42, 0xcc, 0x98, 0x16, 0x0, 0x3f, 0xf8,
    0xf8, 0xcc, 0x94, 0x7, 0x50, 0xf, 0xfe, 0x55,
    0x90, 0x51, 0x0, 0x7f, 0xf2, 0xbc, 0x43, 0xc4,
    0x3, 0xff, 0x92, 0x54, 0x5, 0x60, 0x1f, 0xfc,
    0xa4, 0x70, 0x40, 0xf, 0xfe, 0x5f, 0x0, 0x7c,
    0x2c, 0xe4, 0x1, 0xf8, 0xdd, 0x84, 0x3, 0xf9,
    0x7a, 0x63, 0x5c, 0x3, 0xd1, 0x91, 0x3c, 0x80,
    0x1e, 0x13, 0xa0, 0x0, 0x84, 0x21, 0x14, 0x0,
    0x10, 0x10, 0x5, 0x98, 0x80, 0x8, 0x23, 0x0,
    0x1d, 0xe2, 0x17, 0xbb, 0x0, 0x47, 0xd8, 0x0,
    0xc8, 0x2, 0xf1, 0x0, 0xe1, 0x0, 0xff, 0xe2,
    0xf, 0x9f, 0x6e, 0x0, 0x3b, 0x82, 0x17, 0xbb,
    0xa4, 0xf, 0xb0, 0x1, 0xba, 0xe3, 0x0, 0x11,
    0xd0, 0x0, 0x42, 0x50, 0x8b, 0x33, 0x0, 0x40,
    0x16, 0x44, 0x0, 0xf2, 0xf4, 0xcb, 0x58, 0x3,
    0xd3, 0x91, 0x3c, 0x80, 0x18,

    /* U+E195 "" */
    0x0, 0xf3, 0xd8, 0x80, 0x7e, 0x1b, 0x80, 0xf,
    0xfe, 0x4, 0xa6, 0x8, 0x7, 0x87, 0x11, 0xc0,
    0x3f, 0xf8, 0x16, 0x5, 0x82, 0x1, 0x87, 0x8,
    0x28, 0x3, 0xff, 0x80, 0xb4, 0x5, 0x82, 0x0,
    0x1c, 0x20, 0xa5, 0x0, 0xff, 0xe0, 0xad, 0x1,
    0x60, 0x8b, 0x8, 0x25, 0x40, 0x3f, 0xf8, 0x6b,
    0x40, 0x59, 0x82, 0x9, 0x60, 0xf, 0xe3, 0xcf,
    0xff, 0x50, 0x0, 0x88, 0x0, 0x9f, 0xff, 0x62,
    0x1, 0xe1, 0x80, 0x7f, 0xf2, 0xe, 0xd2, 0x0,
    0xa6, 0xab, 0xff, 0x8d, 0x22, 0x10, 0xa1, 0x4c,
    0xab, 0xff, 0xc6, 0x68, 0x2, 0x0, 0x8, 0x7,
    0xff, 0x28, 0x40, 0x3f, 0xff, 0xe0, 0x1f, 0xff,
    0xf0, 0xf, 0xff, 0xf8, 0x7, 0xff, 0xcc, 0x40,
    0x3f, 0xf9, 0x6a, 0x12, 0xec, 0xdc, 0xab, 0xf9,
    0x9b, 0xd0, 0x7, 0x0, 0x31, 0x33, 0xd5, 0x5f,
    0xa6, 0x7c, 0x21, 0xe7, 0x86, 0x1, 0xff, 0xc8,
    0x3c, 0x30,

    /* U+E199 "" */
    0x0, 0xff, 0xe0, 0x4c, 0x80, 0x3f, 0xf9, 0x64,
    0xcc, 0x20, 0xf, 0xfe, 0x49, 0xa8, 0x1, 0x4c,
    0x3, 0xff, 0x8a, 0x75, 0xf9, 0x0, 0x8, 0xcf,
    0xb4, 0x0, 0xff, 0xe0, 0x15, 0xe2, 0x80, 0x42,
    0x20, 0x9, 0x2f, 0x8, 0x3, 0xf9, 0x75, 0x0,
    0xa3, 0x7f, 0xb9, 0xfb, 0x4, 0x7, 0xaa, 0x1,
    0xf2, 0xd0, 0xd, 0x6b, 0x90, 0x6, 0x27, 0xda,
    0x10, 0xa6, 0x0, 0xe4, 0xa0, 0x2f, 0x50, 0xf,
    0xf2, 0xf9, 0x4, 0xa0, 0x4, 0x34, 0x5, 0x82,
    0x1, 0xff, 0xc0, 0x1c, 0x20, 0xa0, 0xa, 0x4,
    0x3c, 0x40, 0x3f, 0xf8, 0x43, 0xe0, 0x32, 0x2,
    0xc0, 0xe4, 0x1, 0xff, 0xc4, 0x27, 0x6, 0x16,
    0x0, 0x48, 0x7, 0xff, 0x1a, 0x40, 0xd, 0x80,
    0xa2, 0x1, 0xff, 0xc6, 0x15, 0xb, 0x0, 0x2f,
    0xff, 0xff, 0x21, 0x41, 0xfc, 0x3, 0xff, 0x99,
    0xe9, 0xd7, 0x55, 0xfa, 0x0, 0x11, 0x55, 0xfa,
    0xf9, 0x0, 0x51, 0x57, 0xf8, 0x0, 0xab, 0xfc,
    0x82, 0x1, 0xff, 0xff, 0x0, 0xff, 0xf1, 0x16,
    0x30, 0x7, 0xff, 0x25, 0x82, 0x8e, 0x80, 0x3f,
    0xf8, 0xc4, 0x21, 0x32, 0x70, 0x50, 0xf, 0xfe,
    0x3d, 0x81, 0x30, 0xc, 0x0, 0x7f, 0xf1, 0xd6,
    0xd0, 0xdb, 0xc4, 0x3, 0xe0,

    /* U+E19E "" */
    0x0, 0xff, 0x16, 0x40, 0x7, 0xff, 0x20, 0xb0,
    0xde, 0x40, 0x3f, 0xf8, 0xc5, 0x82, 0x0, 0x6a,
    0x0, 0xff, 0xe2, 0x16, 0x8, 0x6, 0x5a, 0x0,
    0xff, 0xe1, 0x16, 0x8, 0x28, 0xa, 0x82, 0xd0,
    0x7, 0xff, 0x0, 0xb0, 0x42, 0xfc, 0x1, 0x4a,
    0xb, 0x40, 0x1f, 0xe1, 0xc1, 0xb, 0x40, 0xd,
    0x4a, 0xb, 0x0, 0x1f, 0xe1, 0xb, 0x40, 0xf,
    0x52, 0x81, 0x0, 0x7f, 0xe, 0xf2, 0x0, 0x7e,
    0xac, 0xa0, 0xf, 0xf1, 0x8, 0x7, 0xf8, 0xc0,
    0x3f, 0xff, 0xe0, 0x1f, 0xfc, 0xf7, 0xc2, 0x0,
    0xff, 0xe3, 0x36, 0x15, 0x1a, 0x0, 0x7f, 0xf1,
    0xac, 0xd4, 0x3, 0xfc, 0xb5, 0x80, 0x1f, 0xfc,
    0xa5, 0x20, 0xf, 0xfe, 0x8, 0x80, 0x7f, 0xf8,
    0x4, 0x41, 0xa0, 0x1f, 0xfc, 0x51, 0x20, 0x5,
    0x82, 0xf7, 0x5b, 0xbf, 0xfc, 0xe, 0xe8, 0x0,
    0xee, 0x50, 0x11, 0x88, 0xbf, 0xf8, 0x2, 0x20,
    0x5, 0x8, 0x56, 0x4c, 0xff, 0xf1, 0x6b, 0x94,
    0x0,

    /* U+E19F "" */
    0x0, 0xfc, 0x8e, 0xe4, 0x0, 0xff, 0xe1, 0x2f,
    0x5c, 0x42, 0xf9, 0x40, 0x3f, 0xe6, 0xa1, 0x2,
    0x20, 0xd, 0x30, 0x7, 0xf0, 0xc8, 0x16, 0xee,
    0x20, 0x91, 0x0, 0xfd, 0x20, 0xc, 0x20, 0x1,
    0x60, 0x84, 0x80, 0x7e, 0x40, 0x51, 0x0, 0xc2,
    0xe0, 0x80, 0x1f, 0xe2, 0x0, 0xf0, 0x80, 0x7f,
    0x98, 0x10, 0x3, 0xc8, 0xa, 0x1, 0xfb, 0xc0,
    0xd8, 0x3, 0x39, 0x86, 0x80, 0x7e, 0x53, 0x9,
    0xa6, 0x65, 0xc0, 0x22, 0x0, 0x3f, 0xb4, 0xc1,
    0x66, 0x48, 0x7, 0x40, 0x1f, 0xe1, 0xc9, 0x31,
    0x3, 0x9c, 0x10, 0xf, 0xfe, 0x3, 0x67, 0x7e,
    0x30, 0x7, 0xff, 0x4c, 0x55, 0x9b, 0xf2, 0x88,
    0x7, 0xd3, 0xd5, 0x33, 0xfa, 0xba, 0x40, 0x3a,
    0xd8, 0x0, 0x24, 0x5e, 0x10, 0x3, 0x60, 0x5,
    0x8, 0xd, 0xdc, 0xdd, 0xf7, 0x71, 0x80, 0xe0,
    0x0, 0xc0, 0xd2, 0x20, 0x1f, 0x86, 0x58, 0x18,
    0xc, 0x42, 0xc0, 0x3f, 0xf8, 0x16, 0x2, 0x6c,
    0x0, 0x20, 0xf, 0xfe, 0x1, 0x0, 0x18, 0x3,
    0xff, 0xb8, 0x86, 0xc0, 0x1f, 0xfc, 0x26, 0x34,

    /* U+E1A4 "" */
    0x0, 0xf8, 0x99, 0xd8, 0x80, 0x39, 0x8c, 0x3,
    0xff, 0x80, 0x35, 0xb3, 0x13, 0xb4, 0x20, 0x6,
    0x9c, 0xc0, 0x80, 0x7f, 0xe, 0x28, 0x0, 0x80,
    0xb, 0x80, 0x4, 0x20, 0x3c, 0x10, 0xf, 0xd0,
    0x41, 0x1f, 0xbf, 0x0, 0x52, 0x5, 0xb2, 0x5,
    0x0, 0x1f, 0x98, 0x1d, 0xc0, 0x13, 0xb8, 0x18,
    0x2, 0x67, 0x6, 0x10, 0xf, 0x20, 0x2, 0x80,
    0x3a, 0x40, 0x8, 0x1, 0x48, 0x1, 0x40, 0x3f,
    0x88, 0x3, 0x84, 0x3, 0xc2, 0x1, 0xfc, 0xc0,
    0x4, 0x0, 0xe4, 0x0, 0x30, 0x4, 0x80, 0x6,
    0x0, 0xf1, 0x10, 0x24, 0x40, 0x21, 0x90, 0x32,
    0x0, 0xc, 0x81, 0x10, 0x3, 0xe9, 0x2, 0xf7,
    0x57, 0xf2, 0x8, 0x0, 0x3f, 0x90, 0x48, 0x7,
    0xe4, 0xa0, 0x18, 0xa8, 0x10, 0xa4, 0x6, 0x81,
    0xa, 0x40, 0xf, 0xe5, 0xd6, 0x20, 0x16, 0xd5,
    0x0, 0x21, 0xb6, 0xa8, 0x7, 0xfc, 0x53, 0xbf,
    0xd2, 0x40, 0x11, 0x64, 0x90, 0x7, 0xff, 0x60,
    0xd9, 0xbf, 0x8c, 0x3, 0x84, 0xc0, 0x3c, 0x7b,
    0x93, 0x3f, 0xd9, 0xa6, 0x1, 0x66, 0x46, 0x1,
    0x26, 0x10, 0x0, 0x48, 0xb8, 0x40, 0x5, 0x8a,
    0x0, 0x60, 0x3c, 0x40, 0x1a, 0x1, 0xbf, 0xed,
    0xde, 0xef, 0xb2, 0xa, 0x10, 0xbb, 0x8, 0x50,
    0xb0, 0x86, 0x20, 0x7, 0xf2, 0x78, 0x1, 0x80,
    0x9, 0x80, 0x2d, 0x80, 0xa4, 0x1, 0xff, 0x12,
    0x86, 0x0, 0x44, 0xa1, 0x8c, 0x4, 0x1, 0xff,
    0xc1, 0x20, 0x60, 0xc, 0x40, 0xc0, 0xf, 0x0,
    0xff, 0xed, 0xf8, 0x7, 0xbc, 0x1, 0x66, 0x80,
    0x1f, 0xfc, 0x14, 0x3b, 0x0, 0xc8, 0x76,

    /* U+E1A5 "" */
    0x0, 0x84, 0x8b, 0xff, 0x80, 0x1, 0xff, 0x37,
    0x73, 0x77, 0xff, 0x81, 0xcc, 0x1, 0xf9, 0x24,
    0x40, 0x3f, 0xf8, 0x23, 0x28, 0x1, 0x95, 0xc7,
    0xc0, 0xf3, 0x77, 0xfe, 0xc3, 0xf, 0x0, 0x26,
    0xd4, 0x6a, 0x85, 0x99, 0x17, 0xfc, 0x76, 0xa,
    0x57, 0x62, 0x0, 0x18, 0x7, 0xff, 0x18, 0x75,
    0x0, 0x98, 0x3, 0xff, 0x94, 0x33, 0xbe, 0x1,
    0xff, 0xc9, 0x6f, 0x60, 0xf, 0xfe, 0x50, 0xc8,
    0x80, 0x7f, 0xf2, 0xc4, 0x40, 0x11, 0x80, 0x7f,
    0xf2, 0x79, 0x80, 0x3f, 0xf9, 0xb3, 0x64, 0x1,
    0xff, 0xca, 0x40, 0x4d, 0xe0, 0xf, 0xfe, 0x40,
    0xdc, 0x80, 0x10, 0x0, 0xa1, 0x66, 0x45, 0xff,
    0x1d, 0x81, 0x3, 0x6a, 0x0, 0x13, 0x80, 0xf3,
    0x77, 0xfe, 0xc3, 0x9, 0x0, 0x15, 0xda, 0x6d,
    0x64, 0x40, 0x3f, 0xf8, 0x23, 0x2a, 0x1, 0x91,
    0x80, 0xd, 0xdb, 0xbf, 0xfc, 0x1e, 0x60, 0xf,
    0xc0,

    /* U+E1A6 "" */
    0x6, 0xb2, 0x0, 0xff, 0xe6, 0x5a, 0x61, 0x0,
    0x7f, 0xf2, 0xf8, 0x7, 0x8, 0x3, 0xff, 0x94,
    0x76, 0x3, 0x86, 0x1, 0xff, 0xca, 0x4b, 0x1,
    0xd3, 0x0, 0xc4, 0x5c, 0x1, 0xff, 0xc0, 0x6a,
    0x0, 0xe, 0x98, 0x2, 0x37, 0x7b, 0x98, 0x3,
    0xf9, 0x64, 0x40, 0x21, 0xd3, 0xf, 0x0, 0xe1,
    0x94, 0x0, 0xca, 0xe2, 0x1c, 0x7, 0x9b, 0x60,
    0x3a, 0x6f, 0xbb, 0xb0, 0xc3, 0xc0, 0x9, 0xb5,
    0x1a, 0xa, 0x16, 0x64, 0x98, 0x3, 0xa6, 0x45,
    0x8e, 0xc1, 0x4a, 0xec, 0x40, 0x3, 0x0, 0xf8,
    0xf0, 0x7, 0x4c, 0x3, 0xc3, 0xa8, 0x4, 0xa0,
    0x1f, 0xe3, 0xc0, 0x1d, 0x30, 0x8, 0x40, 0x21,
    0x9d, 0xc0, 0xf, 0xf8, 0xf0, 0x7, 0xc, 0x0,
    0x60, 0x6, 0xf6, 0x0, 0xff, 0xe1, 0x1e, 0x0,
    0x30, 0xc1, 0x6b, 0x64, 0x40, 0x3f, 0xf8, 0x87,
    0x80, 0xc, 0x30, 0x52, 0x0, 0xff, 0xe3, 0x9e,
    0x0, 0x30, 0xc0, 0x3c, 0x60, 0x1f, 0xfc, 0x33,
    0xc1, 0xc, 0x30, 0xf, 0xfe, 0x51, 0xe8, 0x86,
    0x18, 0x7, 0xff, 0x28, 0xf4, 0x43, 0xc, 0x3,
    0x84, 0x14, 0x2c, 0xc8, 0xbf, 0xe0, 0x20, 0x6,
    0x18, 0x1, 0x9, 0x83, 0x80, 0xf3, 0x77, 0xfe,
    0xc3, 0x0, 0xb0, 0xc0, 0x76, 0x1, 0x64, 0x40,
    0x3f, 0xf8, 0x23, 0x3a, 0x21, 0x86, 0x1, 0xcd,
    0xdb, 0xbf, 0xfc, 0x1e, 0x62, 0xc1, 0xc, 0x30,
    0xf, 0x11, 0x7f, 0xf0, 0x40, 0x22, 0xd1, 0xc,
    0x30, 0xf, 0xfe, 0x51, 0xe8, 0x86, 0x18, 0x7,
    0xff, 0x28, 0xf0, 0x43, 0xc0, 0x3f, 0xf9, 0x65,
    0x87, 0x40,

    /* U+E1A8 "" */
    0x0, 0x85, 0xea, 0x5c, 0x80, 0x3f, 0xb, 0xd5,
    0x1c, 0x40, 0x39, 0xfa, 0x15, 0xa3, 0x5c, 0x3,
    0xcf, 0xd0, 0xaa, 0x8e, 0x70, 0xa, 0x20, 0x4,
    0xcc, 0x20, 0x88, 0x0, 0x68, 0x80, 0x13, 0x30,
    0x42, 0x1c, 0x9, 0xc1, 0xb6, 0x65, 0xac, 0xe,
    0x40, 0x2, 0x70, 0x6d, 0x99, 0x72, 0x84, 0x15,
    0x1, 0x48, 0x6, 0x92, 0xa, 0x0, 0x50, 0x14,
    0x80, 0x6a, 0x20, 0xa4, 0x4, 0x0, 0xf2, 0x2,
    0x0, 0x10, 0x10, 0x3, 0xc8, 0x8, 0x1, 0xff,
    0xce, 0x60, 0x40, 0xf, 0x20, 0x28, 0x1, 0x81,
    0x0, 0x3c, 0x80, 0xbc, 0x5, 0x20, 0x1a, 0x88,
    0x34, 0x1, 0xc0, 0x52, 0x1, 0xa4, 0x83, 0x51,
    0x0, 0xdb, 0x32, 0xe5, 0x1, 0x25, 0x51, 0x8,
    0x36, 0xcc, 0xb5, 0x81, 0x50, 0x2d, 0x0, 0x99,
    0x82, 0x0, 0x19, 0xaa, 0x48, 0x80, 0x9, 0x98,
    0x40, 0x94, 0x1, 0x5d, 0x28, 0x88, 0x3, 0xff,
    0x82, 0x29, 0x56, 0x0,

    /* U+E1AA "" */
    0x0, 0xff, 0x11, 0x0, 0x3f, 0xf8, 0xd3, 0xba,
    0x70, 0xf, 0xfe, 0x25, 0x30, 0x2, 0x40, 0x3f,
    0xf8, 0x74, 0xa0, 0x20, 0x20, 0x1f, 0xfc, 0x2a,
    0x50, 0x58, 0x0, 0xff, 0x9a, 0x66, 0xc5, 0x5,
    0xa0, 0xf, 0xfa, 0x25, 0x9a, 0x30, 0x6a, 0x0,
    0xfc, 0xc2, 0x0, 0x60, 0x24, 0x42, 0xcc, 0x80,
    0x3f, 0x3c, 0xe0, 0x6, 0xbb, 0xa9, 0x80, 0x3f,
    0x8c, 0x9, 0x40, 0x3f, 0xf8, 0xa8, 0x80, 0xe0,
    0xf, 0xfe, 0x36, 0x2, 0x80, 0x7f, 0xf1, 0x84,
    0x3, 0xff, 0x91, 0xe0, 0x40, 0x1f, 0xfc, 0x51,
    0x60, 0x40, 0xb, 0xd1, 0x6, 0x1, 0xfe, 0x60,
    0x4, 0x81, 0x3, 0x5d, 0xb3, 0x8c, 0x3, 0xf2,
    0x14, 0x88, 0x71, 0x80, 0x61, 0xc3, 0x0, 0xf8,
    0xf5, 0x80, 0x5, 0x9f, 0xee, 0xb1, 0xc, 0x30,
    0xf, 0xfe, 0x18, 0xa6, 0x88, 0x66, 0x0, 0x3f,
    0xf8, 0x87, 0x82, 0xa, 0x2, 0x1, 0xff, 0xc3,
    0x2c, 0x10, 0x2, 0x80, 0x7f, 0xf1, 0xb, 0x15,
    0xa8, 0x3, 0xf0,

    /* U+E1AB "" */
    0x0, 0xff, 0x11, 0x0, 0x3f, 0xf9, 0x93, 0xba,
    0x70, 0xf, 0xfe, 0x55, 0x30, 0x2, 0x40, 0x3e,
    0x18, 0x20, 0xf, 0xfa, 0x94, 0x4, 0x4, 0x3,
    0xe8, 0x7c, 0x10, 0xf, 0xea, 0x50, 0x58, 0x0,
    0xfe, 0xa0, 0x1a, 0x0, 0xcd, 0x33, 0x62, 0x82,
    0xd0, 0x7, 0xf8, 0xe4, 0x11, 0x80, 0x11, 0x2c,
    0xd1, 0x83, 0x50, 0x7, 0xe6, 0x10, 0x3, 0x20,
    0x58, 0x1, 0x80, 0x91, 0xb, 0x32, 0x0, 0xfc,
    0xf3, 0x80, 0x17, 0x81, 0x18, 0x5, 0x77, 0x53,
    0x0, 0x7f, 0x18, 0x12, 0x80, 0x10, 0x42, 0xc0,
    0x3f, 0xf8, 0xa8, 0x80, 0xe0, 0x9, 0x40, 0x80,
    0x3f, 0xf8, 0xd8, 0xa, 0x1, 0x10, 0x30, 0x7,
    0xff, 0x18, 0x40, 0x3f, 0xf9, 0xde, 0x4, 0x1,
    0x10, 0x30, 0x7, 0xff, 0x14, 0x58, 0x10, 0x2,
    0x50, 0xd0, 0xb, 0xd1, 0x6, 0x1, 0xfe, 0x60,
    0x4, 0x80, 0x10, 0x41, 0x0, 0x81, 0xae, 0xd9,
    0xc6, 0x1, 0xf9, 0xa, 0x44, 0x1, 0xe0, 0x46,
    0x1c, 0x60, 0x18, 0x70, 0xc0, 0x3e, 0x3d, 0x60,
    0x3, 0x20, 0x58, 0x0, 0xb3, 0xfd, 0xd6, 0x21,
    0x86, 0x1, 0xfe, 0x39, 0x3, 0x60, 0xf, 0xa,
    0x68, 0x86, 0x60, 0x3, 0xfa, 0xc0, 0x74, 0x3,
    0xf8, 0xf0, 0x41, 0x40, 0x40, 0x3e, 0x98, 0xc1,
    0x0, 0xff, 0x16, 0x8, 0x1, 0x40, 0x3e, 0x17,
    0x20, 0xf, 0xfe, 0x1, 0x62, 0xb5, 0x0, 0x7f,
    0xf0, 0x80,

    /* U+E1AC "" */
    0x0, 0xff, 0x11, 0x0, 0x3f, 0xf9, 0x73, 0xba,
    0x70, 0xf, 0xfe, 0x4d, 0x30, 0x2, 0x40, 0x3f,
    0xf9, 0x14, 0xa0, 0x20, 0x20, 0x1f, 0xfc, 0x7a,
    0x50, 0x58, 0x0, 0xff, 0xe2, 0x34, 0xcd, 0x8a,
    0xb, 0x40, 0x1f, 0xfc, 0x48, 0x96, 0x68, 0xc1,
    0xa8, 0x3, 0xf3, 0x8, 0x7, 0x30, 0xb0, 0x12,
    0x21, 0x66, 0x40, 0x1f, 0x9e, 0x7c, 0x80, 0x2c,
    0x9b, 0x0, 0x5d, 0xd4, 0xc0, 0x1f, 0xc8, 0x3,
    0x84, 0x18, 0x61, 0x80, 0x1f, 0xfc, 0x43, 0xb0,
    0x1c, 0xc1, 0x84, 0x30, 0x7, 0xff, 0x15, 0x2c,
    0x4, 0xc2, 0x1c, 0x3, 0xff, 0x8e, 0x86, 0x1,
    0x28, 0x7, 0xff, 0x23, 0xc, 0x2, 0xc2, 0x0,
    0xff, 0xe3, 0x61, 0x83, 0xd8, 0xe, 0x10, 0x3,
    0xd1, 0x6, 0x1, 0xfe, 0x73, 0x8, 0x82, 0x58,
    0xc, 0x90, 0x35, 0xdb, 0x38, 0xc0, 0x3f, 0x21,
    0x43, 0x80, 0x12, 0xcf, 0xb8, 0x60, 0x18, 0x70,
    0xc0, 0x3e, 0x3d, 0x70, 0xc, 0x98, 0xa5, 0x9f,
    0xee, 0xb1, 0xc, 0x30, 0xf, 0xfe, 0x40, 0xa6,
    0x88, 0x66, 0x0, 0x3f, 0xf9, 0x27, 0x82, 0xa,
    0x2, 0x1, 0xff, 0xc8, 0x2c, 0x10, 0x2, 0x80,
    0x7f, 0xf2, 0x4b, 0x15, 0xa8, 0x3, 0xff, 0x82,

    /* U+E1AD "" */
    0x0, 0xe4, 0xbd, 0xdd, 0x66, 0x1, 0xfc, 0xb6,
    0x84, 0x59, 0x31, 0x0, 0x3f, 0x58, 0x13, 0xc4,
    0x1c, 0x82, 0x40, 0x3e, 0x21, 0xe, 0x87, 0x74,
    0x48, 0x10, 0x80, 0x79, 0xc0, 0x6, 0x2, 0x20,
    0x50, 0x2, 0x0, 0x7b, 0x40, 0x19, 0xfd, 0xcf,
    0xd0, 0x6, 0x80, 0x78, 0xc0, 0x6, 0x1, 0x8c,
    0x0, 0x60, 0x1c, 0x28, 0x0, 0x39, 0xcc, 0x49,
    0x80, 0x14, 0x40, 0x36, 0x80, 0x27, 0x18, 0xcc,
    0xd9, 0x20, 0x3a, 0x1, 0x29, 0x84, 0xb0, 0x1,
    0x54, 0x0, 0x69, 0x3, 0x50, 0x7, 0x1, 0xb0,
    0x0, 0x6a, 0x82, 0x0, 0x63, 0xe, 0x0, 0x20,
    0x50, 0x4, 0x60, 0x3, 0x0, 0xa8, 0x10, 0x4,
    0x0, 0xa0, 0x1e, 0x70, 0x9, 0x40, 0x2, 0x1,
    0xf1, 0x80, 0x2a, 0x0, 0x38, 0xc4, 0x0, 0xa0,
    0x10, 0xd9, 0x3, 0x0, 0x14, 0x0, 0x40, 0x61,
    0x40, 0x19, 0x36, 0x68, 0x1, 0x40, 0x80, 0xa,
    0x3, 0x60, 0xe, 0x64, 0x6, 0x30, 0xe0, 0x3,
    0x10, 0x4b, 0x0, 0x79, 0xa4, 0xd, 0x40, 0x2f,
    0x0, 0x4e, 0x31, 0x99, 0xb2, 0x40, 0x1c, 0x1,
    0x89, 0x0, 0x7, 0x39, 0x89, 0x30, 0x1, 0x10,
    0x3, 0x8c, 0x0, 0x80, 0x19, 0x4, 0x1c, 0x3,
    0xda, 0x0, 0xbf, 0xdd, 0x7d, 0x88, 0x68, 0x7,
    0x9c, 0x0, 0x80, 0x44, 0x2, 0x0, 0x20, 0x7,
    0x88, 0x42, 0x59, 0xb7, 0x0, 0xc, 0x3, 0xeb,
    0x2, 0x99, 0xc6, 0x10, 0x1, 0xf9, 0x68, 0xc0,
    0x31, 0x4b, 0x80, 0x60,

    /* U+E1AE "" */
    0x0, 0xff, 0xe0, 0x9, 0x0, 0x7f, 0xf1, 0xd2,
    0x73, 0xfd, 0xdb, 0xfd, 0x90, 0x80, 0x1f, 0xf0,
    0xc7, 0x5b, 0x18, 0x7, 0x9, 0xbd, 0xf4, 0x8,
    0x7, 0xd1, 0xce, 0x20, 0x4d, 0x37, 0x98, 0xb9,
    0x62, 0x1, 0x7e, 0x80, 0xc, 0x5a, 0xe0, 0x6,
    0xdd, 0x4b, 0x21, 0x99, 0x1a, 0x77, 0x4e, 0x0,
    0x7d, 0x30, 0x4d, 0x20, 0x6e, 0x92, 0x0, 0xff,
    0x14, 0x73, 0x1, 0x62, 0x40, 0xd, 0xc8, 0x80,
    0x71, 0xa2, 0xc, 0x3, 0x86, 0x68, 0x42, 0x20,
    0xfe, 0x80, 0x10, 0xbe, 0x7e, 0x5d, 0xb3, 0xf1,
    0xc4, 0x2, 0x5f, 0x7f, 0x48, 0x10, 0xa, 0x3a,
    0xc, 0x3, 0xc7, 0x1c, 0xe0, 0x10, 0xc1, 0x80,
    0x62, 0xd7, 0x0, 0x2d, 0x6f, 0xfb, 0x69, 0x40,
    0x11, 0xa4, 0x1, 0xf0, 0xe1, 0x3, 0x75, 0x29,
    0x0, 0x9, 0x6b, 0x98, 0xb, 0x4, 0x3, 0xc4,
    0x21, 0x72, 0x20, 0x1f, 0x86, 0x68, 0x4, 0x80,
    0x3c, 0x79, 0xa8, 0x1, 0x91, 0x98, 0x80, 0x19,
    0x77, 0xc, 0x3, 0xe3, 0x20, 0x9, 0xfe, 0xe6,
    0x57, 0xee, 0x1, 0x11, 0x80, 0x7f, 0xf0, 0x32,
    0x0, 0x2, 0x20, 0x4, 0x60, 0x7, 0xff, 0xc,
    0x8c, 0x17, 0x7b, 0x9a, 0xa0, 0x64, 0x1, 0xff,
    0xc2, 0x2a, 0xba, 0x20, 0x1, 0x55, 0xd1, 0x0,
    0x7f, 0xf0, 0xd5, 0x0, 0x3c, 0x8a, 0x1, 0xff,
    0xc8, 0x67, 0x0, 0xff, 0xe5, 0x8c, 0xc0, 0x80,
    0x7f, 0xf2, 0x86, 0x20, 0x20, 0x1f, 0xf0,

    /* U+E1AF "" */
    0x5a, 0x20, 0xf, 0xfe, 0x5c, 0xae, 0x10, 0x7,
    0xff, 0x2a, 0x0, 0x70, 0x80, 0x3f, 0xf9, 0x29,
    0x60, 0x38, 0x40, 0x1c, 0x68, 0x91, 0x0, 0x7f,
    0xc9, 0x60, 0x38, 0x40, 0x14, 0x65, 0xdd, 0xbf,
    0x8e, 0x40, 0x1f, 0x92, 0xc0, 0x70, 0x80, 0x1c,
    0x1, 0xe3, 0x8d, 0xb3, 0x0, 0xf0, 0xe8, 0x0,
    0x70, 0x81, 0xbf, 0xee, 0xc9, 0x50, 0x2, 0x65,
    0x8, 0x4, 0x9e, 0xc0, 0x40, 0x38, 0x40, 0x18,
    0x4d, 0xab, 0xa0, 0x81, 0x7d, 0x1, 0xac, 0x42,
    0x36, 0xc0, 0x70, 0x80, 0x3e, 0x17, 0xd7, 0x1,
    0xb6, 0xa0, 0x2c, 0x70, 0x4b, 0x1, 0xc2, 0x0,
    0xfe, 0x8d, 0x20, 0xaf, 0x8c, 0x30, 0x9, 0x8c,
    0x7, 0x8, 0x3, 0xf8, 0xb2, 0x38, 0xdc, 0x40,
    0x29, 0xd3, 0x0, 0xe, 0x10, 0x4, 0x37, 0x22,
    0x0, 0x17, 0x20, 0xc, 0x5a, 0xc0, 0x6, 0x80,
    0x1c, 0x20, 0x2, 0xa3, 0x61, 0x0, 0x7c, 0x3a,
    0x40, 0xdd, 0x2f, 0x40, 0x38, 0x40, 0x8e, 0x5,
    0xa4, 0x1, 0xe2, 0x0, 0x5c, 0x88, 0x1, 0x68,
    0x7, 0xc4, 0x22, 0xc4, 0x4, 0x3, 0xc7, 0x9a,
    0x80, 0x19, 0xc, 0xc0, 0x58, 0x20, 0x9f, 0xa6,
    0x1, 0xf1, 0x90, 0x4, 0xff, 0x72, 0x60, 0x2,
    0xc1, 0x1, 0x20, 0xf, 0xfe, 0x6, 0x40, 0x0,
    0x44, 0x1, 0x16, 0x8, 0x7, 0xff, 0x4, 0x8c,
    0x17, 0x7b, 0x9a, 0xa0, 0x2, 0xc1, 0x0, 0xff,
    0xe0, 0x15, 0x5d, 0x10, 0x0, 0xaa, 0xdc, 0xb,
    0x4, 0x3, 0xff, 0x80, 0xa8, 0x1, 0xe4, 0x89,
    0x2, 0xc1, 0x0, 0xff, 0xe1, 0xb3, 0x80, 0x66,
    0xa0, 0x2c, 0x10, 0xf, 0xfe, 0x8, 0xcc, 0x8,
    0x6, 0x5a, 0x2, 0xc1, 0x0, 0xff, 0xe0, 0xc,
    0x40, 0x40, 0x39, 0x68, 0xb, 0x4, 0x3, 0xff,
    0x80, 0xee, 0x0, 0xf9, 0x68, 0xa, 0x80, 0x3f,
    0xf9, 0x4b, 0x40, 0x60, 0x1f, 0xfc, 0xb5, 0xf8,

    /* U+E1B0 "" */
    0x0, 0xff, 0x1b, 0xb0, 0x80, 0x7f, 0xf2, 0x5f,
    0x22, 0x79, 0x0, 0x3f, 0xf9, 0x1c, 0x1, 0xa8,
    0x3, 0xff, 0x91, 0x39, 0xf8, 0x2, 0x80, 0x1f,
    0xfc, 0x83, 0x7, 0x0, 0xf2, 0xef, 0xfa, 0x84,
    0x1f, 0xbb, 0xfe, 0xb0, 0x14, 0x0, 0x35, 0x10,
    0x1, 0x70, 0x6c, 0x47, 0xfe, 0x1, 0xd0, 0xb,
    0x0, 0xe9, 0xc0, 0x9b, 0xa6, 0x7f, 0xea, 0xe3,
    0x0, 0xae, 0xb1, 0x61, 0x43, 0x9, 0x9b, 0xfe,
    0x50, 0xe, 0x15, 0x0, 0x8c, 0x1c, 0x8, 0xbf,
    0xf9, 0x2c, 0xc0, 0x4a, 0xdd, 0xff, 0xe4, 0xc8,
    0xc, 0x80, 0x7f, 0xf2, 0xd3, 0x6, 0xb7, 0x7f,
    0xf9, 0x3d, 0x64, 0x0, 0x22, 0xff, 0xe4, 0x88,
    0x4, 0x2c, 0xdf, 0xfc, 0x25, 0x20, 0xf, 0xed,
    0x99, 0xff, 0xe1, 0x56, 0xc8, 0x7, 0xeb, 0x11,
    0x0, 0x7f, 0xf0, 0x99, 0x80, 0x1f, 0x3f, 0x73,
    0xff, 0xff, 0x82, 0x81, 0x40, 0x1f, 0xfc, 0x81,
    0x10, 0x8, 0x7, 0xff, 0x24, 0x7f, 0xb1, 0x42,
    0xc0, 0x3f, 0xf9, 0x46, 0x6, 0xe0, 0x1f, 0xfc,
    0x71, 0xf8, 0x7a, 0xc0, 0xf, 0xc0,

    /* U+E1B1 "" */
    0x0, 0xff, 0xe1, 0x1c, 0x66, 0xe5, 0x18, 0x7,
    0xff, 0x18, 0x6f, 0x1c, 0xc8, 0xd7, 0x40, 0x3f,
    0xf8, 0xa5, 0xe8, 0x2, 0xce, 0x0, 0x11, 0x0,
    0x7f, 0xf1, 0x3c, 0x42, 0x7a, 0x48, 0x0, 0xc2,
    0x1, 0xff, 0xc3, 0x82, 0xb, 0x60, 0xa5, 0x6,
    0x90, 0x0, 0x80, 0x7f, 0xf0, 0x58, 0x19, 0x2,
    0x94, 0x1a, 0x40, 0x15, 0xdc, 0x20, 0xf, 0xf2,
    0x8, 0x58, 0x1a, 0x83, 0x48, 0x2, 0x94, 0x6,
    0xc0, 0x3f, 0xc4, 0x2, 0x40, 0xe0, 0xf, 0x0,
    0x52, 0x80, 0x4a, 0x1, 0xfe, 0x10, 0xc, 0x84,
    0x12, 0xd4, 0xa0, 0xce, 0x2, 0x1, 0xfe, 0x10,
    0x10, 0xb, 0x8, 0x25, 0x41, 0xa4, 0x81, 0x80,
    0x3f, 0xca, 0x0, 0x40, 0x0, 0xe1, 0x0, 0x1a,
    0x41, 0x0, 0xc0, 0x3f, 0xd2, 0x0, 0x10, 0x8,
    0x76, 0xf2, 0x41, 0xc4, 0x28, 0x3, 0xfa, 0x94,
    0x19, 0x40, 0x39, 0xc, 0x16, 0x1, 0x48, 0x3,
    0xf5, 0x28, 0x34, 0x80, 0x15, 0x0, 0x22, 0x9a,
    0x2, 0xb0, 0xf, 0xd4, 0xa0, 0xd2, 0x0, 0xaa,
    0x5f, 0xf7, 0xeb, 0x1, 0x60, 0x80, 0x7d, 0x4a,
    0xb, 0x20, 0xa, 0x50, 0x8, 0x40, 0x3, 0x1a,
    0x20, 0x1f, 0x52, 0x82, 0xd0, 0x2, 0x94, 0x17,
    0x66, 0x6c, 0xe7, 0x0, 0xfd, 0x4a, 0xb, 0x40,
    0xa, 0x50, 0x6a, 0x26, 0x68, 0xc0, 0x3f, 0xa9,
    0x41, 0x68, 0x1, 0x4a, 0xd, 0x20, 0x1f, 0xfc,
    0x2a, 0x50, 0x5a, 0x0, 0x52, 0x83, 0x48, 0x7,
    0xff, 0x9, 0x94, 0x16, 0x80, 0x14, 0xa0, 0xd2,
    0x1, 0xff, 0xc3, 0xd0, 0x3a, 0x0, 0x52, 0x83,
    0x48, 0x7, 0xff, 0x11, 0xc1, 0x40, 0x16, 0xa0,
    0xd2, 0x1, 0xff, 0xc5, 0x40, 0x6a, 0xc4, 0x6,
    0x90, 0xf, 0xfe, 0x34, 0x90, 0x29, 0x83, 0x48,
    0x7, 0xff, 0x1c, 0x71, 0xd1, 0x15, 0x20, 0x1f,
    0xfc, 0x91, 0x8b, 0xb2, 0x80, 0x7f, 0xf2, 0x40,

    /* U+E1B2 "" */
    0xd, 0xd0, 0x80, 0x7f, 0x87, 0x70, 0x4, 0x89,
    0xe4, 0x1, 0xf8, 0xbc, 0x8c, 0x45, 0x60, 0x38,
    0x40, 0x1e, 0x2c, 0x10, 0xb1, 0x4, 0xb0, 0x1c,
    0x20, 0xc, 0x58, 0x21, 0x68, 0x1, 0x26, 0x0,
    0xe1, 0x0, 0xb, 0x4, 0x31, 0x0, 0x38, 0xf0,
    0x7, 0x8, 0xf0, 0x43, 0xc, 0x3, 0xe3, 0xc0,
    0x1c, 0xd1, 0xc, 0x30, 0xf, 0xe3, 0xc0, 0x11,
    0x6, 0x18, 0x7, 0xff, 0x40, 0xf0, 0x4, 0x41,
    0x86, 0x1, 0xfc, 0x78, 0x3, 0xba, 0x10, 0xc3,
    0x0, 0xf9, 0x30, 0x7, 0xc, 0xd8, 0x21, 0x88,
    0x1, 0xc9, 0x60, 0x38, 0x40, 0x2, 0xc1, 0xb,
    0x40, 0x9, 0x2c, 0x7, 0x8, 0x3, 0x16, 0x8,
    0x5a, 0x0, 0xd8, 0xe, 0x10, 0x7, 0x8b, 0x4,
    0x2c, 0x44, 0x44, 0xf2, 0x0, 0xfc, 0x5e, 0x44,
    0x10,

    /* U+E1B4 "" */
    0x0, 0xff, 0xe0, 0x1d, 0x38, 0x7, 0xff, 0x20,
    0xf1, 0x61, 0x40, 0x3f, 0xf8, 0xc7, 0xa0, 0x11,
    0x80, 0x7f, 0xf1, 0x4b, 0x44, 0x2, 0x70, 0xf,
    0xfe, 0x21, 0x60, 0x81, 0x1, 0x88, 0x7, 0xff,
    0xc, 0xb0, 0x42, 0xc8, 0x2c, 0x3, 0xff, 0x86,
    0x58, 0x21, 0x60, 0x12, 0x80, 0x7f, 0xf0, 0x87,
    0x4, 0x2d, 0x34, 0x8, 0x80, 0x1f, 0xfc, 0x11,
    0xc1, 0xb, 0x40, 0x70, 0x50, 0xf, 0xfe, 0x8,
    0xe1, 0x5, 0x20, 0x8, 0x80, 0xc, 0xd2, 0xaf,
    0x8, 0x4, 0x38, 0x41, 0x4a, 0x0, 0x11, 0x3,
    0xcc, 0xd5, 0x5d, 0xe4, 0x3, 0x84, 0x16, 0xa0,
    0x1b, 0x48, 0x3, 0xf8, 0x6c, 0x70, 0x82, 0xd0,
    0x3, 0x8f, 0x7f, 0xfe, 0xb0, 0x0, 0xc9, 0x5,
    0xa0, 0x7, 0xff, 0x9, 0x2c, 0xa, 0x44, 0x1,
    0x7f, 0xff, 0x69, 0x80, 0x72, 0x58, 0x16, 0xd,
    0x80, 0x7f, 0x8b, 0x40, 0x32, 0xd8, 0x16, 0x8,
    0x17, 0x55, 0x74, 0xcc, 0xc0, 0x22, 0x0, 0x2d,
    0x0, 0xe0, 0x80, 0x42, 0xab, 0xcc, 0xd0, 0x80,
    0x88, 0x12, 0x80, 0x70, 0x40, 0x3f, 0xf8, 0x2a,
    0xe, 0x9, 0x60, 0x38, 0x40, 0x1f, 0xfc, 0x12,
    0x20, 0x6a, 0x58, 0xe, 0x10, 0x7, 0xff, 0x9,
    0x40, 0x2b, 0x1, 0xc2, 0x0, 0xff, 0xe1, 0xd8,
    0x15, 0x80, 0xe1, 0x0, 0x7f, 0xf0, 0xc4, 0xc0,
    0x80, 0x74, 0x80, 0x3f, 0xf8, 0x8e, 0x1, 0xb4,
    0xc0, 0x3f, 0xf8, 0xa6, 0x1, 0x61, 0x80, 0x7f,
    0xf1, 0x96, 0x17, 0xc, 0x3, 0xfe,

    /* U+E1B6 "" */
    0x0, 0xfc, 0x6c, 0xee, 0x52, 0x0, 0xff, 0xe2,
    0x3f, 0x64, 0xc4, 0x2b, 0x74, 0xc0, 0x1f, 0xfc,
    0x4, 0xe8, 0x10, 0x1, 0x10, 0x0, 0x53, 0xa6,
    0x1, 0xfc, 0xd6, 0x20, 0xd9, 0xfb, 0xaf, 0xb5,
    0x2, 0xc4, 0x0, 0xf9, 0x64, 0xb, 0x64, 0xc0,
    0x32, 0x55, 0x88, 0x59, 0x0, 0x70, 0xd8, 0x16,
    0x10, 0x7, 0xe4, 0xc1, 0xf, 0x0, 0xe9, 0x10,
    0xf1, 0x0, 0xd5, 0x20, 0x18, 0xa8, 0x9, 0x80,
    0x33, 0x3, 0x90, 0x6, 0x35, 0x61, 0x0, 0xc8,
    0x80, 0xb0, 0x8, 0xc4, 0x28, 0x3, 0x9c, 0x3,
    0xf7, 0x81, 0x10, 0x0, 0x80, 0x24, 0x1, 0x2a,
    0xb0, 0x0, 0xea, 0x80, 0x12, 0x0, 0x1c, 0x1,
    0xe0, 0x40, 0x15, 0x54, 0xe0, 0x9, 0xab, 0x70,
    0xe, 0x30, 0xc, 0x20, 0x16, 0x80, 0x7e, 0x30,
    0xf, 0xde, 0x4, 0x1, 0x3f, 0xfa, 0xc0, 0x1d,
    0xfe, 0x40, 0x0, 0x80, 0x8, 0x0, 0x80, 0x3,
    0x0, 0xff, 0xe1, 0x38, 0x1, 0x40, 0x6, 0x21,
    0x20, 0x1c, 0xc0, 0x1, 0x0, 0xeb, 0x3, 0x10,
    0xa, 0x41, 0x4c, 0x3, 0x15, 0x58, 0x7, 0x31,
    0x4, 0x80, 0x67, 0x20, 0xd2, 0x0, 0xca, 0x80,
    0x19, 0x24, 0xd, 0x40, 0x3b, 0x80, 0x71, 0x40,
    0x3f, 0x35, 0x80, 0x24, 0x3, 0xc7, 0x60, 0x35,
    0x8c, 0x40, 0x2, 0x6d, 0x90, 0xa, 0x90, 0x3,
    0xc9, 0xa6, 0x7, 0x3b, 0xfe, 0xd9, 0x20, 0x4b,
    0x10, 0xb4, 0x0, 0xf1, 0x65, 0xa0, 0x7, 0x97,
    0x2d, 0x30, 0x42, 0xd0, 0x3, 0xe4, 0xbf, 0xcb,
    0xb6, 0xfd, 0x18, 0x0, 0xb0, 0x42, 0xcc, 0x3,
    0xf8, 0xd1, 0x4, 0x1, 0xe2, 0xc1, 0x8, 0x0,
    0xff, 0xe4, 0x17, 0xb4, 0x0,

    /* U+E1B7 "" */
    0x0, 0xfc, 0x6c, 0xee, 0x52, 0x0, 0xff, 0xe2,
    0x3f, 0x64, 0xc4, 0x2b, 0x74, 0xc0, 0x1f, 0xfc,
    0x4, 0xe8, 0x10, 0x1, 0x10, 0x0, 0x53, 0xa6,
    0x1, 0xfc, 0xd6, 0x20, 0xd9, 0xfb, 0xaf, 0xb5,
    0x2, 0xc4, 0x0, 0xf9, 0x64, 0xb, 0x64, 0xc0,
    0x32, 0x55, 0x88, 0x59, 0x0, 0x70, 0xd8, 0x16,
    0x10, 0x7, 0xe4, 0xc1, 0xf, 0x0, 0xe9, 0x10,
    0xf1, 0x0, 0xff, 0x15, 0x1, 0x30, 0x6, 0x60,
    0x72, 0x0, 0xff, 0xe0, 0x22, 0x2, 0xc0, 0x23,
    0x10, 0xa0, 0xf, 0xfe, 0x17, 0x81, 0x10, 0x0,
    0x80, 0x24, 0x1, 0x22, 0xaf, 0x90, 0x2, 0x40,
    0x3, 0x80, 0x3c, 0x8, 0x2, 0x9b, 0xaa, 0xf5,
    0xb8, 0x7, 0x18, 0x6, 0x10, 0xb, 0x80, 0x3f,
    0x10, 0x7, 0xef, 0x2, 0x0, 0x9f, 0xff, 0xf2,
    0x80, 0x4, 0x0, 0x40, 0x4, 0x0, 0x18, 0x7,
    0xff, 0x9, 0xc0, 0xa, 0x0, 0x31, 0x9, 0x0,
    0xff, 0xe1, 0x58, 0x18, 0x80, 0x52, 0xa, 0x60,
    0x1f, 0xfc, 0x6, 0x20, 0x90, 0xc, 0xe4, 0x1a,
    0x40, 0x1f, 0xe4, 0x90, 0x35, 0x0, 0xee, 0x1,
    0xc5, 0x0, 0xfc, 0xd6, 0x0, 0x90, 0xf, 0x1d,
    0x80, 0xd6, 0x31, 0x0, 0x9, 0xb6, 0x40, 0x2a,
    0x40, 0xf, 0x26, 0x98, 0x1c, 0xef, 0xfb, 0x64,
    0x81, 0x2c, 0x42, 0xd0, 0x3, 0xc5, 0x96, 0x80,
    0x1e, 0x5c, 0xb4, 0xc1, 0xb, 0x40, 0xf, 0x92,
    0xff, 0x2e, 0xdb, 0xf4, 0x60, 0x2, 0xc1, 0xb,
    0x30, 0xf, 0xe3, 0x44, 0x10, 0x7, 0x8b, 0x4,
    0x20, 0x3, 0xff, 0x90, 0x5e, 0xd0,

    /* U+E1B8 "" */
    0x0, 0xff, 0xaa, 0x80, 0x1f, 0xfc, 0x92, 0x55,
    0x58, 0x7, 0xff, 0x2d, 0x2c, 0x3, 0xff, 0x96,
    0x98, 0x1, 0xff, 0xc9, 0x50, 0x3c, 0x0, 0xff,
    0xe4, 0x44, 0x0, 0xf0, 0x3, 0xfe, 0xae, 0x30,
    0xf, 0x3c, 0x1, 0xd8, 0x7, 0xf9, 0x7, 0xc,
    0x3, 0xc8, 0x0, 0x60, 0xf, 0xf6, 0x88, 0x61,
    0x80, 0x63, 0xc0, 0x1f, 0x0, 0xff, 0x1e, 0x88,
    0x63, 0x80, 0x13, 0x0, 0x74, 0x80, 0x3f, 0xe3,
    0xd1, 0xa, 0x0, 0x48, 0xe, 0x98, 0x7, 0xc2,
    0x45, 0x0, 0xf, 0x44, 0x3, 0xe, 0x98, 0x0,
    0x8b, 0x3, 0xf6, 0xed, 0xc0, 0x3, 0xd1, 0x0,
    0xe, 0x98, 0x3, 0xb7, 0x73, 0x80, 0x7f, 0xf3,
    0x1f, 0x77, 0x78, 0x0, 0xf4, 0x40, 0x3, 0xa6,
    0x0, 0xfd, 0xdc, 0xe0, 0x45, 0x84, 0xf, 0x44,
    0x3, 0xe, 0x98, 0x9, 0x16, 0x0, 0xf8, 0xf4,
    0x42, 0x40, 0x12, 0x3, 0xa6, 0x1, 0xff, 0x16,
    0x88, 0x62, 0x0, 0x13, 0x0, 0x74, 0x80, 0x3f,
    0xde, 0x21, 0x86, 0x1, 0x8f, 0x0, 0x7c, 0x3,
    0xfc, 0xe3, 0x86, 0x1, 0xe4, 0x0, 0x30, 0x7,
    0xfa, 0xb8, 0xc0, 0x3c, 0xf0, 0x7, 0x60, 0x1f,
    0xfc, 0x68, 0x80, 0x1e, 0x0, 0x7f, 0xf1, 0xd4,
    0xf, 0x0, 0x3f, 0xf9, 0x27, 0x80, 0x1f, 0xfc,
    0x93, 0xc0, 0xf, 0xfe, 0x39, 0x2a, 0xb0, 0x3,
    0xfc,

    /* U+E1B9 "" */
    0x6b, 0x30, 0xf, 0xea, 0xa0, 0x7, 0xff, 0x2,
    0x93, 0x4c, 0x3, 0xe2, 0x55, 0x58, 0x7, 0xfd,
    0xe2, 0x2d, 0x30, 0xf, 0xe4, 0xc0, 0xf, 0xf1,
    0xe8, 0xe, 0x18, 0x7, 0xf1, 0xe0, 0x7, 0xf8,
    0xf0, 0x1, 0x86, 0x1, 0xf2, 0x81, 0xe0, 0x7,
    0xf8, 0xf0, 0x1, 0x86, 0x1, 0xe8, 0x80, 0x1e,
    0x0, 0x7f, 0x8f, 0x0, 0x18, 0x60, 0x1c, 0x6f,
    0x0, 0x76, 0x1, 0xfe, 0x3c, 0x0, 0x61, 0x81,
    0x3b, 0x84, 0x10, 0x0, 0xa0, 0x1f, 0xf1, 0xe0,
    0x3, 0xc, 0x22, 0x0, 0x78, 0x0, 0xd0, 0xf,
    0xfe, 0x1, 0xe0, 0x3, 0xc, 0x0, 0x3a, 0x0,
    0xc3, 0x0, 0xff, 0xe0, 0x9e, 0x0, 0x30, 0xc0,
    0x2, 0x2c, 0x30, 0xf, 0xfe, 0x19, 0xe0, 0x3,
    0xc, 0x7b, 0xcc, 0x3, 0xff, 0x8a, 0x78, 0x0,
    0xc3, 0x11, 0x0, 0x7f, 0xf2, 0xf0, 0xc0, 0x3f,
    0xf8, 0xe7, 0x80, 0x1b, 0xc, 0x3, 0xff, 0x8a,
    0x78, 0x1, 0xed, 0x30, 0xf, 0xfe, 0x19, 0xe0,
    0x2, 0x80, 0x12, 0x3, 0xa6, 0x1, 0xff, 0xc1,
    0x3d, 0x0, 0x63, 0x80, 0x13, 0x0, 0x74, 0xc0,
    0x3f, 0xf8, 0x1a, 0x21, 0x86, 0x1, 0x8f, 0x0,
    0x74, 0xc0, 0x3f, 0xe4, 0x1c, 0x30, 0xf, 0x20,
    0x0, 0x74, 0xc0, 0x3f, 0xd5, 0xc6, 0x1, 0xe7,
    0x80, 0x30, 0x1d, 0x30, 0xf, 0xfe, 0x2c, 0x40,
    0xf, 0x30, 0x3, 0xa6, 0x1, 0xff, 0xc4, 0x50,
    0x3c, 0x3, 0xc0, 0x1d, 0x30, 0xf, 0xfe, 0x21,
    0xe0, 0x4, 0x78, 0x22, 0xd2, 0x0, 0xff, 0xe1,
    0x1e, 0x0, 0x71, 0xe8, 0x8b, 0x80, 0x3f, 0xe2,
    0x55, 0x60, 0x7, 0xc7, 0xa7, 0x40,

    /* U+E1BA "" */
    0x0, 0xfa, 0xa8, 0x1, 0xff, 0xc6, 0x25, 0x55,
    0x80, 0x7f, 0xf2, 0x12, 0xc0, 0x3f, 0xf9, 0x9,
    0x80, 0x1f, 0xfc, 0x65, 0x3, 0xc0, 0xf, 0xfe,
    0x2c, 0x40, 0xf, 0x0, 0x3f, 0x57, 0x18, 0x7,
    0x9e, 0x0, 0xec, 0x3, 0xe4, 0x1c, 0x30, 0xf,
    0x20, 0x1, 0x80, 0x3e, 0xd1, 0xc, 0x30, 0xc,
    0x78, 0x3, 0xe0, 0x2, 0x50, 0x8, 0xf4, 0x43,
    0x1c, 0x0, 0x98, 0x3, 0xa4, 0x0, 0xea, 0x90,
    0x8, 0xf4, 0x42, 0x80, 0x12, 0x3, 0xa6, 0x1,
    0x20, 0x31, 0x80, 0x47, 0xa2, 0x1, 0x87, 0x4c,
    0x3, 0x41, 0x5, 0x0, 0x63, 0xd1, 0x0, 0xe,
    0x98, 0x3, 0xb8, 0x0, 0x40, 0x50, 0xf, 0xfe,
    0x69, 0xe8, 0x80, 0x7, 0x4c, 0x1, 0xdc, 0x0,
    0x38, 0x28, 0x4, 0x7a, 0x20, 0x18, 0x74, 0xc0,
    0x34, 0x8, 0x50, 0x0, 0xf4, 0x42, 0x40, 0x12,
    0x3, 0xa6, 0x1, 0x20, 0x31, 0x81, 0x68, 0x86,
    0x20, 0x1, 0x30, 0x7, 0x48, 0x1, 0xd3, 0x20,
    0x7, 0x88, 0x61, 0x80, 0x63, 0xc0, 0x1f, 0x0,
    0x13, 0x0, 0x4e, 0x38, 0x60, 0x1e, 0x40, 0x3,
    0x0, 0x7d, 0x5c, 0x60, 0x1e, 0x78, 0x3, 0xb0,
    0xf, 0xfe, 0x1c, 0x40, 0xf, 0x0, 0x3f, 0xf8,
    0x8a, 0x7, 0x80, 0x1f, 0xfc, 0x63, 0xc0, 0xf,
    0xfe, 0x31, 0xe0, 0x7, 0xff, 0x10, 0x95, 0x58,
    0x1, 0xff, 0x0,

    /* U+E1BB "" */
    0x0, 0xf8, 0x59, 0xb8, 0xc0, 0x3f, 0xf8, 0xf5,
    0x33, 0xd8, 0x40, 0x1f, 0xfc, 0x6d, 0x10, 0xe,
    0x10, 0xf, 0xfe, 0x33, 0x77, 0xfb, 0x80, 0x3f,
    0xfc, 0x11, 0xdf, 0xfd, 0xc0, 0xc, 0xff, 0xee,
    0x80, 0xf, 0xad, 0xc4, 0x3, 0xff, 0x84, 0x2f,
    0x60, 0x1c, 0x68, 0xd, 0x33, 0xff, 0xc2, 0x60,
    0x43, 0x0, 0xca, 0x0, 0x96, 0x6f, 0xfe, 0x14,
    0x80, 0x14, 0x3, 0xc2, 0x1, 0xff, 0xc4, 0x10,
    0xf, 0xfe, 0xd2, 0x7b, 0x80, 0x64, 0xf7, 0x0,
    0xfc, 0xbb, 0x20, 0x1d, 0x81, 0x60, 0x1b, 0x2,
    0xc0, 0x3a, 0x75, 0x78, 0x80, 0x3f, 0xf9, 0x45,
    0xd5, 0x8, 0x1, 0xff, 0xc8, 0x48, 0xa1, 0x7d,
    0x0, 0xe9, 0x8e, 0x0, 0xd3, 0x1c, 0x1, 0xda,
    0xe2, 0x1, 0xf8, 0x5c, 0x80, 0x30, 0xb9, 0x0,
    0x7f, 0xf6, 0xc, 0x4, 0xc0, 0x3f, 0xf8, 0x44,
    0x20, 0x60, 0x19, 0x0, 0x19, 0xff, 0xff, 0xc2,
    0xd0, 0x14, 0x0, 0xc3, 0x62, 0x1, 0xff, 0xc4,
    0x1a, 0x10, 0xe, 0x4f, 0xa9, 0x9f, 0xfe, 0x15,
    0x72, 0x0, 0x40,

    /* U+E1BC "" */
    0x0, 0xff, 0xe5, 0x8c, 0xf7, 0xff, 0xff, 0xb,
    0xa4, 0x2, 0xd6, 0x10, 0xf, 0xfe, 0x10, 0xb6,
    0x1, 0x98, 0x1e, 0xab, 0xff, 0x84, 0xe0, 0x68,
    0xa0, 0x8, 0x55, 0xff, 0xe1, 0x40, 0x81, 0x0,
    0x4, 0x2, 0x12, 0x2f, 0xe0, 0xf, 0xfa, 0x7b,
    0x77, 0xfa, 0x80, 0x3f, 0xf9, 0x22, 0x1, 0xfe,
    0x9d, 0xdf, 0xf5, 0x80, 0x61, 0x0, 0xf1, 0x17,
    0xf8, 0x3, 0xfe, 0x16, 0x0, 0x91, 0x0, 0x13,
    0x10, 0x7, 0xfa, 0xa5, 0xc0, 0x6e, 0xc2, 0xd,
    0x3e, 0x1, 0xfe, 0xe3, 0x40, 0x15, 0x50, 0x83,
    0xa5, 0x0, 0x7f, 0x97, 0xc, 0x1, 0x54, 0x0,
    0xd, 0xb8, 0x7, 0xff, 0x51, 0xb0, 0x80, 0x13,
    0x40, 0x1, 0xb6, 0x0, 0xff, 0x69, 0xa0, 0xb,
    0x28, 0x83, 0xa4, 0x0, 0x7f, 0xa6, 0x4c, 0x3,
    0x76, 0x10, 0xf, 0xfe, 0x11, 0x30, 0x4, 0x88,
    0x0, 0xff, 0xe2, 0x8, 0x7, 0xff, 0x22, 0x39,
    0x40, 0x1d, 0xe2, 0x1, 0xf8, 0x40, 0x38, 0x40,
    0x3f, 0x10, 0x28, 0x7, 0xfa, 0x79, 0x40, 0x1d,
    0xc1, 0x4, 0xeb, 0x0, 0xf8, 0x40, 0x21, 0x0,
    0xc2, 0x1, 0x8, 0x7, 0x94, 0x1, 0x2c, 0xdf,
    0xfc, 0x29, 0x10, 0x53, 0x40, 0x69, 0x9f, 0xfe,
    0x13, 0x2, 0x18, 0x5b, 0x88, 0x7, 0xff, 0x8,
    0x5e, 0xc0,

    /* U+E1BF "" */
    0x0, 0xff, 0x1b, 0x3b, 0x98, 0xc0, 0x3f, 0xf8,
    0xa7, 0x5f, 0x93, 0x10, 0x9c, 0xfa, 0x30, 0xf,
    0xfe, 0x0, 0xd6, 0x28, 0x4, 0x22, 0x0, 0x97,
    0x28, 0x40, 0x3f, 0x8f, 0xd4, 0x6, 0x33, 0xfb,
    0x9f, 0xb0, 0x20, 0xbe, 0x60, 0x1f, 0x26, 0x8,
    0x4f, 0x39, 0x80, 0x62, 0x7e, 0x90, 0x1c, 0x40,
    0xe, 0x2b, 0x1, 0xd6, 0x0, 0xff, 0x36, 0x88,
    0x59, 0x0, 0x6e, 0x1, 0xc2, 0x0, 0xff, 0xe0,
    0x16, 0x8, 0x70, 0x4, 0xc6, 0x14, 0x40, 0x1f,
    0xf3, 0x10, 0x15, 0x81, 0xb0, 0x2, 0xc1, 0x10,
    0x1, 0xff, 0x64, 0xf0, 0x1, 0x50, 0x2c, 0xc,
    0x82, 0x0, 0x3f, 0xec, 0x30, 0xa0, 0xb, 0xc0,
    0x8e, 0xc0, 0x4c, 0x3, 0xfd, 0x86, 0x10, 0xc0,
    0x12, 0x8, 0x59, 0x82, 0x0, 0x7f, 0xb0, 0xc2,
    0x1c, 0x3, 0x94, 0xd, 0xc0, 0x80, 0x3f, 0xac,
    0xc2, 0x1c, 0x3, 0xc6, 0xe, 0x20, 0x1f, 0xe1,
    0x40, 0x87, 0x0, 0xfe, 0x11, 0x0, 0x80, 0x7e,
    0x1b, 0xa7, 0x0, 0xfc, 0x20, 0x2c, 0x4, 0x1,
    0xfc, 0x8a, 0x1, 0xfc, 0x40, 0xd8, 0x8, 0x1,
    0xff, 0xc8, 0x40, 0xc4, 0x0, 0x30, 0x7, 0xff,
    0x19, 0x80, 0x8, 0x48, 0x16, 0x1, 0xff, 0xc6,
    0xb0, 0x42, 0x8, 0x3, 0x0, 0xff, 0xe3, 0x18,
    0x40, 0x0, 0xf3, 0x0, 0x1f, 0xfc, 0x6c, 0xc1,
    0x80,

    /* U+E1C2 "" */
    0x0, 0xe1, 0x7b, 0xcd, 0xb7, 0x10, 0xf, 0xe7,
    0xe8, 0x43, 0x24, 0x8e, 0x70, 0xf, 0xaa, 0x0,
    0xa, 0xee, 0x40, 0x4, 0x50, 0x7, 0x42, 0x82,
    0xf5, 0x44, 0x2f, 0x90, 0x16, 0x0, 0x23, 0x70,
    0x5a, 0x10, 0xc, 0x36, 0xa0, 0xe4, 0x0, 0xa0,
    0x1a, 0x0, 0xfd, 0x42, 0x16, 0x0, 0x60, 0x90,
    0xf, 0xf4, 0x83, 0x80, 0x80, 0xc, 0x3, 0xfc,
    0x60, 0x22, 0x0, 0x9c, 0x3, 0xfc, 0xe0, 0x3,
    0x10, 0x2, 0x80, 0x7f, 0x98, 0x0, 0x40, 0x61,
    0x40, 0x1f, 0xe9, 0x3, 0x0, 0x48, 0x1c, 0x0,
    0x7e, 0x83, 0x9, 0x0, 0x2a, 0x3, 0xa8, 0x7,
    0x95, 0xc1, 0x14, 0x2, 0xb3, 0xa, 0x10, 0xc,
    0x34, 0x7, 0x60, 0x1d, 0xa0, 0x6, 0x0, 0xcc,
    0x0, 0xd0, 0xf, 0xa, 0x87, 0x0, 0x6e, 0x5,
    0x10, 0xf, 0xae, 0x60, 0x3, 0x44, 0x2c, 0x3,
    0xf0, 0xb0, 0x80, 0x61, 0x71, 0x0, 0xfe, 0x22,
    0xf8, 0x40, 0x3f, 0xa7, 0x77, 0xee, 0x50, 0xf,
    0xfe, 0x74, 0xee, 0xfd, 0xca, 0x1, 0xfc, 0x45,
    0xf0, 0x80, 0x7f, 0xca, 0xcd, 0x90, 0x3, 0xfe,
    0x8a, 0x99, 0xd6, 0x80, 0x1f, 0xec, 0x10, 0xc,
    0x4a, 0x1, 0xc0,

    /* U+E1CA "" */
    0x0, 0xf1, 0x45, 0x8, 0x7, 0x86, 0xa0, 0x80,
    0x3f, 0x8a, 0x37, 0x4e, 0xac, 0x1, 0xe6, 0x57,
    0xdd, 0x39, 0x0, 0x62, 0xcd, 0x72, 0x0, 0xb0,
    0x3, 0xd8, 0x1, 0x14, 0x6e, 0x10, 0x3, 0xc,
    0x5, 0xae, 0x1, 0xc, 0x3, 0x22, 0x2, 0x2d,
    0x84, 0xf, 0x1, 0x84, 0x2b, 0xa5, 0x1c, 0x43,
    0x1c, 0x88, 0xf6, 0x2, 0xe9, 0x3d, 0x40, 0x2d,
    0xc0, 0x4a, 0x1, 0xb4, 0x42, 0x37, 0x50, 0x3,
    0xa0, 0x19, 0x48, 0x3b, 0x80, 0x40, 0x1c, 0x7e,
    0xa0, 0x19, 0x7c, 0xc0, 0x38, 0x83, 0x94, 0x0,
    0x40, 0x1c, 0x35, 0xf9, 0x8f, 0xa1, 0x0, 0xe2,
    0x0, 0x29, 0x80, 0x18, 0x3, 0xf1, 0x98, 0x3,
    0xf3, 0x0, 0xc, 0x4, 0x39, 0x98, 0x60, 0x1f,
    0xfc, 0x3, 0x66, 0x70, 0x8, 0x1, 0xc1, 0x66,
    0x58, 0x20, 0x1f, 0xe1, 0xc9, 0x92, 0x83, 0x80,
    0x25, 0x44, 0x2, 0x30, 0xf, 0xf1, 0x80, 0x42,
    0xb2, 0x1, 0x57, 0x68, 0x7, 0xff, 0x13, 0x7a,
    0x80, 0x3f, 0xff, 0xe0, 0x1f, 0xff, 0xf0, 0xf,
    0xff, 0xf8, 0x7, 0xff, 0x18, 0x40, 0x3f, 0xc2,
    0x1, 0xff, 0x10, 0x87, 0xb3, 0x7f, 0xbc, 0x4,
    0x80, 0x3f, 0xa0, 0xe, 0x67, 0xfc, 0x61, 0x0,
    0x1f, 0xe6, 0xa3, 0x10, 0xf, 0xc2, 0x74, 0xc0,
    0x1c,

    /* U+E1CC "" */
    0x0, 0xff, 0xe5, 0x8c, 0xf7, 0xff, 0xff, 0xe,
    0x80, 0x2d, 0x61, 0x0, 0xff, 0xe1, 0xae, 0x1,
    0x98, 0x1e, 0xab, 0xff, 0x84, 0xe0, 0x68, 0xa0,
    0x8, 0x55, 0xff, 0xe1, 0x40, 0x81, 0x0, 0x4,
    0x2, 0x10, 0xf, 0xc2, 0x1, 0xff, 0x47, 0x28,
    0x3, 0xb8, 0x20, 0x3d, 0xa0, 0x1f, 0xe1, 0x0,
    0xe1, 0x0, 0xff, 0xe1, 0xcf, 0x28, 0x3, 0xb8,
    0x20, 0x3d, 0xa0, 0x18, 0x40, 0x3c, 0x20, 0x18,
    0x40, 0x21, 0x0, 0xff, 0x85, 0x80, 0x24, 0x40,
    0x4, 0xa8, 0x1, 0xfe, 0xa9, 0x70, 0x1b, 0xb0,
    0x81, 0x55, 0x88, 0x7, 0xf7, 0x1a, 0x0, 0xaa,
    0x84, 0x9, 0x58, 0x40, 0x3f, 0x97, 0xc, 0x1,
    0x54, 0x0, 0xaa, 0x40, 0x3f, 0xfa, 0x8d, 0x84,
    0x0, 0x9a, 0x0, 0xaa, 0x40, 0x3f, 0xda, 0x68,
    0x2, 0xca, 0x20, 0x4a, 0xc2, 0x1, 0xfd, 0x32,
    0x60, 0x1b, 0xb0, 0x81, 0x55, 0x88, 0x7, 0xf1,
    0x30, 0x4, 0x88, 0x0, 0x95, 0x0, 0x3f, 0xf8,
    0x22, 0x45, 0xc0, 0x1f, 0xfc, 0x3b, 0xed, 0xde,
    0xe3, 0x0, 0xe1, 0x0, 0xf3, 0xa0, 0x7, 0x87,
    0xc0, 0x3f, 0xf8, 0x1c, 0x7, 0xbb, 0xa0, 0x8,
    0x3, 0xf0, 0x80, 0x73, 0x91, 0x70, 0x7, 0xe5,
    0x0, 0x4b, 0x30, 0x81, 0x95, 0x76, 0x0, 0xb3,
    0x20, 0x41, 0x4d, 0x1, 0xa6, 0x48, 0x5, 0x55,
    0x98, 0x1, 0x32, 0x70, 0x43, 0xb, 0x71, 0x0,
    0xff, 0xe1, 0xb, 0xd8, 0x0,

    /* U+E1CD "" */
    0x0, 0xe4, 0x55, 0xff, 0xe1, 0x18, 0x7, 0xe4,
    0xeb, 0xaa, 0xff, 0xe1, 0x67, 0x18, 0x7, 0xd,
    0x88, 0x7, 0xff, 0x10, 0x74, 0x40, 0x33, 0x80,
    0x33, 0xff, 0xff, 0x85, 0xa0, 0x2e, 0x1, 0x84,
    0x8, 0xc0, 0x3f, 0xf8, 0x44, 0x40, 0x10, 0xf,
    0xff, 0xf8, 0x7, 0xff, 0x57, 0xc0, 0x3f, 0xf9,
    0x1e, 0x1, 0xff, 0xff, 0x0, 0xfe, 0x35, 0x5f,
    0xfe, 0x21, 0x80, 0x78, 0x40, 0x6a, 0xbf, 0xf8,
    0x82, 0x2, 0x1, 0xb, 0x0, 0x7f, 0xf2, 0x18,
    0x40, 0x12, 0x0, 0xef, 0xff, 0xfe, 0x26, 0x80,
    0x24, 0x0, 0xe0, 0xe2, 0x1, 0xff, 0xc4, 0x27,
    0x7, 0x0, 0xcf, 0xff, 0xff, 0xc6, 0x70, 0xc,
    0xe0, 0x1f, 0xfc, 0xa7, 0x0, 0x46, 0x54, 0xcf,
    0xff, 0x1a, 0xb2, 0x0,

    /* U+E1D2 "" */
    0x0, 0xff, 0xe2, 0x23, 0x98, 0x7, 0xff, 0x2d,
    0xae, 0x31, 0x0, 0x3f, 0xf9, 0x56, 0x1, 0x78,
    0x7, 0xff, 0x29, 0x80, 0x22, 0x0, 0xff, 0xe5,
    0x48, 0x81, 0x40, 0x7, 0xff, 0x26, 0x65, 0xfd,
    0xa2, 0x1, 0xff, 0xc7, 0x3d, 0x64, 0x81, 0x0,
    0xff, 0xe4, 0x36, 0x10, 0x1, 0x90, 0x3, 0xff,
    0x8f, 0x52, 0x3, 0x64, 0x14, 0xaa, 0x10, 0xf,
    0xfe, 0x1c, 0xa8, 0x27, 0xa7, 0x0, 0xd5, 0x34,
    0x3, 0xff, 0x87, 0xe0, 0x10, 0x81, 0xc0, 0x4,
    0xa0, 0x1f, 0xfc, 0x36, 0x80, 0x4c, 0x0, 0x3f,
    0xfd, 0x20, 0x1f, 0xc3, 0x3b, 0xd8, 0xe0, 0xf0,
    0x7, 0x80, 0x10, 0xc6, 0xf6, 0xc0, 0x7, 0x27,
    0x31, 0x9, 0xc6, 0x8b, 0xc0, 0x18, 0x81, 0x7b,
    0x90, 0x93, 0xf1, 0x0, 0x6, 0xc0, 0xf, 0x2a,
    0x5, 0xa0, 0x80, 0x1b, 0xc4, 0x1a, 0x58, 0x7,
    0xc0, 0x12, 0x0, 0xd8, 0x6a, 0x90, 0x33, 0x0,
    0x65, 0x20, 0xb9, 0x69, 0xc0, 0x26, 0x4, 0x6,
    0x20, 0x9, 0x84, 0x10, 0x3, 0x78, 0x22, 0x0,
    0x23, 0x40, 0xc0, 0x10, 0xe0, 0xe, 0x20, 0xf1,
    0x0, 0x8, 0x0, 0x40, 0x38, 0x80, 0x41, 0x83,
    0x0, 0x30, 0x98, 0x71, 0x5e, 0x1, 0x2, 0x0,
    0x72, 0x1, 0x7, 0x2, 0x48, 0x0, 0xb4, 0x0,
    0xe0, 0x86, 0x14, 0x3, 0x42, 0x3, 0x64, 0x14,
    0xa, 0xa0, 0x6f, 0xed, 0x30, 0x91, 0x0, 0xc4,
    0xe0, 0xbd, 0xd2, 0x3, 0x18, 0x2, 0x9c, 0x0,
    0x20, 0x32, 0xc0, 0x1e, 0x88, 0x0, 0x4, 0x1,
    0x12, 0x1, 0xa3, 0xaa, 0x6f, 0x98, 0x3, 0xf3,
    0xfd, 0x45, 0x73, 0x80, 0x0,

    /* U+E1D3 "" */
    0x0, 0xff, 0xe4, 0x36, 0x6c, 0x90, 0x7, 0xff,
    0x22, 0x64, 0x64, 0xda, 0x40, 0x1f, 0xfc, 0x69,
    0x60, 0x37, 0x0, 0x40, 0x7, 0xff, 0x16, 0x58,
    0x17, 0x21, 0xc1, 0xc0, 0x3f, 0xf8, 0x92, 0xc0,
    0xb4, 0x0, 0x30, 0x10, 0xf, 0xfe, 0x1c, 0xb0,
    0x2d, 0x0, 0x29, 0x2, 0x80, 0x3f, 0xf8, 0x52,
    0xc0, 0xb4, 0x0, 0xa5, 0x5, 0x60, 0xf, 0xfe,
    0xc, 0xb0, 0x2d, 0x0, 0x25, 0x41, 0x68, 0x3,
    0xff, 0x83, 0x2c, 0xb, 0x40, 0x9, 0x60, 0x5a,
    0x0, 0xff, 0xe0, 0xcb, 0x2, 0xd0, 0x2, 0x58,
    0x16, 0x80, 0x3f, 0xf8, 0x34, 0xc0, 0x54, 0x0,
    0xa6, 0x5, 0xa0, 0xf, 0xfe, 0xd, 0x28, 0x0,
    0x9c, 0x29, 0x41, 0x68, 0x3, 0xff, 0x83, 0x4a,
    0xa, 0x61, 0x18, 0xa0, 0xb4, 0x1, 0xff, 0xc1,
    0xa5, 0x5, 0xac, 0x30, 0x30, 0x5a, 0x0, 0xff,
    0x96, 0xf9, 0x41, 0x28, 0x0, 0xc0, 0x5, 0xa0,
    0xf, 0xfa, 0xe9, 0x4, 0x0, 0xa6, 0x14, 0xa0,
    0xb4, 0x1, 0xff, 0x52, 0x2, 0x43, 0x0, 0xed,
    0x28, 0x2d, 0x0, 0x7f, 0xc6, 0xa1, 0x16, 0xf3,
    0xa0, 0x2a, 0xb, 0x40, 0x1f, 0xfc, 0x4, 0x1,
    0x70, 0x8, 0x9c, 0x0, 0xb4, 0x1, 0xff, 0xc1,
    0xe0, 0x50, 0xe, 0xf0, 0x1a, 0x0, 0xff, 0xe0,
    0x93, 0x1, 0x80, 0x76, 0x2, 0x80, 0x7f, 0xf0,
    0xac, 0x6, 0x40, 0x34, 0xa0, 0x70, 0x7, 0xff,
    0x8, 0xc0, 0x73, 0xba, 0xf6, 0x4, 0x50, 0xf,
    0xfe, 0x14, 0x80, 0x8, 0x46, 0x0, 0x35, 0x80,
    0x7f, 0xf0, 0xcf, 0x66, 0x7a, 0xba, 0x40, 0x3f,
    0xf8, 0x80,

    /* U+E1D4 "" */
    0x0, 0x84, 0x8b, 0xff, 0x88, 0x20, 0x1e, 0x6e,
    0xe6, 0xef, 0xff, 0x13, 0xac, 0x80, 0x25, 0x91,
    0x0, 0xff, 0xe3, 0x26, 0x10, 0x2, 0x40, 0xf3,
    0x76, 0x0, 0x46, 0xef, 0x8, 0x46, 0xea, 0x0,
    0x60, 0x0, 0x41, 0x46, 0x45, 0x0, 0x4, 0x8b,
    0x80, 0x4, 0x53, 0xb0, 0x28, 0x0, 0x40, 0x3f,
    0xf9, 0x1a, 0x0, 0x40, 0xf, 0xfe, 0x52, 0x0,
    0x34, 0x2, 0x12, 0x2c, 0x0, 0x12, 0x2e, 0x0,
    0x11, 0x71, 0x83, 0x80, 0x51, 0xbb, 0x80, 0x11,
    0xbb, 0xc2, 0x11, 0xbb, 0x8c, 0x4, 0x80, 0x3f,
    0xf9, 0xaa, 0x0, 0x8d, 0xdf, 0xfe, 0x42, 0x6,
    0x80, 0x4, 0x8b, 0xff, 0x92, 0x2, 0x20, 0xc,
    0x2c, 0xc2, 0x0, 0xf9, 0x1d, 0x0, 0x32, 0x81,
    0x0, 0x65, 0xe9, 0x96, 0xb0, 0x6, 0x1c, 0xb8,
    0xbc, 0x10, 0x13, 0xc, 0x0, 0x9, 0xd0, 0x0,
    0x42, 0x50, 0x8a, 0xb3, 0x1, 0x3, 0xb2, 0x60,
    0x2, 0x0, 0x23, 0x0, 0x1d, 0xe2, 0x17, 0xbb,
    0x28, 0x4f, 0x30, 0x2e, 0xc0, 0x18, 0x90, 0x7,
    0x84, 0x3, 0xff, 0x89, 0x41, 0x9b, 0xac, 0x0,
    0x77, 0x4, 0x2f, 0x76, 0x40, 0x9e, 0x60, 0x5d,
    0xd7, 0x30, 0x0, 0x88, 0x74, 0x0, 0x10, 0x94,
    0x22, 0xa8, 0x80, 0x41, 0x28, 0x88, 0x20, 0x1e,
    0x5e, 0x99, 0x6b, 0x0, 0x61, 0xda, 0x8b, 0xb0,
    0x7, 0x80,

    /* U+E1D5 "" */
    0x0, 0xd, 0x7f, 0xff, 0x75, 0x10, 0x7, 0xff,
    0x3, 0x54, 0x3, 0xf8, 0x57, 0x50, 0x3, 0xfc,
    0xa6, 0xf, 0x55, 0xfa, 0x4, 0x2d, 0x0, 0x3f,
    0xa0, 0xe, 0x15, 0x7f, 0x3e, 0x8, 0x5b, 0x8,
    0x7, 0x94, 0x82, 0x0, 0x3f, 0xc5, 0x82, 0x13,
    0xdc, 0xa6, 0x10, 0x7, 0x1, 0xa0, 0x7, 0xfc,
    0x58, 0x60, 0x1, 0x59, 0xe8, 0x5, 0xb, 0x0,
    0xff, 0xe0, 0x96, 0x7d, 0xb9, 0x80, 0x1d, 0x84,
    0x4, 0x3, 0xff, 0x88, 0x91, 0x9e, 0x81, 0x60,
    0x1f, 0xfc, 0xbc, 0x3, 0x0, 0xe4, 0x99, 0x28,
    0x7, 0xe5, 0x99, 0x18, 0x0, 0x40, 0x3c, 0xf6,
    0xcc, 0xaa, 0x0, 0x7a, 0xe9, 0x99, 0x8e, 0x1,
    0xef, 0x68, 0x2, 0x20, 0x2c, 0x2a, 0xe8, 0x40,
    0x32, 0x8, 0x6f, 0x0, 0x18, 0x34, 0x80, 0x37,
    0x44, 0xf, 0x55, 0x9c, 0xb, 0x30, 0x0, 0x96,
    0x2, 0xe3, 0x0, 0xc8, 0x46, 0x1, 0xf8, 0xc9,
    0x40, 0x31, 0xf1, 0x67, 0xf0, 0x85, 0xe8, 0x86,
    0xff, 0xec, 0x1, 0xdb, 0x2, 0xff, 0x61, 0x0,
    0x43, 0xa2, 0x1, 0x51, 0x0, 0x63, 0x90, 0x8,
    0xb8, 0x3, 0xf1, 0xf6, 0x5f, 0xa8, 0x7, 0x9b,
    0xaf, 0x34, 0xc0, 0x30,

    /* U+E1D6 "" */
    0x0, 0xff, 0xe0, 0x44, 0x0, 0x3f, 0xf9, 0x74,
    0xee, 0xa0, 0xf, 0xfe, 0x49, 0xa8, 0x1, 0x48,
    0x3, 0xfc, 0x59, 0x64, 0x1, 0xe8, 0x1, 0x10,
    0x48, 0x7, 0x8a, 0xf0, 0xe4, 0xd3, 0xc, 0x3,
    0x22, 0x2, 0x20, 0x8, 0x60, 0x18, 0xf1, 0xe,
    0x0, 0x21, 0xc5, 0x0, 0xa0, 0x9, 0x98, 0x41,
    0xe0, 0x12, 0xe0, 0x80, 0x5a, 0x0, 0x10, 0xa8,
    0x4, 0x30, 0x80, 0x4, 0x1, 0xa0, 0x45, 0x0,
    0x80, 0x31, 0x0, 0x16, 0x60, 0xf5, 0x20, 0x6a,
    0x0, 0x53, 0x9, 0xa7, 0x3, 0xb0, 0x2, 0x90,
    0x86, 0xe2, 0x2, 0x90, 0x40, 0x6, 0x80, 0x25,
    0x4, 0xcd, 0x1, 0x20, 0x70, 0x50, 0xb7, 0x0,
    0x3a, 0x0, 0x64, 0x70, 0x3, 0xd8, 0x20, 0x38,
    0x3, 0x0, 0x84, 0x23, 0xfd, 0x0, 0x1e, 0x8f,
    0xf4, 0x0, 0x98, 0x60, 0x1, 0x0, 0x8, 0x1,
    0xff, 0xc4, 0x40, 0x2, 0x0, 0x4, 0xc3, 0xc0,
    0x3f, 0xf8, 0x9e, 0x6, 0x20, 0x12, 0x2, 0x0,
    0x7f, 0xf1, 0x10, 0x10, 0x3, 0x58, 0x9, 0x80,
    0x7f, 0xf0, 0x8c, 0x42, 0xc0, 0x31, 0x88, 0x20,
    0x7, 0xff, 0x9, 0x0, 0x6, 0x1, 0xc8, 0x16,
    0xab, 0xff, 0xc2, 0xb0, 0x50, 0xf, 0x78, 0x1d,
    0x57, 0xff, 0x8, 0xc3, 0xc0, 0x3c, 0xae, 0x20,
    0x1f, 0xfc, 0x37, 0x50, 0xf, 0xa3, 0xbf, 0xff,
    0xf8, 0x70, 0x1, 0xff, 0xd6, 0x56, 0x6f, 0xfe,
    0x22, 0x80, 0x7c, 0x75, 0x33, 0xff, 0xc4, 0xa3,
    0x0, 0xf1, 0x19, 0x17, 0xff, 0x10, 0xc8, 0x2,

    /* U+E1D7 "" */
    0x0, 0xff, 0xe0, 0x35, 0xd9, 0x80, 0x3f, 0xf9,
    0x55, 0x28, 0x89, 0xa0, 0xf, 0xfe, 0x32, 0xb3,
    0x14, 0x11, 0x0, 0xae, 0xca, 0x1, 0xff, 0xc1,
    0x2d, 0xa9, 0x90, 0x2, 0xec, 0x0, 0x89, 0xae,
    0x20, 0xf, 0xfb, 0x88, 0x3, 0x8, 0x0, 0x40,
    0x2, 0x3, 0xc0, 0x20, 0x1f, 0x84, 0xc2, 0x7d,
    0x40, 0x3c, 0xbd, 0x20, 0x7f, 0xdc, 0x50, 0xf,
    0x18, 0x1, 0x3, 0x40, 0x3d, 0xa0, 0x80, 0x18,
    0x69, 0x0, 0x3f, 0xf9, 0x4b, 0x64, 0x1e, 0x1,
    0xff, 0xc5, 0x10, 0xd, 0x9, 0x40, 0xa0, 0x1f,
    0xe1, 0x0, 0xff, 0xf4, 0x98, 0x18, 0x2, 0x4d,
    0x0, 0x3f, 0xf8, 0x2, 0x6c, 0x1, 0x96, 0xbc,
    0x0, 0xf8, 0x40, 0x46, 0x44, 0x0, 0xf4, 0x76,
    0x58, 0x7, 0x29, 0x0, 0x7d, 0x9a, 0x1, 0xe6,
    0x70, 0xf, 0xfe, 0x6d, 0x82, 0x73, 0x80, 0x38,
    0x3, 0xff, 0x8e, 0x61, 0x83, 0x10, 0x3, 0x40,
    0xf, 0xfe, 0x17, 0x1, 0x2, 0x4, 0x20, 0x3c,
    0xb2, 0x0, 0x7f, 0xf0, 0x94, 0x18, 0x20, 0x42,
    0xcc, 0x1a, 0x40, 0x3f, 0xf8, 0x42, 0x61, 0x80,
    0x58, 0x21, 0x86, 0x1, 0xff, 0xc4, 0xb0, 0x3,
    0x80, 0xb, 0x44, 0x30, 0xc0, 0x3f, 0xf8, 0x4a,
    0xa0, 0x71, 0x0, 0x8f, 0x44, 0x31, 0x0, 0x3f,
    0xf8, 0xb, 0x40, 0x50, 0x1, 0xc7, 0xa2, 0x17,
    0x2, 0x1, 0xf8, 0xaa, 0x80, 0x3e, 0x1, 0xf1,
    0xe1, 0x3, 0xf5, 0xc4, 0x1d, 0xe9, 0xcd, 0x50,
    0x2c, 0x20, 0xf, 0xc5, 0xae, 0x0, 0x47, 0x74,
    0x44, 0xc6, 0x0, 0x8d, 0x20, 0xf, 0xfa, 0x3a,
    0x58, 0xc8, 0xb1, 0xb5, 0x7b, 0x80, 0x70,

    /* U+E1DD "" */
    0x0, 0xfc, 0x2d, 0x59, 0xdc, 0xca, 0x72, 0x0,
    0xff, 0xe1, 0xd, 0x74, 0xa9, 0x88, 0x8d, 0x63,
    0x71, 0x0, 0x3f, 0xe6, 0xe5, 0x0, 0x1b, 0xcc,
    0x9d, 0x0, 0x7, 0x74, 0x20, 0x1f, 0xaa, 0x40,
    0x63, 0xb2, 0x19, 0x91, 0x7f, 0x44, 0xb, 0xe4,
    0x1, 0xe9, 0x50, 0x4f, 0x71, 0x0, 0xc2, 0x0,
    0x5d, 0x80, 0x1c, 0x10, 0xc, 0xcc, 0x6, 0xb1,
    0x0, 0xe8, 0xee, 0x10, 0x1, 0xe8, 0x7, 0x40,
    0x21, 0x90, 0x39, 0x4, 0xed, 0x20, 0x3, 0x80,
    0xa8, 0x4, 0xb2, 0x6, 0xc0, 0x8, 0x0, 0x68,
    0x2, 0x4, 0xac, 0x0, 0xa0, 0x4, 0x0, 0xcc,
    0x81, 0x60, 0x6, 0x7, 0x10, 0x2, 0x80, 0x3c,
    0x1, 0x57, 0xa6, 0x1, 0xd0, 0x4, 0x8a, 0x0,
    0xa0, 0xa, 0x65, 0x4c, 0x1, 0x21, 0x0, 0xd,
    0xc8, 0xc, 0x83, 0x34, 0x8, 0x80, 0x19, 0x94,
    0x3, 0xe2, 0xc8, 0xc0, 0x2, 0x1, 0x98, 0x10,
    0x2, 0x10, 0xf, 0xf3, 0x0, 0x4, 0x40, 0x20,
    0xec, 0x2, 0x0, 0xae, 0xc0, 0xf, 0xe4, 0x50,
    0x71, 0x1, 0x0, 0xf0, 0xa8, 0x1a, 0x0, 0x7f,
    0x57, 0xc0, 0x1, 0x1, 0x58, 0x8, 0x4, 0x80,
    0x54, 0x3, 0xff, 0x82, 0xc4, 0x1a, 0x60, 0xe0,
    0xd, 0xbf, 0x10, 0xf, 0xfe, 0x3, 0x48, 0x1a,
    0x68, 0x10, 0x80, 0x10, 0x40, 0x3e, 0x57, 0x7a,
    0x36, 0x40, 0x74, 0x14, 0x42, 0x40, 0x3f, 0x8b,
    0x6a, 0x22, 0x72, 0x3, 0xf1, 0x0, 0x38, 0x38,
    0x80, 0x7e, 0x92, 0x1, 0x18, 0x96, 0xb0, 0x40,
    0x28, 0x0, 0x68, 0x7, 0xe4, 0x8, 0xee, 0xb6,
    0x94, 0x3, 0x86, 0x40, 0xe8, 0x3, 0xe2, 0xc,
    0x0, 0xff, 0xe0, 0x33, 0x1, 0x6c, 0x40, 0x3a,
    0x81, 0x10, 0x1, 0xff, 0xc0, 0x95, 0x4, 0xe8,
    0x10, 0x9, 0xc4, 0xc, 0x3, 0xff, 0x83, 0x52,
    0x0, 0x7e, 0xd9, 0x89, 0x10, 0x20, 0xf, 0xfe,
    0x13, 0x6b, 0x0, 0x9, 0x9d, 0x80, 0xd4, 0x3,
    0xff, 0x86, 0x53, 0xd4, 0xc6, 0x44, 0x6c, 0x0,
    0xff, 0x0,

    /* U+E1DE "" */
    0x0, 0xff, 0xe3, 0x14, 0x66, 0xd0, 0x80, 0x7f,
    0xf1, 0x63, 0x5c, 0xc9, 0x60, 0x3, 0xff, 0x89,
    0x6e, 0x2, 0xc6, 0x4, 0x1, 0xff, 0xc3, 0xb4,
    0x6, 0xf9, 0x0, 0x8, 0x1e, 0x75, 0xba, 0x0,
    0x7d, 0x68, 0xd, 0x22, 0x46, 0x18, 0x1a, 0x62,
    0x91, 0x7f, 0xb2, 0xa4, 0x16, 0x80, 0xd2, 0x0,
    0xe0, 0x16, 0x51, 0x6, 0x30, 0x8, 0x9a, 0xb7,
    0xd0, 0x1a, 0x40, 0x16, 0x61, 0x0, 0x18, 0x73,
    0xf2, 0x54, 0x80, 0x33, 0x48, 0x2, 0x90, 0x19,
    0x80, 0xa4, 0xf, 0xa4, 0x6d, 0x5b, 0xd7, 0x10,
    0x90, 0x5, 0x28, 0x34, 0x80, 0x5a, 0xa0, 0x5a,
    0xe0, 0x10, 0xa3, 0xb8, 0x1, 0x4a, 0xb, 0x20,
    0x1d, 0x54, 0x10, 0x8c, 0x20, 0xf, 0x3a, 0x82,
    0xd0, 0x7, 0xcb, 0xea, 0x7, 0xa8, 0x1, 0xde,
    0x3, 0x40, 0x1f, 0xc3, 0x4e, 0x0, 0x20, 0xe,
    0xd0, 0x11, 0x0, 0x7f, 0xca, 0x4, 0xc0, 0x1c,
    0x80, 0x5, 0x0, 0xf9, 0x9a, 0xa2, 0xe, 0x0,
    0x29, 0x80, 0x4, 0x40, 0x60, 0x1c, 0x39, 0x33,
    0x28, 0x31, 0x96, 0x56, 0x10, 0x1, 0x3, 0x0,
    0x3a, 0xcc, 0x0, 0x44, 0x49, 0x6d, 0x30, 0x7,
    0x0, 0x34, 0x14, 0x3, 0x88, 0x2, 0xad, 0xb9,
    0x90, 0xb, 0x1, 0xb8, 0x18, 0x9, 0x0, 0x68,
    0xa1, 0x8, 0xb0, 0x50, 0x3f, 0x94, 0x8, 0x24,
    0x0, 0x38, 0x7, 0x2f, 0xa0, 0x23, 0x80, 0x10,
    0x42, 0x84, 0x38, 0x8, 0x30, 0x3, 0xc3, 0x6a,
    0x10, 0x40, 0x18, 0x60, 0xd, 0x90, 0x14, 0x3,
    0xf5, 0x88, 0x8, 0x78, 0x4, 0xc8, 0x12, 0xc0,
    0xe0, 0x1f, 0x86, 0xc0, 0x2, 0xa0, 0x1a, 0x84,
    0x2, 0x80, 0xf, 0xe5, 0x73, 0xc2, 0x0, 0xc3,
    0xf1, 0x3c, 0x60, 0x18,

    /* U+E1DF "" */
    0x3, 0x66, 0xca, 0x1, 0x94, 0x80, 0x23, 0x66,
    0xca, 0x0, 0x5c, 0x99, 0xd5, 0x60, 0x4, 0xaf,
    0x0, 0x36, 0x4c, 0xea, 0xd1, 0x80, 0x12, 0x28,
    0x10, 0xc1, 0x4d, 0x40, 0x10, 0x2, 0x45, 0x1,
    0x38, 0x2, 0x37, 0x58, 0x0, 0x70, 0x1c, 0x80,
    0xd, 0x1b, 0xb1, 0x0, 0x7f, 0xf6, 0xb, 0xe8,
    0x3, 0xff, 0x83, 0x3f, 0xee, 0x0, 0x38, 0x38,
    0x20, 0x6, 0x9f, 0xf8, 0x80, 0xe0, 0x3, 0xc8,
    0x60, 0x1e, 0x80, 0xf, 0x12, 0xab, 0x66, 0x75,
    0xd8, 0x0, 0x60, 0x19, 0xb6, 0x67, 0x56, 0x80,
    0x9, 0x9b, 0x20, 0x7, 0xf1, 0x33, 0x65, 0x0,
    0x84, 0x2, 0x12, 0x28, 0xe8, 0x8, 0x2, 0x21,
    0x0, 0xc2, 0x17, 0xc8, 0x9, 0xdb, 0xb6, 0x18,
    0x48, 0x2, 0xf7, 0x94, 0x1, 0x7c, 0x82, 0x1,
    0x38, 0x7, 0xa1, 0x40, 0x3f, 0xea, 0xe4, 0x3,
    0xed, 0xdd, 0xee, 0x1, 0x5e, 0xf2, 0x80, 0x2f,
    0x90, 0x4, 0x2, 0x12, 0x2c, 0x1, 0xe2, 0x10,
    0xc, 0x20, 0x2, 0x55, 0xc8, 0x1, 0x90, 0x40,
    0x31, 0x2a, 0xe4, 0x5, 0xda, 0xad, 0x74, 0x0,
    0x4b, 0xc0, 0xa, 0x76, 0xab, 0x5a, 0xc8, 0x7,
    0x94, 0x81, 0x89, 0x0, 0xe, 0xc0, 0x1c, 0x2e,
    0x21, 0x3f, 0xee, 0x0, 0x30, 0x16, 0xc8, 0x2,
    0x81, 0x3f, 0xf7, 0x10, 0x7, 0xff, 0xc, 0xc3,
    0x40, 0x3f, 0xf8, 0xae, 0x80, 0x1f, 0xfc, 0x1c,
    0x66, 0x80, 0x32, 0xc5, 0x0, 0x7e, 0x25, 0x7,
    0x5, 0x99, 0x40, 0x1, 0x40, 0x3f, 0xf8, 0x1d,
    0x4b, 0x6a, 0x45, 0x8e, 0xc4, 0x10, 0xd8, 0x0,
    0xc6, 0xe0, 0x15, 0x93, 0x80,

    /* U+E1E0 "" */
    0x0, 0xf8, 0xb7, 0xff, 0x69, 0x80, 0x7f, 0xf0,
    0x90, 0x80, 0x31, 0x28, 0x7, 0xff, 0x9, 0xaa,
    0x67, 0x53, 0x0, 0x7f, 0xf0, 0xd5, 0x9b, 0x28,
    0x7, 0xff, 0x18, 0x84, 0x3, 0xff, 0x88, 0x31,
    0xbf, 0xbd, 0xf9, 0x4, 0x1, 0xff, 0x47, 0x39,
    0x0, 0x63, 0x7d, 0x90, 0xf, 0xc3, 0xae, 0x2,
    0xd5, 0x98, 0xa6, 0x0, 0x36, 0x88, 0x7, 0xe,
    0x10, 0x37, 0x4a, 0x99, 0x96, 0x79, 0x80, 0xb0,
    0x40, 0x35, 0x10, 0x54, 0x80, 0x7c, 0x33, 0x20,
    0x2a, 0x0, 0x91, 0x1, 0xa, 0x1, 0xf9, 0x1,
    0xa0, 0x11, 0x0, 0xf, 0x3, 0x70, 0xf, 0xd7,
    0x68, 0x7, 0x20, 0xf0, 0x14, 0x9, 0x0, 0xfd,
    0x88, 0x1c, 0x0, 0xb0, 0x41, 0x40, 0x2, 0x0,
    0x7d, 0x86, 0x10, 0xc0, 0x7, 0x0, 0x21, 0x0,
    0x88, 0x3, 0xd6, 0x61, 0xe, 0x1, 0x8, 0x0,
    0x80, 0x6, 0x1, 0xe1, 0x40, 0x87, 0x0, 0xe1,
    0x0, 0x8, 0x18, 0x7, 0x86, 0xec, 0xe0, 0x1e,
    0x10, 0x12, 0x1, 0x20, 0xf, 0x22, 0x0, 0x3c,
    0x40, 0x2, 0x40, 0x2, 0x80, 0x7f, 0xf0, 0xa8,
    0x0, 0x80, 0xa1, 0x22, 0x1, 0xff, 0xc0, 0x17,
    0x6, 0x0, 0x40, 0xd, 0x0, 0x7f, 0xf0, 0x28,
    0x1, 0x0, 0x2, 0x80, 0x4a, 0x0, 0xff, 0x52,
    0x4, 0x88, 0x4, 0xea, 0xb, 0xa8, 0x1, 0xe4,
    0xd5, 0x6, 0x60, 0x7, 0x53, 0x1, 0x5f, 0x54,
    0x42, 0xba, 0xc8, 0x1e, 0x40, 0x3e, 0x9c, 0x30,
    0x15, 0x77, 0x28, 0x81, 0xe4, 0x0, 0x7f, 0x1e,
    0x61, 0xd0, 0xcc, 0x8f, 0x98, 0x30, 0xe,

    /* U+E1E7 "" */
    0x0, 0x8e, 0x6e, 0xd2, 0x80, 0x1f, 0x8e, 0x6e,
    0xd0, 0x40, 0x1d, 0x38, 0xc8, 0x86, 0xbc, 0x20,
    0xc, 0x57, 0x8c, 0x88, 0x7d, 0x80, 0xa, 0x58,
    0x5, 0x98, 0x40, 0x7a, 0x80, 0x4, 0xd4, 0x2,
    0x66, 0x8, 0x3c, 0x81, 0xb0, 0x2f, 0x4c, 0xb6,
    0x84, 0x2d, 0x11, 0x60, 0x35, 0xb3, 0x2e, 0x50,
    0x63, 0xa0, 0x1a, 0x0, 0xcb, 0x82, 0x17, 0x60,
    0x1c, 0x50, 0xd, 0x44, 0x14, 0xa0, 0xe0, 0x1e,
    0x2c, 0x10, 0x0, 0xe1, 0x0, 0x79, 0x1, 0x40,
    0x3f, 0xc6, 0x1, 0x8c, 0x3, 0xe1, 0x0, 0x28,
    0x20, 0x7, 0x87, 0x4, 0x0, 0x38, 0x20, 0x1e,
    0x50, 0x5a, 0x2, 0x90, 0xc, 0x9e, 0x41, 0x54,
    0x2, 0xf4, 0x0, 0xd2, 0x41, 0x46, 0xc0, 0xdb,
    0x10, 0xcb, 0x10, 0xa5, 0x55, 0x0, 0xde, 0x44,
    0x35, 0x81, 0x8c, 0x25, 0x40, 0x9d, 0xc6, 0x5,
    0x8a, 0x0, 0x5c, 0x20, 0x37, 0x71, 0x3, 0x48,
    0x5, 0x58, 0xa4, 0x6b, 0x5a, 0x60, 0x18, 0xf6,
    0x94, 0xcc, 0xb9, 0x20, 0x0,

    /* U+E1EB "" */
    0x0, 0xff, 0xe2, 0x1b, 0x3b, 0x8c, 0x3, 0xff,
    0x86, 0x9b, 0x93, 0x10, 0xc3, 0x0, 0xff, 0xe0,
    0xa5, 0x90, 0x9, 0x0, 0x10, 0x3, 0xff, 0x80,
    0x34, 0x5, 0x9d, 0xa4, 0x1, 0xff, 0xc2, 0x61,
    0xf, 0x30, 0x1, 0x80, 0x7f, 0xf0, 0xb0, 0x14,
    0x80, 0x6, 0x20, 0x60, 0x1, 0x69, 0x87, 0x20,
    0xc, 0xe0, 0x40, 0x1, 0xe0, 0x14, 0x9, 0xe9,
    0x67, 0x8d, 0xb2, 0x0, 0x8, 0x1b, 0xd7, 0x10,
    0x50, 0x3b, 0x0, 0xd, 0x4, 0x13, 0x4c, 0x2,
    0x48, 0x50, 0x5, 0x20, 0x8, 0x3, 0xf2, 0xfa,
    0x84, 0x36, 0xc8, 0x0, 0x26, 0xfc, 0xa0, 0x5,
    0x0, 0x20, 0x4, 0xba, 0x2, 0x80, 0x9b, 0xd9,
    0x2, 0x1, 0x19, 0x4, 0x0, 0x63, 0x60, 0x1,
    0xd9, 0x0, 0x7e, 0x80, 0x3c, 0x20, 0xb, 0x0,
    0x10, 0x1, 0xfe, 0x56, 0x3, 0xdc, 0xac, 0xa0,
    0x3, 0x80, 0x7f, 0xd3, 0x21, 0x3, 0x53, 0x0,
    0x9c, 0x3, 0xff, 0x80, 0xdd, 0x4c, 0x8d, 0x22,
    0x1a, 0x1, 0xff, 0xc2, 0x59, 0xb9, 0x67, 0x4,
    0x0, 0xff, 0xe3, 0xe8, 0x11, 0x0, 0x3f, 0xf8,
    0xca, 0x0, 0x60, 0xf, 0xfe, 0x30, 0x80, 0x7f,
    0xf2, 0x4c, 0x0, 0xc0, 0x1f, 0xe5, 0x66, 0xfa,
    0x0, 0x8, 0xcd, 0xca, 0x1, 0x1d, 0x4c, 0xfc,
    0x80, 0x9, 0x9f, 0x51, 0x80, 0x8, 0xc8, 0xbf,
    0xf8, 0x86, 0x40,

    /* U+E1F3 "" */
    0x0, 0xfc, 0x2d, 0x59, 0xba, 0xc9, 0x61, 0x0,
    0xff, 0xe1, 0x95, 0x74, 0xa9, 0x91, 0xd, 0xa7,
    0xa8, 0x80, 0x3f, 0xf8, 0xd, 0xaa, 0x0, 0x36,
    0x88, 0x31, 0x0, 0x17, 0x5c, 0x3, 0xfd, 0x32,
    0x0, 0x37, 0x64, 0xbb, 0xa7, 0x79, 0x80, 0x11,
    0x20, 0x1f, 0xa5, 0x80, 0x2c, 0x10, 0xf, 0xc,
    0xe1, 0x3, 0x50, 0x7, 0x99, 0x80, 0xa2, 0x4,
    0x1, 0xfc, 0x78, 0x40, 0xaa, 0x0, 0xc3, 0x20,
    0x94, 0x81, 0x26, 0x1, 0xfc, 0x38, 0x21, 0x42,
    0x1, 0x40, 0x2, 0x82, 0xc0, 0x73, 0x68, 0xc0,
    0x30, 0xce, 0xf8, 0x80, 0x20, 0x0, 0x2c, 0xe,
    0x20, 0x38, 0x40, 0x4b, 0x88, 0x0, 0x1c, 0x62,
    0x10, 0x9, 0x80, 0x8, 0x0, 0x90, 0x8, 0xf6,
    0xe0, 0x82, 0x0, 0xc, 0x40, 0xd1, 0x6, 0x0,
    0x28, 0x60, 0xa, 0x29, 0x80, 0x48, 0xf2, 0x6,
    0x0, 0xc0, 0x59, 0x77, 0x40, 0x3, 0x0, 0x80,
    0x6a, 0x99, 0x81, 0x0, 0x94, 0x1, 0xa, 0x81,
    0xa0, 0x10, 0x90, 0x10, 0x30, 0x7, 0x1e, 0x80,
    0x42, 0xa0, 0xf4, 0x0, 0x50, 0xc, 0x20, 0xe0,
    0x13, 0xff, 0xa8, 0xc, 0xc0, 0x15, 0xa0, 0x0,
    0x6c, 0x80, 0x3f, 0x30, 0x10, 0x1, 0x40, 0xc,
    0x1, 0xd, 0xe6, 0x39, 0x0, 0x38, 0x41, 0xc0,
    0xc1, 0x80, 0x38, 0xc0, 0x38, 0xcc, 0x6, 0xcd,
    0x9c, 0x80, 0xc3, 0x0, 0xc4, 0x0, 0x61, 0x6c,
    0x40, 0x1d, 0x59, 0x33, 0xa0, 0x1, 0x80, 0x82,
    0xc, 0x0, 0x90, 0x29, 0xda, 0x0, 0x9d, 0x40,
    0x2, 0x30, 0x0, 0x50, 0x0, 0xc1, 0x22, 0xb,
    0x44, 0x0, 0x58, 0x0, 0x58, 0x2f, 0xf7, 0x30,
    0x0, 0xc0, 0x14, 0x88, 0xac, 0x0, 0xbb, 0xca,
    0xc, 0x0, 0x10, 0xd0, 0xb, 0xc0, 0x64, 0x2,
    0x1b, 0x5, 0x80, 0x8, 0x7c, 0x4, 0x3, 0x8,
    0x2, 0x88, 0x2c, 0x40, 0x32, 0xb8, 0x3d, 0x0,
    0x7f, 0xc3, 0x8a, 0x10, 0xa0, 0x1e, 0x87, 0x5,
    0xd5, 0x0, 0xf1, 0x86, 0xf9, 0x84, 0x38, 0x7,
    0xe8, 0xa1, 0x2a, 0xe9, 0x0, 0x23, 0x8, 0x20,
    0x8a, 0x9c, 0x3, 0xfc, 0xbe, 0xe2, 0x23, 0x0,
    0x5c, 0x80, 0x5, 0xf9, 0x40, 0x3f, 0xf8, 0x3,
    0x1d, 0x6e, 0xa8, 0x85, 0x8b, 0xe8, 0x0, 0xfc,

    /* U+E1F5 "" */
    0x6, 0x10, 0xf, 0x12, 0xb3, 0x46, 0x1, 0xfd,
    0x13, 0x40, 0x11, 0x4f, 0x6d, 0x4c, 0xd9, 0xf2,
    0x40, 0x1f, 0xe1, 0xad, 0x61, 0x0, 0x8, 0x80,
    0x26, 0xd9, 0x0, 0xfc, 0x5e, 0xa0, 0x2f, 0x9f,
    0xdc, 0xfc, 0x70, 0x3, 0x68, 0x80, 0x72, 0xe8,
    0x84, 0x74, 0x18, 0x6, 0x38, 0xe6, 0x2, 0xc1,
    0x0, 0xc2, 0x3, 0x8e, 0x1, 0xb3, 0x84, 0x0,
    0x33, 0x0, 0x54, 0x1, 0xe1, 0xcf, 0xe3, 0x0,
    0x18, 0x90, 0x6, 0x78, 0x4, 0x50, 0xf0, 0xf,
    0xa, 0x0, 0x7f, 0x9c, 0xc2, 0x1, 0xea, 0x67,
    0xa9, 0xc0, 0x3f, 0xe8, 0x2, 0x30, 0x56, 0x6e,
    0x50, 0xe, 0x70, 0xf, 0x20, 0x85, 0x81, 0x80,
    0x7f, 0xf1, 0xd0, 0x9, 0xb2, 0x40, 0x3f, 0xde,
    0x60, 0x1e, 0x30, 0x6e, 0x5, 0x0, 0xfc, 0x60,
    0x99, 0x66, 0x1, 0xf7, 0x1, 0x0, 0x7e, 0xca,
    0x20, 0x4c, 0x90, 0x8, 0xc1, 0x88, 0x4, 0x80,
    0x3f, 0x2e, 0xc9, 0x2, 0x80, 0x48, 0x4, 0x82,
    0x14, 0x1, 0xfe, 0x6d, 0xbd, 0x0, 0x20, 0x85,
    0x83, 0x83, 0x88, 0x7, 0xfc, 0x82, 0x0, 0x80,
    0x23, 0x8, 0x0, 0x50, 0x7, 0xff, 0x9, 0xcc,
    0x20, 0x0, 0x32, 0x9, 0x20, 0x1f, 0xfc, 0x5,
    0x80, 0x55, 0x0, 0x4c, 0xc0, 0x6b, 0x20, 0xf,
    0xe8, 0xa0, 0x3a, 0x0, 0xe9, 0x50, 0x4d, 0x94,
    0x0, 0xc4, 0xfc, 0xe0, 0x7a, 0x1, 0xf5, 0x48,
    0x1, 0xaf, 0xfb, 0x9f, 0xb0, 0x20, 0xf8, 0x20,
    0x1f, 0x9b, 0xa0, 0x40, 0x2, 0x20, 0x9, 0xb6,
    0x0, 0x3f, 0xe1, 0x7e, 0xda, 0x88, 0x4e, 0x7c,
    0x90, 0x7, 0x80,

    /* U+E1F9 "" */
    0x0, 0xff, 0xe3, 0xad, 0x65, 0x20, 0x7, 0xff,
    0x22, 0xe9, 0x4d, 0x6d, 0xc0, 0x3f, 0xf8, 0xd6,
    0x80, 0x8e, 0x41, 0x6, 0x1, 0xff, 0xc4, 0xb4,
    0x7, 0xb8, 0xd2, 0x9, 0x0, 0xff, 0xe1, 0xe2,
    0x3, 0xc0, 0x4, 0xa0, 0xc0, 0x1f, 0xfc, 0x2c,
    0x30, 0x2, 0x0, 0x63, 0x7, 0x0, 0xff, 0xe0,
    0xe1, 0x82, 0x1, 0xe0, 0x2, 0x10, 0x38, 0x3,
    0xff, 0x81, 0x86, 0xf, 0x70, 0x7, 0x90, 0xe0,
    0x8a, 0x1, 0xff, 0x61, 0x83, 0xc0, 0x3c, 0x1,
    0xb8, 0x25, 0x80, 0x7f, 0xd8, 0x60, 0xf0, 0x1,
    0x3a, 0x0, 0x12, 0xc0, 0x3f, 0xec, 0x30, 0x78,
    0x0, 0xd0, 0x80, 0x96, 0x1, 0xff, 0x59, 0x83,
    0xc0, 0x6, 0x87, 0x4, 0xb0, 0xf, 0xfa, 0xd0,
    0x1e, 0x0, 0x34, 0x38, 0x25, 0x80, 0x7f, 0xd6,
    0x80, 0xf0, 0x1, 0xa1, 0xc0, 0xec, 0x3, 0xfe,
    0xb4, 0x7, 0x80, 0xd, 0xe, 0x7, 0x80, 0x1f,
    0xf5, 0xa0, 0x3c, 0x0, 0x68, 0x70, 0x3c, 0x0,
    0xff, 0xad, 0x1, 0xe0, 0x3, 0x43, 0x81, 0xe0,
    0x7, 0xfd, 0x48, 0xf, 0x0, 0x1a, 0x1c, 0xf,
    0x0, 0x3f, 0xe3, 0x50, 0x78, 0x0, 0xd0, 0xe0,
    0x78, 0x1, 0xff, 0xc0, 0xb0, 0x18, 0x0, 0xd0,
    0xe0, 0x78, 0x1, 0xff, 0xc1, 0x50, 0x70, 0xd,
    0xe, 0x7, 0x80, 0x1f, 0xfc, 0x12, 0x20, 0x68,
    0x5, 0xe, 0x9, 0x80, 0x1f, 0xfc, 0x24, 0x0,
    0x2a, 0xa7, 0x9c, 0x12, 0xc0, 0x3f, 0xf8, 0x7a,
    0x0, 0xea, 0x61, 0x5, 0xb0, 0xf, 0xfe, 0x23,
    0x80, 0x62, 0x7c, 0xa0, 0xf, 0xfe, 0x2f, 0x22,
    0x27, 0x75, 0x6, 0x1, 0xff, 0xc6,

    /* U+E1FA "" */
    0x0, 0xfc, 0x91, 0x79, 0x8b, 0x84, 0x0, 0xff,
    0xe1, 0x37, 0x5b, 0xa1, 0x99, 0x1e, 0xf9, 0xc0,
    0x3f, 0xc5, 0x92, 0x20, 0x4a, 0xee, 0x63, 0x1,
    0x8d, 0x30, 0xf, 0x8b, 0xc, 0x17, 0x36, 0xa2,
    0x13, 0x9c, 0xc0, 0x58, 0x80, 0x1c, 0x38, 0x21,
    0x54, 0x30, 0x1, 0x10, 0x0, 0x33, 0x82, 0x16,
    0x60, 0x1a, 0x84, 0x31, 0x40, 0xeb, 0xf7, 0x5f,
    0x68, 0x7, 0x82, 0x1c, 0x1, 0x22, 0x2, 0x4c,
    0x1b, 0x14, 0x3, 0x25, 0xd0, 0x16, 0x81, 0x38,
    0x3, 0xc0, 0xd8, 0x16, 0x40, 0x63, 0x31, 0x26,
    0xb, 0x20, 0x6c, 0x12, 0x2, 0x81, 0x20, 0x34,
    0x7, 0xee, 0x66, 0x6c, 0x50, 0x64, 0xb, 0x1,
    0x44, 0x0, 0x14, 0x24, 0x1, 0xa2, 0xc, 0xe2,
    0x14, 0x41, 0xc0, 0x44, 0xc, 0xd0, 0x20, 0x2,
    0x2, 0x88, 0x64, 0xc7, 0x88, 0x50, 0x28, 0x1,
    0xc0, 0xc4, 0x4, 0x0, 0x41, 0xa0, 0x46, 0x0,
    0x14, 0x4, 0x0, 0xc6, 0xe, 0x1, 0xfc, 0x60,
    0x18, 0x41, 0xc0, 0x3e, 0xf0, 0x20, 0x2, 0x85,
    0x80, 0xc8, 0x1, 0x90, 0x30, 0x8, 0x0, 0x40,
    0xca, 0x2, 0x41, 0xc0, 0x66, 0x6, 0xff, 0x48,
    0xb, 0x82, 0x80, 0x10, 0x34, 0xc0, 0x14, 0xa,
    0x40, 0x80, 0x1e, 0x50, 0x4, 0x82, 0x80, 0x14,
    0x1c, 0x1c, 0x43, 0x25, 0xc0, 0xc, 0xc1, 0x4,
    0xad, 0x10, 0x80, 0x32, 0x9, 0x0, 0x50, 0xb,
    0x0, 0x32, 0x65, 0xe0, 0x5, 0x20, 0x82, 0x8,
    0x0, 0xc, 0x82, 0x48, 0x4, 0x66, 0x0, 0xa,
    0x80, 0x4c, 0xe0, 0xa8, 0x1, 0x32, 0x83, 0x58,
    0x80, 0x80, 0x7d, 0x32, 0x3, 0xa0, 0xe, 0xa6,
    0x4, 0x60, 0x30, 0xc, 0x20, 0x8c, 0x7, 0xa0,
    0x1f, 0x4c, 0x91, 0x40, 0x40, 0x33, 0x2, 0xa3,
    0xe0, 0x80, 0x7e, 0x6b, 0x20, 0x1, 0x0, 0x44,
    0x3, 0x70, 0x1, 0xff, 0xc3, 0x60, 0x0, 0x80,
    0x7f, 0xf2, 0x8, 0x0, 0xa0, 0x1f, 0xfc, 0x88,
    0x44, 0x48, 0x7, 0xf8,

    /* U+E1FD "" */
    0x0, 0xff, 0xe2, 0x15, 0xb8, 0x7, 0xff, 0x25,
    0x11, 0x10, 0x0, 0xff, 0xe4, 0x32, 0x3, 0xc0,
    0x7, 0xff, 0x22, 0xd0, 0x1e, 0x0, 0x3e, 0x12,
    0x2f, 0xfe, 0x4, 0x90, 0x3c, 0x0, 0x68, 0xee,
    0x6e, 0xff, 0xf0, 0x48, 0x0, 0xea, 0x3, 0xae,
    0x20, 0x1f, 0xfc, 0x8d, 0x20, 0x6b, 0xdd, 0xff,
    0xe0, 0x90, 0x1, 0xd5, 0x46, 0x15, 0x28, 0x45,
    0xff, 0xc0, 0x92, 0x7, 0x80, 0xf0, 0x35, 0x0,
    0xe1, 0xab, 0x60, 0xd, 0x68, 0xf, 0x0, 0x6,
    0x4, 0x0, 0xf3, 0xaa, 0x48, 0x4, 0xc8, 0xf,
    0x0, 0x1f, 0xfc, 0x7, 0x40, 0xe, 0x43, 0x88,
    0x0, 0x6a, 0x2b, 0x0, 0xf0, 0xf8, 0x7, 0x16,
    0x38, 0x7, 0x36, 0x98, 0x7, 0xff, 0x19, 0xf8,
    0xc0, 0x3a, 0xa8, 0x1, 0xff, 0xc2, 0xb1, 0xb0,
    0xd, 0x8a, 0xa2, 0x0, 0x30, 0x8, 0x7, 0xff,
    0xb, 0xc, 0x1c, 0x80, 0x5, 0xbe, 0x1, 0xf0,
    0x98, 0x70, 0x2, 0xcc, 0x1e, 0x0, 0x31, 0x8,
    0x7, 0xd6, 0x0, 0x70, 0xb4, 0x5, 0xa2, 0x2f,
    0xfe, 0x2, 0x5a, 0x83, 0x8d, 0x20, 0x1, 0x77,
    0x7f, 0xf8, 0x36, 0x80, 0xb0, 0x6, 0x1, 0xff,
    0xc6, 0x29, 0xa0, 0x4, 0xa0, 0x1, 0x77, 0x7f,
    0xf8, 0x3d, 0xac, 0x1, 0xac, 0xc1, 0x68, 0x8b,
    0xff, 0x80, 0x20, 0x1f, 0x61, 0x83, 0xc0, 0x7,
    0xff, 0x23, 0x10, 0x1c, 0x80, 0x3f, 0xf9, 0x16,
    0xaa, 0x20, 0xf, 0xfe, 0x20,

    /* U+E1FE "" */
    0x0, 0xfe, 0x3b, 0xb2, 0x80, 0x7f, 0xf1, 0x63,
    0x11, 0x15, 0x40, 0xf, 0xfe, 0x12, 0xeb, 0x81,
    0x18, 0x2f, 0x30, 0x7, 0xe4, 0x69, 0xea, 0x20,
    0x5d, 0xc8, 0x1, 0x9f, 0xa6, 0x50, 0xb, 0x2e,
    0x58, 0x40, 0xee, 0x80, 0xf, 0xa8, 0x0, 0x59,
    0xae, 0x25, 0x30, 0x1, 0xb6, 0x61, 0x0, 0x31,
    0x5e, 0xb9, 0x80, 0x6, 0x8c, 0x7, 0xf2, 0x4c,
    0x3, 0xf1, 0x46, 0x7a, 0x1, 0x0, 0x7f, 0xa6,
    0x80, 0x3f, 0xf8, 0xe2, 0xca, 0x60, 0x1f, 0xff,
    0xf0, 0xf, 0xfe, 0x98, 0x88, 0x8, 0x3, 0xfe,
    0x10, 0xf, 0xbb, 0xc4, 0x3, 0xf8, 0xc0, 0x3f,
    0xf8, 0xce, 0x4, 0xc0, 0x3, 0x0, 0xf1, 0xa8,
    0x7, 0xc6, 0x1c, 0x62, 0x16, 0x1, 0xec, 0xa2,
    0x0, 0xe5, 0x0, 0x20, 0x38, 0x38, 0x80, 0x73,
    0x29, 0x0, 0x74, 0x81, 0x90, 0x58, 0x2, 0x80,
    0x3a, 0x68, 0x3, 0xa0, 0xc2, 0x0, 0x5, 0x0,
    0x94, 0x1, 0xfe, 0x77, 0x2, 0xa0, 0x4, 0xea,
    0xb, 0x84, 0x1, 0xe1, 0xa8, 0x3, 0xa0, 0xe,
    0xa6, 0x3, 0xd9, 0x20, 0x0, 0xc7, 0x28, 0x26,
    0x80, 0x7d, 0x36, 0x20, 0xdb, 0x75, 0xce, 0x0,
    0x8b, 0x10, 0xf, 0xc9, 0xd0, 0x20, 0x8a, 0x0,
    0x6e, 0x70, 0xf, 0xfe, 0x3, 0xf4, 0xa1, 0xc7,
    0x48, 0x80, 0x78,

    /* U+E1FF "" */
    0x0, 0xfe, 0x4b, 0xb2, 0x0, 0x7f, 0xf1, 0x62,
    0xd1, 0x17, 0x20, 0x1f, 0xfc, 0x25, 0xd7, 0x2,
    0x20, 0x36, 0xa8, 0x7, 0xe4, 0x69, 0xea, 0x20,
    0x6d, 0xd3, 0x1, 0x57, 0x4b, 0x20, 0x5, 0x97,
    0x2c, 0x20, 0x79, 0x20, 0x9, 0xc3, 0x1, 0x69,
    0xbc, 0x5, 0x30, 0x1, 0xbe, 0x60, 0xc0, 0x31,
    0xe6, 0x18, 0x80, 0x6, 0xa6, 0x3, 0xf9, 0x6,
    0x1, 0xf8, 0xe7, 0x7c, 0x40, 0xc0, 0x3f, 0xf9,
    0x22, 0x1, 0xff, 0xd7, 0x16, 0x10, 0xf, 0xfe,
    0x31, 0x64, 0xc8, 0x3, 0xff, 0x82, 0x20, 0x11,
    0x61, 0x6, 0x0, 0x7f, 0xf0, 0x1f, 0xa4, 0xb,
    0x4, 0x2d, 0x0, 0x3f, 0xf8, 0x1e, 0xd, 0x58,
    0x21, 0x48, 0x1, 0xfc, 0x20, 0x14, 0x28, 0x28,
    0x85, 0x28, 0x7, 0xc2, 0x60, 0x1e, 0xa5, 0x0,
    0x5a, 0x80, 0x78, 0x40, 0xd8, 0x0, 0x60, 0x1a,
    0xa7, 0x10, 0x3, 0xc6, 0x0, 0x63, 0x10, 0xb0,
    0xe, 0x63, 0x0, 0xfa, 0xc0, 0x4c, 0x1c, 0x1c,
    0x40, 0x3f, 0xf8, 0x2, 0xc0, 0xe0, 0xb, 0x0,
    0x50, 0x7, 0xff, 0x2, 0xc4, 0x2c, 0x0, 0x50,
    0x9, 0x20, 0x1f, 0xe9, 0x50, 0x82, 0x0, 0x9d,
    0x41, 0xb0, 0x80, 0x3c, 0x58, 0xc0, 0xae, 0x1,
    0xd4, 0xc0, 0x7b, 0x2, 0x0, 0x29, 0xd3, 0x6,
    0xa0, 0xf, 0xa6, 0x84, 0x1f, 0xaa, 0xf5, 0x80,
    0x6a, 0x40, 0x3f, 0x97, 0xdc, 0x41, 0x50, 0x0,
    0xfe, 0xa0, 0x1f, 0xf0, 0xc7, 0x4a, 0x22, 0x7e,
    0x4, 0x3, 0xc0,

    /* U+E204 "" */
    0x0, 0xa, 0xb3, 0x7f, 0xf1, 0x4, 0x3, 0xcb,
    0xd5, 0x33, 0xff, 0xc4, 0xe2, 0x0, 0xc3, 0x40,
    0x1, 0x1e, 0x22, 0xff, 0x0, 0x2c, 0x3, 0x20,
    0x3, 0xbb, 0xdb, 0xbf, 0xe4, 0x0, 0xf1, 0x80,
    0x8, 0x3, 0xff, 0x8a, 0x60, 0x1f, 0x67, 0xff,
    0xff, 0xd, 0x1, 0x70, 0x80, 0x3f, 0xf9, 0x87,
    0x20, 0x18, 0x6e, 0xab, 0xff, 0x8a, 0xc0, 0xa0,
    0x1c, 0x8a, 0xbf, 0xfc, 0x5c, 0x0, 0xff, 0xf2,
    0x91, 0x40, 0x1f, 0xfc, 0x9a, 0xfd, 0xd4, 0x0,
    0xa8, 0x7, 0xff, 0x16, 0xd4, 0x3, 0xd4, 0x1,
    0xff, 0xc4, 0x24, 0x7, 0xdd, 0xa8, 0x0, 0x20,
    0x1f, 0xfc, 0x31, 0x0, 0x49, 0x14, 0xc0, 0x1f,
    0xfc, 0x62, 0x0, 0x53, 0x35, 0x60, 0x1f, 0xfc,
    0x61, 0x70, 0x49, 0x99, 0xc0, 0x44, 0x1, 0xff,
    0xc4, 0x89, 0x21, 0x10, 0x5, 0xa0, 0x1f, 0xfc,
    0x66, 0xde, 0xe5, 0x0, 0x98, 0x7, 0xff, 0xa5,
    0x40, 0x69, 0xdc, 0xcd, 0xff, 0xc3, 0xf0, 0xc,
    0x6a, 0xb, 0x10, 0x99, 0xff, 0xe1, 0xa8, 0x20,
    0x5, 0x50, 0x45, 0xff, 0xc7, 0x5b, 0x0, 0x0,

    /* U+E20C "" */
    0x0, 0xfc, 0xf6, 0x40, 0x1e, 0x4c, 0x50, 0xf,
    0xfe, 0x1d, 0x26, 0x1b, 0x4c, 0x95, 0x56, 0x7e,
    0x1, 0xff, 0xc3, 0x90, 0x1c, 0x96, 0x65, 0x50,
    0x6, 0x0, 0x3f, 0xc8, 0x1, 0x92, 0x80, 0x24,
    0x30, 0xb, 0x8, 0x3, 0x20, 0x6, 0xab, 0x70,
    0xc, 0x40, 0xc, 0xbc, 0x90, 0x3, 0x0, 0x6a,
    0xb7, 0x0, 0xec, 0x0, 0xd8, 0xa, 0x60, 0x6,
    0x20, 0xc0, 0xc, 0x80, 0x1d, 0xa0, 0x84, 0x0,
    0x26, 0x5, 0xff, 0xc4, 0x6, 0x20, 0x4, 0x10,
    0x30, 0x9, 0x80, 0x1e, 0x4b, 0xa4, 0x1, 0xf9,
    0x3c, 0xcd, 0x40, 0x48, 0x1, 0xc, 0x81, 0x6d,
    0x0, 0x1e, 0x6a, 0xb9, 0x40, 0x73, 0x2, 0x1c,
    0x1, 0xcd, 0x20, 0x10, 0xec, 0x32, 0xaf, 0x55,
    0x80, 0x45, 0x86, 0x1, 0xe6, 0xd0, 0x4, 0x10,
    0x4, 0x64, 0x1, 0x23, 0x0, 0x34, 0xc0, 0x3f,
    0x8, 0x1, 0xc0, 0x22, 0xcd, 0x0, 0xd8, 0x1,
    0xff, 0xc7, 0x10, 0xf, 0x8, 0x7, 0xea, 0xff,
    0xb0, 0x3, 0xff, 0x89, 0xff, 0x98, 0x1c, 0x3,
    0xff, 0x99, 0xe1, 0x95, 0x53, 0x80, 0x7f, 0xf1,
    0x26, 0xaa, 0x90, 0x15, 0x5a, 0x40, 0x4, 0x1,
    0x38, 0x7, 0x88, 0x5, 0x95, 0x60, 0xf, 0x8,
    0x2, 0xc0, 0x3c, 0x20, 0x16, 0x81, 0x0, 0x7f,
    0x15, 0x80, 0x18, 0x40, 0x3f, 0x22, 0x0, 0xe4,
    0x40, 0x3c, 0x78, 0x80, 0x1, 0xd1, 0x0, 0xf1,
    0x50, 0x4, 0xd8, 0x20, 0x1d, 0xc2, 0x13, 0x20,
    0x3f, 0x61, 0x0, 0x1b, 0xe8, 0x85, 0x38, 0x15,
    0x80, 0x65, 0x20, 0xb6, 0x64, 0x80, 0xcd, 0x0,
    0x36, 0x0, 0x18, 0xb1, 0x0, 0x52, 0x0, 0xbc,
    0x11, 0x0, 0x6, 0xd4, 0x0, 0xf3, 0x71, 0x80,
    0x1c, 0x41, 0x40, 0x21, 0x3, 0x0, 0xc5, 0x7d,
    0x51, 0xa, 0xe9, 0x10, 0xc, 0xa1, 0xe0, 0x14,
    0x35, 0x0, 0x78, 0x55, 0xdc, 0xa2, 0x1, 0xe8,
    0x6a, 0x0,

    /* U+E20D "" */
    0x0, 0xf8, 0xd0, 0x3, 0xf2, 0x18, 0x7, 0xff,
    0x1, 0xff, 0x2d, 0x40, 0x3c, 0xb7, 0x9c, 0xc0,
    0x1f, 0xcf, 0x0, 0x13, 0x0, 0x79, 0x80, 0x3,
    0x2c, 0x1, 0xf0, 0xc0, 0x26, 0xf9, 0x80, 0x78,
    0xff, 0x4c, 0x24, 0x40, 0x3d, 0x20, 0xa, 0x20,
    0xf, 0xf1, 0x68, 0x2, 0x40, 0x3c, 0xc0, 0xc2,
    0x1, 0xff, 0xc0, 0x16, 0x6, 0x0, 0xe6, 0x10,
    0xb0, 0xf, 0xfe, 0x15, 0x80, 0xb0, 0x6, 0xa0,
    0x33, 0x10, 0x7, 0xff, 0x0, 0x4c, 0xc1, 0x40,
    0x11, 0x98, 0xf, 0xb7, 0xa4, 0x40, 0x3c, 0x33,
    0xfd, 0xc3, 0x3, 0x30, 0x2, 0x80, 0x38, 0x5b,
    0xc8, 0x3, 0x17, 0xb0, 0x7, 0xa8, 0x5, 0x80,
    0x67, 0xb9, 0x22, 0x2f, 0x7c, 0xb7, 0xf1, 0x14,
    0xf7, 0x24, 0x41, 0x85, 0xc0, 0x1a, 0xc2, 0x26,
    0xc0, 0x28, 0x34, 0x82, 0xd, 0x61, 0x13, 0x68,
    0x1, 0xf4, 0x10, 0xc0, 0x31, 0x20, 0x1, 0x10,
    0x0, 0x43, 0x0, 0xc6, 0xa1, 0xae, 0x6, 0x1,
    0xe3, 0x1, 0xbb, 0x8, 0x18, 0x7, 0x88, 0x1d,
    0xc0, 0x60, 0x1e, 0x30, 0x50, 0x1, 0x1, 0x80,
    0x78, 0x81, 0xf0, 0x10, 0xc0, 0x31, 0xa0, 0x60,
    0x1, 0x1, 0xc, 0x3, 0x1a, 0x86, 0x30, 0x3,
    0x58, 0x44, 0xda, 0x0, 0x60, 0x4, 0x80, 0x35,
    0x44, 0x4d, 0xa0, 0x6, 0x1b, 0x1, 0x9e, 0xe4,
    0x88, 0x58, 0x80, 0x6, 0x80, 0x6b, 0xb9, 0x22,
    0x16, 0x20, 0x96, 0x40, 0x18, 0xb1, 0x0, 0x32,
    0xd9, 0x0, 0x62, 0xb4, 0x0, 0x93, 0x72, 0x21,
    0x9a, 0x60, 0x1e, 0x4d, 0xc8, 0x86, 0x6a, 0x0,
    0x0,

    /* U+E20E "" */
    0x0, 0xf8, 0xde, 0xb3, 0x14, 0xe6, 0x1, 0xff,
    0xc0, 0x3c, 0xc4, 0x29, 0x99, 0x63, 0x30, 0x60,
    0x1f, 0xd1, 0x86, 0x2, 0x8e, 0xe5, 0x10, 0x3c,
    0x80, 0xf, 0xa5, 0xc0, 0xa7, 0xae, 0x21, 0x5d,
    0x44, 0xf, 0x20, 0x1c, 0xcc, 0x4, 0xc6, 0x0,
    0xf2, 0xea, 0x3, 0x30, 0x2, 0x19, 0x3, 0xb1,
    0x0, 0xfe, 0xb3, 0x9, 0x10, 0x4, 0x80, 0x34,
    0x3, 0xff, 0x81, 0xa0, 0x9, 0x0, 0x30, 0x38,
    0x80, 0x7f, 0xf0, 0x5, 0xc1, 0x80, 0xc4, 0x2c,
    0x3, 0xff, 0x85, 0x60, 0x26, 0xa0, 0x3, 0x0,
    0xb, 0x8, 0x6, 0x16, 0x10, 0x1, 0x80, 0x18,
    0x0, 0x20, 0x14, 0x4c, 0x0, 0x68, 0x98, 0x0,
    0x84, 0xc, 0x3, 0xda, 0x7a, 0x1, 0xb4, 0xf4,
    0x3, 0xff, 0x80, 0x98, 0x80, 0x19, 0x31, 0x0,
    0x3f, 0xff, 0xe0, 0x1f, 0xff, 0xf0, 0xf, 0xfe,
    0x15, 0x71, 0x80, 0x7, 0x30, 0x20, 0x3, 0xea,
    0x0, 0xfa, 0xd4, 0x70, 0xc7, 0xc, 0xd8, 0x27,
    0x82, 0xb6, 0x20, 0x18, 0x50, 0x2, 0xcc, 0x10,
    0x0, 0xb3, 0x0, 0x12, 0x0, 0x7c, 0xf8, 0x20,
    0x41, 0x54, 0x2, 0x1, 0xc7, 0x0, 0xf9, 0xe0,
    0xf0, 0x42, 0x95, 0x54, 0x3, 0x87, 0xe, 0x1,
    0x21, 0xc4, 0x0, 0x5, 0xfa, 0xa0, 0x5, 0xdf,
    0x20, 0x4, 0x40, 0xd0,

    /* U+E20F "" */
    0x0, 0xa, 0x2a, 0xff, 0xf1, 0xc4, 0x2, 0x7e,
    0xba, 0xaf, 0xfe, 0x3f, 0x40, 0x2c, 0x0, 0x7f,
    0xf2, 0x9d, 0xdc, 0x7, 0xdf, 0xff, 0xc0, 0xa,
    0xff, 0xf9, 0x2, 0x98, 0x10, 0x40, 0x3f, 0x84,
    0x18, 0x3, 0xed, 0x3, 0x0, 0x18, 0x80, 0x7f,
    0x7e, 0x18, 0x7, 0x87, 0x0, 0x32, 0x73, 0x0,
    0x7e, 0x13, 0x0, 0xf2, 0x72, 0x80, 0x25, 0x0,
    0x12, 0x60, 0x1f, 0x9, 0x80, 0x71, 0x58, 0x1,
    0x2d, 0x2f, 0x84, 0x20, 0x3, 0xef, 0xc3, 0x0,
    0xd6, 0x3, 0xb6, 0xa0, 0x1, 0x90, 0x50, 0xf,
    0x84, 0x18, 0x3, 0x20, 0x31, 0x0, 0x7f, 0xf4,
    0x86, 0x81, 0x40, 0x3e, 0x10, 0x60, 0xc, 0xe0,
    0xc4, 0x0, 0x4a, 0xe2, 0x8, 0x0, 0xfb, 0x30,
    0x60, 0x1a, 0x0, 0x76, 0xd6, 0x54, 0x1, 0x46,
    0x1, 0xf1, 0x18, 0x7, 0x15, 0x0, 0x12, 0xc0,
    0x9, 0xca, 0x1, 0xf8, 0x48, 0x3, 0xcb, 0xca,
    0x1, 0x8c, 0x40, 0x3f, 0xb3, 0x4c, 0x3, 0xc3,
    0x80, 0x1, 0x4, 0x10, 0xf, 0xe2, 0x6, 0x0,
    0xfb, 0x40, 0xe4, 0xf, 0xbf, 0xff, 0x80, 0x15,
    0xff, 0xf2, 0x5, 0x2b, 0x80, 0x7f, 0xf2, 0x99,
    0xc2, 0x3a, 0xab, 0xff, 0x91, 0xb2, 0x0,

    /* U+E212 "" */
    0x0, 0xff, 0xe0, 0x21, 0x80, 0x7f, 0xf2, 0xc6,
    0xf0, 0x40, 0x3f, 0xf9, 0x46, 0x0, 0x30, 0xf,
    0xfe, 0x49, 0xc0, 0x2, 0xc, 0x3, 0xff, 0x86,
    0x26, 0xd3, 0xd8, 0xa0, 0x5, 0xce, 0x96, 0x31,
    0x0, 0xf2, 0xff, 0xdd, 0x92, 0xc2, 0x2, 0x0,
    0x10, 0x16, 0x9c, 0xef, 0xf9, 0x40, 0x1a, 0x1,
    0xe3, 0x7d, 0xc0, 0x6, 0x6c, 0x20, 0x7, 0xb4,
    0x1, 0x14, 0x80, 0xb, 0xfc, 0x82, 0x0, 0xc4,
    0xf7, 0xf6, 0x0, 0x4a, 0x80, 0x9, 0x58, 0x1,
    0x80, 0x1f, 0xfc, 0xc, 0x0, 0x32, 0x80, 0x63,
    0x20, 0x3, 0x0, 0x7f, 0xf0, 0x18, 0x0, 0x46,
    0x1, 0xa8, 0x2, 0x14, 0x0, 0xff, 0x20, 0x80,
    0x54, 0x1, 0x98, 0x18, 0x43, 0x80, 0x3f, 0xdc,
    0x2, 0xc0, 0xc0, 0x12, 0x80, 0x29, 0x81, 0x40,
    0x3f, 0xca, 0xd, 0x40, 0x5, 0x0, 0x70, 0x11,
    0xd0, 0x1, 0x80, 0x3f, 0x30, 0x2, 0x8c, 0x83,
    0x80, 0x50, 0x28, 0x8, 0xc3, 0x40, 0x3f, 0x50,
    0x19, 0x5, 0x2, 0xb, 0x0, 0x18, 0x1, 0x40,
    0x82, 0x1, 0xe2, 0x30, 0xa0, 0x3, 0x0, 0x1a,
    0xc0, 0xe, 0x69, 0xc0, 0x7, 0x0, 0xf2, 0x0,
    0x39, 0xd, 0xc4, 0x2e, 0x80, 0x13, 0x96, 0xe0,
    0x28, 0x1, 0xe4, 0x10, 0x7b, 0xc9, 0x10, 0xa6,
    0xd6, 0x20, 0x1, 0xc7, 0x10, 0x7, 0x8b, 0xa0,
    0xc0, 0x4, 0xfa, 0xc0, 0x53, 0xbf, 0xec, 0x70,
    0xf, 0xf3, 0xe7, 0xfb, 0x60, 0x80, 0x3f, 0xfa,
    0xa6, 0xcd, 0xa8, 0x1, 0x4c, 0xd8, 0xc0, 0x3f,
    0xf8, 0x1b, 0x33, 0x9c, 0x0, 0xf3, 0x3b, 0x40,
    0x3f, 0xf8, 0xc, 0x45, 0xff, 0xc0, 0x60, 0xf,
    0x0,

    /* U+E214 "" */
    0x0, 0xf8, 0xd9, 0xd9, 0x0, 0x3f, 0xf8, 0xc3,
    0x1f, 0x93, 0x13, 0x7f, 0x22, 0x1, 0xff, 0xc2,
    0x4f, 0x70, 0x0, 0x90, 0x80, 0x1b, 0x94, 0x3,
    0xff, 0x80, 0xb6, 0x20, 0xfb, 0xdb, 0xdc, 0x80,
    0x5, 0x38, 0x7, 0xf8, 0xe8, 0xb, 0x60, 0x80,
    0x21, 0x7e, 0x30, 0x84, 0x0, 0xfe, 0xf0, 0x1c,
    0x20, 0xf, 0x87, 0x48, 0x24, 0x3, 0xf1, 0x98,
    0x2c, 0x40, 0x3f, 0x86, 0x40, 0xbf, 0xdb, 0x24,
    0x1, 0x58, 0xa, 0x80, 0x7f, 0xc8, 0x60, 0x11,
    0x36, 0xb0, 0x0, 0xc1, 0x0, 0x3f, 0xf8, 0x3b,
    0x53, 0x27, 0x10, 0x96, 0x7, 0x2, 0x0, 0xff,
    0xe0, 0x8a, 0xb3, 0x23, 0xcc, 0x24, 0x5c, 0x4,
    0x3, 0xff, 0x8c, 0x3a, 0x0, 0x62, 0x5, 0x0,
    0xff, 0xe3, 0x8a, 0x86, 0x60, 0xc, 0x40, 0x3f,
    0xf8, 0xe4, 0xc, 0xa2, 0x16, 0x1, 0xff, 0xc7,
    0x30, 0x60, 0x90, 0x56, 0x0, 0xff, 0xe2, 0x92,
    0x6, 0x3, 0xa0, 0x50, 0x7, 0xff, 0x10, 0x7c,
    0x0, 0xc0, 0xb, 0x8f, 0x1, 0x55, 0xff, 0x80,
    0x2a, 0x20, 0xa1, 0x0, 0x9c, 0xc3, 0x2a, 0xbf,
    0xeb, 0x0, 0x60, 0xd2, 0x80, 0x7c, 0xe0, 0x1f,
    0xf1, 0x80, 0x1f, 0x94, 0x3, 0xf5, 0x7f, 0xff,
    0xd0, 0x1, 0xff, 0xdd, 0x16, 0x6f, 0xf1, 0x80,
    0x7f, 0xf0, 0xa2, 0x67, 0xfd, 0xa0, 0x1f, 0xfc,
    0x2d, 0x22, 0xff, 0x30, 0x7, 0x80,

    /* U+E215 "" */
    0x0, 0xff, 0xe1, 0x9a, 0x0, 0x7f, 0xf2, 0x97,
    0x72, 0xec, 0x1, 0xff, 0xc8, 0xaa, 0x10, 0x1,
    0x4, 0x3, 0xff, 0x8d, 0x4a, 0x8, 0xc0, 0x1,
    0x0, 0xff, 0xe2, 0xaa, 0x81, 0xac, 0x40, 0xc0,
    0x3f, 0xf8, 0xd2, 0x7, 0x20, 0x20, 0xe0, 0x1f,
    0xfc, 0x53, 0x30, 0x40, 0x3, 0x81, 0x0, 0x3f,
    0xf8, 0xaa, 0x0, 0x40, 0x2, 0x80, 0x28, 0x3,
    0xff, 0x88, 0x60, 0x80, 0x11, 0x38, 0x2e, 0xbb,
    0x56, 0x48, 0x7, 0xf9, 0x76, 0xc0, 0x34, 0x30,
    0x14, 0x4a, 0x9b, 0x40, 0x7, 0xf8, 0x80, 0x3d,
    0x36, 0x82, 0x23, 0x0, 0x8, 0x4, 0x2f, 0xbf,
    0xee, 0xa2, 0x0, 0xf9, 0x2f, 0xb9, 0x20, 0xd,
    0x0, 0x27, 0xc1, 0x0, 0x5, 0x76, 0x0, 0x3f,
    0x8a, 0xc0, 0xd0, 0xe, 0xc4, 0x1e, 0xf2, 0x48,
    0x1e, 0x40, 0x3e, 0x6c, 0x11, 0x70, 0x3, 0x80,
    0xb6, 0x10, 0xdb, 0x54, 0x19, 0x0, 0x3a, 0x24,
    0x45, 0xa4, 0xa, 0x41, 0xc4, 0x1, 0xd4, 0x41,
    0x2e, 0x80, 0x1c, 0xbe, 0x60, 0xf, 0x3, 0x30,
    0x7, 0xd6, 0x5, 0x17, 0x84, 0x11, 0xf4, 0x20,
    0x13, 0x2, 0x0, 0x7e, 0x64, 0x21, 0x3, 0xf0,
    0xf, 0xf0, 0x80, 0x7f, 0x5e, 0xf5, 0x1, 0x38,
    0x7, 0xca, 0x8, 0x1, 0xff, 0xc0, 0x55, 0x6,
    0x0, 0x7d, 0xa0, 0x4a, 0x1, 0xff, 0xc0, 0x20,
    0x70, 0xf, 0x90, 0xc2, 0x94, 0x3, 0xfe, 0x50,
    0x50, 0xf, 0xdc, 0x21, 0x58, 0xec, 0xc5, 0x59,
    0x9a, 0xd2, 0xa, 0x0, 0xfc, 0x58, 0x40, 0x71,
    0x32, 0xaa, 0xa6, 0x62, 0x8, 0x30, 0xf, 0xe2,
    0xd9, 0x41, 0x0, 0xf8, 0x52, 0xdc, 0x3, 0xf0,

    /* U+E216 "" */
    0x0, 0xff, 0xe0, 0x3b, 0x80, 0x3f, 0xf9, 0x65,
    0x10, 0x20, 0xf, 0xfe, 0xe9, 0x88, 0x7, 0xff,
    0x8, 0x94, 0x3, 0xe4, 0xcf, 0x20, 0xc, 0x46,
    0x62, 0x0, 0xc7, 0x94, 0xa0, 0x1e, 0x60, 0x1c,
    0x20, 0xd, 0x98, 0x0, 0xc5, 0x82, 0x27, 0x0,
    0xf1, 0x50, 0xd, 0x0, 0x7f, 0x94, 0x1, 0xa4,
    0x1, 0xf2, 0xdb, 0x48, 0x0, 0x9e, 0xa8, 0xe4,
    0x0, 0x67, 0xd3, 0x0, 0xfe, 0x49, 0x10, 0x3d,
    0x85, 0x54, 0x6c, 0x0, 0xc1, 0x0, 0x7f, 0xf0,
    0x9c, 0x5, 0x94, 0x41, 0xe0, 0x3, 0xff, 0x8a,
    0x9d, 0xc9, 0xae, 0x50, 0x73, 0x0, 0xff, 0xe0,
    0x88, 0x80, 0x2, 0x1, 0xa8, 0x42, 0x80, 0x22,
    0x28, 0x3, 0x14, 0xff, 0x73, 0xed, 0x0, 0x39,
    0xc1, 0x40, 0x13, 0xbb, 0x50, 0x1, 0x75, 0x80,
    0x32, 0x5c, 0x80, 0x61, 0x0, 0xc6, 0x1, 0xc9,
    0x40, 0x7, 0xbc, 0x92, 0x6, 0x90, 0xa, 0xca,
    0x80, 0x15, 0xbb, 0x50, 0x50, 0x16, 0xc2, 0x1b,
    0x6a, 0x83, 0x20, 0x0, 0xf5, 0x80, 0x22, 0x28,
    0x14, 0x43, 0x88, 0x3, 0xa8, 0x82, 0x5d, 0x0,
    0x3f, 0xde, 0x6, 0x60, 0xf, 0xac, 0xa, 0x2f,
    0x8, 0x3, 0xf3, 0x2, 0x0, 0x7e, 0x64, 0x21,
    0x3, 0xf0, 0xf, 0xf0, 0x80, 0x7f, 0x5e, 0xf5,
    0x1, 0x30, 0x7, 0xca, 0x8, 0x1, 0xff, 0xc0,
    0x55, 0x6, 0x80, 0x7d, 0xa0, 0x4a, 0x1, 0xff,
    0xc0, 0x20, 0x70, 0xf, 0x90, 0xc2, 0x94, 0x3,
    0xfe, 0x50, 0x50, 0xf, 0xdc, 0x21, 0x58, 0xec,
    0xc5, 0x59, 0x9a, 0xd2, 0xa, 0x0, 0xfc, 0x58,
    0x40, 0x71, 0x32, 0xaa, 0xa6, 0x62, 0x8, 0x30,
    0xf, 0xe2, 0xd9, 0x41, 0x0, 0xf8, 0x52, 0xdc,
    0x3, 0xf0,

    /* U+E217 "" */
    0x0, 0xff, 0x1b, 0x3a, 0x90, 0x7, 0xff, 0x1d,
    0x77, 0x26, 0x2b, 0x74, 0x80, 0x1f, 0xfc, 0x4a,
    0xa1, 0x0, 0x4, 0x0, 0x57, 0x0, 0x1f, 0xfc,
    0x29, 0x50, 0x4c, 0xfe, 0xfb, 0x20, 0x78, 0x0,
    0xff, 0xe0, 0x1b, 0x3, 0xd9, 0x80, 0x49, 0xa8,
    0xe, 0x40, 0x1f, 0xf4, 0x80, 0x1b, 0xfb, 0x1c,
    0x40, 0x14, 0x21, 0xbf, 0xec, 0x50, 0xf, 0x3a,
    0x80, 0x4, 0x4, 0xe3, 0xa0, 0x5, 0x80, 0x31,
    0xd4, 0x0, 0x6b, 0x80, 0x2, 0xc4, 0xc2, 0x80,
    0x1f, 0x2, 0x2e, 0xa9, 0x26, 0xe, 0x80, 0xb,
    0x40, 0x6e, 0xa7, 0x67, 0xae, 0x50, 0x3b, 0x4,
    0x55, 0x36, 0x10, 0x68, 0x32, 0x4, 0x48, 0x80,
    0x70, 0xd3, 0x82, 0x38, 0x7, 0x73, 0x58, 0x40,
    0x2b, 0x80, 0x7f, 0x42, 0x4, 0x99, 0x0, 0x47,
    0x24, 0xa2, 0x16, 0x1, 0xff, 0x48, 0xe, 0x6f,
    0xe2, 0x80, 0x5e, 0x8, 0x20, 0x1f, 0xf1, 0x28,
    0x6, 0x3a, 0xa0, 0x1, 0x80, 0xc0, 0x3f, 0xf8,
    0x35, 0xbb, 0x51, 0x82, 0xc8, 0x8, 0x7, 0xff,
    0x10, 0x8a, 0x5c, 0x60, 0x63, 0x60, 0x20, 0xf,
    0xfe, 0x3c, 0x88, 0x59, 0x82, 0x80, 0x7f, 0xf2,
    0x1c, 0x12, 0xc0, 0xc, 0x1, 0xff, 0xc7, 0x10,
    0x1, 0x98, 0x20, 0x80, 0x3f, 0xf8, 0xc8, 0xc,
    0x1c, 0x3, 0x86, 0x1, 0xff, 0xc4, 0x53, 0xe,
    0x2, 0xa0, 0x1c, 0x93, 0x0, 0xff, 0xe0, 0xbd,
    0x1, 0xa0, 0x1, 0x6c, 0x41, 0xb3, 0xfb, 0xbe,
    0xdd, 0x77, 0x3e, 0x0, 0xb4, 0x3, 0x27, 0xb8,
    0x80, 0x4, 0x7e, 0x22, 0x8, 0x80, 0xd, 0x82,
    0x1, 0xc3, 0x1d, 0x93, 0x3f, 0xfc, 0xa, 0xe9,
    0x10, 0x0,

    /* U+E218 "" */
    0x15, 0x5f, 0xfe, 0x50, 0x5d, 0x57, 0xff, 0x29,
    0xf0, 0x3, 0xff, 0x92, 0x28, 0xdf, 0xff, 0xfc,
    0x9e, 0x30, 0xf, 0xfe, 0x86, 0x77, 0x3f, 0xff,
    0xdd, 0xca, 0x0, 0xf8, 0x8c, 0x44, 0x1, 0xfe,
    0x11, 0x28, 0x7, 0xc5, 0x75, 0x5f, 0xfc, 0x2c,
    0x0, 0xfc, 0x8a, 0xbf, 0xfc, 0x23, 0x0, 0xff,
    0xe0, 0x9, 0x17, 0xfc, 0x20, 0x1f, 0xe8, 0xed,
    0xdf, 0xfb, 0xc4, 0x3, 0xf8, 0x40, 0x3f, 0xf8,
    0x2, 0x1, 0xfe, 0x9d, 0xdf, 0xfe, 0x7, 0x8,
    0x7, 0xf8, 0x8b, 0xff, 0x80, 0x20, 0x1f, 0xfc,
    0x5, 0x66, 0xf2, 0x88, 0x7, 0xff, 0xa, 0x2a,
    0x67, 0xd5, 0x60, 0x1f, 0xfc, 0x2c, 0x20, 0xf,
    0xf, 0x80, 0x7f, 0xf0, 0x93, 0x7f, 0xfd, 0xca,
    0x1, 0xff, 0xd9, 0x5d, 0xd9, 0xc0, 0x3f, 0xf8,
    0xfc, 0x45, 0x50, 0x7, 0xff, 0x1e, 0x62, 0x2f,
    0x0, 0xff, 0xe0, 0x0,

    /* U+E21A "" */
    0x26, 0x6f, 0x20, 0x7, 0xc2, 0xcd, 0xe5, 0xe,
    0x99, 0xf5, 0x98, 0x7, 0xaa, 0x67, 0xd4, 0xa2,
    0x1, 0x9, 0x11, 0xc, 0x3, 0xdc, 0x45, 0x0,
    0x7f, 0x2e, 0xea, 0xc0, 0x3e, 0x5d, 0xd4, 0x80,
    0x7c, 0x20, 0x96, 0x1, 0xff, 0x25, 0x80, 0x80,
    0x74, 0x30, 0x25, 0x80, 0x7f, 0x25, 0x80, 0xe8,
    0x80, 0x74, 0xb0, 0x25, 0x80, 0x7c, 0x96, 0x3,
    0xa6, 0x1, 0xf4, 0xb0, 0x25, 0x0, 0x71, 0xd8,
    0xe, 0x98, 0x6, 0x96, 0x70, 0x4, 0xb0, 0x2a,
    0x80, 0x37, 0x0, 0xe1, 0x80, 0x2d, 0x95, 0x24,
    0x40, 0x29, 0x73, 0x70, 0xc, 0xa7, 0x84, 0x1,
    0x2c, 0x80, 0x7e, 0x8c, 0x20, 0xd, 0x18, 0x40,
    0x1f, 0xff, 0xf0, 0xf, 0xf8, 0x94, 0x3, 0x89,
    0x40, 0x3f, 0x8c, 0x3, 0x1e, 0x52, 0x80, 0x6f,
    0xaa, 0x0, 0x61, 0x20, 0xbc, 0x40, 0x1, 0xe0,
    0x89, 0xc0, 0x32, 0x2, 0xd0, 0x5, 0xba, 0x36,
    0x2, 0x3, 0xc0, 0x6, 0x90, 0x6, 0x95, 0x5,
    0xa0, 0x1, 0x3, 0x0, 0x47, 0x80, 0xc, 0x30,
    0xf, 0x52, 0x82, 0xd0, 0x7, 0xb3, 0x0, 0xc,
    0x30, 0xf, 0xd4, 0xa0, 0xb4, 0x1, 0xca, 0x0,
    0xc3, 0x0, 0xff, 0x52, 0x82, 0x88, 0x7, 0x95,
    0x4c, 0x80, 0x1f, 0xb, 0x33, 0x44, 0x3, 0xf2,
    0xcc, 0xac, 0xc0, 0x3d, 0x53, 0x28, 0x10, 0xc,
    0xa4, 0x5e, 0x43, 0x0, 0xf7, 0x11, 0x78, 0xdc,

    /* U+E220 "" */
    0x16, 0x10, 0xf, 0xfe, 0x30, 0xb0, 0x54, 0xe0,
    0x80, 0x63, 0x0, 0xf1, 0x80, 0x62, 0xf9, 0x7e,
    0x2, 0xc2, 0x0, 0x46, 0x40, 0x6, 0x8c, 0x80,
    0x1, 0x60, 0x82, 0xaa, 0x40, 0xb0, 0x80, 0x80,
    0x80, 0x31, 0x1, 0x1, 0x60, 0x86, 0x10, 0x35,
    0x0, 0xe1, 0x80, 0x7f, 0x8f, 0x4, 0x30, 0xc0,
    0x25, 0xa0, 0x1d, 0x70, 0xf, 0xcf, 0x82, 0x18,
    0x60, 0x1c, 0xb6, 0x2, 0x40, 0x1f, 0x88, 0x1,
    0x86, 0x1, 0xd1, 0x5c, 0x40, 0x1f, 0xfc, 0x2,
    0x9a, 0x80, 0x8, 0xdd, 0x54, 0x40, 0x1f, 0xfc,
    0x2, 0x55, 0x39, 0x80, 0xd, 0xd5, 0x7d, 0x0,
    0x1a, 0x15, 0x7c, 0xe6, 0x1, 0x45, 0x57, 0x88,
    0x3, 0x15, 0x57, 0xa0, 0x3, 0xff, 0xfe, 0x11,
    0x55, 0xe2, 0x0, 0xc5, 0x35, 0x5d, 0x0, 0x11,
    0xba, 0xaf, 0xa0, 0x3, 0x43, 0x2a, 0xf3, 0x98,
    0x0, 0xdd, 0x54, 0x40, 0x1f, 0xfc, 0x2, 0x55,
    0x39, 0x80, 0x51, 0x52, 0x40, 0x1f, 0xfc, 0x3,
    0x9a, 0x80, 0xe, 0x3c, 0x0, 0x10, 0x7, 0xe2,
    0x1, 0xd2, 0x0, 0xe3, 0xc0, 0x6, 0x38, 0x7,
    0xe7, 0xb0, 0x1c, 0x10, 0x8, 0xf4, 0x1, 0x66,
    0x1, 0xfe, 0x4b, 0x1, 0xc1, 0x2, 0xd1, 0xb,
    0x40, 0x20, 0x20, 0xc, 0x40, 0x40, 0x94, 0x5,
    0xa1, 0x22, 0x16, 0x80, 0x8, 0xc8, 0x0, 0xd1,
    0x90, 0x0, 0x59, 0x3, 0x7d, 0x2b, 0x40, 0xc,
    0x60, 0x1e, 0x30, 0xc, 0xd2, 0x48,

    /* U+E221 "" */
    0x0, 0xfc, 0x6c, 0xee, 0x63, 0x0, 0xff, 0xe1,
    0x3f, 0x64, 0xc4, 0x27, 0x39, 0xc0, 0x3f, 0xc7,
    0xb0, 0x20, 0x48, 0x82, 0x1, 0x8e, 0x40, 0xf,
    0x93, 0x8, 0x23, 0xb6, 0xed, 0xbd, 0x0, 0x36,
    0xa0, 0x1c, 0x76, 0x5, 0xae, 0x20, 0x18, 0x5f,
    0x8c, 0x28, 0xc0, 0x36, 0x81, 0xe1, 0x0, 0x7e,
    0x1c, 0x30, 0xd0, 0x9, 0xc4, 0x38, 0x40, 0x3f,
    0xee, 0x1, 0x70, 0x4, 0x83, 0x10, 0x7, 0xff,
    0x0, 0x98, 0x24, 0xc, 0x42, 0x80, 0x3f, 0xf8,
    0x54, 0x2, 0x4a, 0x0, 0x30, 0x8, 0x80, 0x3c,
    0x40, 0x11, 0x80, 0x10, 0x40, 0x40, 0x5, 0xdb,
    0xc4, 0x0, 0x2e, 0xde, 0x20, 0x0, 0x80, 0x80,
    0x74, 0x88, 0xc, 0x80, 0x24, 0x40, 0x64, 0x3,
    0x88, 0x4, 0x0, 0xe0, 0x13, 0x80, 0x1c, 0x3,
    0xc2, 0x4, 0xe0, 0x5, 0x9, 0x0, 0xa4, 0x1,
    0x20, 0x17, 0x2, 0x0, 0x1c, 0x88, 0x1c, 0xb,
    0x93, 0x8a, 0x0, 0x5c, 0x9d, 0x50, 0xf0, 0x22,
    0x5, 0x82, 0x28, 0x1b, 0x18, 0x22, 0x0, 0xd8,
    0x81, 0x50, 0x2c, 0x0, 0xc4, 0x14, 0x40, 0x11,
    0xdd, 0x8c, 0x2, 0x2a, 0x2, 0x60, 0xb, 0x80,
    0x16, 0x1, 0x48, 0x2, 0x40, 0x2b, 0x0, 0x70,
    0x6, 0x20, 0x6, 0x0, 0x58, 0x0, 0xc0, 0xb,
    0x0, 0x4, 0x1, 0xff, 0x37, 0xf9, 0x80, 0x3f,
    0xe1, 0x20, 0xab, 0x20, 0xf, 0xd, 0xd0, 0x10,
    0x80, 0x77, 0x8, 0x22, 0x80, 0x79, 0x90, 0x1,
    0xc0, 0x1e, 0x3f, 0x10, 0xd5, 0x5f, 0x68, 0xf,
    0x18, 0x7, 0xc2, 0x80, 0xb5, 0x5e, 0x50, 0x71,
    0x0, 0xfe, 0xb4, 0x0, 0xfc, 0x90, 0x1, 0xc0,

    /* U+E223 "" */
    0x0, 0xfe, 0x25, 0x5f, 0xc4, 0x1, 0xff, 0xc4,
    0x5d, 0xaa, 0xfd, 0xaa, 0x1, 0xff, 0xc3, 0x80,
    0xf, 0xf4, 0x0, 0x7f, 0xf0, 0xc8, 0x2b, 0xff,
    0xd2, 0x6, 0x1, 0xf9, 0xec, 0x80, 0x3f, 0xf9,
    0x5, 0x6e, 0x12, 0x98, 0x40, 0x1f, 0xfc, 0x62,
    0xc4, 0xa0, 0xa0, 0x1c, 0x20, 0xf, 0xfe, 0x21,
    0x60, 0x84, 0x82, 0x48, 0xc, 0x0, 0x7f, 0xf1,
    0x20, 0x42, 0x90, 0x6, 0xc0, 0x1e, 0x1, 0xff,
    0xc4, 0xf0, 0x4, 0x8, 0x69, 0x5, 0x28, 0x7,
    0xff, 0x11, 0x64, 0xa, 0x80, 0x3f, 0xfa, 0x1a,
    0x41, 0x4a, 0x1, 0xff, 0xc4, 0x59, 0x2, 0xa0,
    0x1b, 0x0, 0x78, 0x7, 0xff, 0x13, 0xc0, 0x10,
    0x20, 0x92, 0x3, 0x0, 0x1f, 0xfc, 0x48, 0x10,
    0xa4, 0xa, 0x1, 0xc2, 0x0, 0xff, 0xe2, 0x16,
    0x8, 0x48, 0x4a, 0x61, 0x0, 0x7f, 0xf1, 0x8b,
    0x12, 0x81, 0xec, 0x80, 0x3f, 0xf9, 0x5, 0x6e,
    0x1, 0xf8, 0x82, 0xbf, 0xfd, 0x20, 0x60, 0x1f,
    0xfc, 0x38, 0x0, 0xff, 0x40, 0x7, 0xff, 0xd,
    0x76, 0xab, 0xf7, 0x28, 0x7, 0xc0,

    /* U+E224 "" */
    0x0, 0x1e, 0x30, 0x6, 0x17, 0xbd, 0xd5, 0xb8,
    0x80, 0x66, 0xc2, 0x0, 0xdc, 0x74, 0x1, 0x47,
    0x42, 0x11, 0x12, 0x39, 0xc0, 0x2a, 0x3e, 0x0,
    0x98, 0x82, 0x0, 0x14, 0xe0, 0x5, 0x88, 0x28,
    0x2, 0x28, 0x1, 0x0, 0x6c, 0x0, 0xb0, 0x44,
    0x4, 0x28, 0x2f, 0x53, 0xba, 0xb9, 0x41, 0x64,
    0x11, 0x1, 0x60, 0x64, 0x10, 0x6, 0xe0, 0xd4,
    0x20, 0x18, 0x69, 0x41, 0x8c, 0x20, 0x8, 0xd0,
    0x4, 0xc2, 0x40, 0xa4, 0x3, 0xf5, 0x8, 0x48,
    0x18, 0x82, 0x68, 0x28, 0x1, 0x2, 0x80, 0x3f,
    0xd2, 0xa, 0x0, 0x50, 0xd6, 0x2, 0x1, 0x10,
    0x20, 0x7, 0xf9, 0x0, 0x2, 0x4, 0xc, 0x0,
    0xf0, 0x30, 0x0, 0x80, 0x7f, 0x84, 0x0, 0x61,
    0xe0, 0xd, 0x96, 0x1, 0x0, 0x18, 0x7, 0xf8,
    0xc0, 0x2, 0xd, 0x3a, 0x2c, 0x0, 0x60, 0x0,
    0x80, 0x7f, 0x84, 0x0, 0xe0, 0x6, 0x10, 0xc,
    0x40, 0x20, 0x1f, 0xfc, 0x1, 0x3, 0x0, 0xfd,
    0x60, 0xa0, 0x1f, 0xfc, 0x5, 0xc, 0x0, 0xf8,
    0x8c, 0x34, 0x3, 0xff, 0x81, 0xa0, 0x84, 0x1,
    0xe9, 0x1, 0x60, 0xf, 0xfe, 0x3, 0x0, 0x24,
    0x3, 0xa1, 0x2, 0x0, 0x3f, 0xf8, 0x50, 0x9,
    0x0, 0x12, 0x38, 0x23, 0x0, 0x7f, 0xf0, 0x9d,
    0x1, 0xd0, 0x1, 0xa0, 0xd, 0x55, 0xff, 0xe2,
    0x68, 0x3, 0x40, 0x1c, 0x0, 0x9a, 0xaf, 0xfe,
    0x24, 0x80, 0x38, 0x0, 0xec, 0x20, 0x1f, 0xfc,
    0x61, 0x67, 0x0, 0xa7, 0xbf, 0xff, 0xf8, 0xdd,
    0x20, 0x1f, 0xfd, 0xa7, 0x70, 0x1, 0xdc, 0x1,
    0xff, 0xc7, 0x28, 0x85, 0x52, 0x20, 0x40, 0x1f,
    0xfc, 0x62, 0x40, 0x55, 0x2, 0x10, 0x7, 0xff,
    0x1e, 0xdc, 0xcc, 0xf6, 0x1, 0xfe,

    /* U+E226 "" */
    0x0, 0xfe, 0x59, 0xbd, 0xd6, 0x4b, 0x8, 0x7,
    0xff, 0x8, 0x67, 0xe9, 0x90, 0x88, 0x6d, 0x3d,
    0x24, 0x1, 0xff, 0x37, 0x30, 0x0, 0xda, 0x20,
    0xc6, 0x0, 0x6d, 0x50, 0xf, 0xe9, 0x90, 0x2,
    0x3b, 0x25, 0xdd, 0x39, 0xce, 0x0, 0xa9, 0x0,
    0xfa, 0x58, 0x13, 0x9c, 0x40, 0x3c, 0x31, 0xc6,
    0xd, 0x20, 0x1c, 0xcc, 0x5, 0xb1, 0x0, 0xff,
    0xe, 0x28, 0x33, 0x0, 0x21, 0x80, 0x3a, 0x0,
    0xff, 0xe1, 0x52, 0x4, 0x8, 0x2, 0x4, 0x34,
    0x3, 0xff, 0x89, 0x40, 0x30, 0x0, 0x60, 0x71,
    0x0, 0xff, 0xe2, 0xb, 0x83, 0x2, 0x80, 0x28,
    0x3, 0xfe, 0x17, 0x10, 0xd, 0x20, 0x5, 0xd0,
    0x22, 0x0, 0x7f, 0x87, 0x22, 0x0, 0x18, 0x48,
    0x34, 0xc1, 0xc0, 0x3c, 0x40, 0x10, 0xe1, 0x6,
    0x80, 0x73, 0x81, 0xb0, 0x10, 0x7, 0x3e, 0xd0,
    0xe, 0x10, 0x5a, 0x0, 0x71, 0x3, 0x80, 0x7f,
    0x96, 0xf0, 0x82, 0x90, 0x3, 0xf9, 0x80, 0x80,
    0x39, 0xd8, 0x10, 0x82, 0x94, 0x3, 0xe2, 0x7,
    0x30, 0x70, 0xf, 0x4b, 0x0, 0x2d, 0x40, 0x3f,
    0x38, 0x1e, 0x81, 0x10, 0x3, 0xd3, 0x58, 0x80,
    0x1f, 0x88, 0x81, 0xaa, 0x21, 0x40, 0x1f, 0x29,
    0x80, 0x7f, 0x58, 0x1, 0x41, 0xc1, 0xc8, 0x3,
    0xff, 0x88, 0x4c, 0xc, 0x0, 0x80, 0x7, 0x0,
    0x7f, 0xf1, 0x38, 0x1, 0x0, 0x1, 0x90, 0x3a,
    0x0, 0xff, 0xe1, 0x51, 0x84, 0x88, 0x4, 0xcc,
    0x5, 0xc1, 0x0, 0xff, 0xe, 0x28, 0x3b, 0x0,
    0x74, 0xa8, 0x1f, 0x40, 0x80, 0x78, 0x63, 0x8c,
    0x1e, 0x0, 0x3e, 0xa9, 0x0, 0x3f, 0x6c, 0xc4,
    0x27, 0x39, 0xc0, 0x66, 0x0, 0x3f, 0x9b, 0x58,
    0x0, 0x4c, 0xee, 0x63, 0x0, 0x37, 0xb0, 0x7,
    0xfc, 0x53, 0xd4, 0xc8, 0x44, 0x36, 0xae, 0x91,
    0x0, 0xf0,

    /* U+E227 "" */
    0x0, 0xff, 0x29, 0x0, 0x9, 0x40, 0x3f, 0xf8,
    0xed, 0x5e, 0x0, 0xfa, 0x60, 0xf, 0xfe, 0x32,
    0x81, 0x3b, 0x88, 0x14, 0x3, 0xff, 0x8c, 0x6a,
    0x11, 0x0, 0x53, 0x0, 0xff, 0xe3, 0xd8, 0x6,
    0xb0, 0xf, 0xfe, 0x40, 0xb8, 0x1, 0xc4, 0x3,
    0xff, 0x92, 0xa0, 0x4, 0x0, 0xff, 0xe4, 0xb1,
    0x0, 0xd, 0x80, 0x3f, 0xf8, 0xe3, 0x0, 0x88,
    0x8, 0x10, 0xf, 0xfe, 0x34, 0x8, 0x4c, 0x80,
    0x60, 0x3, 0xff, 0x8a, 0x4c, 0xc, 0x44, 0x70,
    0x62, 0x0, 0xff, 0xe2, 0x48, 0xc, 0x0, 0x20,
    0x42, 0x40, 0x3f, 0xf8, 0x6a, 0x81, 0x2, 0x1,
    0x58, 0x22, 0x80, 0x7f, 0xf0, 0xa0, 0xd, 0x80,
    0x32, 0x98, 0x40, 0x7, 0xff, 0x5, 0xc8, 0x3c,
    0x0, 0x88, 0x0, 0x78, 0x13, 0x80, 0x7f, 0xc3,
    0x0, 0xa6, 0x7, 0x76, 0x30, 0x36, 0x8, 0x10,
    0xf, 0xf5, 0x80, 0x2c, 0x1, 0xe0, 0xf, 0x0,
    0x40, 0x2, 0xc0, 0x3f, 0x8d, 0x42, 0x4, 0x18,
    0xc0, 0x6, 0xc0, 0x30, 0xa, 0x60, 0x1f, 0xbc,
    0x9, 0xc0, 0x60, 0x11, 0x1, 0x0, 0x7, 0x20,
    0xf0, 0xf, 0x98, 0xc2, 0x0, 0x10, 0x21, 0x32,
    0x1, 0x80, 0x4, 0x81, 0xb0, 0x7, 0xa0, 0x11,
    0x40, 0x98, 0x18, 0x88, 0xe0, 0xe4, 0x8, 0x80,
    0x80, 0x8, 0x9a, 0x84, 0x9, 0xdd, 0xc0, 0xe,
    0x66, 0x78, 0x3, 0x9d, 0xc4, 0x3, 0x4c, 0x33,
    0x25, 0x0, 0x34, 0x40, 0xc0, 0x11, 0x32, 0x80,
    0x1, 0xc4, 0x18, 0x0, 0xb3, 0x58, 0x45, 0xff,
    0xcc, 0xd0,

    /* U+E22F "" */
    0x0, 0xff, 0xe0, 0x21, 0x80, 0x7f, 0xf2, 0xce,
    0xf0, 0x3, 0xff, 0x86, 0x45, 0xc2, 0x1, 0xf8,
    0x48, 0xb8, 0x3, 0x37, 0x6e, 0xf7, 0x18, 0x7,
    0x97, 0xb7, 0x7b, 0x98, 0x16, 0x44, 0x3, 0xff,
    0x90, 0x32, 0xb0, 0x7, 0xba, 0xee, 0xbc, 0xc0,
    0x3c, 0xbf, 0xdd, 0x6e, 0x8c, 0x20, 0xc2, 0x88,
    0x82, 0x30, 0x7, 0xf8, 0x46, 0x22, 0x50, 0x18,
    0x7, 0xff, 0xbc, 0x4c, 0x3, 0xf2, 0x0, 0x7f,
    0xf0, 0xf7, 0x20, 0x3, 0xd7, 0x69, 0x0, 0xff,
    0xe1, 0x30, 0x3c, 0x0, 0x43, 0x48, 0x2, 0x1,
    0xff, 0xc2, 0xa3, 0x7, 0x80, 0x5, 0x28, 0x2c,
    0x0, 0x7f, 0xf0, 0xf4, 0x81, 0x0, 0x8, 0xb,
    0x40, 0x1f, 0xfc, 0x41, 0xc2, 0x0, 0xc9, 0x40,
    0x1f, 0xfc, 0x61, 0xc2, 0x0, 0x25, 0x80, 0x7f,
    0xf2, 0x7, 0xd, 0x6c, 0x3, 0xff, 0x94, 0x39,
    0x40, 0x1f, 0xfc, 0x3, 0xc, 0x10, 0xf, 0xfe,
    0x30, 0xe0, 0x1d, 0x2, 0xf7, 0xff, 0xff, 0x1b,
    0x94, 0x29, 0xd8, 0x3, 0xff, 0x94, 0xce, 0x13,
    0xb5, 0x5f, 0xfc, 0x8d, 0x90,

    /* U+E231 "" */
    0x0, 0xf8, 0x54, 0x3, 0xff, 0x99, 0xb5, 0x0,
    0x1f, 0xfc, 0xa2, 0x30, 0x71, 0x0, 0xff, 0xe4,
    0xa8, 0x5, 0x20, 0x1f, 0xfc, 0x9a, 0x0, 0x9c,
    0x40, 0x38, 0xb6, 0x40, 0x3f, 0xe2, 0x20, 0x40,
    0x2, 0x40, 0x31, 0x61, 0x31, 0x0, 0x7f, 0x94,
    0x0, 0xec, 0xe, 0x20, 0x2, 0xc1, 0x0, 0x28,
    0x7, 0xfa, 0x81, 0x42, 0x0, 0x12, 0x5, 0x82,
    0x6, 0x14, 0x1, 0xfc, 0x44, 0xf, 0x1, 0x60,
    0x73, 0xc1, 0xb, 0x80, 0x22, 0x0, 0x7e, 0x50,
    0x2, 0x80, 0x20, 0x1, 0x82, 0x16, 0x88, 0x10,
    0x50, 0xf, 0xd4, 0xa, 0x1, 0xb, 0x0, 0x58,
    0x80, 0x7, 0xa, 0x0, 0xf8, 0x88, 0x1e, 0x1,
    0xa0, 0x1, 0x66, 0x1, 0x68, 0x11, 0x0, 0x3c,
    0xa0, 0x5, 0x0, 0xc3, 0xdc, 0x40, 0xc, 0x82,
    0x14, 0x1, 0xea, 0x5, 0x0, 0xf0, 0x88, 0x3,
    0xce, 0xa, 0x1, 0xc4, 0x40, 0xf0, 0xf, 0xfe,
    0x16, 0x81, 0x10, 0x3, 0x28, 0x1, 0x40, 0x3f,
    0xf8, 0x48, 0x21, 0x40, 0x1a, 0x81, 0x40, 0x3f,
    0xf8, 0x8e, 0xa, 0x1, 0x11, 0x3, 0xc0, 0x3f,
    0xf8, 0x9a, 0x4, 0x40, 0x2, 0x80, 0x14, 0x3,
    0xff, 0x88, 0x82, 0xa, 0x0, 0xa0, 0x50, 0xf,
    0xfe, 0x33, 0x85, 0x1, 0x10, 0x3c, 0x3, 0xff,
    0x8d, 0xa0, 0x44, 0x50, 0x1, 0x3b, 0x37, 0xff,
    0x14, 0xc0, 0xb, 0x60, 0x8, 0x84, 0xcf, 0xff,
    0x16, 0x0, 0x17, 0x44, 0x5f, 0xfc, 0xca,

    /* U+E232 "" */
    0x0, 0xf9, 0xb0, 0x80, 0x3f, 0xf9, 0x72, 0x72,
    0x1, 0xff, 0xca, 0x40, 0x2, 0x18, 0x7, 0xff,
    0x27, 0x80, 0x28, 0x0, 0xf9, 0x8, 0x3, 0xff,
    0x80, 0xa0, 0x40, 0x86, 0x1, 0xd1, 0x78, 0x1,
    0xff, 0x20, 0x3, 0x88, 0x20, 0x3, 0x43, 0x80,
    0xa0, 0x7, 0xfb, 0x80, 0x8e, 0xc1, 0xc, 0x1,
    0xe, 0x1, 0x70, 0x7, 0xf9, 0x41, 0x41, 0x88,
    0x20, 0x21, 0xc1, 0x1c, 0x14, 0x3, 0xf9, 0x0,
    0x14, 0x0, 0xb0, 0x4a, 0x70, 0x4b, 0xa0, 0x2,
    0x0, 0x7e, 0xe0, 0x22, 0x0, 0x18, 0x81, 0x41,
    0x2c, 0x8, 0x81, 0xc0, 0x1f, 0x94, 0x28, 0x3,
    0x40, 0x1, 0x2c, 0x2, 0x50, 0x50, 0xf, 0x90,
    0x0, 0xa0, 0x19, 0x59, 0x96, 0x1, 0xa8, 0x0,
    0xa0, 0x1e, 0xe0, 0x22, 0x0, 0x74, 0xc8, 0x3,
    0x88, 0x81, 0xe0, 0x1e, 0x50, 0x3d, 0xff, 0x6d,
    0x20, 0x7, 0xea, 0x5, 0x0, 0xe4, 0x0, 0x9,
    0x0, 0x9, 0x6f, 0xc, 0x3, 0xca, 0x0, 0x50,
    0xd, 0xc0, 0x2, 0x7a, 0xa3, 0x90, 0x1e, 0x48,
    0x80, 0x63, 0x0, 0x78, 0x6, 0x50, 0x7d, 0x85,
    0x54, 0x6d, 0x8, 0x37, 0x64, 0xcb, 0x38, 0x0,
    0xa0, 0x12, 0x0, 0x28, 0x3, 0xcb, 0xce, 0x0,
    0x36, 0x61, 0x80, 0x64, 0x0, 0x70, 0x11, 0x0,
    0x3f, 0x47, 0x4a, 0xa2, 0x1a, 0xbc, 0x83, 0x80,
    0xa, 0x14, 0x1, 0xfe, 0x16, 0xab, 0xb4, 0xa8,
    0x50, 0x28, 0x20, 0x1, 0x40, 0x3f, 0xf8, 0xca,
    0x0, 0x4d, 0x0, 0x67, 0x6e, 0xff, 0xf1, 0x3b,
    0x0, 0x1a, 0x40, 0x1, 0x11, 0x17, 0xff, 0x10,
    0x44, 0x0, 0x2a, 0x99, 0xff, 0xe6, 0x50,

    /* U+E235 "" */
    0x0, 0xff, 0xe4, 0x35, 0x30, 0x7, 0xff, 0x1c,
    0xae, 0x56, 0x5c, 0x3, 0xff, 0x88, 0x53, 0xa8,
    0x2, 0x14, 0x1, 0x9, 0x17, 0xe3, 0x58, 0xcd,
    0x60, 0x4, 0xc8, 0x2, 0x2c, 0xed, 0xdf, 0xd9,
    0x4e, 0x60, 0x2f, 0xcc, 0x20, 0x17, 0x98, 0x7,
    0xfc, 0x2b, 0x3d, 0x2, 0x1, 0x94, 0x82, 0x77,
    0x4e, 0x3, 0xbb, 0xbf, 0xa9, 0x80, 0x3e, 0x30,
    0x16, 0x22, 0x70, 0x0, 0x8b, 0x0, 0x7f, 0xff,
    0xc0, 0x3f, 0xfa, 0x86, 0x2, 0x60, 0x1, 0x0,
    0xff, 0xe2, 0xa0, 0x86, 0x7f, 0xa0, 0x7, 0xff,
    0x6d, 0xb9, 0x0, 0x7c, 0x3a, 0x20, 0x1f, 0xe2,
    0x48, 0xdd, 0x28, 0x0, 0x40, 0x23, 0xeb, 0x20,
    0x3a, 0xa0, 0x2, 0x25, 0xd0, 0x0, 0x55, 0xa6,
    0x1, 0xe4, 0x70, 0x2, 0xa8, 0x80, 0x5a, 0x2f,
    0xed, 0x0, 0xb2, 0x80, 0x3c, 0x40, 0x60, 0x4,
    0xa, 0x0, 0xc9, 0x76, 0x10, 0x20, 0x70, 0xd,
    0x60, 0x5, 0xa, 0x3, 0x50, 0xe, 0x4e, 0x73,
    0x6a, 0x0, 0xc6, 0x21, 0xc0, 0x68, 0x16, 0x1,
    0xf4, 0x64, 0x80, 0x7a, 0x41, 0xc, 0x20, 0x5,
    0x0, 0x3f, 0xf8, 0x6e, 0x21, 0xe0, 0x40, 0x1,
    0x0, 0xff, 0xe2, 0x40, 0x1e, 0xe0, 0x1, 0x0,
    0x3f, 0xf8, 0x8c, 0xa0, 0x44, 0x9, 0x10, 0xf,
    0xfe, 0x2d, 0x51, 0x99, 0x8c, 0x1, 0xff, 0x0,

    /* U+E23A "" */
    0x0, 0xfe, 0x18, 0xcb, 0x60, 0xf, 0xfe, 0x28,
    0xcf, 0x39, 0xa4, 0xf3, 0x80, 0x7f, 0xf0, 0x4a,
    0x79, 0x80, 0xc, 0x80, 0x31, 0xce, 0x1, 0xfc,
    0x53, 0xac, 0x0, 0x7e, 0x9b, 0xd5, 0x1, 0x8e,
    0x70, 0xe, 0x29, 0xd6, 0x1, 0x7e, 0x81, 0x0,
    0x15, 0x6a, 0x80, 0xc7, 0xc0, 0x82, 0xeb, 0x0,
    0x1f, 0xe0, 0x40, 0x3c, 0x55, 0xaa, 0x0, 0x7f,
    0x2e, 0x0, 0xcf, 0xdf, 0xff, 0xed, 0x50, 0x8,
    0x57, 0x0, 0x3f, 0xf9, 0x48, 0xf9, 0x55, 0xff,
    0xc7, 0xbd, 0x30, 0x35, 0x5f, 0xfe, 0x3a, 0x10,
    0x7, 0x19, 0x0, 0x48, 0x1, 0x9, 0x80, 0x46,
    0x20, 0x1f, 0x16, 0x68, 0x2, 0x2e, 0x40, 0x19,
    0x84, 0x3, 0xcf, 0x0, 0xf9, 0x80, 0x30, 0x81,
    0x0, 0x8, 0x4, 0x1c, 0x4, 0x3, 0xff, 0xfe,
    0x1, 0xff, 0xff, 0x0, 0xff, 0xe6, 0xb0, 0x10,
    0x3, 0xc0, 0xc0, 0x6, 0xc, 0xc, 0x4, 0x1,
    0xf1, 0x76, 0x80, 0x1b, 0xa0, 0x1, 0x9c, 0x60,
    0x5d, 0xa0, 0x1f, 0x84, 0x3, 0x8, 0x6, 0x10,
    0x8, 0x40, 0x38, 0x55, 0x7f, 0xf9, 0x41, 0x55,
    0xff, 0xcb, 0x6d, 0x0, 0xff, 0xe4, 0x8a, 0x80,

    /* U+E241 "" */
    0x0, 0xff, 0x1c, 0xdd, 0xa4, 0xc0, 0x3f, 0xf9,
    0x11, 0x8c, 0x88, 0x6c, 0x80, 0xf, 0xfe, 0x19,
    0x45, 0x6b, 0x80, 0xb3, 0x4, 0x1f, 0x6a, 0x8,
    0x3, 0xfc, 0xfa, 0xea, 0x40, 0xbd, 0x32, 0xe5,
    0x2, 0x57, 0xd8, 0x0, 0xfd, 0x10, 0x1, 0x55,
    0x3d, 0x0, 0x6a, 0x75, 0x50, 0x83, 0xc0, 0x7,
    0x89, 0xc1, 0x3a, 0xa9, 0x0, 0x1e, 0x8a, 0xa7,
    0x20, 0x39, 0x0, 0x75, 0x0, 0xd8, 0x7, 0xff,
    0xa, 0xc4, 0x28, 0x3, 0x8c, 0x10, 0x3, 0xff,
    0x88, 0x80, 0x60, 0x1c, 0xc0, 0x60, 0x1f, 0xfc,
    0x43, 0x6, 0x0, 0xd2, 0x40, 0x20, 0x1f, 0xe1,
    0x61, 0x0, 0x84, 0xa, 0x40, 0x6, 0xc0, 0xb0,
    0x1, 0xfc, 0x39, 0x30, 0x1, 0x42, 0x83, 0x10,
    0x50, 0xd, 0x0, 0x70, 0x80, 0x43, 0x84, 0x1a,
    0x1, 0xa8, 0x42, 0xc1, 0x41, 0x80, 0x39, 0xba,
    0x40, 0x70, 0x82, 0x90, 0x3, 0x9c, 0x14, 0x3,
    0xf8, 0x41, 0xab, 0x8, 0x29, 0x40, 0x3f, 0xca,
    0xa, 0x1, 0xce, 0xa0, 0xa4, 0x14, 0xa0, 0x1f,
    0x20, 0x28, 0x50, 0x14, 0x80, 0x75, 0x28, 0x2,
    0x94, 0x3, 0xe9, 0x20, 0xa0, 0x35, 0x6, 0x70,
    0xe, 0xa9, 0xb5, 0x0, 0xf9, 0xd8, 0x18, 0xc0,
    0x14, 0x41, 0xc0, 0x1e, 0x64, 0x0, 0xfd, 0xc0,
    0x52, 0x1, 0x98, 0x3, 0xff, 0x8c, 0x60, 0xc0,
    0x1c, 0x40, 0xe0, 0x1f, 0xfc, 0x44, 0x3, 0x0,
    0xeb, 0x1, 0xa0, 0xf, 0xfe, 0x15, 0x8, 0x50,
    0x7, 0x13, 0x82, 0xf4, 0xc9, 0xc0, 0x3c, 0xf1,
    0x3c, 0xa0, 0xe4, 0x1, 0xe8, 0x60, 0x16, 0x64,
    0x48, 0x6, 0x98, 0x76, 0x10, 0x68, 0x0, 0xfd,
    0x38, 0xc6, 0x20, 0xdb, 0x10, 0xd6, 0x1, 0x36,
    0xc9, 0x0, 0xff, 0x1c, 0xe7, 0x30, 0x13, 0xb8,
    0x81, 0xbb, 0x24, 0xc0, 0x3f, 0xf8, 0x73, 0x8c,
    0x44, 0x6b, 0x90, 0xf, 0xf0,

    /* U+E242 "" */
    0x0, 0xf2, 0xb3, 0x73, 0xb3, 0x79, 0x40, 0x3f,
    0xc7, 0xd5, 0x33, 0xd1, 0x33, 0xea, 0xe3, 0x0,
    0xf8, 0x74, 0x40, 0x48, 0x40, 0x4, 0x40, 0x0,
    0x90, 0x80, 0xe8, 0x80, 0x7b, 0x44, 0x33, 0xb4,
    0x80, 0xf7, 0x46, 0x5, 0xbd, 0x80, 0x3a, 0x1,
    0xd0, 0x61, 0x46, 0x4, 0x61, 0x20, 0x9, 0x3,
    0x20, 0x3a, 0x3, 0x80, 0x9, 0x1c, 0x19, 0x40,
    0x16, 0x2, 0xa0, 0x5, 0x10, 0xb0, 0x2, 0xb0,
    0x3a, 0x0, 0xd0, 0x14, 0x80, 0x5, 0x81, 0x80,
    0x33, 0x3, 0x0, 0x52, 0x41, 0x43, 0x2, 0x8,
    0xef, 0x58, 0x0, 0x5d, 0x98, 0xe0, 0x15, 0x3b,
    0xc8, 0x3, 0xa, 0x0, 0x68, 0x89, 0x40, 0xd,
    0x13, 0x28, 0x70, 0x2, 0xc4, 0x4c, 0x0, 0x57,
    0x0, 0x9, 0x14, 0x20, 0x1, 0x11, 0x10, 0x44,
    0x0, 0x12, 0x28, 0x40, 0xf, 0xe0, 0x6, 0xdd,
    0xac, 0x1, 0xfd, 0xba, 0xef, 0x0, 0x5e, 0xec,
    0xc0, 0xf, 0x46, 0x7, 0x40, 0x2, 0x80, 0x1c,
    0x3, 0x38, 0x1, 0x40, 0x8, 0xe0, 0xa8, 0x12,
    0x41, 0x42, 0x0, 0x40, 0xd0, 0xd, 0xa0, 0x80,
    0x1, 0xa0, 0x2a, 0x0, 0xb8, 0x6, 0x80, 0x1a,
    0x8, 0x1, 0x90, 0x34, 0x1, 0x42, 0x1c, 0x1,
    0x8e, 0x1, 0x18, 0x1c, 0x0, 0xa0, 0x5, 0x0,
    0x38, 0x32, 0x4, 0x18, 0x7, 0x3a, 0x4, 0x90,
    0x98, 0x78, 0x3, 0xc0, 0xc4, 0xa4, 0x11, 0xc0,
    0x3e, 0xa1, 0xf, 0xb, 0x5, 0x0, 0x28, 0x20,
    0x78, 0xd, 0x0, 0x7e, 0x1a, 0x2, 0x94, 0x0,
    0x22, 0x0, 0x17, 0x24, 0x14, 0x20, 0x1f, 0xc8,
    0xe0, 0xcc, 0x10, 0xdd, 0x0, 0xb3, 0x1, 0xd0,
    0x3, 0xfe, 0x83, 0xa, 0x50, 0x77, 0x2, 0xd0,
    0x1c, 0x0, 0x7f, 0xf0, 0x78, 0x0, 0x80, 0x22,
    0x4, 0x0, 0x70, 0x7, 0xff, 0x8, 0xa8, 0x3,
    0xf5, 0x10, 0x7, 0xff, 0xd, 0x54, 0x1, 0xe6,
    0x50, 0xf, 0xfe, 0x2d, 0x10, 0x6, 0x29, 0x0,
    0xff, 0xe3, 0xe2, 0x80, 0x17, 0x0, 0x3f, 0xf9,
    0x3, 0x5f, 0xea, 0x10, 0xf, 0xf0,

    /* U+E247 "" */
    0x0, 0x1b, 0x37, 0x88, 0x3, 0xff, 0x8b, 0x79,
    0x33, 0xed, 0x80, 0xf, 0xfe, 0x1c, 0x20, 0x8,
    0xf0, 0x1, 0xd8, 0x3, 0xff, 0x84, 0xa0, 0xdd,
    0xdd, 0xe6, 0x12, 0xa4, 0x5f, 0x8, 0x7, 0x18,
    0x78, 0x7, 0xb4, 0x42, 0xb7, 0x7e, 0xeb, 0x10,
    0x8, 0x40, 0x3f, 0xe, 0x98, 0x7, 0xf2, 0x68,
    0x7, 0xff, 0x4, 0xf3, 0xb7, 0x7e, 0x90, 0x34,
    0x0, 0xff, 0xe1, 0x9, 0x17, 0xcc, 0x0, 0x20,
    0xf, 0xf1, 0x2b, 0x37, 0xfc, 0x0, 0x10, 0xf,
    0xe8, 0xda, 0x99, 0xff, 0x80, 0x10, 0xe0, 0x1f,
    0x2b, 0x80, 0x7f, 0xf1, 0x21, 0x0, 0x3d, 0x0,
    0x7f, 0xff, 0xfc, 0x23, 0xe, 0x10, 0xc, 0xc4,
    0x1e, 0x1, 0xff, 0xc2, 0x70, 0xf, 0xac, 0x10,
    0xc0, 0x3f, 0xf8, 0x4a, 0x1a, 0x1, 0x8c, 0x82,
    0x0, 0x3f, 0xf8, 0x46, 0x20, 0x80, 0x18, 0xda,
    0xc, 0x3, 0xff, 0x84, 0x80, 0x3, 0x0, 0xe9,
    0x70, 0xf, 0xfe, 0x1e, 0x2, 0x0, 0x7f, 0xf2,
    0xd0, 0x34, 0x3, 0xff, 0x94, 0x80, 0x4, 0x3,
    0xc, 0x0, 0xff, 0xe3, 0x70, 0x9, 0x2, 0x82,
    0xff, 0x77, 0xff, 0xf, 0xfc, 0xa0, 0xc0, 0x8,
    0x50, 0x0, 0x8f, 0xff, 0xc, 0x2, 0x48, 0x0,
    0xab, 0x26, 0x7f, 0xf8, 0xd9, 0x60, 0x10,

    /* U+E259 "" */
    0x0, 0x93, 0x3b, 0x9f, 0xfe, 0xee, 0x5a, 0x0,
    0x72, 0xd9, 0x88, 0x80, 0x3c, 0x22, 0x4b, 0x60,
    0xd, 0x60, 0xb3, 0x3f, 0xd0, 0x41, 0x0, 0x11,
    0x8, 0x53, 0x37, 0xf3, 0xf0, 0x9, 0x0, 0xc,
    0x0, 0xe2, 0x1, 0xf8, 0xa4, 0x0, 0x40, 0x1,
    0x60, 0x8e, 0xa0, 0xe, 0x3e, 0xd5, 0x7, 0x0,
    0xd2, 0xa0, 0x5, 0x40, 0xd, 0x2, 0x0, 0x78,
    0x0, 0xea, 0xe1, 0x2, 0x0, 0xcc, 0xf, 0xf0,
    0x1, 0xf0, 0x98, 0x7, 0xee, 0x0, 0xff, 0xf3,
    0x18, 0x7, 0xe1, 0x0, 0xfe, 0x71, 0x2, 0x0,
    0xcc, 0x14, 0x60, 0x1e, 0x4d, 0x80, 0x34, 0x0,
    0xd0, 0x5, 0x96, 0x60, 0x13, 0xd9, 0x2, 0x68,
    0x7, 0x1e, 0x10, 0x26, 0x28, 0xc, 0x1, 0x5d,
    0x84, 0x3, 0xc7, 0xb4, 0x41, 0x40, 0xa0, 0xc,
    0x40, 0xf, 0xf2, 0xe0, 0x1, 0x4, 0x0, 0x8a,
    0xbf, 0xfc, 0x4, 0x0, 0xb, 0x80, 0x2a, 0xbf,
    0xf8, 0x40, 0x7, 0x2a, 0x10, 0xf, 0xfe, 0x10,
    0xd1, 0x2, 0xf7, 0xff, 0x68, 0x3, 0x7f, 0xfb,
    0x94, 0x3, 0xff, 0xfe, 0x1, 0xff, 0xc2, 0x25,
    0x51, 0x0, 0x7e,

    /* U+E25A "" */
    0x0, 0xff, 0xe1, 0xae, 0x28, 0x7, 0xff, 0x29,
    0xa8, 0xe9, 0x80, 0x3f, 0xf9, 0x7, 0x20, 0x14,
    0x90, 0x7, 0xff, 0x1e, 0x40, 0x74, 0x42, 0x0,
    0x3f, 0xf8, 0xe8, 0x12, 0x4c, 0x8, 0x1, 0xff,
    0xc7, 0x10, 0x10, 0xe0, 0x10, 0xf, 0xfe, 0x20,
    0xa2, 0x88, 0x68, 0x68, 0x3, 0xfa, 0x8c, 0x3,
    0xfc, 0x55, 0xd7, 0x42, 0x9, 0x28, 0x1, 0xa,
    0xe3, 0x0, 0x7e, 0x5d, 0x50, 0xf, 0x30, 0x1,
    0x26, 0x4, 0x25, 0x40, 0x3c, 0x94, 0x3, 0x1d,
    0xfa, 0xe0, 0x13, 0x5b, 0x3e, 0x0, 0x24, 0x3,
    0x86, 0x80, 0x71, 0xc4, 0xa, 0x2c, 0x0, 0xd6,
    0xcf, 0x80, 0x9, 0x0, 0xea, 0x10, 0xc2, 0x0,
    0xe4, 0x70, 0x2, 0x4c, 0x8, 0x4a, 0x80, 0x67,
    0x40, 0xa2, 0x0, 0xfa, 0x80, 0x2, 0x2, 0xb8,
    0xc0, 0x18, 0x60, 0x0, 0x80, 0x1b, 0x30, 0x20,
    0x40, 0xb, 0xfe, 0xa3, 0x0, 0xe9, 0x0, 0xb0,
    0x40, 0x2, 0x66, 0xc1, 0x10, 0x0, 0x40, 0x3f,
    0xb, 0x82, 0x1, 0x60, 0x80, 0xd0, 0x16, 0x48,
    0x1, 0x40, 0x3f, 0x30, 0x2, 0xa8, 0x4, 0xe0,
    0x5, 0xa0, 0x27, 0x5, 0x10, 0xf, 0xd4, 0xa,
    0x2b, 0x6c, 0xe0, 0x12, 0xc0, 0x5, 0x0, 0x1f,
    0x90, 0x82, 0x40, 0x9, 0x22, 0x1, 0x2c, 0x0,
    0x2c, 0x80, 0x3f, 0x70, 0x11, 0x80, 0x78, 0xaa,
    0x80, 0x38, 0x80, 0x1f, 0xc8, 0xa, 0x1, 0xc3,
    0x1a, 0xa0, 0x9e, 0x60, 0x1f, 0xc6, 0x21, 0x60,
    0x11, 0xd7, 0x38, 0xc, 0xd8, 0x80, 0x7f, 0x90,
    0x4, 0xcd, 0x1b, 0x8a, 0x0, 0x8e, 0x60, 0xf,
    0xfe, 0x5, 0x80, 0xf6, 0x39, 0x1, 0x4f, 0x38,
    0x7, 0xff, 0x9, 0xc0, 0x2, 0x4, 0xd9, 0xac,
    0x20, 0x1f, 0xfc, 0x39, 0x44, 0x46, 0xea, 0x4c,
    0x3, 0xff, 0x8c,

    /* U+E25D "" */
    0x0, 0xfc, 0xd7, 0xdc, 0xb6, 0x0, 0xff, 0xe1,
    0x1e, 0xca, 0x8, 0x92, 0x74, 0xc0, 0x3f, 0xe5,
    0xc2, 0x4, 0x88, 0x20, 0x16, 0x28, 0x7, 0xf2,
    0x50, 0xe, 0x5b, 0xba, 0xec, 0x21, 0x48, 0x1,
    0xf0, 0xd0, 0x17, 0x98, 0x6, 0x4c, 0x10, 0xb1,
    0x0, 0xf5, 0x8, 0x78, 0x80, 0x78, 0xb4, 0x1,
    0x40, 0x1c, 0x88, 0x9, 0x20, 0xf, 0xc7, 0x0,
    0x88, 0x0, 0xd0, 0x4, 0xc0, 0x1f, 0xe7, 0x20,
    0x80, 0x8, 0x8c, 0x20, 0x3, 0xff, 0x81, 0x0,
    0x66, 0x0, 0x50, 0x1, 0x40, 0x3f, 0xf8, 0xa,
    0x21, 0x60, 0x5, 0x6, 0x0, 0xff, 0xe1, 0x38,
    0x28, 0x9, 0x6, 0x0, 0x7f, 0xf0, 0xb0, 0x8,
    0x48, 0x0, 0xe0, 0x1f, 0xfc, 0x24, 0x0, 0x12,
    0x80, 0x8, 0x3, 0xff, 0x84, 0x20, 0x6, 0x10,
    0x10, 0xf, 0xfe, 0x20, 0x81, 0x0, 0xc, 0x3,
    0xff, 0x88, 0x60, 0x1, 0x2, 0x0, 0xff, 0xe2,
    0x10, 0xa, 0x80, 0x8, 0x3, 0xff, 0x84, 0x40,
    0x5, 0x31, 0x5, 0x0, 0xff, 0xe1, 0x28, 0x0,
    0xc1, 0xc2, 0x44, 0x3, 0xff, 0x80, 0x32, 0xc,
    0x0, 0xb0, 0x1a, 0x0, 0xff, 0xe0, 0x50, 0x85,
    0x80, 0xa, 0x1, 0x28, 0x3, 0xfd, 0x48, 0x10,
    0x40, 0x13, 0xa8, 0x2e, 0xa0, 0x7, 0x93, 0x54,
    0x19, 0xc0, 0x3a, 0x98, 0xa, 0xfa, 0xa2, 0x15,
    0xd6, 0x40, 0xf2, 0x1, 0xf4, 0xe1, 0x0, 0xab,
    0xb9, 0x44, 0xa, 0xe0, 0x3, 0xf8, 0xf7, 0x1d,
    0x8, 0x88, 0xf9, 0xa8, 0x1, 0xc0,

    /* U+E25F "" */
    0x0, 0xff, 0xe6, 0x31, 0x0, 0x7f, 0xf2, 0xda,
    0x64, 0x1, 0xff, 0xcb, 0x10, 0x60, 0xf, 0xff,
    0xd5, 0xb8, 0x7, 0xff, 0x2d, 0x52, 0x0, 0x3f,
    0xff, 0xe0, 0x1f, 0xfc, 0x81, 0xee, 0x8, 0x7,
    0xff, 0x28, 0xc4, 0x46, 0x1, 0xff, 0xf9, 0x35,
    0x0, 0xff, 0xe6, 0x6d, 0x20, 0x7, 0xff, 0x2c,
    0x40, 0x40, 0x3f, 0xff, 0x2d, 0x84, 0x1, 0xff,
    0xcb, 0xd3, 0x40, 0x8, 0x40, 0x40, 0x6, 0x0,
    0x30, 0x0, 0x80, 0x80, 0x42, 0xd, 0x32, 0x60,
    0xb, 0x69, 0x0, 0x3, 0x76, 0x10, 0x2, 0x4e,
    0x80, 0x4d, 0x32,

    /* U+E260 "" */
    0x0, 0xff, 0xe3, 0x54, 0x0, 0x7f, 0xf1, 0x8d,
    0x5c, 0x40, 0x3f, 0xf8, 0xae, 0x1, 0xff, 0xec,
    0x1e, 0xe0, 0x80, 0x7f, 0xf1, 0x4c, 0x44, 0x60,
    0x1f, 0xfe, 0xa3, 0x50, 0xf, 0xfe, 0x3e, 0xd2,
    0x0, 0x7f, 0xf1, 0x84, 0x4, 0x3, 0xff, 0xd4,
    0xd8, 0x40, 0x1f, 0xfc, 0x51, 0xd3, 0x40, 0x8,
    0x40, 0x40, 0x6, 0x0, 0x30, 0x3, 0x0, 0x53,
    0x26, 0x0, 0xb6, 0x90, 0x0, 0x37, 0x61, 0x0,
    0x15, 0x58, 0x0,

    /* U+E261 "" */
    0x0, 0xf1, 0xa8, 0x7, 0xdb, 0x48, 0x1, 0xe1,
    0x1, 0x0, 0xff, 0xe3, 0x36, 0x10, 0x7, 0xb4,
    0xd0, 0x2, 0x10, 0x19, 0x93, 0x0, 0x5b, 0x48,

    /* U+E262 "" */
    0x0, 0xff, 0xe7, 0xf, 0x70, 0x40, 0x3f, 0xe3,
    0x11, 0x18, 0x7, 0xff, 0x60, 0xd4, 0x3, 0xff,
    0x83, 0xb4, 0x80, 0x1f, 0xfc, 0x1, 0x1, 0x0,
    0xff, 0xec, 0x36, 0x10, 0x7, 0xff, 0x3, 0x4d,
    0x0, 0x21, 0x1, 0x0, 0x18, 0x0, 0xe6, 0x4c,
    0x1, 0x6d, 0x20, 0x0, 0x6e, 0xc2,

    /* U+E263 "" */
    0x6c, 0x2d, 0x34, 0x99, 0x30,

    /* U+E26B "" */
    0x0, 0xfc, 0x4f, 0x7b, 0xf8, 0x1, 0xff, 0xc6,
    0x2b, 0xd8, 0x42, 0x3, 0x10, 0xf, 0xfe, 0x24,
    0x6a, 0x0, 0x15, 0x40, 0x1, 0x0, 0xff, 0xe1,
    0xdb, 0x80, 0xcf, 0xd7, 0x0, 0x4, 0x3, 0xff,
    0x85, 0x48, 0x9, 0xcc, 0x0, 0x40, 0x4, 0x80,
    0x7f, 0xf0, 0x5d, 0x41, 0xac, 0x3, 0x98, 0x1e,
    0x4, 0x3, 0xfc, 0x50, 0x9, 0x20, 0x1e, 0x92,
    0x7, 0xee, 0x7d, 0x80, 0x7d, 0x60, 0xa, 0x0,
    0x88, 0x40, 0x2c, 0x50, 0x0, 0x82, 0x80, 0x7c,
    0xc0, 0xe2, 0x0, 0x2d, 0xf0, 0x8, 0x6b, 0x64,
    0xc0, 0xc0, 0x3c, 0xa0, 0x9, 0x0, 0x8c, 0x48,
    0x3, 0x89, 0xac, 0x8, 0x3, 0xd8, 0x4, 0x20,
    0x10, 0xf6, 0x0, 0x7c, 0xa0, 0x8, 0x0, 0xe2,
    0x7, 0x0, 0xff, 0xe1, 0x12, 0x3, 0xc9, 0x1,
    0x3, 0x1, 0x80, 0x7f, 0x77, 0x0, 0x35, 0x10,
    0x36, 0xfe, 0xd0, 0x0, 0x40, 0x3f, 0xf8, 0x63,
    0x8c, 0x1, 0x9d, 0x80, 0x80, 0x28, 0xb1, 0x0,
    0xbf, 0x80, 0x38, 0x67, 0xac, 0xc1, 0x8c, 0x1c,
    0x2, 0x64, 0x50, 0x8, 0x40, 0x3f, 0xa, 0x8,
    0x1e, 0x1, 0x10, 0x1, 0xb2, 0x80, 0x1f, 0x27,
    0xc0, 0x4, 0x44, 0xd, 0x41, 0xa, 0x0, 0x1b,
    0x0, 0x4a, 0x60, 0x10, 0x81, 0x0, 0x56, 0x0,
    0x50, 0x60, 0x72, 0x0, 0xe4, 0xad, 0x0, 0x97,
    0x68, 0x0, 0x4c, 0xe, 0x0, 0x90, 0x7, 0x0,
    0x72, 0x1b, 0x80, 0x62, 0x0, 0xb8, 0x1, 0x20,
    0x1, 0x90, 0x3b, 0x0, 0xec, 0x90, 0xf, 0xa8,
    0xc2, 0x84, 0x2, 0x66, 0x2, 0x61, 0x0, 0x7f,
    0x87, 0x14, 0x1d, 0x40, 0x3a, 0x58, 0xf, 0x60,
    0x40, 0x3c, 0x31, 0xc6, 0xd, 0x0, 0x1f, 0x4c,
    0x80, 0xf, 0xdb, 0x31, 0x9, 0xce, 0x70, 0x4,
    0xc8, 0x3, 0xf9, 0xb9, 0x80, 0x4, 0xce, 0xe6,
    0x30, 0x3, 0x73, 0x0, 0x7f, 0xc3, 0x3d, 0x4c,
    0x84, 0x44, 0x6a, 0xf9, 0x10, 0xf, 0x0,

    /* U+E283 "" */
    0x0, 0xfc, 0x4c, 0xe8, 0x1, 0xf9, 0x1d, 0x88,
    0x0, 0x28, 0x1, 0x8a, 0xf6, 0x62, 0xf4, 0xc0,
    0x32, 0xf5, 0xc4, 0xed, 0xd, 0x5e, 0x21, 0xc6,
    0xa0, 0x0, 0x40, 0xb2, 0x4d, 0x2a, 0x82, 0x2,
    0x0, 0x5a, 0x30, 0x3b, 0xc7, 0x1, 0xaf, 0xeb,
    0x20, 0x6c, 0xb5, 0x3, 0xde, 0xf8, 0x1c, 0x8a,
    0x30, 0x0, 0xb7, 0xa8, 0x1, 0x35, 0xc4, 0x0,
    0x53, 0x84, 0x0, 0x7e, 0x70, 0x5c, 0xed, 0xe9,
    0x10, 0xe, 0x8e, 0xeb, 0x58, 0x3, 0xfc, 0x24,
    0x1, 0xfe, 0x11, 0x0, 0x7f, 0xf7, 0xc5, 0x10,
    0x20, 0x1f, 0x89, 0xc, 0x3, 0x8, 0x6, 0x19,
    0xeb, 0xb7, 0x50, 0x80, 0x63, 0xcd, 0xbc, 0xf8,
    0xa, 0xea, 0x20, 0x5f, 0x60, 0xc, 0xbc, 0xc2,
    0x28, 0xc3, 0x0, 0xcf, 0x40, 0x5, 0xdf, 0xa1,
    0x7, 0xee, 0x40, 0x2, 0x7b, 0x8e, 0x3, 0x5f,
    0xac, 0x7, 0x4e, 0x1, 0x8f, 0x20, 0x44, 0xfa,
    0xa0, 0x19, 0xbd, 0x40, 0xa7, 0xa4, 0x23, 0xee,
    0xdd, 0x86, 0x1, 0x8a, 0xba, 0xed, 0xf2, 0x20,
    0x18, 0x40, 0x32, 0x20, 0x40, 0x3f, 0xa, 0x20,
    0x3, 0xff, 0xc0, 0x22, 0x0, 0xff, 0x8, 0x80,
    0x3f, 0xcd, 0xbd, 0xd3, 0x80, 0x70, 0xcf, 0xf7,
    0x31, 0x42, 0x39, 0xc0, 0x5, 0x92, 0x40, 0x1,
    0x8d, 0x30, 0x2, 0xfb, 0x0, 0x47, 0x50, 0x63,
    0x1f, 0xda, 0x60, 0xb7, 0x66, 0x2, 0xce, 0xfa,
    0x10, 0x7c, 0xa3, 0x3, 0xa5, 0x0, 0x8, 0xd,
    0x51, 0x11, 0x38, 0x40, 0x20, 0x3, 0xd8, 0x35,
    0xcb, 0xa1, 0xad, 0x98, 0xbe, 0x50, 0xc, 0x7b,
    0x91, 0x3b, 0x84, 0x1, 0x90, 0x40,

    /* U+E284 "" */
    0x0, 0x1b, 0x37, 0xff, 0x20, 0xc0, 0x2a, 0xc9,
    0x9f, 0xfe, 0x46, 0x50, 0x42, 0x80, 0x42, 0x3f,
    0xfc, 0x40, 0x9, 0x61, 0x41, 0x7f, 0xdd, 0xdf,
    0xfc, 0x4f, 0xf2, 0x83, 0x18, 0x60, 0x7, 0xff,
    0x23, 0x0, 0x40, 0x3a, 0x24, 0x2, 0x96, 0x0,
    0x2d, 0x10, 0x2, 0x24, 0x3, 0xf8, 0x5d, 0x84,
    0x11, 0xa0, 0x1, 0x2a, 0xa0, 0x17, 0x61, 0x0,
    0xfc, 0x33, 0x21, 0x4, 0x8a, 0x0, 0x7c, 0x30,
    0xc, 0xc8, 0x40, 0x3f, 0x99, 0x80, 0x13, 0xa0,
    0x0, 0xdc, 0x40, 0xc, 0xc0, 0xf, 0xfe, 0x8,
    0x80, 0x42, 0x1, 0x84, 0x3, 0xff, 0x87, 0x7c,
    0x60, 0x3d, 0xa0, 0x5, 0xe9, 0x0, 0xff, 0xee,
    0x5f, 0x18, 0xf, 0x68, 0x1, 0x7a, 0x40, 0x3f,
    0xf8, 0x62, 0x1, 0x8, 0x6, 0x10, 0xf, 0xfe,
    0x10, 0xb3, 0x7f, 0xf0, 0x8, 0x3, 0xff, 0x81,
    0xb3, 0x3f, 0xfc, 0xf, 0x0, 0xff, 0xe0, 0x58,
    0x88, 0x3, 0xf0, 0x89, 0x40, 0x3f, 0xf8, 0xf,
    0xdc, 0xff, 0xfd, 0xdc, 0x80, 0xf, 0x18, 0x60,
    0x7, 0xff, 0x23, 0x0, 0x54, 0x17, 0xff, 0xff,
    0x90, 0xa0, 0xd0, 0xa0, 0x1f, 0xfc, 0xa5, 0x80,
    0xad, 0xa9, 0x9f, 0xfe, 0x35, 0x6d, 0x0,

    /* U+E286 "" */
    0x0, 0xff, 0xe3, 0x8b, 0x56, 0x77, 0xb8, 0x7,
    0xff, 0x15, 0x2f, 0xa5, 0x4c, 0x42, 0x80, 0x3f,
    0xf8, 0x65, 0x76, 0x40, 0x2, 0x39, 0x80, 0x80,
    0x7f, 0xf0, 0x97, 0x50, 0xe, 0xbe, 0xe1, 0x81,
    0x80, 0x3f, 0xf8, 0x2f, 0x40, 0x35, 0x8a, 0x1,
    0x20, 0x10, 0x7, 0xff, 0x1, 0xa0, 0xf, 0xd4,
    0x3, 0x18, 0x86, 0x0, 0x78, 0x51, 0x50, 0x52,
    0x40, 0xf0, 0x40, 0x3a, 0xc0, 0x8, 0x1, 0xd5,
    0xd7, 0x57, 0xd6, 0x5, 0x80, 0x1f, 0x30, 0x30,
    0x7, 0x5a, 0x80, 0x7d, 0xe0, 0x1f, 0x38, 0x85,
    0x80, 0x65, 0x40, 0x7f, 0xf5, 0x80, 0x1c, 0x80,
    0x3c, 0x70, 0xc, 0x40, 0x1a, 0x41, 0x20, 0x1,
    0xc0, 0x30, 0x1, 0xe1, 0xd0, 0x19, 0x0, 0xc4,
    0x61, 0xa4, 0x44, 0x50, 0x90, 0xf, 0x16, 0x8,
    0x50, 0x7, 0x20, 0x2, 0x77, 0x56, 0x0, 0x70,
    0xe, 0x3c, 0x20, 0xa4, 0x0, 0xe2, 0x0, 0xfd,
    0x40, 0x1a, 0x30, 0x42, 0x94, 0x3, 0xc9, 0xdb,
    0xbc, 0xa0, 0xb4, 0xf, 0xce, 0x0, 0xb5, 0x0,
    0xfc, 0x24, 0x5d, 0x4a, 0xb, 0xf0, 0x20, 0x13,
    0x0, 0x7f, 0x8d, 0xdc, 0x40, 0xa, 0x50, 0x9,
    0x70, 0x0, 0xe0, 0x1f, 0xd3, 0x91, 0xd, 0x50,
    0x4, 0x0, 0x2e, 0x8c, 0x3, 0xfe, 0x66, 0x0,
    0x80, 0x28, 0x80, 0x33, 0x0, 0x7f, 0xf0, 0x60,
    0x13, 0xb8, 0x0, 0x50, 0xf, 0x40, 0x1, 0xc0,
    0x3e, 0x61, 0xa, 0x1, 0x10, 0x7, 0x97, 0x1c,
    0x10, 0x80, 0x3e, 0xd0, 0x41, 0x2b, 0x10, 0x40,
    0xd, 0x6, 0x9, 0x40, 0x1f, 0x90, 0x1, 0x7a,
    0x80, 0xe6, 0x6, 0x1, 0x1d, 0x58, 0x80, 0x7c,
    0x40, 0x4, 0x40, 0xc, 0xc0, 0x0, 0x6e, 0x77,
    0x14, 0x3, 0xff, 0x82, 0x93, 0xcc, 0x1, 0x91,
    0x88, 0x3, 0xfe, 0x2d, 0xd7, 0xdb, 0x0, 0x7f,
    0xf2, 0x0,

    /* U+E28B "" */
    0x0, 0xa, 0xb3, 0x7f, 0xf1, 0x50, 0x2, 0x4e,
    0xa9, 0x9f, 0xfe, 0x2d, 0xe0, 0xd, 0x80, 0x4,
    0x7f, 0xf8, 0xa0, 0x72, 0x80, 0xd, 0xee, 0xff,
    0xe2, 0xb0, 0x39, 0x80, 0x90, 0x7, 0xff, 0x17,
    0x0, 0x40, 0x3f, 0xfa, 0x47, 0x2, 0x1, 0xf3,
    0x30, 0x3, 0xff, 0x81, 0xee, 0xc0, 0x1e, 0x19,
    0x90, 0x80, 0x7f, 0xd0, 0xac, 0x1, 0xe1, 0x77,
    0x8, 0x7, 0xfc, 0x94, 0x20, 0x1f, 0x44, 0x0,
    0x3f, 0xf8, 0xc2, 0x1, 0xff, 0xca, 0xce, 0x30,
    0xf, 0xfe, 0x4b, 0x80, 0x7f, 0xf2, 0xef, 0x8c,
    0x3, 0xff, 0x94, 0x20, 0x1f, 0xfc, 0x66, 0x20,
    0xf, 0x95, 0x0, 0x3f, 0xf8, 0xf, 0x3c, 0x1,
    0xe1, 0xab, 0x10, 0xf, 0xf9, 0x52, 0x80, 0x3c,
    0x2c, 0xa2, 0x1, 0xff, 0x15, 0xb0, 0x7, 0xd3,
    0x40, 0x1f, 0xfd, 0x23, 0x1, 0x20, 0xf, 0xfe,
    0x2e, 0x80, 0xa0, 0x3, 0x7b, 0x9b, 0xbf, 0xfc,
    0xe, 0xe9, 0xc1, 0xc6, 0xc0, 0x2, 0x22, 0x2f,
    0xfe, 0x0, 0x8c, 0x9, 0x20, 0x9d, 0x53, 0x3f,
    0xfc, 0x5c, 0xb0,

    /* U+E28E "" */
    0x0, 0xf0, 0xbd, 0x66, 0x2d, 0xc8, 0x3, 0xfc,
    0x33, 0xd0, 0xa6, 0x64, 0x8d, 0xa1, 0x0, 0xf8,
    0xfd, 0x80, 0x8, 0xcc, 0x40, 0x2, 0xf9, 0x80,
    0x71, 0x60, 0x83, 0xf5, 0xcc, 0xaf, 0xe0, 0x7,
    0x8, 0x3, 0x78, 0x2, 0xe0, 0x40, 0x39, 0xf0,
    0x43, 0xc0, 0x26, 0x20, 0xa4, 0x0, 0xf, 0x70,
    0x40, 0x7, 0x40, 0x4c, 0x0, 0xb0, 0x45, 0x0,
    0x8c, 0x44, 0x60, 0x12, 0x20, 0x2c, 0x4, 0x83,
    0x80, 0x3f, 0xf8, 0x1e, 0x4, 0x45, 0x0, 0x20,
    0x7, 0xff, 0x1, 0x40, 0xc, 0x1, 0x8, 0x7,
    0xff, 0x0, 0x40, 0x2, 0x20, 0xf, 0xfe, 0x79,
    0x2a, 0x88, 0x3, 0xff, 0x8b, 0x54, 0x0, 0xff,
    0xfc, 0x88, 0x7, 0xff, 0x28, 0x40, 0x3f, 0xf8,
    0x62, 0xa0, 0x5, 0x0, 0xff, 0xe0, 0x20, 0x1,
    0x84, 0xc3, 0x80, 0x3f, 0xf8, 0x1c, 0x4, 0x40,
    0xa0, 0x54, 0x0, 0xff, 0x1a, 0x85, 0x0, 0x18,
    0x82, 0x8c, 0x3, 0xf1, 0x68, 0x13, 0x80, 0x5e,
    0x3, 0x8e, 0x1, 0xe7, 0xd1, 0xe, 0x0, 0xc5,
    0x82, 0x11, 0xf5, 0x10, 0xaf, 0x80, 0x1c, 0x30,
    0xe, 0x3c, 0x40, 0x2, 0xbb, 0x94, 0x0, 0xbe,
    0x60, 0x1f, 0x15, 0xeb, 0xa1, 0x92, 0x3e, 0xd0,
    0x80, 0x60,

    /* U+E28F "" */
    0x0, 0xff, 0xe1, 0x2b, 0x18, 0x7, 0xff, 0x24,
    0xb6, 0xa7, 0x28, 0x3, 0xff, 0x8e, 0x58, 0x40,
    0x12, 0xd0, 0x7, 0xff, 0x14, 0xb0, 0x42, 0xfd,
    0x81, 0x68, 0x3, 0xff, 0x86, 0x58, 0x21, 0x68,
    0x12, 0xc0, 0xb4, 0x1, 0xff, 0xc1, 0x2c, 0x10,
    0xb4, 0x0, 0xa5, 0x81, 0x68, 0x3, 0xfe, 0x2c,
    0x10, 0xb4, 0x0, 0xe9, 0x70, 0x5a, 0x0, 0xfe,
    0x2c, 0x10, 0xb4, 0x0, 0xfa, 0x1c, 0x16, 0x80,
    0x3e, 0x2c, 0x10, 0xb4, 0x0, 0xfe, 0x86, 0x5,
    0xa0, 0xe, 0x2c, 0x10, 0xb4, 0x0, 0xff, 0xa5,
    0x81, 0x58, 0x2, 0x2c, 0x10, 0xb4, 0x0, 0xff,
    0xe0, 0xca, 0x6, 0x80, 0xb, 0x4, 0x9, 0x40,
    0x3f, 0xf8, 0xae, 0x5, 0x82, 0x0, 0x2c, 0x10,
    0xf, 0xfe, 0xb, 0xa0, 0x58, 0xe0, 0x85, 0xc8,
    0x16, 0x8, 0x7, 0xfc, 0xf0, 0x8, 0xf0, 0x21,
    0x68, 0xd2, 0x5, 0x82, 0x1, 0xfc, 0xf0, 0x7,
    0x60, 0xa0, 0xc8, 0x0, 0x69, 0x2, 0xc1, 0x0,
    0xf9, 0xe0, 0xf, 0x0, 0xe, 0x8, 0x1, 0x9a,
    0x40, 0xb0, 0x40, 0x39, 0xe0, 0xf, 0x0, 0x2e,
    0x2, 0xc0, 0xc, 0xd2, 0x5, 0x82, 0x1, 0x3c,
    0x1, 0xe0, 0x6, 0x58, 0x3, 0xc0, 0xc, 0xd2,
    0x5, 0x82, 0xf, 0x0, 0x78, 0x1, 0xe7, 0x80,
    0x3c, 0x0, 0xcd, 0x20, 0x59, 0x10, 0x3, 0xc0,
    0xf, 0xce, 0xe0, 0x3c, 0x0, 0xcd, 0x20, 0x4e,
    0x7, 0x80, 0x1f, 0xe8, 0x70, 0x3c, 0x77, 0xc2,
    0x40, 0x15, 0xb3, 0x78, 0x3, 0xd1, 0x0, 0x38,
    0x8e, 0x20, 0xa, 0x26, 0x7e, 0x0, 0xf3, 0xd9,
    0x91, 0x7f, 0xf1, 0x34, 0x0,

    /* U+E290 "" */
    0x0, 0xf9, 0x59, 0xbf, 0xca, 0x1, 0xff, 0xc0,
    0x3e, 0xa9, 0x9f, 0xf5, 0x60, 0x80, 0x7f, 0xb8,
    0x40, 0x47, 0xfc, 0x7, 0x60, 0x1f, 0xc6, 0x41,
    0x7d, 0xdf, 0xe8, 0x5, 0x0, 0xff, 0xe0, 0x28,
    0x7, 0xf8, 0xc0, 0x3f, 0xfa, 0x1f, 0xec, 0x30,
    0xf, 0xf1, 0x6f, 0xfe, 0xe4, 0x0, 0xf1, 0xe1,
    0x80, 0x7f, 0x39, 0x0, 0x61, 0x30, 0xd, 0x76,
    0x20, 0x80, 0x3, 0x4c, 0x0, 0x65, 0xa9, 0x9d,
    0x4e, 0x1, 0x91, 0x14, 0xa, 0x39, 0x2c, 0x80,
    0x1c, 0xac, 0xd9, 0x40, 0x3e, 0x10, 0x4, 0x18,
    0x8, 0x80, 0x38, 0x48, 0xb0, 0x80, 0x7f, 0x90,
    0x1b, 0xb4, 0x0, 0x20, 0x9d, 0xbb, 0xb8, 0xc0,
    0x3f, 0x8c, 0x3c, 0x3, 0xce, 0x1, 0xff, 0xcd,
    0x3e, 0xdd, 0xdc, 0x60, 0xe0, 0x1f, 0xfc, 0x51,
    0x22, 0xc2, 0x1, 0xff, 0xca, 0x22, 0x0, 0x7f,
    0xf2, 0x8f, 0x77, 0x10, 0x7, 0xff, 0x23, 0x48,
    0x0, 0x58, 0x1, 0xff, 0xc7, 0x51, 0xe, 0xd0,
    0x14, 0x0, 0xff, 0xe3, 0x18, 0x8, 0x88, 0x0,
    0x40, 0x1f, 0xf0, 0x80, 0x7f, 0xf2, 0x4, 0x0,
    0x81, 0x2f, 0x60, 0x7, 0x6c, 0x1, 0x66, 0x0,
    0x31, 0xac, 0x0, 0xee, 0x90, 0x48, 0x1, 0x87,
    0x0, 0x44, 0xa8, 0x2, 0x64, 0x0, 0x59, 0x70,
    0x4, 0x40, 0x42, 0xb, 0x50, 0x8b, 0xff, 0x90,
    0xba, 0x40,

    /* U+E296 "" */
    0x1d, 0xff, 0xff, 0xe2, 0x68, 0x91, 0x0, 0x3f,
    0xf8, 0x84, 0x43, 0xba, 0x0, 0x35, 0x57, 0xe6,
    0x0, 0x55, 0x98, 0x22, 0x80, 0x31, 0x57, 0xf6,
    0x0, 0x15, 0x0, 0x3f, 0xfc, 0x44, 0x1, 0xf8,
    0x80, 0x3f, 0x28, 0x42, 0x0, 0x79, 0x20, 0x14,
    0x3, 0xd6, 0x21, 0x68, 0x1, 0x92, 0xc0, 0x6c,
    0x3, 0xc3, 0x82, 0x16, 0x80, 0x4, 0xb0, 0x1c,
    0x10, 0xf, 0x8b, 0x4, 0x2d, 0x11, 0x60, 0x38,
    0x40, 0x1f, 0xc5, 0x82, 0x17, 0x60, 0x1c, 0x20,
    0xf, 0xf8, 0xb0, 0x40, 0x3, 0x84, 0x1, 0xff,
    0xc1, 0x61, 0x0, 0xb, 0x0, 0x7f, 0xf0, 0x4e,
    0xc0, 0x35, 0x98, 0x7, 0xfc, 0x78, 0x0, 0xcc,
    0x0, 0x30, 0xc0, 0x3f, 0x8f, 0x0, 0x18, 0x66,
    0xc0, 0x6, 0x18, 0x7, 0xc5, 0x80, 0xc, 0x30,
    0x1, 0xe0, 0x3, 0x8, 0x3, 0xd2, 0x0, 0xc3,
    0x0, 0xc7, 0x80, 0x9, 0x0, 0xf2, 0x4, 0x18,
    0x7, 0x8e, 0x1, 0x0, 0x3f, 0x10, 0x7, 0xe2,
    0x0, 0xff, 0xf1, 0x33, 0x80, 0x3d, 0xdf, 0xf7,
    0x80, 0x1d, 0x81, 0x26, 0x0, 0xb, 0x11, 0xf9,
    0x40, 0x11, 0x28, 0xa8, 0x45, 0xff, 0xc4, 0x45,

    /* U+E297 "" */
    0x0, 0xff, 0xe1, 0x24, 0xb8, 0x7, 0xff, 0x15,
    0x2d, 0xa2, 0x40, 0x3f, 0x9, 0x80, 0x7b, 0x40,
    0x26, 0x0, 0xf8, 0x73, 0x1a, 0x80, 0x1b, 0x80,
    0x23, 0x0, 0xf0, 0xe1, 0x1, 0x5e, 0x18, 0x1,
    0xd8, 0x4f, 0x80, 0x38, 0x70, 0x82, 0xc, 0xf,
    0x28, 0x82, 0x7b, 0x8, 0x3, 0xe, 0x10, 0x53,
    0xe5, 0x10, 0x2e, 0xb8, 0x7, 0xe2, 0x20, 0x52,
    0x80, 0x17, 0x60, 0x1, 0x40, 0x1f, 0x8e, 0xb1,
    0x40, 0x3f, 0x40, 0x7, 0xf2, 0x98, 0x0, 0x8c,
    0x89, 0x0, 0x8a, 0x1, 0xff, 0x4f, 0xee, 0x6e,
    0x80, 0x68, 0x3, 0xc2, 0x1, 0x85, 0x80, 0x3e,
    0x53, 0x69, 0xbe, 0xfe, 0x20, 0x8, 0x66, 0x37,
    0xb1, 0x80, 0x6f, 0x25, 0x90, 0x40, 0xc, 0x2,
    0x20, 0x67, 0x21, 0x39, 0xc0, 0xc, 0x6a, 0xa0,
    0x3, 0xf, 0x78, 0x7, 0xc7, 0x0, 0xe, 0xca,
    0xc0, 0x1, 0x20, 0x8, 0x7, 0xe7, 0x0, 0x28,
    0x3, 0x80, 0x80, 0x80, 0x40, 0x3f, 0x84, 0x8,
    0x0, 0x40, 0xc0, 0x40, 0x20, 0x1f, 0xc2, 0x6,
    0x0, 0x60, 0x20, 0x70, 0x2, 0x0, 0x7f, 0x98,
    0x0, 0x41, 0xe0, 0x44, 0x9, 0x0, 0xfd, 0x52,
    0x60, 0x1, 0x2, 0x0, 0x48, 0x16, 0x98, 0x4,
    0x42, 0xa, 0xc0, 0x1, 0x0, 0x28, 0x1, 0x20,
    0xb, 0x37, 0x37, 0x5e, 0x1, 0xc3, 0xba, 0x10,
    0x9, 0xec, 0x80, 0x8c, 0x80, 0xc0, 0x3c, 0x44,
    0x0, 0xe4, 0xdb, 0x76, 0x7a, 0xd0, 0xf, 0xf0,

    /* U+E299 "" */
    0x0, 0xff, 0x22, 0x0, 0x3f, 0xf8, 0xe3, 0x76,
    0x10, 0xf, 0xfe, 0x30, 0xaa, 0x84, 0x3, 0xff,
    0x80, 0x94, 0x40, 0x1a, 0xa8, 0x1, 0x8a, 0xd0,
    0x3, 0xde, 0xb4, 0x1, 0xfe, 0xa4, 0xf0, 0xf,
    0x43, 0xc8, 0x0, 0xe6, 0xed, 0x26, 0x0, 0x98,
    0x90, 0xf, 0x1c, 0x8, 0x4e, 0x32, 0x21, 0xb2,
    0x40, 0x5c, 0x80, 0x3f, 0xa5, 0x80, 0x99, 0x84,
    0xd, 0x20, 0x1f, 0xf1, 0xb0, 0x36, 0xcc, 0xb5,
    0x81, 0x8c, 0x3, 0xc2, 0x1, 0x50, 0x14, 0x80,
    0x69, 0x10, 0xa0, 0xe, 0x4e, 0xa0, 0x2, 0x82,
    0x0, 0x79, 0xc1, 0x40, 0x13, 0xe8, 0x20, 0x1f,
    0xfc, 0x63, 0x1, 0x5e, 0xa0, 0x2, 0x82, 0x0,
    0x79, 0x1, 0x40, 0x15, 0xaa, 0x2, 0x1, 0x50,
    0x14, 0x80, 0x6a, 0x20, 0xa0, 0x8, 0x80, 0x3c,
    0x6c, 0xd, 0xb3, 0x2e, 0x50, 0x63, 0x0, 0xff,
    0xa5, 0x40, 0x99, 0x82, 0xb, 0x20, 0x1f, 0xc4,
    0xe2, 0x15, 0x8a, 0x44, 0x5c, 0xa0, 0x17, 0x20,
    0xf, 0x4c, 0x48, 0x0, 0xeb, 0x75, 0x46, 0x0,
    0x98, 0x90, 0xf, 0x7a, 0x50, 0x7, 0xfa, 0x93,
    0x80, 0x3c, 0x96, 0x40, 0x1a, 0x64, 0x1, 0x8a,
    0xd4, 0x3, 0xff, 0x80, 0x2c, 0xc1, 0x0, 0xff,
    0xe3, 0xd, 0x50, 0x40, 0x3f, 0x80,

    /* U+E29A "" */
    0x0, 0xff, 0xe0, 0xa4, 0x80, 0x7f, 0xf2, 0xa5,
    0x98, 0x1, 0xfc, 0x8a, 0xbf, 0x80, 0x23, 0xc,
    0x55, 0xf2, 0x4, 0xdd, 0x57, 0xf0, 0x6, 0x5a,
    0xaf, 0x5b, 0xf8, 0x7, 0xf6, 0x80, 0x7f, 0xf0,
    0xd, 0xbf, 0xff, 0x9c, 0x3, 0x4f, 0xff, 0xc8,
    0x1, 0xff, 0xc1, 0x20, 0x30, 0xf, 0xfe, 0x4e,
    0xe2, 0x80, 0x7f, 0xf0, 0x89, 0x80, 0x38, 0x4c,
    0x3, 0xff, 0x87, 0xf2, 0xa0, 0x1f, 0xfc, 0x42,
    0x2e, 0x30, 0x30, 0x8, 0x8b, 0xfc, 0x21, 0x1b,
    0xbc, 0x20, 0x10, 0xfe, 0xef, 0xfb, 0x98, 0x3,
    0xff, 0x99, 0x1b, 0xbc, 0x20, 0x10, 0xf6, 0xef,
    0xfc, 0xc0, 0x45, 0xc6, 0x6, 0x0, 0x12, 0x2f,
    0xf8, 0x3, 0xef, 0x95, 0x0, 0xff, 0xe4, 0x93,
    0x0, 0x7e, 0x40, 0xf, 0xfe, 0x53, 0xdd, 0x0,
    0x7f, 0xf2, 0x7c, 0x18, 0x3, 0xcd, 0xff, 0xff,
    0x60, 0x6, 0x3f, 0xfe, 0x4f, 0x0, 0xff, 0x88,
    0x3, 0xfc, 0x73, 0x55, 0xff, 0x60, 0x6, 0x2a,
    0xad, 0x6e, 0xa, 0xbf, 0xf1, 0x0, 0x61, 0x55,
    0xc8, 0x1, 0xff, 0xc4, 0xa6, 0xf0, 0xf, 0x0,

    /* U+E29C "" */
    0x0, 0xff, 0xe0, 0x3d, 0xd9, 0xc0, 0x31, 0x4d,
    0xd2, 0x80, 0x7f, 0xf0, 0x47, 0x61, 0x11, 0x1a,
    0x20, 0x78, 0xc8, 0xb5, 0x40, 0xf, 0xf8, 0x70,
    0x81, 0x54, 0x5, 0x83, 0xc2, 0xc, 0x60, 0xaa,
    0x0, 0xff, 0x61, 0x5, 0x55, 0x20, 0x5e, 0x41,
    0x93, 0x88, 0x1c, 0x1, 0xfc, 0xc4, 0x14, 0xa0,
    0x6, 0xa0, 0x10, 0x53, 0x0, 0x10, 0x38, 0x7,
    0xff, 0x2, 0x4c, 0x2, 0x5c, 0x67, 0xa0, 0x1,
    0x38, 0x28, 0x7, 0xf3, 0x18, 0x1e, 0x10, 0x4,
    0x73, 0x0, 0xa, 0xd1, 0xb, 0x0, 0xf2, 0xa0,
    0x3, 0x28, 0x42, 0x40, 0x3e, 0x75, 0x1, 0xb2,
    0x0, 0xc3, 0x95, 0x76, 0x0, 0x2c, 0x82, 0x80,
    0x7d, 0xc0, 0xc, 0x40, 0xc, 0x38, 0x60, 0x4,
    0x40, 0x7, 0xff, 0x2, 0x80, 0x1e, 0x20, 0x1b,
    0x8, 0x28, 0x82, 0x99, 0x90, 0x8, 0x1, 0xf1,
    0xd0, 0x16, 0x0, 0x4e, 0x41, 0x2b, 0x20, 0x33,
    0x20, 0x1b, 0x0, 0xfc, 0xb2, 0x4, 0xe0, 0xb,
    0x5, 0x60, 0x4c, 0x40, 0x2, 0xe0, 0x80, 0x7f,
    0x32, 0x86, 0x0, 0x63, 0x0, 0x8e, 0xff, 0xd4,
    0x40, 0x1, 0x9d, 0xea, 0x20, 0x8, 0xc1, 0xc0,
    0x8, 0xc, 0x80, 0x1f, 0xc3, 0xec, 0x42, 0xba,
    0x60, 0xac, 0x8, 0x0, 0x92, 0xb, 0x40, 0xf,
    0xd6, 0x20, 0xf0, 0x21, 0xe9, 0x40, 0x52, 0x0,
    0x1f, 0x10, 0xb3, 0x0, 0xf9, 0x1, 0xe1, 0xe8,
    0xe, 0xc0, 0xb0, 0x40, 0x22, 0xc0, 0x5, 0x80,
    0x7c, 0x21, 0xe0, 0x4, 0x30, 0x1, 0x60, 0x80,
    0x63, 0xf0, 0x7, 0x80, 0x7c, 0x81, 0x28, 0x0,
    0xc9, 0x96, 0x8, 0x6, 0x2c, 0x20, 0x47, 0x0,
    0xfa, 0x0, 0x6e, 0xc0, 0x6, 0x60, 0x80, 0x75,
    0x80, 0x2e, 0xc0, 0x6, 0x82, 0x0, 0x8e, 0xc8,
    0x11, 0x40, 0x3f, 0x94, 0x19, 0x0, 0x17, 0x2f,
    0xa8, 0x1, 0x24, 0x0, 0xc, 0x3, 0xf9, 0xc0,
    0x80, 0x6, 0x80, 0x15, 0xa8, 0x1, 0x68, 0x9,
    0x80, 0x3f, 0xb4, 0x12, 0xe3, 0x40, 0x74, 0x42,
    0xa6, 0x54, 0x5, 0x80, 0x1f, 0xe6, 0x40, 0x47,
    0x10, 0xa2, 0xf2, 0x6, 0x60, 0x16, 0x8, 0x7,
    0xfd, 0x70, 0x64, 0xba, 0x80, 0x38, 0xe6, 0x67,
    0xc1, 0x0, 0xff, 0xe0, 0xbe, 0x6d, 0x10, 0x4,
    0x31, 0x98, 0x81, 0x0, 0xff, 0x80,

    /* U+E29F "" */
    0x0, 0xa, 0xb3, 0x46, 0x1, 0xff, 0xc5, 0x4e,
    0xa9, 0x9b, 0x28, 0x3, 0xff, 0x86, 0x36, 0x0,
    0x11, 0x81, 0x5c, 0x3, 0xff, 0x84, 0x80, 0xd,
    0xee, 0x94, 0x28, 0x3, 0xff, 0x84, 0x60, 0x24,
    0x1, 0x60, 0x18, 0x7, 0xff, 0x9c, 0x66, 0x88,
    0x2, 0x1a, 0xb3, 0x0, 0xff, 0xe0, 0x37, 0x32,
    0xf0, 0x1, 0xb9, 0x53, 0x80, 0x3f, 0xc5, 0x92,
    0x1, 0x11, 0xe4, 0x80, 0x46, 0x1, 0xfc, 0x3a,
    0x60, 0xb0, 0x3, 0x86, 0x9, 0x0, 0x1f, 0xc6,
    0x1, 0x15, 0xd1, 0x0, 0x43, 0x56, 0x20, 0x1f,
    0xca, 0xa1, 0x7d, 0x40, 0x54, 0x6, 0xe5, 0x0,
    0xff, 0xe0, 0x57, 0x40, 0x6, 0xbf, 0x90, 0xf,
    0xff, 0x8b, 0x10, 0x1, 0x28, 0x40, 0xa, 0x80,
    0x1f, 0xfc, 0x7, 0x99, 0x0, 0x21, 0x5c, 0xa,
    0xac, 0x40, 0x3f, 0xe4, 0x3e, 0x0, 0x43, 0xb0,
    0x12, 0xb0, 0x80, 0x7f, 0xc7, 0x8a, 0x0, 0x48,
    0x0, 0xaa, 0x40, 0x3f, 0xfa, 0x46, 0x2, 0x40,
    0x1f, 0xfc, 0x5f, 0x0, 0x20, 0x3, 0x7b, 0x9b,
    0xbf, 0xfc, 0xe, 0xe9, 0x81, 0x86, 0xc0, 0x2,
    0x22, 0x2f, 0xfe, 0x0, 0x8c, 0x9, 0x0, 0x9d,
    0x53, 0x3f, 0xfc, 0x5c, 0xb0,

    /* U+E2A0 "" */
    0x0, 0xff, 0xe1, 0x18, 0x7, 0xff, 0x22, 0x32,
    0xc0, 0x3f, 0xf8, 0xfc, 0x9, 0x60, 0x1f, 0xfc,
    0x66, 0x70, 0x4b, 0x0, 0xff, 0xe3, 0x43, 0x82,
    0x58, 0x7, 0xff, 0x1a, 0x1c, 0x12, 0xc0, 0x3f,
    0x23, 0x37, 0xf7, 0x10, 0x25, 0x80, 0x74, 0x7d,
    0xcc, 0xff, 0x88, 0x0, 0x8c, 0x0, 0x2d, 0x70,
    0x8, 0x48, 0xbf, 0x8, 0x4, 0x80, 0xf, 0x20,
    0x6d, 0xfe, 0xdd, 0xfb, 0xc0, 0x2c, 0x20, 0x92,
    0xa, 0x92, 0x0, 0xfc, 0x58, 0x21, 0x86, 0x2,
    0xc0, 0xea, 0x1, 0xfc, 0x58, 0x21, 0x86, 0x0,
    0x40, 0x4, 0x80, 0x7f, 0x16, 0x8, 0x61, 0x80,
    0x44, 0x2, 0x20, 0xf, 0xeb, 0x10, 0xc3, 0x0,
    0xff, 0xe2, 0xda, 0xe1, 0x80, 0x71, 0x0, 0x90,
    0x7, 0xf1, 0x51, 0x80, 0x79, 0x40, 0x16, 0x1,
    0xff, 0xc7, 0x60, 0x66, 0x0, 0x7f, 0xf1, 0xa4,
    0x82, 0x68, 0xc0, 0x3f, 0xf8, 0xb8, 0x40, 0xb9,
    0xff, 0xbb, 0x4, 0x3, 0xfc, 0x3b, 0x2, 0x1,
    0xc2, 0x64, 0x1, 0xff, 0xc0, 0x7e, 0xca, 0x99,
    0xd6, 0x60, 0x1f, 0x80,

    /* U+E2A1 "" */
    0x0, 0xf8, 0xc0, 0x3f, 0xf9, 0x17, 0x90, 0x1,
    0xff, 0xc6, 0xb4, 0xe, 0x0, 0xff, 0xe2, 0xda,
    0x3, 0xb0, 0x7, 0xff, 0x12, 0xd0, 0x1e, 0x0,
    0x3f, 0xf8, 0x96, 0x80, 0xf0, 0x1, 0xff, 0xc4,
    0xb4, 0x2, 0xe6, 0x6f, 0xe4, 0x0, 0xf3, 0x20,
    0x0, 0xa6, 0x7f, 0xd7, 0xf0, 0x1, 0x94, 0x2,
    0x12, 0x2c, 0x23, 0xc0, 0x13, 0xe8, 0x80, 0xf,
    0x0, 0x2f, 0xdd, 0xbb, 0xbb, 0xf1, 0x80, 0xb0,
    0x2, 0x3c, 0x1, 0xc2, 0x0, 0xfc, 0x73, 0x40,
    0x50, 0x1, 0x1e, 0x0, 0xe1, 0x0, 0x7f, 0x2b,
    0x83, 0x80, 0x63, 0xb0, 0x1c, 0x20, 0xf, 0xe9,
    0x0, 0x28, 0x6, 0x4c, 0x1, 0xb0, 0xf, 0xe1,
    0x10, 0x10, 0x7, 0x1e, 0x2d, 0x80, 0x7f, 0xf1,
    0xce, 0x88, 0x3, 0xf8, 0x84, 0xc, 0x3, 0xff,
    0x8d, 0x60, 0x4, 0x0, 0xff, 0xe2, 0xb3, 0x1,
    0x80, 0x3f, 0xf8, 0x87, 0x52, 0x5, 0x20, 0x1f,
    0xc3, 0xbd, 0xff, 0xb1, 0x40, 0xf0, 0x3, 0xfc,
    0xa4, 0x20, 0x1c, 0x31, 0x82, 0x1, 0xfe, 0x4b,
    0x99, 0xd5, 0x9c, 0xe0, 0x18,

    /* U+E2A2 "" */
    0x48, 0x0, 0xff, 0xe5, 0x4b, 0xb0, 0x7, 0xff,
    0x98, 0x48, 0xb0, 0x7, 0xff, 0x18, 0x7b, 0x77,
    0x30, 0x7, 0xff, 0x18, 0x40, 0x3f, 0xf9, 0x43,
    0xdb, 0xb7, 0x30, 0x7, 0xff, 0x1c, 0x8a, 0x10,
    0xf, 0xfe, 0xf9, 0x2a, 0xff, 0xf0, 0x88, 0x3,
    0xe1, 0xda, 0xaf, 0xfe, 0x16, 0x80, 0x7c, 0x24,
    0x1, 0xff, 0xc2, 0x30, 0xf, 0xdb, 0xff, 0xff,
    0xc2, 0xc0, 0xe, 0x10, 0xf, 0xff, 0x31, 0xb3,
    0x7f, 0x28, 0x7, 0xff, 0x0, 0x72, 0x67, 0xfa,
    0x94, 0x3, 0xfe, 0x14, 0x10, 0xe, 0x11, 0x89,
    0xc0, 0x3f, 0xf8, 0x17, 0xdf, 0xfd, 0xdd, 0x69,
    0x0, 0x7f, 0xf4, 0xc4, 0x34, 0x3, 0xff, 0x93,
    0x60, 0xbf, 0xdd, 0xfb, 0x77, 0xfd, 0x84, 0xea,
    0x0, 0x11, 0xfc, 0x45, 0xfe, 0x37, 0xa, 0xc9,
    0x9f, 0xfe, 0x42, 0x80,

    /* U+E2A3 "" */
    0x48, 0x0, 0xff, 0xe5, 0x4b, 0xb0, 0x7, 0xff,
    0x54, 0x88, 0x1, 0xff, 0xc9, 0x2d, 0xd0, 0x7,
    0xff, 0x24, 0x40, 0x2, 0x1, 0xff, 0xe3, 0x30,
    0xf, 0xfe, 0x7c, 0x20, 0x7, 0xff, 0x25, 0x5e,
    0x80, 0x3f, 0xff, 0xe0, 0x1f, 0xfc, 0xf1, 0x0,
    0xa2, 0x80, 0x3f, 0xf9, 0x4e, 0xa8, 0x1, 0xff,
    0xc8, 0x10, 0xf, 0xfe, 0xa1, 0x80, 0x7f, 0xf0,
    0x84, 0x3, 0x84, 0x3, 0xff, 0x8c, 0x84, 0xa0,
    0x2, 0x22, 0x8, 0x1, 0xc5, 0xc0, 0x3f, 0xd7,
    0xa2, 0x1, 0x6d, 0x80, 0x45, 0xd2, 0x1, 0x84,
    0x34, 0x3, 0xff, 0x93, 0x60, 0xbd, 0xdf, 0xdb,
    0xbf, 0xec, 0x27, 0x50, 0x11, 0xfe, 0x22, 0xff,
    0x1b, 0x85, 0x64, 0xcf, 0xff, 0x21, 0x40,

    /* U+E2A5 "" */
    0x7c, 0x20, 0xf, 0xfe, 0x4d, 0x1a, 0x0, 0x7f,
    0xff, 0xc0, 0x3f, 0xff, 0xe0, 0x1f, 0xc3, 0x74,
    0x1, 0xff, 0x1d, 0x10, 0x7, 0x87, 0x11, 0x40,
    0x3f, 0xc9, 0x8b, 0x86, 0x1, 0x87, 0x8, 0x24,
    0x3, 0xf9, 0x2c, 0x0, 0x38, 0x60, 0x1, 0xc2,
    0x9, 0x60, 0xf, 0xc9, 0x60, 0x34, 0x0, 0xc3,
    0x1c, 0x20, 0x96, 0x0, 0xf0, 0x80, 0xd8, 0xe,
    0x2e, 0x0, 0x33, 0x4, 0x12, 0xc0, 0x1f, 0xc2,
    0x22, 0xc2, 0x3, 0xc0, 0x1, 0x4, 0xb0, 0x7,
    0xfd, 0xda, 0x40, 0x11, 0xe0, 0x84, 0xb0, 0x7,
    0xff, 0x1c, 0xff, 0x58, 0x3, 0xff, 0x92, 0x24,
    0x1, 0xff, 0xff, 0x0, 0xf0, 0x86, 0x80, 0x7f,
    0xf2, 0x6c, 0x17, 0xfb, 0xbf, 0x6e, 0xff, 0xb0,
    0x9d, 0x40, 0x2, 0x3f, 0x88, 0xbf, 0xc6, 0xe1,
    0x59, 0x33, 0xff, 0xc8, 0x50,

    /* U+E2AB "" */
    0x0, 0xc7, 0x12, 0xc0, 0x1f, 0xfc, 0x96, 0xc7,
    0x69, 0xc1, 0x62, 0x0, 0xff, 0xe2, 0xc, 0x80,
    0x98, 0x1f, 0x4f, 0x80, 0x7f, 0xf1, 0x10, 0x1,
    0xf9, 0x0, 0x15, 0x0, 0x7f, 0xf1, 0xc, 0x4,
    0x41, 0xc0, 0x7, 0x70, 0x7, 0xff, 0x2d, 0xe0,
    0x3, 0xff, 0x95, 0x3d, 0x0, 0x1f, 0xfc, 0xc1,
    0x0, 0xff, 0xfd, 0x17, 0x0, 0x8, 0xbf, 0xf9,
    0x1, 0x3a, 0xe0, 0x3b, 0xbf, 0xfc, 0x89, 0x0,
    0xff, 0xe7, 0x4e, 0xb8, 0xe, 0xef, 0xff, 0x10,
    0x41, 0xf6, 0x40, 0xb8, 0x0, 0x45, 0xff, 0xc4,
    0x0, 0x71, 0x0, 0x7f, 0xff, 0xc0, 0x3c, 0x60,
    0x26, 0x1, 0xff, 0xc2, 0x31, 0x3, 0x0, 0xca,
    0x21, 0x9f, 0xff, 0xfc, 0x2c, 0x1, 0x50, 0xe,
    0xd1, 0x0, 0xff, 0xe2, 0xe, 0x80, 0x78, 0xfb,
    0x0, 0xb, 0x55, 0xf9, 0xc0, 0x17, 0xc6, 0x1,
    0xf8, 0xc4, 0x31, 0x57, 0xf6, 0x0, 0x10, 0x3,
    0xfe, 0xb6, 0x60, 0x7, 0xe4, 0x79, 0x0, 0xf0,

    /* U+E2AE "" */
    0x0, 0xff, 0xea, 0xb6, 0xfe, 0xa9, 0xab, 0xbc,
    0xa4, 0x1, 0xff, 0xc0, 0x4d, 0x92, 0x2, 0xac,
    0xa8, 0x8a, 0xb7, 0x8, 0x3, 0xf9, 0xac, 0x81,
    0xb0, 0x80, 0x22, 0x20, 0x80, 0xf, 0xc0, 0x3f,
    0x3c, 0x81, 0xec, 0x9c, 0x80, 0x2f, 0x75, 0xdf,
    0x20, 0x5f, 0x66, 0x1, 0x92, 0x1, 0x30, 0x80,
    0x8, 0x80, 0x90, 0xc, 0x80, 0x12, 0x63, 0x80,
    0x54, 0x7, 0x60, 0x1d, 0x0, 0x4c, 0x1, 0xe9,
    0x40, 0x84, 0x8, 0x10, 0xe0, 0xf, 0x1a, 0x84,
    0x0, 0x79, 0x2c, 0xc3, 0x81, 0xc1, 0x88, 0x3,
    0xeb, 0x1, 0x80, 0xf, 0x94, 0x1c, 0xc0, 0x14,
    0x1, 0xf8, 0x5c, 0x1c, 0x80, 0x35, 0x43, 0x2,
    0x10, 0x3, 0x94, 0x3, 0xf4, 0x8, 0x4c, 0x60,
    0x1, 0xdc, 0x3, 0x3, 0x0, 0x55, 0x86, 0x1,
    0xf4, 0x2, 0x38, 0x80, 0x4, 0x9b, 0xc4, 0x8,
    0x2, 0x3c, 0xa2, 0x0, 0xe6, 0x20, 0x3, 0x5f,
    0xf6, 0xc8, 0x80, 0x8, 0xa, 0x84, 0x17, 0x60,
    0x40, 0x34, 0x0, 0x35, 0x0, 0x3e, 0xe0, 0x15,
    0xe8, 0x0, 0x3f, 0xb8, 0x4, 0xa6, 0x1e, 0x1,
    0xfe, 0x70, 0x3, 0xf3, 0x0, 0xc7, 0x28, 0x1,
    0x41, 0x80, 0x3f, 0xce, 0x1, 0xc, 0xea, 0x0,
    0xd6, 0x4b, 0x2, 0x0, 0x7e, 0xe0, 0x20, 0xe,
    0x23, 0x0, 0x8d, 0x80, 0x6c, 0x3, 0xf1, 0x80,
    0xa9, 0x17, 0x30, 0x35, 0x21, 0xb6, 0x10, 0x7,
    0xe4, 0x10, 0xad, 0xde, 0x10, 0xd5, 0xbc, 0x92,
    0x0, 0xff, 0x68, 0x80, 0x7e, 0x40, 0xf, 0xfe,
    0x19, 0xe0, 0x2, 0x77, 0x4e, 0x2, 0x1, 0xff,
    0xc5, 0x22, 0x5, 0x11, 0x0, 0x4, 0x1, 0xff,
    0xc6, 0xb0, 0x3c, 0x87, 0x5, 0x0, 0xff, 0xe3,
    0x33, 0x0, 0xdc, 0x6, 0x0, 0x3f, 0xf8, 0xf3,
    0x48, 0x6d, 0xe2, 0x1, 0xff, 0xc2,

    /* U+E2AF "" */
    0x0, 0x89, 0x9b, 0xfc, 0x20, 0x1f, 0xfc, 0x17,
    0xd9, 0x9f, 0xf7, 0x28, 0x7, 0xfc, 0x90, 0x0,
    0x22, 0xf8, 0x40, 0x14, 0x20, 0x1f, 0xee, 0x2,
    0xfd, 0xdf, 0xbb, 0x80, 0x7, 0x0, 0x77, 0x8,
    0x3, 0xe7, 0x0, 0xfe, 0x12, 0x1, 0x0, 0x8,
    0xb0, 0x80, 0x3f, 0xf9, 0x58, 0x3, 0x84, 0x1,
    0xff, 0xc9, 0x3b, 0x1, 0xc2, 0x0, 0xcc, 0xdf,
    0xf1, 0x80, 0x72, 0x58, 0xf, 0x88, 0x4, 0x73,
    0x3f, 0xe1, 0x0, 0xf2, 0x50, 0x14, 0x0, 0x62,
    0x2f, 0xf0, 0x7, 0xe5, 0x70, 0x70, 0x9, 0x77,
    0x7f, 0xc4, 0x1, 0xfb, 0x80, 0x40, 0x3f, 0xfb,
    0xd1, 0xfa, 0xc0, 0x1f, 0xfc, 0xc2, 0x97, 0x0,
    0xff, 0xe4, 0xad, 0x20, 0x40, 0x7, 0xff, 0x27,
    0x56, 0x0, 0x2, 0x1, 0xff, 0xca, 0x10, 0x1,
    0x80, 0x42, 0x1, 0xff, 0xe0, 0x30, 0x2, 0x7,
    0x80, 0x7f, 0xf2, 0x4, 0xc2, 0x79, 0x81, 0x80,
    0x3f, 0xf8, 0xfc, 0x40, 0x20, 0x90, 0x2c, 0xc,
    0xdf, 0xf1, 0x86, 0x8, 0x16, 0xdc, 0xe5, 0x85,
    0x18, 0x1c, 0xcf, 0xf8, 0x41, 0x20, 0x2, 0x46,
    0x30, 0x6, 0x11, 0x7f, 0xf1, 0x34, 0x3, 0xf0,

    /* U+E2B1 "" */
    0x0, 0xff, 0x90, 0xc0, 0x3f, 0xf9, 0x23, 0x78,
    0x20, 0x1f, 0xfc, 0x83, 0x0, 0x18, 0x7, 0xff,
    0x9, 0x4, 0x3, 0x11, 0x60, 0xe, 0x40, 0xf,
    0x9e, 0xf0, 0x40, 0x36, 0xe8, 0x3, 0xe, 0xdb,
    0x80, 0x78, 0xc0, 0xa4, 0x3, 0xfc, 0xc4, 0x6,
    0x1, 0xe4, 0xa4, 0xa0, 0x9, 0x62, 0xa, 0x1,
    0x2a, 0x52, 0x0, 0x7c, 0xb6, 0x40, 0xdd, 0x4e,
    0xea, 0xf6, 0x2, 0xb5, 0x0, 0xff, 0x9a, 0x44,
    0x99, 0x84, 0x12, 0xc0, 0x1f, 0xfc, 0x12, 0x90,
    0x6d, 0x99, 0x6b, 0x4, 0x90, 0x7, 0xff, 0x2,
    0x80, 0xa4, 0x3, 0x48, 0x85, 0x0, 0x79, 0x7b,
    0x8e, 0x0, 0x40, 0x40, 0xf, 0x38, 0x20, 0x1,
    0xfb, 0x8b, 0x82, 0x2c, 0x0, 0x8, 0x7, 0xff,
    0x7, 0x4, 0x59, 0x35, 0x50, 0x1, 0xc1, 0x0,
    0x3c, 0x80, 0xa0, 0xa, 0xaa, 0x41, 0x54, 0x20,
    0xf, 0x2, 0x90, 0xd, 0x44, 0x1a, 0x0, 0x15,
    0x50, 0x7, 0xca, 0x60, 0xdb, 0x32, 0xe5, 0x4,
    0x40, 0x7, 0xff, 0x7, 0x4c, 0x9, 0x98, 0x20,
    0x74, 0x1, 0xff, 0xa, 0x0, 0xe4, 0x90, 0x0,
    0xa7, 0x4, 0x50, 0x40, 0x1f, 0xe, 0x5b, 0x80,
    0x1b, 0x7f, 0xda, 0xc0, 0x9, 0x7d, 0x20, 0xf,
    0x49, 0x1, 0x80, 0x7f, 0xa8, 0x1, 0x40, 0x1e,
    0xb4, 0xa4, 0x0, 0xd3, 0x40, 0x18, 0xb5, 0xe4,
    0x3, 0xc7, 0x6a, 0x1, 0x89, 0x94, 0x80, 0x31,
    0x40, 0x80, 0x7f, 0xf6, 0x4a, 0x20, 0x40, 0x1f,
    0xe0,

    /* U+E2B2 "" */
    0x0, 0xff, 0xa6, 0x80, 0x3f, 0xf9, 0x42, 0xca,
    0x40, 0x1f, 0xfe, 0xb1, 0x30, 0xf, 0xfe, 0x10,
    0xb2, 0x90, 0x6, 0x3f, 0xc3, 0x0, 0xff, 0xe1,
    0x4d, 0x0, 0x62, 0xd1, 0x1, 0x0, 0xff, 0xe4,
    0x38, 0x86, 0x10, 0x7, 0xff, 0xa, 0x72, 0x4c,
    0x0, 0xb3, 0xa6, 0x1, 0xfe, 0x56, 0x0, 0xb,
    0x1b, 0x65, 0x0, 0x18, 0x80, 0x3f, 0xa3, 0xea,
    0x68, 0x6, 0xd8, 0x81, 0x68, 0x3, 0xfc, 0x3a,
    0xe0, 0x12, 0x80, 0x12, 0x75, 0x81, 0x50, 0x3,
    0xfb, 0x8, 0x1d, 0x40, 0x80, 0x3a, 0x48, 0x38,
    0x2, 0x22, 0x80, 0x10, 0x41, 0x50, 0xc0, 0xe0,
    0x1e, 0x50, 0x60, 0x4, 0xee, 0xd4, 0x2e, 0xe,
    0xa0, 0x11, 0x80, 0x7b, 0x1, 0x80, 0x3e, 0x40,
    0x4, 0x80, 0x14, 0x1c, 0x3, 0xc9, 0xd4, 0x0,
    0x9d, 0xda, 0xb4, 0x8, 0x40, 0x14, 0x3, 0x40,
    0x1e, 0x10, 0xc, 0x45, 0x0, 0x83, 0x0, 0x46,
    0xc0, 0xbd, 0x32, 0xce, 0xa0, 0xf, 0xe1, 0x7,
    0x0, 0xd2, 0xc0, 0x2c, 0xc3, 0x15, 0x60, 0xf,
    0xda, 0x6, 0x20, 0x1a, 0x71, 0x8c, 0xca, 0x1,
    0xff, 0x20, 0x2, 0x0, 0x38, 0xe7, 0x31, 0xa0,
    0x4, 0x0, 0xfc, 0x2e, 0xc, 0xa0, 0x1f, 0x24,
    0x2, 0x90, 0x7, 0xf4, 0x10, 0x54, 0x8, 0x4,
    0x31, 0x60, 0x36, 0x1, 0xff, 0x61, 0x3, 0xf6,
    0x56, 0x73, 0x81, 0x60, 0x80, 0x7f, 0xc3, 0xac,
    0x0, 0x35, 0x30, 0x3, 0x61, 0x0, 0x7f, 0xf0,
    0xa7, 0xa5, 0x95, 0xa7, 0xa4, 0x40, 0x3f, 0xe0,

    /* U+E2B4 "" */
    0x26, 0x6c, 0x40, 0x1f, 0xfc, 0x5, 0x66, 0x94,
    0x3e, 0x67, 0x69, 0x80, 0x7f, 0xae, 0xa6, 0x6a,
    0x40, 0x0, 0x90, 0x3, 0xc, 0x3, 0xf5, 0xa0,
    0x9, 0x0, 0x4, 0x1, 0x1b, 0xa1, 0xc, 0x30,
    0xf, 0x5a, 0x3, 0x76, 0x88, 0x6, 0x10, 0x2c,
    0x10, 0xc3, 0x0, 0xd6, 0x80, 0xd2, 0x0, 0x10,
    0x0, 0x84, 0x20, 0x16, 0x88, 0x61, 0x80, 0x19,
    0x1, 0xa4, 0x1, 0x60, 0x1, 0xe1, 0xb, 0x40,
    0x3d, 0x10, 0xc3, 0x5, 0x17, 0x90, 0x5, 0xa0,
    0x3a, 0x16, 0x8, 0x59, 0x81, 0xe8, 0x86, 0x19,
    0xba, 0x0, 0x16, 0x80, 0xd0, 0x0, 0x2c, 0x10,
    0xc3, 0x3, 0xd1, 0xc, 0x30, 0xa, 0x90, 0x1a,
    0x40, 0x31, 0x60, 0x86, 0x18, 0x1e, 0x88, 0x61,
    0x80, 0x10, 0x1a, 0x40, 0x3c, 0x58, 0x21, 0x86,
    0x7, 0xa2, 0x18, 0x61, 0x95, 0x20, 0x1f, 0x8b,
    0x4, 0x30, 0xc0, 0xf4, 0x43, 0xc, 0x94, 0x3,
    0xfc, 0x58, 0x21, 0x86, 0x7, 0xa2, 0x1a, 0x63,
    0x50, 0x1, 0xc3, 0x6, 0x5, 0x82, 0x18, 0x60,
    0x7a, 0x22, 0xdc, 0x57, 0x0, 0xe9, 0x7c, 0x30,
    0x2c, 0x10, 0xc3, 0x3, 0xd1, 0x11, 0x4, 0x80,
    0x75, 0x8, 0x61, 0x81, 0x60, 0x86, 0x18, 0x11,
    0x80, 0x21, 0x80, 0x38, 0xb0, 0x43, 0xc, 0xb,
    0x4, 0x31, 0x34, 0x82, 0x1c, 0x3, 0xe2, 0x80,
    0x6, 0x18, 0x16, 0x8, 0x59, 0x80, 0x34, 0x3,
    0xf1, 0xc8, 0x5, 0xa4, 0x5, 0x40, 0x11, 0x82,
    0xd0, 0x6, 0x5a, 0x5c, 0x0, 0x48, 0x89, 0xc0,
    0x10, 0x0, 0x8c, 0x50, 0x5a, 0x7a, 0x18, 0x5a,
    0x0, 0x63, 0x7d, 0xa8, 0x11, 0x84, 0x38, 0x52,
    0x82, 0xc2, 0xa4, 0x80, 0x54, 0x60, 0x28, 0x0,
    0x29, 0xb7, 0x0, 0xa8, 0x80, 0x8, 0xa9, 0x60,
    0xf, 0x0, 0xf9, 0x90, 0x3, 0x11, 0x1, 0x2c,
    0x0, 0x96, 0x5e, 0x1, 0xff, 0xc1, 0x24, 0x5b,
    0x0, 0x0,

    /* U+E2B5 "" */
    0x0, 0xff, 0xe0, 0x35, 0x6e, 0xd4, 0xc2, 0x1,
    0xff, 0xc4, 0x8f, 0x95, 0x22, 0x96, 0x7a, 0x44,
    0x3, 0xff, 0x80, 0x38, 0xe0, 0x3, 0x78, 0x74,
    0x0, 0x37, 0x98, 0x7, 0xf8, 0xbc, 0xc1, 0x77,
    0x21, 0xe2, 0xf9, 0x80, 0x70, 0x80, 0x3f, 0x16,
    0x8, 0x55, 0x8, 0x3, 0x86, 0x70, 0x1, 0xe0,
    0x1f, 0x16, 0x8, 0x5a, 0x80, 0x7f, 0x1e, 0x1,
    0x40, 0x7, 0x16, 0x8, 0x5a, 0x0, 0x7f, 0xc6,
    0xc0, 0xc0, 0x18, 0xb0, 0x42, 0xd0, 0x3, 0x36,
    0x6c, 0x88, 0x6, 0x80, 0x15, 0x0, 0x16, 0x8,
    0x1a, 0x0, 0x6a, 0x93, 0x26, 0xf1, 0x0, 0x84,
    0xc3, 0x0, 0x7c, 0x40, 0x7, 0x40, 0x15, 0x28,
    0x23, 0x0, 0xc8, 0x6, 0x50, 0x51, 0xc2, 0xa,
    0x60, 0x5a, 0xa, 0x50, 0x5b, 0x96, 0x4, 0x0,
    0xfa, 0xc8, 0x29, 0x65, 0x81, 0x79, 0x41, 0x68,
    0x0, 0xa0, 0xe0, 0x18, 0xc1, 0xdc, 0x8, 0xa0,
    0x9, 0x60, 0x10, 0x6a, 0x0, 0x59, 0x87, 0x0,
    0x67, 0x2, 0x50, 0x47, 0x0, 0x8c, 0x0, 0xd2,
    0x0, 0xa4, 0x6, 0x50, 0x8, 0xc8, 0x36, 0x10,
    0x22, 0x1, 0x4a, 0xd, 0x20, 0xa, 0x50, 0x69,
    0x0, 0xd0, 0x2, 0x81, 0x66, 0xf, 0xaa, 0xd,
    0x20, 0xa, 0x50, 0x69, 0x0, 0xce, 0x81, 0x0,
    0x16, 0x20, 0x10, 0x34, 0x80, 0x29, 0x40, 0x64,
    0x3, 0x2c, 0x1, 0xb0, 0x6, 0xb9, 0x6a, 0x90,
    0x5, 0x28, 0x0, 0x68, 0x2, 0x5a, 0x2, 0xd0,
    0xf, 0x34, 0xa8, 0x2, 0x94, 0x19, 0x41, 0x68,
    0x16, 0x80, 0xb0, 0x40, 0x3f, 0xcc, 0xa0, 0xd3,
    0x4c, 0xb, 0x94, 0x5, 0x82, 0x1, 0xff, 0x78,
    0x14, 0x80, 0x25, 0x80, 0xc0, 0xb0, 0x40, 0x3f,
    0xf8, 0x1e, 0x4, 0xe0, 0x16, 0x0, 0xb, 0x4,
    0x3, 0xff, 0x82, 0xc8, 0x10, 0xe0, 0xd4, 0x5,
    0x82, 0x1, 0xff, 0xc3, 0xb3, 0x8, 0xb9, 0x2,
    0xc1, 0x0, 0xff, 0xe2, 0xe2, 0x2, 0x1, 0x60,
    0x80, 0x7f, 0xf1, 0xed, 0xcd, 0xb0, 0x40, 0x3f,
    0x80,

    /* U+E2B7 "" */
    0x0, 0xf3, 0xc8, 0x7, 0xc9, 0x44, 0x1, 0xff,
    0xc0, 0x86, 0x40, 0xf, 0x7a, 0xd0, 0x7, 0xe3,
    0x56, 0x70, 0x6, 0xb3, 0x7c, 0x8, 0xcc, 0x50,
    0xd, 0x59, 0x53, 0x0, 0x6, 0x99, 0xf1, 0x1,
    0xcc, 0xab, 0x8c, 0x1d, 0x40, 0x3f, 0xf8, 0xe3,
    0xa1, 0x60, 0x9f, 0xee, 0x0, 0x5f, 0xff, 0x8c,
    0x1b, 0xfd, 0x80, 0x28, 0x21, 0x80, 0x1, 0x10,
    0x30, 0x7, 0x94, 0x3c, 0x0, 0x60, 0x1, 0x0,
    0xf7, 0xe9, 0x0, 0x7a, 0x71, 0x80, 0x21, 0x0,
    0xc2, 0x1, 0x9, 0x0, 0x7e, 0x30, 0xf, 0xec,
    0x66, 0xff, 0xe3, 0x8, 0x6, 0x59, 0x9f, 0xfe,
    0x30, 0x7, 0xff, 0x46, 0x7f, 0xff, 0xf8, 0xc2,
    0x1, 0xff, 0xdc, 0x5a, 0x10, 0xc, 0x20, 0x1f,
    0xfc, 0x37, 0xa5, 0x40, 0xf, 0xfe, 0x10, 0xa0,
    0x4, 0xf0, 0x6, 0xa0, 0x1f, 0xc2, 0x1, 0xb6,
    0xe8, 0x1e, 0x0, 0xf0, 0x3, 0xff, 0x86, 0xa0,
    0xb9, 0x0, 0x78, 0x1, 0xff, 0xc4, 0x95, 0x3,
    0x3, 0xc0, 0xf, 0xfe, 0x35, 0x30, 0x1e, 0x0,
    0x7f, 0xf2, 0x27, 0x30, 0x1, 0xff, 0xc2, 0xf0,
    0xf, 0x8c, 0x3, 0xff, 0x82, 0xe0, 0xce, 0xcd,
    0xff, 0xc4, 0xa0, 0x3, 0x40, 0xc, 0x4c, 0xff,
    0xf1, 0x14, 0x14, 0xcb, 0x10, 0x46, 0x0, 0xff,
    0xe0, 0x8, 0x8a, 0x28, 0x0,

    /* U+E2B9 "" */
    0x0, 0xf3, 0xc8, 0x7, 0xc9, 0x44, 0x1, 0xff,
    0xc0, 0x86, 0x40, 0xf, 0x7a, 0xd0, 0x7, 0xe3,
    0x56, 0x70, 0x6, 0xb3, 0x7c, 0x8, 0xcc, 0x50,
    0xd, 0x59, 0x53, 0x0, 0x6, 0x99, 0xf1, 0x1,
    0xcc, 0xab, 0x8c, 0x1d, 0x40, 0x3f, 0xf8, 0xe3,
    0xa1, 0x60, 0x9f, 0xee, 0x0, 0x5f, 0xff, 0x8c,
    0x1b, 0xfd, 0x80, 0x28, 0x21, 0x80, 0x1, 0x10,
    0x30, 0x7, 0x94, 0x3c, 0x0, 0x60, 0x1, 0x0,
    0xf7, 0xe9, 0x0, 0x7a, 0x71, 0x80, 0x21, 0x0,
    0xc2, 0x1, 0x9, 0x0, 0x7e, 0x30, 0xf, 0xec,
    0x66, 0xff, 0xe3, 0x8, 0x6, 0x59, 0x9f, 0xfe,
    0x30, 0x7, 0xff, 0x46, 0x7f, 0xff, 0xf8, 0xc2,
    0x1, 0xff, 0xd4, 0x4a, 0x20, 0x4, 0x40, 0x0,
    0x74, 0x40, 0x10, 0x80, 0x7e, 0x85, 0x50, 0xb,
    0xb8, 0x42, 0x16, 0x80, 0x3f, 0xf8, 0x1e, 0xec,
    0x3, 0x32, 0x10, 0x97, 0x90, 0xf, 0xc2, 0x1,
    0x1c, 0x8, 0x1, 0x98, 0x0, 0x28, 0x10, 0xf,
    0xfe, 0x8, 0x80, 0x42, 0x1, 0x84, 0x3, 0xff,
    0x83, 0xbc, 0x20, 0x7d, 0x80, 0x9, 0xe6, 0x0,
    0xff, 0xec, 0x6f, 0x8, 0x1f, 0x60, 0x2, 0x79,
    0x80, 0x3f, 0x78, 0x6, 0x10, 0x8, 0x40, 0x30,
    0x80, 0x7c, 0xe0, 0xce, 0xcd, 0xff, 0xc4, 0xa0,
    0x3, 0xc0, 0xc, 0x4c, 0xff, 0xf1, 0x14, 0x14,
    0x89, 0x88, 0x23, 0x0, 0x7f, 0xf0, 0x4, 0x45,
    0x14, 0x0,

    /* U+E2C0 "" */
    0x0, 0xe4, 0x66, 0xff, 0xe0, 0x28, 0x80, 0x7c,
    0x39, 0x73, 0x3f, 0xfc, 0xa, 0xe6, 0x0, 0xf5,
    0x18, 0x0, 0x47, 0xfc, 0x1, 0x49, 0x80, 0x72,
    0x4, 0x7f, 0x77, 0xfb, 0xf8, 0x42, 0xc0, 0x30,
    0x80, 0x10, 0x3, 0xff, 0x80, 0x24, 0x2, 0x1,
    0xff, 0xcb, 0x30, 0xc, 0xa0, 0x5, 0x0, 0xff,
    0xe0, 0x8, 0x81, 0x80, 0x27, 0xb0, 0x4, 0xc0,
    0x7, 0xf8, 0xbc, 0x80, 0xf4, 0x4a, 0x0, 0x48,
    0x1c, 0xc0, 0x3f, 0xb8, 0x40, 0xc0, 0xad, 0x0,
    0x1d, 0xa2, 0x16, 0x1, 0xf8, 0x4c, 0x2b, 0x20,
    0x10, 0x0, 0x20, 0x2, 0x1, 0x0, 0xfc, 0x60,
    0x6, 0x2, 0x0, 0xf9, 0xc1, 0xbf, 0xff, 0x68,
    0x0, 0x40, 0x3f, 0xb0, 0x3, 0xff, 0x80, 0x44,
    0x0, 0xfe, 0x7c, 0xaa, 0xff, 0x5e, 0x80, 0x7f,
    0xc6, 0xab, 0xfe, 0x40, 0xf, 0xfe, 0x79, 0x80,
    0xc, 0x5, 0x88, 0xbf, 0xf8, 0x87, 0x40, 0x6a,
    0x41, 0x3b, 0xbf, 0xfc, 0x4c, 0x30, 0x80, 0xf3,
    0x0, 0xff, 0xe3, 0xc2, 0x81, 0x70, 0x2, 0xb7,
    0x7f, 0xf8, 0x26, 0xa, 0xe0, 0x11, 0x80, 0x1c,
    0x8b, 0xff, 0x82, 0xe0, 0x60, 0x18, 0x6e, 0x88,
    0x3, 0xff, 0x83, 0x32, 0x80, 0x0,

    /* U+E2C1 "" */
    0x37, 0x0, 0xff, 0xe6, 0x74, 0x30, 0x7, 0xff,
    0x2c, 0xc0, 0x3f, 0xff, 0xe0, 0x1a, 0x7f, 0xff,
    0xf8, 0xdd, 0xcb, 0x30, 0xf, 0xfe, 0x50, 0x89,
    0x30, 0xc0, 0xb, 0x2e, 0x0, 0x89, 0x9f, 0xfe,
    0x14, 0x8, 0x40, 0x3, 0x1a, 0xc0, 0xc, 0xdf,
    0xfc, 0x37, 0x90, 0x50, 0xf, 0xfe, 0x58, 0x80,
    0x7f, 0xff, 0xc0, 0x3f, 0xfd, 0xf8, 0xa8, 0x0,
    0x75, 0x5f, 0xfe, 0x1f, 0x80, 0x65, 0xa8, 0x0,
    0x4d, 0x57, 0xff, 0xd, 0x80, 0x3f, 0xfa, 0x53,
    0xff, 0xff, 0xc8, 0x90, 0xf, 0xfe, 0x81, 0x81,
    0x80, 0x7f, 0xf2, 0xc, 0xf, 0xe5, 0x40, 0x3f,
    0xf9, 0xb, 0x3c,

    /* U+E2C4 "" */
    0x0, 0xc2, 0xac, 0xdf, 0xfc, 0x25, 0x10, 0xf,
    0x97, 0xaa, 0x67, 0xff, 0x85, 0x5c, 0xa0, 0x1c,
    0x54, 0x1, 0xc2, 0x20, 0xc, 0x23, 0xc0, 0xa,
    0x20, 0xc, 0xa0, 0x3d, 0xff, 0x77, 0x30, 0x1,
    0xdd, 0xec, 0x0, 0x28, 0x6, 0xf0, 0x21, 0x0,
    0xff, 0xe1, 0x18, 0x87, 0x80, 0x7f, 0xf4, 0x8c,
    0x4, 0x40, 0x1f, 0xfc, 0x22, 0x10, 0x30, 0x0,
    0xea, 0x1, 0x79, 0x0, 0x7f, 0xf0, 0x13, 0x40,
    0x9, 0xa3, 0x24, 0x6, 0x3, 0xc0, 0x1f, 0xfc,
    0x9, 0x0, 0x18, 0x14, 0xa8, 0x3e, 0x50, 0x18,
    0x7, 0xfc, 0x44, 0xc, 0xc3, 0x82, 0x98, 0x78,
    0x30, 0x0, 0x40, 0x3f, 0xc2, 0x0, 0x20, 0xf0,
    0x30, 0xf, 0xbb, 0xfe, 0xc0, 0x7, 0x7f, 0xd8,
    0x1, 0xff, 0x19, 0x0, 0x7f, 0xf0, 0x8c, 0x40,
    0x3f, 0xb2, 0xea, 0xbf, 0xf8, 0x17, 0x80, 0x1f,
    0xe1, 0x45, 0x5f, 0xfe, 0x2, 0x0, 0x7f, 0xf5,
    0x8, 0x2c, 0xc8, 0xbf, 0xf8, 0xc7, 0x60, 0x52,
    0x7, 0x9b, 0xbf, 0xfc, 0x6c, 0x30, 0x95, 0x90,
    0xf, 0xfe, 0x54, 0xa8, 0x33, 0x81, 0x6e, 0xff,
    0xf1, 0x4, 0x1d, 0x80, 0x39, 0x88, 0xbf, 0xf8,
    0x86, 0x1e, 0x1, 0xa2, 0x68, 0x3, 0xff, 0x89,
    0xf2, 0xe0, 0x0,

    /* U+E2CE "" */
    0x0, 0xff, 0x1b, 0x3b, 0x90, 0x3, 0xff, 0x8c,
    0x53, 0xd9, 0x31, 0xb, 0xe6, 0x0, 0xff, 0xe1,
    0xce, 0xb0, 0x80, 0x8, 0x80, 0x32, 0xe0, 0x1f,
    0xfc, 0x1, 0xc6, 0x1, 0x7d, 0xfd, 0xd8, 0xc2,
    0x0, 0x3f, 0xe1, 0xc3, 0x5, 0xf8, 0x20, 0x8,
    0xbc, 0x0, 0x20, 0x2, 0x0, 0xfa, 0xc8, 0x22,
    0x84, 0x0, 0x3b, 0x61, 0x60, 0x1, 0x8, 0xd8,
    0x0, 0xe4, 0x50, 0x67, 0x0, 0xc6, 0x49, 0xce,
    0xa, 0x1, 0x9c, 0x80, 0x34, 0x1, 0x48, 0x7,
    0x12, 0x0, 0x81, 0xd8, 0x2, 0x4, 0x2c, 0x2,
    0x13, 0xb, 0x0, 0xfa, 0xed, 0x15, 0x82, 0x1,
    0x48, 0x30, 0x5, 0x60, 0x7, 0x0, 0xfc, 0x8e,
    0xa0, 0x1c, 0xa0, 0x8, 0x6, 0x50, 0x51, 0x0,
    0xc2, 0x1, 0xe1, 0x0, 0xc4, 0x60, 0xe7, 0xa0,
    0x74, 0x1, 0xa7, 0x94, 0x3, 0x4f, 0x28, 0x6,
    0xc2, 0xa, 0x0, 0x38, 0x7, 0xff, 0x2f, 0x41,
    0x20, 0x3, 0x4f, 0x28, 0x6, 0x9e, 0x50, 0xd,
    0x84, 0x1a, 0xc8, 0xe, 0x1, 0xc2, 0x1, 0xe1,
    0x0, 0xc6, 0x60, 0x74, 0x9, 0x0, 0x28, 0x6,
    0x16, 0x20, 0x2, 0x30, 0x7, 0x58, 0xc, 0x0,
    0x8, 0xc2, 0x0, 0x34, 0xcb, 0x7f, 0xd7, 0x28,
    0x1, 0xb, 0x83, 0x80, 0x68, 0x2, 0x70, 0xa,
    0xc4, 0x3, 0x1a, 0x80, 0x56, 0x0, 0x80, 0xc,
    0x8a, 0x10, 0xc0, 0x3, 0xeb, 0x99, 0x66, 0x4,
    0x1, 0x2a, 0x10, 0x20, 0x1d, 0x44, 0x13, 0x0,
    0x12, 0x33, 0xc, 0x0, 0x34, 0xc0, 0xae, 0x1,
    0xf6, 0x10, 0x3f, 0x39, 0x0, 0x62, 0x8e, 0x50,
    0x5a, 0x0, 0xfc, 0x3a, 0xc0, 0x31, 0xbd, 0x9b,
    0xda, 0xe0, 0x8, 0xa0, 0xf, 0xfa, 0x71, 0x40,
    0x2, 0x64, 0x20, 0x6, 0xd7, 0x0, 0xff, 0xe0,
    0x9d, 0x7d, 0xc3, 0xba, 0x2f, 0xe4, 0x80, 0x3e,

    /* U+E2CF "" */
    0x0, 0xfc, 0x53, 0x96, 0xa0, 0x1f, 0xfc, 0x12,
    0x79, 0x73, 0x6d, 0x63, 0x4a, 0xb2, 0x58, 0x96,
    0x0, 0xf2, 0xec, 0x34, 0x64, 0x80, 0x19, 0x1,
    0x36, 0x9d, 0xa7, 0x44, 0x2, 0x2a, 0x1, 0x41,
    0x0, 0x16, 0x4d, 0xc0, 0x4, 0x48, 0x5, 0xa0,
    0x15, 0x0, 0xfd, 0xf6, 0xec, 0x60, 0x7, 0xec,
    0xed, 0xba, 0x3, 0x20, 0x0, 0x82, 0x88, 0x0,
    0x88, 0x1, 0xc2, 0x62, 0x0, 0x50, 0x3, 0x0,
    0x38, 0x10, 0x80, 0x51, 0x8c, 0x2, 0x14, 0x53,
    0x0, 0x38, 0x1, 0x80, 0xc, 0x0, 0xde, 0xe5,
    0xce, 0x7f, 0x75, 0x75, 0x9f, 0xd0, 0x8, 0x40,
    0x1, 0xb1, 0x1, 0x0, 0xe1, 0x10, 0x7, 0x8,
    0x1d, 0x0, 0x64, 0xb0, 0x5, 0x77, 0xed, 0x44,
    0x2f, 0xbf, 0x58, 0x1, 0x82, 0x1, 0xf9, 0x44,
    0x9, 0x5d, 0xc8, 0x20, 0x58, 0x0, 0x41, 0x0,
    0xff, 0x84, 0x3, 0x8, 0x7, 0x5f, 0x48, 0x7,
    0xf5, 0xf2, 0x0, 0x37, 0x88, 0x3, 0xcd, 0x40,
    0x1f, 0x98, 0x8, 0x0, 0x40, 0xe0, 0x1b, 0x98,
    0x14, 0xc0, 0x3f, 0xf8, 0xe3, 0x24, 0x16, 0x1,
    0xff, 0xc9, 0x60, 0x10, 0xf, 0xfe, 0x40, 0xa0,
    0x70, 0x7, 0xff, 0x1d, 0xf0, 0x0, 0xc0, 0x1f,
    0xfc, 0x78, 0x20, 0xa1, 0x0, 0xff, 0xe4, 0x26,
    0x28, 0x7, 0xe6, 0x2, 0x0, 0x10, 0x38, 0x6,
    0xfb, 0x30, 0xf, 0xeb, 0xe4, 0x0, 0x6f, 0x10,
    0x7, 0xff, 0x14, 0x40, 0x30, 0x80, 0xc, 0x3,
    0xf9, 0xc0, 0x14, 0xcc, 0x55, 0x99, 0xba, 0xc0,
    0xc0, 0x3e, 0x26, 0x5, 0x99, 0x55, 0x53, 0x3c,
    0x41, 0x0, 0x1f, 0xa6, 0x4, 0x3, 0xf8, 0x4e,
    0xd0, 0x3, 0x80,

    /* U+E2D1 "" */
    0x0, 0xff, 0x46, 0xeb, 0x10, 0x3, 0xff, 0x86,
    0xe4, 0x43, 0xd0, 0xf, 0xfe, 0x11, 0x80, 0x1a,
    0x20, 0x1, 0xff, 0xc2, 0x50, 0x4, 0xb8, 0x80,
    0x7f, 0xf0, 0xb8, 0x8, 0x3, 0xff, 0x8a, 0x60,
    0xe0, 0x1f, 0xfc, 0x55, 0xd, 0x0, 0xfc, 0x3b,
    0xff, 0xf0, 0x84, 0x7f, 0xfb, 0x45, 0x48, 0x3,
    0xff, 0x88, 0x44, 0x4b, 0x0, 0x2d, 0x57, 0xf4,
    0xa8, 0x2, 0xcc, 0x10, 0x40, 0x95, 0x7f, 0x98,
    0x80, 0x90, 0x2, 0x50, 0x20, 0xf, 0xf1, 0x3,
    0x0, 0x62, 0x6, 0x0, 0xff, 0x30, 0x10, 0x6,
    0xe0, 0x20, 0xf, 0xf1, 0x7, 0x0, 0x63, 0x1,
    0x23, 0x30, 0x80, 0x78, 0x40, 0x80, 0x33, 0x0,
    0x37, 0x31, 0xdc, 0x94, 0x21, 0x60, 0x3, 0x80,
    0x62, 0x0, 0xf0, 0xb5, 0xef, 0x48, 0x0, 0x80,
    0x38, 0x81, 0xbf, 0xda, 0xe4, 0x1, 0xc2, 0x1,
    0xe6, 0x3, 0x0, 0x14, 0x6f, 0x66, 0x14, 0x8,
    0x3, 0xc4, 0xc, 0x1, 0xc2, 0x66, 0x10, 0x60,
    0xf, 0x70, 0x10, 0x7, 0xe6, 0xd, 0x0, 0xf1,
    0x80, 0x80, 0x7e, 0x20, 0x20, 0xf, 0x30, 0x0,
    0xc0, 0x3c, 0x40, 0x6, 0x0, 0xf1, 0x8, 0x7b,
    0x2a, 0xe6, 0xe0, 0x13, 0x0, 0xfa, 0x0, 0xe6,
    0xab, 0x49, 0x84, 0x80, 0x7e, 0x6a, 0x20, 0xf,
    0x14, 0xb8, 0x6,

    /* U+E2D3 "" */
    0x0, 0xff, 0xe8, 0x35, 0x66, 0x24, 0xc0, 0x31,
    0x45, 0xe5, 0xb8, 0x7, 0x8b, 0x65, 0x4c, 0xcd,
    0x94, 0x0, 0x8d, 0x74, 0x34, 0x8e, 0x40, 0x8,
    0x70, 0x80, 0x50, 0xc0, 0xb, 0x92, 0xe0, 0x3,
    0x42, 0x1, 0xb4, 0x0, 0x50, 0x84, 0x75, 0xe7,
    0x28, 0x1b, 0x1, 0xee, 0x5e, 0xd8, 0x2, 0x80,
    0x90, 0x21, 0xc0, 0x21, 0xa3, 0x0, 0xe, 0x90,
    0x4, 0x98, 0x2, 0xca, 0x0, 0x70, 0xf, 0x40,
    0x2, 0x44, 0x3, 0x8c, 0xc1, 0xbe, 0x6, 0x1,
    0x2e, 0x20, 0x28, 0x0, 0xc0, 0xad, 0xc0, 0x24,
    0x7, 0xf0, 0x20, 0xb, 0xce, 0xd5, 0xc0, 0x18,
    0x78, 0x94, 0x1, 0x10, 0x3a, 0x0, 0x98, 0x2,
    0x4, 0x2a, 0x40, 0xf, 0x82, 0x12, 0x1, 0x20,
    0x61, 0x98, 0x38, 0x40, 0xb0, 0x2, 0x34, 0x0,
    0xa5, 0x0, 0x14, 0x20, 0xc1, 0xc0, 0x5e, 0xc6,
    0x80, 0xa, 0xcb, 0xc0, 0x7, 0x92, 0xe2, 0x85,
    0x8, 0x15, 0x80, 0xce, 0x48, 0x12, 0x80, 0xd,
    0x41, 0xb6, 0x8c, 0x21, 0x40, 0x2d, 0x0, 0xff,
    0xe3, 0x58, 0x4, 0xcc, 0x2, 0x9c, 0x90, 0x26,
    0x0, 0x1a, 0x83, 0x65, 0x18, 0x1d, 0x0, 0x24,
    0xf, 0x58, 0xd4, 0x1, 0x39, 0x90, 0x3, 0xcd,
    0x71, 0x81, 0x4d, 0x40, 0x1c, 0x0, 0x2d, 0x0,
    0x8c, 0xc0, 0x14, 0xa8, 0x2, 0x44, 0x2b, 0x40,
    0x88, 0x0, 0x81, 0xb, 0xa0, 0x4, 0x69, 0x4,
    0x0, 0x4e, 0xa, 0x1, 0xee, 0x4c, 0x44, 0x0,
    0x8, 0x98, 0xb6, 0x1, 0xee, 0x2, 0x10, 0x2,
    0x59, 0x82, 0x0, 0x34, 0x6, 0x98, 0x2, 0x50,
    0x57, 0x0, 0x40, 0x7, 0xa0, 0x0, 0xe4, 0x1,
    0xca, 0x61, 0xa2, 0xe0, 0xd4, 0x20, 0x3, 0xd2,
    0x0, 0xb1, 0x40, 0x27, 0xa0, 0x44, 0x4, 0x20,
    0x2f, 0x73, 0xf0, 0x82, 0x2c, 0x6, 0xbf, 0xbe,
    0x0, 0xa8, 0x2, 0xb7, 0x0, 0x8, 0x0, 0xad,
    0xd3, 0x50, 0x0, 0x20, 0x6, 0xd1, 0x0, 0xd1,
    0xf5, 0x10, 0xcd, 0x40, 0x1, 0x5e, 0xcc, 0x57,
    0x48, 0x4,

    /* U+E2D8 "" */
    0x0, 0xe4, 0xcf, 0xff, 0xda, 0xa0, 0x1f, 0xc9,
    0x66, 0x1, 0xf8, 0xa9, 0x40, 0x3f, 0x48, 0x14,
    0xd5, 0x7c, 0x61, 0x60, 0x1f, 0x21, 0x4, 0xb2,
    0xaf, 0xdc, 0x2, 0xc0, 0x1e, 0xe0, 0x24, 0x0,
    0xfc, 0x48, 0x14, 0x1, 0xc2, 0xa1, 0x40, 0x1f,
    0xee, 0x3, 0x30, 0x6, 0x90, 0x3, 0x0, 0x7f,
    0x94, 0x42, 0x80, 0x33, 0x3, 0x8, 0x7, 0xfc,
    0xc0, 0xc2, 0x0, 0x51, 0xa, 0x0, 0xff, 0xe0,
    0x48, 0x1, 0x80, 0x1c, 0x6, 0x60, 0xf, 0xfe,
    0x0, 0xa0, 0x50, 0x12, 0x5, 0x0, 0x7f, 0xf0,
    0xbc, 0x8, 0xd4, 0x0, 0xa4, 0x5f, 0xfc, 0x26,
    0x10, 0xb2, 0x0, 0x66, 0xef, 0xff, 0xc, 0x43,
    0xd5, 0x40, 0x1f, 0xfc, 0x64, 0x70, 0xae, 0xdd,
    0xf5, 0x80, 0x2f, 0x77, 0xeb, 0x0, 0x84, 0x8b,
    0xcc, 0x0, 0x62, 0x2f, 0x80, 0x3f, 0xfd, 0x42,
    0xc0, 0x6, 0x20, 0xf, 0xfe, 0x12, 0xf7, 0x2c,
    0x1, 0x7b, 0xcc, 0x1, 0xff, 0x25, 0x8, 0x7,
    0x86, 0x54, 0x3, 0xfd, 0xe0, 0x59, 0xbb, 0xb0,
    0xc2, 0x40, 0x3f, 0xcc, 0xa, 0x64, 0x58, 0xe8,
    0x8, 0x3, 0xff, 0x80, 0x4a, 0xbe, 0xf0, 0xf,
    0xfe, 0x3, 0x82, 0xd5, 0x79, 0x81, 0x40, 0x3f,
    0xd6, 0x80, 0x1f, 0x92, 0x80, 0x38,

    /* U+E2DA "" */
    0x0, 0xfe, 0x7c, 0xa1, 0x0, 0xff, 0xe3, 0xcc,
    0x1a, 0xe0, 0x80, 0x7f, 0xf1, 0x65, 0x80, 0xc0,
    0xb0, 0x40, 0x3f, 0xf8, 0x6e, 0xc0, 0xb9, 0x40,
    0x58, 0xc4, 0x1, 0xff, 0xc1, 0x90, 0x4a, 0x5,
    0x80, 0x29, 0xdf, 0xc9, 0x52, 0x0, 0xfc, 0x40,
    0xa4, 0x5, 0x20, 0x1c, 0x6d, 0x5b, 0x60, 0x1f,
    0x50, 0xe, 0x2e, 0x8, 0x5f, 0xe4, 0xb1, 0x0,
    0x11, 0x80, 0x38, 0xa0, 0x0, 0x34, 0x21, 0x88,
    0x6, 0xd3, 0xb6, 0x0, 0x10, 0xc, 0x78, 0x21,
    0x0, 0x16, 0x18, 0x7, 0x1d, 0x80, 0xb0, 0x4,
    0x7a, 0x21, 0x8e, 0xe0, 0x23, 0x0, 0xe3, 0xc0,
    0x1c, 0x10, 0x1, 0x68, 0x86, 0x18, 0x68, 0x10,
    0x7, 0x1e, 0x0, 0xe9, 0x0, 0x7, 0x4, 0x30,
    0xc0, 0xe, 0x0, 0x40, 0x8, 0xf0, 0x7, 0x4c,
    0x2, 0x91, 0xb, 0x30, 0x8, 0x84, 0xc, 0x0,
    0x78, 0x3, 0xa6, 0x1, 0xe1, 0x40, 0xe, 0x50,
    0xd0, 0x3d, 0x1, 0xd3, 0x0, 0xea, 0x1, 0x80,
    0xe, 0x30, 0x73, 0xd1, 0x16, 0x98, 0x7, 0x89,
    0x41, 0xc4, 0x3, 0x60, 0x16, 0x88, 0xb4, 0xc0,
    0x3f, 0x40, 0x2, 0x40, 0x32, 0x8, 0x8, 0xb0,
    0xc0, 0x3f, 0x89, 0x81, 0xc4, 0x3, 0x7b, 0xb6,
    0x10, 0x7, 0xfd, 0x40, 0x8, 0x21, 0x0, 0xc,
    0x49, 0x0, 0x7f, 0x93, 0xb0, 0x0, 0xdb, 0xdc,
    0x50, 0xf, 0xfe, 0x9, 0x58, 0x80, 0x78, 0x69,
    0x0, 0x3f, 0xf8, 0x10, 0x3, 0x9b, 0xbb, 0x8,
    0x3c, 0x3, 0xff, 0x80, 0xc0, 0xc6, 0x45, 0x8e,
    0x81, 0x80, 0x3f, 0xf8, 0x46, 0xab, 0xed, 0x0,
    0xff, 0xe1, 0x28, 0x25, 0x57, 0x94, 0x1c, 0x3,
    0xff, 0x81, 0x2a, 0x1, 0xf9, 0x2c, 0x3, 0xff,
    0x80,

    /* U+E2DE "" */
    0x0, 0xff, 0xe4, 0x4d, 0x0, 0x7f, 0xf2, 0xa5,
    0x95, 0xc0, 0x3f, 0xf8, 0xe5, 0x6c, 0x0, 0x90,
    0xf, 0xfe, 0x2a, 0x4e, 0xa0, 0x20, 0xa, 0x80,
    0x7f, 0xc2, 0xb1, 0x7f, 0x6c, 0x0, 0x8b, 0x30,
    0xe0, 0xf, 0xc5, 0x3d, 0xca, 0x74, 0x0, 0x13,
    0xf3, 0x85, 0x82, 0x0, 0x7d, 0x1a, 0xc2, 0x0,
    0x15, 0x9d, 0xd4, 0x8, 0x1, 0x0, 0x6, 0x1,
    0xd6, 0xe0, 0x2d, 0x7d, 0xca, 0x62, 0x0, 0xe3,
    0x0, 0x30, 0x6, 0xa4, 0x5, 0xf9, 0x41, 0x0,
    0xff, 0x8, 0x10, 0x4, 0xaa, 0x6, 0xa1, 0x0,
    0xff, 0xe0, 0x98, 0x78, 0x5, 0x0, 0x52, 0x1,
    0xff, 0xc3, 0x60, 0x10, 0x1, 0x90, 0x40, 0x7,
    0xe1, 0x0, 0xf9, 0xc0, 0x40, 0xa, 0x0, 0x50,
    0xf, 0x1f, 0x70, 0x80, 0x3c, 0x41, 0xe0, 0xe,
    0x3, 0x0, 0xf3, 0xe0, 0x81, 0x80, 0x71, 0x8,
    0x20, 0x7, 0xe1, 0x7e, 0x80, 0x1c, 0x10, 0xe,
    0xa0, 0x13, 0x0, 0x70, 0x11, 0xc6, 0x74, 0x8,
    0x37, 0x98, 0x7, 0x98, 0x1c, 0x2, 0x50, 0x1c,
    0x73, 0x0, 0x36, 0xc8, 0x80, 0x7a, 0x44, 0x20,
    0x2, 0x50, 0x8, 0x56, 0xba, 0x48, 0x3, 0xe6,
    0x60, 0x40, 0x80, 0x12, 0x40, 0x2a, 0xa2, 0x88,
    0x7, 0xe7, 0x90, 0x47, 0x0, 0xa8, 0x8, 0x81,
    0x68, 0x1, 0xf8, 0x6a, 0x0, 0xec, 0x2, 0x51,
    0xe, 0xc1, 0xb, 0xa4, 0x0, 0xc9, 0x3c, 0xa0,
    0xba, 0x1, 0xbc, 0xc, 0xc3, 0x86, 0xb, 0x7f,
    0xbd, 0xf6, 0xc0, 0x9, 0xa1, 0x0, 0xce, 0x8,
    0x0, 0x2c, 0x82, 0x0, 0x10, 0x80, 0x5, 0xf9,
    0x80, 0x3f, 0x70, 0x6, 0x7d, 0xd4, 0xc4, 0x2b,
    0x7a, 0x4, 0x3, 0xe9, 0x67, 0x0, 0xf1, 0x33,
    0xb9, 0x48, 0x3, 0xfc,

    /* U+E2E0 "" */
    0x4, 0x55, 0xff, 0xe1, 0x88, 0x4, 0x26, 0x11,
    0x75, 0x5f, 0xfc, 0x40, 0xb, 0x71, 0x34, 0x3,
    0xff, 0x88, 0x40, 0x10, 0x81, 0x2f, 0xff, 0xff,
    0x12, 0x40, 0x3f, 0xff, 0xe0, 0x1f, 0xfd, 0x1,
    0x22, 0xfe, 0x0, 0xff, 0xe0, 0xbf, 0x6e, 0xff,
    0x60, 0x7, 0xff, 0x40, 0xef, 0xb9, 0x26, 0x0,
    0x7d, 0xdf, 0xf6, 0x0, 0x4b, 0x88, 0x22, 0x61,
    0x0, 0x88, 0xbf, 0xc0, 0x10, 0xd0, 0xc, 0x40,
    0x40, 0x3f, 0xf8, 0xae, 0x0, 0xf7, 0x76, 0x80,
    0x7f, 0xf1, 0x78, 0xc, 0x40, 0x6, 0x1, 0xff,
    0xc5, 0xf0, 0x20, 0x8, 0x40, 0x6, 0x1, 0xff,
    0xc2, 0x40, 0x1a, 0x12, 0xa0, 0x2, 0x2f, 0xff,
    0xfa, 0x80, 0x6, 0xa0, 0xbd, 0xa8, 0x10, 0x3a,
    0x1, 0xfe, 0x40, 0xa, 0x98, 0x3, 0x43, 0x84,
    0x55, 0x7f, 0xbc, 0x3, 0x4f, 0x5d, 0xbd, 0xc0,
    0x0,

    /* U+E2E3 "" */
    0x2, 0x66, 0xff, 0xe3, 0x10, 0x16, 0xcc, 0xff,
    0xf1, 0xb4, 0x94, 0x0, 0x24, 0x5f, 0xfc, 0x21,
    0x0, 0x2a, 0x0, 0xf, 0x37, 0x7f, 0xf8, 0x18,
    0x60, 0x4, 0x3a, 0x2, 0xc1, 0x0, 0xff, 0xe,
    0x10, 0x51, 0x82, 0xd0, 0x16, 0x8, 0x7, 0xe1,
    0xc2, 0xa, 0x50, 0x9, 0x68, 0xb, 0x4, 0x3,
    0xc3, 0x84, 0x14, 0xa0, 0x1c, 0xb4, 0x5, 0x82,
    0x1, 0x87, 0x8, 0x29, 0x40, 0x3e, 0x5a, 0x2,
    0xc1, 0x0, 0xe, 0x10, 0x52, 0x80, 0x7f, 0x2d,
    0x1, 0x60, 0x8b, 0x8, 0x29, 0x40, 0x3f, 0xe5,
    0xa0, 0x2c, 0xc1, 0x5, 0x28, 0x7, 0xff, 0x5,
    0x68, 0x8, 0x81, 0x4a, 0x1, 0xff, 0xc3, 0x5a,
    0x0, 0x52, 0x80, 0x7f, 0xf1, 0x5c, 0x0, 0xe0,
    0x1f, 0xff, 0xf0, 0xf, 0xff, 0xf8, 0x7, 0xff,
    0x6c, 0x99, 0xb2, 0x80, 0x15, 0x9b, 0x10, 0x7,
    0xec, 0x99, 0xd0, 0x0, 0x89, 0x9d, 0x80, 0x1f,
    0x9c, 0x40, 0x3f, 0xc2, 0xe0, 0x18,

    /* U+E2E7 "" */
    0x0, 0xff, 0xe4, 0x2d, 0xe4, 0x8, 0x7, 0xff,
    0x22, 0x69, 0xd, 0xf0, 0x40, 0x3f, 0xf8, 0xd4,
    0xc0, 0x6c, 0x5, 0x20, 0x1f, 0xe1, 0x44, 0x0,
    0x6a, 0x50, 0x5c, 0x96, 0x4, 0x0, 0xfe, 0x8e,
    0xbb, 0x72, 0x5, 0x28, 0x2d, 0x0, 0x14, 0x1c,
    0x3, 0xf5, 0x38, 0x4, 0x37, 0x8a, 0xb, 0x40,
    0xa, 0x30, 0xe0, 0xf, 0x99, 0x41, 0x7b, 0x44,
    0xc, 0x16, 0x80, 0x14, 0xa0, 0xca, 0x1, 0xf7,
    0x0, 0x3c, 0x4b, 0xc8, 0x1a, 0x80, 0x14, 0xa0,
    0xb2, 0x1, 0xfa, 0xc0, 0x14, 0xa0, 0x3b, 0xf2,
    0x0, 0xa5, 0x5, 0xa0, 0xf, 0xc5, 0xa0, 0x15,
    0x28, 0x7, 0x4a, 0x82, 0xd0, 0x7, 0xe7, 0xd1,
    0x9, 0x20, 0xa5, 0x0, 0xcc, 0x7, 0x40, 0x1c,
    0x2d, 0x5f, 0x0, 0x36, 0xd8, 0x41, 0x4a, 0x1,
    0x10, 0x1a, 0x0, 0x66, 0xe9, 0x50, 0x2, 0xfa,
    0x0, 0xe1, 0x5, 0x28, 0x3, 0x8, 0x28, 0x3,
    0x50, 0x0, 0xe3, 0x68, 0x40, 0x21, 0xc2, 0xa,
    0x50, 0x1e, 0x1, 0x30, 0xa, 0xc0, 0x16, 0xe4,
    0x1, 0xe1, 0xc2, 0xa, 0x50, 0x20, 0x3, 0x80,
    0x4e, 0x81, 0x10, 0x30, 0xf, 0x87, 0x8, 0x29,
    0x6c, 0x0, 0xa0, 0x1a, 0xc8, 0x1f, 0x3a, 0x98,
    0x40, 0x30, 0xe1, 0x5, 0x28, 0x38, 0x80, 0x77,
    0x88, 0x0, 0x56, 0x7b, 0x65, 0x0, 0x2, 0x1,
    0x96, 0x0, 0x3c, 0x54, 0x1, 0x18, 0x0, 0x9a,
    0xfe, 0xe8, 0x81, 0xa6, 0x80, 0x3f, 0x24, 0x80,
    0x17, 0xed, 0x88, 0x0, 0x8a, 0x9, 0x2c, 0x1,
    0xfe, 0x66, 0x3, 0x31, 0x27, 0x7a, 0x0, 0x3,
    0x40, 0x1f, 0xfc, 0x19, 0x30, 0x94, 0x0, 0xa8,
    0x1, 0xa2, 0x1, 0xff, 0xc2, 0xd1, 0xa, 0x22,
    0x61, 0x5, 0x98, 0x7, 0xff, 0xc, 0x70, 0x7,
    0xf0, 0x82, 0x90, 0x3, 0xff, 0x8a, 0x56, 0x4,
    0x21, 0x6a, 0x1, 0xff, 0xc7, 0x4b, 0x45, 0xd4,
    0x0, 0xff, 0xe0, 0x0,

    /* U+E2E9 "" */
    0x0, 0xff, 0x24, 0xc8, 0xc0, 0x3f, 0xf8, 0xef,
    0x6c, 0xcc, 0x50, 0xf, 0xfe, 0x29, 0xc0, 0x10,
    0x85, 0x8, 0x7, 0xff, 0x13, 0xc0, 0x77, 0x0,
    0x10, 0x1, 0xff, 0xc3, 0x33, 0x5, 0x81, 0x40,
    0x31, 0x80, 0x14, 0x40, 0x3f, 0xc4, 0x45, 0x50,
    0x1, 0xc4, 0x3c, 0x22, 0xac, 0x3, 0xfc, 0x3b,
    0x40, 0x1a, 0xc0, 0xd5, 0x0, 0xc0, 0x3f, 0xf8,
    0xaa, 0x61, 0x66, 0x18, 0x1, 0xc2, 0xb5, 0xde,
    0x80, 0x19, 0x36, 0xd8, 0x4, 0x0, 0x80, 0x11,
    0xef, 0x52, 0x88, 0x70, 0x6, 0xc2, 0x45, 0x0,
    0x8c, 0x40, 0x2b, 0x20, 0xe, 0x40, 0xd, 0x12,
    0x80, 0x19, 0x0, 0x34, 0xc5, 0x40, 0x4, 0x24,
    0x1, 0x9a, 0xff, 0x21, 0xa4, 0x3, 0xb, 0xa4,
    0x82, 0x0, 0x14, 0x3, 0xe3, 0x79, 0x10, 0xf,
    0x40, 0x84, 0xa0, 0x60, 0x7, 0xfc, 0xe6, 0x1,
    0x13, 0x3, 0x17, 0x86, 0x0, 0x7f, 0x96, 0x34,
    0x40, 0x12, 0x3, 0x0, 0x9e, 0xe0, 0x18, 0x98,
    0x3, 0x38, 0xc, 0x2, 0x20, 0x20, 0x40, 0x3e,
    0x4d, 0x95, 0x0, 0x89, 0xc1, 0x8b, 0x80, 0x98,
    0x3, 0xe4, 0xb0, 0x17, 0x0, 0xd0, 0x20, 0xa0,
    0x1, 0x0, 0xf9, 0x2c, 0x7, 0x48, 0x3, 0x8,
    0x3, 0xfc, 0x7, 0xff, 0x68, 0x81, 0x58, 0x0,
    0x73, 0xff, 0xb8, 0x42, 0xd5, 0x80, 0x31, 0x18,
    0x30, 0x7, 0xff, 0x2, 0x4c, 0x27, 0x6a, 0xac,
    0x20, 0x47, 0x0, 0xc, 0xd5, 0x75, 0xf3, 0x0,
    0x44, 0xab, 0x18, 0x5, 0xe, 0x3, 0xaa, 0xbc,
    0x82, 0x1, 0xff, 0xc1, 0x87, 0x4, 0x50, 0xf,
    0xfe, 0x44, 0x40, 0xd0, 0x3, 0xf0,

    /* U+E2F1 "" */
    0x0, 0xff, 0xe8, 0x97, 0x48, 0x6, 0x2f, 0x90,
    0xf, 0xfe, 0x11, 0x56, 0xb, 0x80, 0x64, 0x6,
    0xc6, 0x0, 0xff, 0x8b, 0x14, 0x40, 0x3f, 0x8e,
    0x64, 0x1, 0xfe, 0x81, 0x12, 0x1, 0x80, 0x78,
    0x50, 0x18, 0x80, 0x3f, 0x90, 0x26, 0xde, 0x40,
    0x33, 0x3d, 0x58, 0x1, 0x0, 0x3f, 0x84, 0x4,
    0x21, 0x0, 0x3a, 0x10, 0x3, 0xff, 0xb6, 0x20,
    0x1f, 0xfc, 0x77, 0xef, 0xb2, 0x0, 0x84, 0x3,
    0xff, 0x89, 0x10, 0x10, 0x4c, 0x10, 0xf, 0xfe,
    0x30, 0xb8, 0x2c, 0x80, 0xc9, 0x7, 0x80, 0x7f,
    0x84, 0x0, 0x40, 0x40, 0x8, 0x65, 0x3, 0x50,
    0x50, 0xf, 0xf3, 0x80, 0x14, 0x8, 0x1, 0xe,
    0xa0, 0x74, 0x4, 0xc0, 0x1f, 0xd6, 0x8, 0x20,
    0x2e, 0xb, 0x0, 0x32, 0x68, 0x12, 0x80, 0x1f,
    0x59, 0x4, 0x0, 0x51, 0x0, 0x1, 0xe0, 0x85,
    0x8, 0x5c, 0x10, 0x4, 0xba, 0x80, 0xe6, 0x1,
    0x9c, 0x1, 0x44, 0x0, 0x1c, 0x20, 0x7d, 0xee,
    0x7d, 0x10, 0x3c, 0x0, 0x7f, 0xf0, 0x4b, 0x5c,
    0x0, 0x22, 0x0, 0x1d, 0xc0, 0x7, 0xff, 0x12,
    0x3e, 0xc4, 0x13, 0xb1, 0x0, 0x3e, 0x10, 0x1,
    0x0, 0x7e, 0x47, 0x6, 0x10, 0xf, 0xe7, 0x0,
    0x20, 0x7, 0xf6, 0x81, 0x30, 0x7, 0xf5, 0x82,
    0x0, 0x7f, 0x91, 0x1, 0x28, 0x1, 0xf5, 0x90,
    0x40, 0x7, 0xfd, 0x42, 0x17, 0x4, 0x1, 0x2e,
    0xa0, 0x39, 0x80, 0x7f, 0xc3, 0x82, 0xf, 0xbd,
    0xcf, 0xa2, 0x7, 0x80, 0xf, 0xfe, 0x9, 0x73,
    0x80, 0x4, 0x40, 0x3, 0xb8, 0x0, 0xff, 0xe2,
    0x47, 0xdc, 0xc4, 0xf6, 0x20, 0x7, 0x80,

    /* U+E2F2 "" */
    0x0, 0xff, 0xe3, 0xcd, 0x0, 0x7f, 0xf2, 0xc5,
    0x97, 0x0, 0x3f, 0xf8, 0xc4, 0xc0, 0x1, 0x80,
    0x3c, 0x0, 0xff, 0xe2, 0xf4, 0xe0, 0x1, 0xd8,
    0xf, 0x0, 0x3f, 0xf8, 0x96, 0x7, 0x80, 0x6c,
    0x0, 0x3c, 0x0, 0xff, 0xe1, 0xd8, 0x0, 0xf3,
    0x0, 0x6, 0x3, 0xa0, 0xf, 0xfe, 0xe, 0x18,
    0x20, 0x18, 0x3, 0x26, 0x0, 0x3f, 0xf8, 0x58,
    0x61, 0x17, 0x0, 0x3, 0x30, 0x3f, 0x50, 0x7,
    0xfd, 0x86, 0x10, 0xe0, 0xf0, 0x7, 0x80, 0x1,
    0x0, 0xff, 0xb0, 0xc2, 0x1c, 0x2, 0x74, 0x3,
    0xc0, 0xf, 0xfe, 0x6, 0x18, 0x43, 0x80, 0x67,
    0x40, 0x1, 0xb0, 0x7, 0xfb, 0xc, 0x1d, 0xc0,
    0x19, 0xe0, 0xe, 0x11, 0x0, 0x1f, 0xd8, 0x60,
    0x4, 0x0, 0xcf, 0x0, 0x78, 0xf6, 0x40, 0x1f,
    0xb0, 0xc1, 0x0, 0xf0, 0x0, 0xf0, 0x7, 0x80,
    0x1f, 0xf6, 0x18, 0x45, 0xc0, 0x1e, 0x44, 0x0,
    0xf0, 0x3, 0xfe, 0xc3, 0x8, 0x70, 0x78, 0x3,
    0x70, 0x3c, 0x0, 0xff, 0xac, 0xc2, 0x1c, 0x2,
    0x74, 0x0, 0x1e, 0x0, 0x7f, 0xc8, 0x80, 0x87,
    0x0, 0xce, 0x80, 0x78, 0x1, 0xff, 0xc0, 0xc0,
    0x27, 0x0, 0xcf, 0x0, 0x78, 0x1, 0xff, 0xc1,
    0xf0, 0x21, 0x0, 0x9e, 0x0, 0xf0, 0x3, 0xff,
    0x84, 0xa0, 0xd, 0x0, 0x44, 0x1, 0x30, 0x3,
    0xff, 0x86, 0x20, 0x3, 0xee, 0x38, 0x25, 0x80,
    0x7f, 0xf0, 0xcf, 0x0, 0x21, 0x10, 0x25, 0x80,
    0x7f, 0xf0, 0xcf, 0x0, 0x73, 0x61, 0xee, 0xc0,
    0x1f, 0xfc, 0x4f, 0x1, 0xd3, 0x27, 0x84, 0x0,
    0xff, 0xe2, 0xd2, 0x69, 0x80, 0x7f, 0xf2, 0x80,

    /* U+E2F4 "" */
    0x0, 0xff, 0x2c, 0x88, 0x7, 0xff, 0x1d, 0x69,
    0xb4, 0x3, 0xff, 0x8c, 0x94, 0x0, 0x3b, 0x0,
    0xff, 0xe2, 0x25, 0x81, 0x38, 0x25, 0x0, 0x7f,
    0xf0, 0x8e, 0xc0, 0x72, 0x18, 0x16, 0x40, 0x3f,
    0xf8, 0x5, 0xa0, 0x38, 0x21, 0x2a, 0xd, 0x0,
    0x1f, 0xf4, 0x88, 0x69, 0x0, 0x54, 0x80, 0xe4,
    0x1, 0xfe, 0x50, 0x27, 0x0, 0xc2, 0x40, 0x7,
    0x0, 0xff, 0x38, 0x14, 0x80, 0x67, 0x60, 0x2,
    0x0, 0x7f, 0x94, 0x1, 0x0, 0x19, 0xc8, 0x0,
    0x40, 0x1f, 0xd4, 0x61, 0xa, 0x1, 0x87, 0xc4,
    0x34, 0x80, 0x3e, 0x95, 0x6, 0x70, 0xf, 0x16,
    0x80, 0xe0, 0x80, 0x70, 0xb0, 0x2c, 0x80, 0x7e,
    0x3b, 0x1, 0x90, 0xe, 0x20, 0x3, 0x10, 0x7,
    0xf6, 0x0, 0x8, 0x3, 0x8c, 0x80, 0xd4, 0x3,
    0xf0, 0xb8, 0x3, 0x80, 0x39, 0x8, 0x9, 0x80,
    0x3f, 0xc, 0x0, 0x3c, 0x3, 0x1d, 0x80, 0xe0,
    0x80, 0x7f, 0x3b, 0x81, 0x24, 0x0, 0x3a, 0x3,
    0x82, 0x1, 0xff, 0x42, 0x83, 0x38, 0x48, 0x86,
    0x90, 0x7, 0xff, 0x6, 0x90, 0x24, 0x3, 0x67,
    0xff, 0xff, 0xd, 0x0, 0x42, 0x48, 0x3, 0xff,
    0x8f, 0x20, 0x3b, 0x75, 0x5f, 0x0, 0x1a, 0xab,
    0xed, 0x60, 0x9, 0x15, 0x7e, 0x10, 0xc5, 0x5f,
    0x88, 0x3, 0xff, 0xaf, 0x28, 0x80, 0xf, 0xf0,

    /* U+E2F5 "" */
    0x0, 0xff, 0xe0, 0xb4, 0x0, 0x7f, 0xf2, 0x9e,
    0x5e, 0x80, 0x3f, 0xf9, 0xb, 0x0, 0x5, 0x90,
    0xf, 0xfe, 0x3e, 0x1, 0xa8, 0x34, 0x0, 0x7f,
    0xf1, 0xa6, 0xb2, 0x90, 0x1d, 0xc0, 0x1f, 0xe1,
    0x9d, 0xd5, 0x18, 0x1, 0x40, 0x16, 0x81, 0xc,
    0x1, 0xf8, 0xf9, 0x88, 0x8b, 0x8c, 0x1, 0xd6,
    0x61, 0x22, 0x1, 0xf6, 0x80, 0xc4, 0x98, 0x49,
    0x0, 0x61, 0x60, 0x1, 0x0, 0x79, 0x44, 0x31,
    0xdb, 0x8, 0x2c, 0x3, 0x32, 0x80, 0x98, 0x7,
    0xc, 0x81, 0x90, 0x4, 0x80, 0xe6, 0x1, 0x30,
    0x80, 0x8, 0x3, 0xb0, 0xc1, 0x0, 0x36, 0x80,
    0xe1, 0x0, 0x7, 0x40, 0x70, 0x40, 0x26, 0x20,
    0x98, 0x0, 0xc9, 0x82, 0x10, 0x1, 0x1d, 0x80,
    0xe8, 0x5, 0xa0, 0x8c, 0x1, 0xe3, 0x90, 0x40,
    0xc, 0x94, 0x6, 0xe0, 0x7, 0x2, 0x0, 0xfc,
    0x20, 0x20, 0x1d, 0xe0, 0xf, 0x0, 0x28, 0x38,
    0x7, 0xed, 0x2, 0x0, 0xc4, 0xa0, 0xb, 0x0,
    0x58, 0xe, 0xbb, 0x37, 0x5a, 0x5, 0x80, 0x62,
    0x70, 0x2, 0x0, 0xa, 0x40, 0xa2, 0x67, 0x90,
    0x15, 0x80, 0x3a, 0x14, 0x21, 0x80, 0xd, 0x88,
    0x20, 0x18, 0x4e, 0xa8, 0x1, 0xf5, 0x20, 0x4a,
    0x80, 0xe, 0xfb, 0xc0, 0x17, 0xd8, 0xa0, 0x1f,
    0xd4, 0x61, 0x0, 0x1f, 0xfc, 0xd, 0xff, 0xfd,
    0xc6, 0x1, 0xff, 0xc1, 0x12, 0x0, 0xff, 0xa0,
    0x3, 0xfe, 0x1c, 0x0, 0x3d, 0x57, 0xaf, 0x54,
    0x3, 0xff, 0x80, 0x60, 0xc, 0x55, 0xf2, 0x10,
    0x7, 0xff, 0x51, 0x95, 0x0, 0x33, 0x2a, 0x0,
    0x7f, 0x0,

    /* U+E2F6 "" */
    0x6b, 0x10, 0x3, 0x30, 0x2, 0x84, 0x0, 0xf8,
    0x5a, 0x20, 0x16, 0x8e, 0x5, 0x32, 0x10, 0x57,
    0xa0, 0xf, 0x47, 0x4b, 0xb9, 0x40, 0x30, 0x80,
    0x78, 0x40, 0x3b, 0x1c, 0x4, 0x3, 0xfc, 0x60,
    0x60, 0x1e, 0xa3, 0x7, 0xe1, 0x0, 0xff, 0xe2,
    0xa2, 0x84, 0xc0, 0x7, 0xff, 0x1f, 0x80, 0x98,
    0x3, 0xff, 0x90, 0xe1, 0x40, 0x1f, 0xfc, 0x93,
    0x1, 0x0, 0xfc, 0x20, 0x1f, 0xfe, 0x16, 0x9,
    0x64, 0x0, 0x2b, 0x40, 0x18, 0x7, 0xff, 0x2,
    0x0, 0x66, 0x0, 0x11, 0x22, 0x10, 0x1, 0xff,
    0xc0, 0x3b, 0x30, 0xf, 0x1d, 0xa0, 0x7, 0xff,
    0x5, 0x33, 0xf0, 0x1, 0xbf, 0x88, 0x1, 0xff,
    0xd2, 0x10, 0xf, 0xfe, 0x4a, 0x84, 0xc3, 0xb0,
    0x80, 0x7f, 0xf1, 0x60, 0x5, 0xe2, 0x40, 0x3f,
    0xf8, 0xc7, 0xaa, 0x45, 0x0, 0x7f, 0xf1, 0xca,
    0xb7, 0x61, 0x0, 0xff, 0xff, 0x80, 0x7f, 0xf4,
    0x8c, 0x3, 0xff, 0xc0, 0x42, 0x62, 0x1, 0xff,
    0xc1, 0x40, 0x70, 0xc, 0x3d, 0x80, 0x1f, 0xfc,
    0x2a, 0xf2,

    /* U+E2F8 "" */
    0x0, 0x97, 0xb9, 0xff, 0xdc, 0xa0, 0x1d, 0x2,
    0x20, 0xe, 0x18, 0x0, 0xc6, 0x40, 0xf3, 0x39,
    0xc0, 0x88, 0x1, 0x58, 0xc, 0x33, 0x68, 0x10,
    0xa0, 0x9, 0x41, 0xc0, 0x3c, 0xe0, 0xa0, 0x2,
    0x20, 0x68, 0x7, 0xb4, 0x8, 0x80, 0x80, 0x4,
    0x0, 0xf2, 0x0, 0x10, 0x30, 0x10, 0x3, 0xf2,
    0x7, 0x83, 0x81, 0x80, 0x7e, 0x30, 0x50, 0x20,
    0x37, 0x7f, 0xc6, 0x4, 0x1, 0x24, 0x47, 0xe4,
    0x1, 0x1, 0x0, 0x11, 0x7e, 0x0, 0x8, 0x10,
    0x1e, 0xef, 0xe3, 0x5, 0xa, 0x3, 0x50, 0xf,
    0x29, 0x87, 0x3, 0x10, 0x53, 0x0, 0x67, 0xa0,
    0x35, 0x0, 0x78, 0x84, 0xf5, 0xdb, 0xa0, 0x7,
    0x80, 0x22, 0xc3, 0x1, 0x44, 0x8, 0x27, 0x90,
    0x6, 0x2c, 0xb6, 0x0, 0x36, 0x58, 0x80, 0x7c,
    0x96, 0x0, 0xb3, 0x0, 0xff, 0xfb, 0xb, 0x34,
    0xa0, 0x5, 0x66, 0x84, 0x2, 0xa9, 0x9a, 0x0,
    0x11, 0x33, 0x50, 0x5, 0x82, 0x1, 0xf8, 0x70,
    0x0,

    /* U+E2FC "" */
    0x0, 0xfe, 0x59, 0xbd, 0xd6, 0x4b, 0x8, 0x7,
    0xff, 0x8, 0x67, 0xe9, 0x90, 0x88, 0x6d, 0x3d,
    0x24, 0x1, 0xff, 0x37, 0x30, 0x0, 0xda, 0x20,
    0xe6, 0x0, 0x6d, 0x50, 0xf, 0xe9, 0x90, 0x1,
    0xfb, 0x25, 0xdd, 0x19, 0xf0, 0x21, 0x52, 0x1,
    0xf4, 0xb0, 0x1e, 0xc0, 0x80, 0x7c, 0xfc, 0xa0,
    0xd2, 0x1, 0xcc, 0xc0, 0x4c, 0x20, 0xf, 0xfa,
    0xa0, 0x19, 0x80, 0x10, 0xc0, 0x1d, 0x80, 0x7f,
    0xf0, 0x9d, 0x82, 0x4, 0x1, 0x2, 0x1c, 0x0,
    0xaa, 0x20, 0x7, 0x8a, 0x2c, 0xc2, 0x48, 0x60,
    0x0, 0xc0, 0xc4, 0x4, 0xaa, 0xbd, 0x50, 0x1,
    0x5e, 0xba, 0x58, 0x2, 0x1, 0x81, 0x40, 0x16,
    0x0, 0x29, 0x20, 0x2a, 0x0, 0x5a, 0x0, 0x1a,
    0x40, 0xa, 0x20, 0xba, 0x4, 0x40, 0x9, 0xac,
    0x6, 0x80, 0x16, 0x60, 0x72, 0x20, 0x12, 0x6,
    0x98, 0x38, 0x7, 0x22, 0x21, 0x40, 0x5, 0xc7,
    0x40, 0x1d, 0xa0, 0x6c, 0x4, 0x1, 0xc5, 0x6c,
    0x1, 0x8b, 0x18, 0x3, 0x88, 0x1c, 0x3, 0xff,
    0x9c, 0xc0, 0x40, 0x1f, 0x24, 0xe6, 0x25, 0x0,
    0x3e, 0x20, 0x73, 0x7, 0x0, 0xe2, 0xcb, 0x63,
    0x33, 0x5e, 0x10, 0x7, 0x60, 0x1e, 0x81, 0x10,
    0x2, 0x2c, 0x30, 0x26, 0x61, 0x1, 0xe1, 0x80,
    0x65, 0xd, 0x51, 0xa, 0x0, 0xa4, 0x42, 0xb6,
    0x65, 0xb4, 0x3, 0x0, 0x13, 0x8, 0x28, 0x38,
    0x39, 0x0, 0x34, 0xf1, 0x40, 0x32, 0xe1, 0xe8,
    0x5, 0x60, 0xc0, 0x8, 0x0, 0x70, 0x1, 0xb0,
    0xc0, 0x3c, 0x78, 0xc0, 0xa, 0x20, 0x80, 0x0,
    0xc8, 0x1d, 0x80, 0x7f, 0xf0, 0xa1, 0x42, 0x44,
    0x2, 0x66, 0x2, 0x61, 0x0, 0x7f, 0x86, 0x9c,
    0x1d, 0x80, 0x3a, 0x54, 0xf, 0x64, 0x80, 0x3c,
    0x2f, 0xca, 0xf, 0x0, 0x1f, 0x54, 0x80, 0x1b,
    0x75, 0x31, 0x9, 0xce, 0x80, 0x19, 0x80, 0xf,
    0xe6, 0xd6, 0x0, 0x13, 0x3b, 0x98, 0xc0, 0xd,
    0xec, 0x1, 0xff, 0x14, 0xf5, 0x32, 0x11, 0xd,
    0xab, 0xa4, 0x40, 0x3c,

    /* U+E2FD "" */
    0x0, 0xfe, 0x59, 0xbd, 0xd6, 0x4b, 0x8, 0x7,
    0xff, 0x8, 0x67, 0xe9, 0x90, 0x88, 0x6d, 0x3d,
    0x24, 0x1, 0xff, 0x37, 0x30, 0x0, 0xda, 0x20,
    0xc6, 0x0, 0x6d, 0x50, 0xf, 0xe9, 0x90, 0x2,
    0x3b, 0x25, 0xdd, 0x39, 0xce, 0x0, 0xa9, 0x0,
    0xfa, 0x58, 0x13, 0x9c, 0x40, 0x3c, 0x31, 0xc6,
    0xd, 0x20, 0x1c, 0xcc, 0x5, 0xb1, 0x0, 0xff,
    0xe, 0x28, 0x33, 0x0, 0x21, 0x80, 0x3a, 0x0,
    0xff, 0xe1, 0x52, 0x4, 0x8, 0x2, 0x4, 0x34,
    0x3, 0xff, 0x89, 0x40, 0x30, 0x0, 0x60, 0x71,
    0x0, 0xb, 0x34, 0x40, 0x1, 0x66, 0x88, 0x0,
    0x2e, 0xc, 0xa, 0x0, 0xa0, 0xa, 0xa6, 0x70,
    0x2, 0xa6, 0x70, 0x5, 0x20, 0x5, 0xd0, 0x22,
    0x0, 0x5a, 0x45, 0x68, 0x3, 0x48, 0xad, 0x0,
    0x84, 0x83, 0x4c, 0x1c, 0x3, 0x36, 0xec, 0xc0,
    0x6, 0xdd, 0x98, 0x3, 0x38, 0x1b, 0x1, 0x0,
    0x7f, 0xf2, 0x8, 0x1c, 0x3, 0xff, 0x9c, 0xc0,
    0x40, 0x1f, 0xfc, 0x82, 0x7, 0x30, 0x70, 0xc,
    0x2c, 0xdf, 0xe1, 0x0, 0xce, 0x7, 0xa0, 0x44,
    0x0, 0xaa, 0x67, 0xfd, 0x40, 0x11, 0x10, 0x35,
    0x44, 0x28, 0x2, 0xc2, 0x2f, 0xf6, 0x80, 0x56,
    0x0, 0x50, 0x70, 0x72, 0x0, 0x3e, 0xef, 0xf9,
    0x80, 0x4, 0xc0, 0xc0, 0x8, 0x0, 0x70, 0x7,
    0xff, 0x13, 0x80, 0x10, 0x0, 0x19, 0x3, 0xa0,
    0xf, 0xfe, 0x15, 0x18, 0x48, 0x80, 0x4c, 0xc0,
    0x5c, 0x10, 0xf, 0xf0, 0xe2, 0x83, 0xb0, 0x7,
    0x4a, 0x81, 0xf4, 0x8, 0x7, 0x86, 0x38, 0xc1,
    0xe0, 0x3, 0xea, 0x90, 0x3, 0xf6, 0xcc, 0x42,
    0x73, 0x9c, 0x6, 0x60, 0x3, 0xf9, 0xb5, 0x80,
    0x4, 0xce, 0xe6, 0x30, 0x3, 0x7b, 0x0, 0x7f,
    0xc5, 0x3d, 0x4c, 0x84, 0x43, 0x6a, 0xe9, 0x10,
    0xf, 0x0,

    /* U+E300 "" */
    0x0, 0xfe, 0x59, 0xbd, 0xd6, 0x4b, 0x8, 0x7,
    0xff, 0x8, 0x67, 0xe9, 0x90, 0x88, 0x6d, 0x3d,
    0x24, 0x1, 0xff, 0x37, 0x30, 0x0, 0xda, 0x20,
    0xc6, 0x0, 0x6d, 0x50, 0xf, 0xe9, 0x90, 0x2,
    0x3b, 0x25, 0xdd, 0x39, 0xce, 0x0, 0xa9, 0x0,
    0xfa, 0x58, 0x13, 0x9c, 0x40, 0x3c, 0x31, 0xc6,
    0xd, 0x20, 0x1c, 0xcc, 0x5, 0xb1, 0x0, 0xff,
    0xe, 0x28, 0x33, 0x0, 0x21, 0x80, 0x3a, 0x0,
    0xff, 0xe1, 0x52, 0x4, 0x8, 0x2, 0x4, 0x34,
    0x3, 0xff, 0x89, 0x40, 0x30, 0x0, 0x60, 0x71,
    0x0, 0x85, 0x84, 0x3, 0xb, 0x8, 0x4, 0x2e,
    0xc, 0xa, 0x0, 0xa0, 0xd, 0x13, 0x0, 0x1a,
    0x26, 0x0, 0x34, 0x80, 0x17, 0x40, 0x88, 0x1,
    0xb4, 0xb4, 0x3, 0x69, 0x68, 0x6, 0x12, 0xd,
    0x30, 0x70, 0xe, 0x4d, 0x40, 0xc, 0x9a, 0x80,
    0x1c, 0xe0, 0x6c, 0x4, 0x1, 0xff, 0xc8, 0x20,
    0x70, 0xe, 0xcf, 0xff, 0xfe, 0x16, 0x0, 0x73,
    0x1, 0x0, 0x98, 0x7, 0xff, 0x8, 0xc4, 0x8,
    0x1c, 0xc1, 0xc0, 0x48, 0xa, 0xab, 0xfc, 0x40,
    0x42, 0xe, 0x7, 0xa0, 0x44, 0xa, 0x2, 0x5,
    0x5f, 0xc2, 0x41, 0x60, 0x44, 0xd, 0x51, 0xa,
    0x7, 0x20, 0xa5, 0x0, 0xf2, 0x58, 0x13, 0x5,
    0x80, 0x14, 0x1c, 0x1c, 0x83, 0xc4, 0x2a, 0xd4,
    0xcc, 0xb7, 0x60, 0x1f, 0x2, 0x60, 0x60, 0x4,
    0x0, 0x38, 0xb, 0xc, 0x12, 0xb3, 0x14, 0x80,
    0x78, 0x41, 0xc0, 0x8, 0x0, 0xc, 0x81, 0xd0,
    0x16, 0x49, 0x80, 0x63, 0x9c, 0x20, 0xa3, 0x9,
    0x10, 0x9, 0x98, 0xb, 0x82, 0xd, 0x9f, 0xdc,
    0xfc, 0x60, 0x1c, 0x50, 0x76, 0x0, 0xe9, 0x50,
    0x3e, 0x81, 0x0, 0x8, 0x80, 0x3, 0x1c, 0x60,
    0xf0, 0x1, 0xf5, 0x48, 0x1, 0xfb, 0x66, 0x21,
    0x39, 0xce, 0x3, 0x30, 0x1, 0xfc, 0xda, 0xc0,
    0x2, 0x67, 0x73, 0x18, 0x1, 0xbd, 0x80, 0x3f,
    0xe2, 0x9e, 0xa6, 0x42, 0x21, 0xb5, 0x74, 0x88,
    0x7, 0x80,

    /* U+E301 "" */
    0x0, 0xfe, 0x59, 0xcd, 0xd5, 0x80, 0x74, 0x58,
    0x80, 0x7f, 0xc, 0xfd, 0x31, 0x91, 0x11, 0x0,
    0x19, 0xd1, 0x0, 0x1f, 0x97, 0xd8, 0x0, 0x6d,
    0x10, 0x94, 0x0, 0xff, 0xe1, 0x45, 0x8, 0x47,
    0x64, 0xbb, 0x98, 0x0, 0x8a, 0xa0, 0x6, 0x2a,
    0x80, 0x34, 0x38, 0x1f, 0x38, 0x80, 0x79, 0xae,
    0xa8, 0x0, 0x6a, 0xa5, 0x80, 0x11, 0xc1, 0x70,
    0x40, 0x3f, 0x28, 0x80, 0x7c, 0x60, 0x34, 0x7,
    0x40, 0x1f, 0xe3, 0xef, 0xf0, 0x2, 0xbf, 0xd0,
    0x12, 0x21, 0xc0, 0x1f, 0xfc, 0xa6, 0x7, 0x20,
    0x8, 0x58, 0x40, 0x30, 0xb0, 0x80, 0x4, 0x4,
    0x2, 0x41, 0xa, 0x0, 0xd1, 0x30, 0x1, 0xa2,
    0x60, 0x1, 0xb2, 0x80, 0x11, 0x81, 0x10, 0x3,
    0x69, 0x68, 0x6, 0xd2, 0xd0, 0x1, 0xb0, 0x6,
    0xc0, 0x70, 0xe, 0x4d, 0x40, 0xc, 0x9a, 0x80,
    0x1c, 0x9f, 0x2c, 0x4, 0x1, 0xff, 0xc8, 0x30,
    0x40, 0xf, 0xfe, 0x5f, 0x80, 0x18, 0x8, 0x3,
    0x1c, 0x8, 0x7, 0x86, 0xc, 0x3, 0x8, 0x9,
    0x83, 0x80, 0x6f, 0x7c, 0x20, 0xc, 0x58, 0xfe,
    0x1, 0x94, 0x17, 0x40, 0x84, 0x2, 0xa0, 0x2d,
    0x95, 0x54, 0xe9, 0x4, 0x80, 0x42, 0x61, 0x8a,
    0x0, 0x90, 0x9, 0xa8, 0x41, 0xaa, 0x8c, 0x0,
    0xb5, 0x0, 0x98, 0x0, 0x80, 0xa0, 0xe2, 0x1,
    0x2f, 0xb9, 0x0, 0x9, 0xf9, 0x0, 0x21, 0x90,
    0x51, 0x8, 0x0, 0x68, 0x6, 0x18, 0xdf, 0xf6,
    0xc0, 0x80, 0x6b, 0x10, 0x80, 0x1, 0x40, 0x1c,
    0x80, 0x7f, 0xf0, 0xa5, 0x41, 0xc8, 0x2, 0x75,
    0x6, 0xb0, 0xf, 0xf8, 0x69, 0x81, 0x60, 0x3,
    0xa9, 0x1, 0x39, 0x80, 0x3f, 0x37, 0xa8, 0x25,
    0x0, 0x7d, 0x6e, 0x3, 0x3f, 0x6e, 0xaa, 0x7b,
    0xf9, 0x10, 0x7b, 0x0, 0xfe, 0x8c, 0x40, 0x2,
    0x45, 0x52, 0x10, 0x0, 0x99, 0x0, 0x1f, 0xf1,
    0xde, 0xc2, 0x10, 0x81, 0x24, 0x6d, 0x98, 0x7,
    0xff, 0x8, 0x9e, 0xf7, 0xbf, 0x6d, 0xc8, 0x3,
    0xf0,

    /* U+E304 "" */
    0x0, 0xf3, 0xc8, 0x7, 0xc9, 0x44, 0x1, 0xff,
    0xc1, 0x86, 0x40, 0xf, 0x7a, 0xd0, 0x7, 0xf1,
    0xab, 0x38, 0x3, 0x59, 0xbe, 0x4, 0x66, 0x28,
    0x7, 0x56, 0x54, 0xc0, 0x1, 0xa6, 0x7c, 0x40,
    0x73, 0x2a, 0xe4, 0x0, 0x3a, 0x80, 0x7f, 0xf1,
    0xc6, 0xc4, 0x2c, 0x17, 0xfd, 0xc0, 0xb, 0xff,
    0xf1, 0x83, 0x7f, 0xb4, 0x0, 0x80, 0x21, 0xa0,
    0x1, 0x10, 0x30, 0x7, 0x94, 0x3c, 0x0, 0x42,
    0x6, 0x1, 0x8, 0x5, 0xfa, 0x40, 0x1e, 0x9c,
    0x60, 0x8, 0xc0, 0x3f, 0x84, 0x80, 0x3f, 0x18,
    0x6, 0x52, 0x40, 0xb, 0x5d, 0xf2, 0x80, 0x78,
    0x99, 0xd8, 0xc0, 0x11, 0xa4, 0x1, 0x24, 0x46,
    0xa3, 0x0, 0x9b, 0x75, 0x31, 0x39, 0xaa, 0x1,
    0xe1, 0x1e, 0x43, 0x0, 0x5c, 0x90, 0x0, 0x40,
    0x5, 0x54, 0x0, 0xe8, 0xee, 0xd6, 0x0, 0xc4,
    0x4, 0xcf, 0xef, 0xb3, 0x5, 0xa0, 0xf, 0xf9,
    0xcc, 0x22, 0xcc, 0x2, 0x4c, 0x70, 0x56, 0x0,
    0xfe, 0x18, 0x6, 0x70, 0x2, 0x59, 0x0, 0x21,
    0x2, 0x0, 0x3f, 0x9c, 0x1, 0x0, 0x17, 0xa5,
    0x0, 0x52, 0x2, 0x80, 0x1f, 0xbc, 0x10, 0x40,
    0x38, 0x40, 0x22, 0x20, 0x18, 0x7, 0xe2, 0x1,
    0x0, 0xf2, 0x10, 0x4, 0x21, 0xc0, 0x1f, 0x84,
    0x3, 0xc4, 0x5, 0xa4, 0x1, 0x84, 0x3, 0xf1,
    0x2, 0x0, 0x69, 0x90, 0x1, 0x80, 0x4c, 0x38,
    0x3, 0xf5, 0x0, 0xa8, 0x6, 0x6e, 0xc4, 0x6,
    0x0, 0x38, 0x0, 0x40, 0x38, 0x8c, 0x2c, 0x40,
    0x30, 0x98, 0x1c, 0x2, 0x88, 0x7, 0xf7, 0x0,
    0xfa, 0x0, 0x73, 0x60, 0x2, 0x1, 0xc2, 0x5d,
    0x9b, 0x9, 0x50, 0xd, 0xec, 0x3c, 0xec, 0x80,
    0x2c, 0x82, 0x0, 0x62, 0x67, 0x68, 0x2e, 0x10,
    0x13, 0xc3, 0x10, 0x16, 0x20, 0x0, 0xb1, 0x4,
    0x2, 0x1b, 0x0, 0x1e, 0xd2, 0x90, 0x92, 0xd6,
    0x98, 0x4,

    /* U+E332 "" */
    0x0, 0x1b, 0x37, 0x88, 0x3, 0xff, 0x8b, 0x79,
    0x33, 0xed, 0x80, 0xf, 0xfe, 0x1c, 0x20, 0x8,
    0xf0, 0x1, 0xd8, 0x3, 0xff, 0x84, 0xa0, 0xdd,
    0xdd, 0xe6, 0x12, 0xa4, 0x5f, 0xe0, 0x8, 0xc3,
    0xc0, 0x3d, 0xa2, 0x15, 0xbb, 0xfe, 0xe5, 0x1,
    0x0, 0xfc, 0x38, 0x60, 0x1f, 0xf0, 0xd2, 0x0,
    0x7f, 0x8b, 0x3b, 0x77, 0xfb, 0x8, 0x3c, 0x3,
    0xff, 0x80, 0x24, 0x5f, 0xc6, 0xa0, 0xc0, 0x1f,
    0xfc, 0x6, 0x40, 0xf, 0xfe, 0x59, 0xcd, 0x80,
    0x7f, 0xff, 0x1f, 0xdc, 0x3, 0x4f, 0xa8, 0x7,
    0xc2, 0x20, 0xf, 0xb8, 0x22, 0x0, 0xb, 0x60,
    0x30, 0xf, 0xfe, 0x24, 0x98, 0x20, 0x1, 0x1,
    0x58, 0x3, 0xff, 0x8b, 0xa6, 0x1, 0x96, 0x80,
    0x3f, 0xf8, 0xc3, 0xa4, 0x0, 0x5a, 0x0, 0xff,
    0xe4, 0xe, 0x23, 0x50, 0x7, 0xff, 0x28, 0x6e,
    0x40, 0x3f, 0xf8, 0x6, 0x18, 0x1, 0xff, 0xc8,
    0x30, 0x75, 0x5, 0xff, 0xff, 0xe4, 0x20, 0x6c,
    0x28, 0x7, 0xff, 0x29, 0x98, 0x15, 0xb5, 0x33,
    0xff, 0xc6, 0xad, 0x90,

    /* U+E343 "" */
    0x0, 0xff, 0xd, 0xb8, 0x1, 0x31, 0x0, 0x31,
    0x46, 0x28, 0x0, 0x65, 0x0, 0x39, 0x11, 0x4,
    0x1a, 0x7a, 0x0, 0x4c, 0xd7, 0x39, 0x0, 0x3b,
    0x40, 0x7, 0x28, 0x1, 0x2, 0x26, 0x1, 0x6c,
    0xc0, 0x5b, 0x80, 0xe, 0xd0, 0x1, 0x86, 0x0,
    0x30, 0xb0, 0x85, 0x81, 0x5f, 0x49, 0x0, 0x6,
    0x50, 0x2, 0x2f, 0x70, 0x16, 0x0, 0xca, 0x21,
    0xe8, 0x1, 0xff, 0x40, 0x83, 0x78, 0x7, 0x18,
    0x9, 0x0, 0x7f, 0xf0, 0x18, 0x1e, 0x44, 0x2,
    0x36, 0xd0, 0xf, 0xfe, 0x1b, 0x7, 0x0, 0x68,
    0xc9, 0x40, 0x60, 0x1, 0x63, 0x0, 0x7e, 0xab,
    0x60, 0x9, 0x1c, 0x0, 0x51, 0x0, 0x2, 0x1d,
    0x0, 0x7f, 0x20, 0x6, 0xd0, 0x2f, 0xd7, 0x0,
    0x9a, 0x38, 0x3, 0x8e, 0x69, 0x80, 0x39, 0x41,
    0x40, 0x3e, 0x72, 0x0, 0xc5, 0x8c, 0xb3, 0xca,
    0x1, 0x49, 0xd0, 0x7, 0xff, 0x6, 0xc0, 0x2,
    0x3, 0x54, 0x0, 0x2e, 0x10, 0x7, 0x22, 0x88,
    0x7, 0x38, 0x17, 0x51, 0x2, 0xd8, 0x7, 0xc3,
    0x97, 0x5c, 0xc0, 0x12, 0x8, 0x11, 0xae, 0x20,
    0x25, 0x0, 0x7a, 0x4c, 0x2, 0xa0, 0xb, 0x80,
    0x2e, 0x1, 0xb4, 0x5, 0x60, 0x9, 0x5d, 0x81,
    0xb6, 0x38, 0x2, 0x50, 0x30, 0x2a, 0x0, 0x59,
    0x4, 0x0, 0xe, 0xa0, 0x42, 0xc9, 0xc8, 0x0,
    0xa0, 0xd, 0x50, 0x5a, 0x0, 0x48, 0xb, 0x1,
    0x19, 0x1e, 0x10, 0x7, 0x70, 0x20, 0xd1, 0x82,
    0xe1, 0x21, 0x7, 0x80, 0xe6, 0xe1, 0x80, 0x70,
    0xa0, 0x70, 0x3, 0x10, 0xf, 0x6c, 0x3, 0xff,
    0x84, 0xe0, 0x5, 0x0, 0xad, 0x0, 0x8, 0x41,
    0x40, 0x1f, 0xf5, 0x2, 0x80, 0xe, 0x79, 0x0,
    0x26, 0xc3, 0x0, 0xfd, 0x6, 0x46, 0x1b, 0x1d,
    0x8c, 0x20, 0x95, 0xf2, 0x60, 0x1f, 0x99, 0xfd,
    0x40, 0x10, 0xe2, 0x9, 0x3d, 0x6a, 0x1, 0xff,
    0x3a, 0xc5, 0x80, 0x47, 0x1d, 0x6c, 0x20, 0x1f,
    0xfc, 0x11, 0xa4, 0xa3, 0x8d, 0xc7, 0x10, 0xf,
    0xfe, 0x38,

    /* U+E344 "" */
    0x0, 0xf1, 0xb0, 0x6, 0x44, 0x0, 0x65, 0x40,
    0xf, 0xfe, 0x7, 0x4a, 0x80, 0x6, 0xec, 0x20,
    0x3, 0xab, 0x0, 0xff, 0xe0, 0x52, 0x20, 0x0,
    0x2a, 0xa1, 0x0, 0x1a, 0xb0, 0x7, 0xff, 0x1,
    0xec, 0x40, 0x2a, 0xa0, 0x6, 0xa9, 0x0, 0xff,
    0xed, 0x3d, 0x88, 0x5, 0x34, 0x1, 0xae, 0x0,
    0x3f, 0xf8, 0x12, 0x8e, 0x0, 0x16, 0x53, 0x0,
    0x22, 0x1c, 0x3, 0xff, 0x80, 0x20, 0x1f, 0xfc,
    0xc3, 0x0, 0x62, 0xa9, 0xc0, 0x8, 0xaa, 0xc0,
    0x2, 0x0, 0x7e, 0x3e, 0xc0, 0x2, 0xd5, 0x24,
    0x1, 0x15, 0x47, 0x0, 0x5f, 0x18, 0x7, 0xb4,
    0x40, 0x3f, 0xf8, 0x83, 0xa0, 0x1c, 0xa2, 0x19,
    0xff, 0xff, 0xc2, 0xc0, 0x15, 0x0, 0xc6, 0x2,
    0x60, 0x1f, 0xfc, 0x23, 0x10, 0x30, 0xf, 0xc,
    0xc9, 0x0, 0x38, 0xa2, 0x58, 0x3, 0xff, 0x84,
    0xcc, 0xba, 0x10, 0x3, 0x6b, 0xb4, 0xe9, 0x0,
    0x7f, 0xf0, 0xc, 0x81, 0x7d, 0xae, 0x40, 0x4c,
    0xb, 0x5d, 0xc2, 0x1, 0xf8, 0x73, 0x60, 0x6,
    0x50, 0x13, 0xf2, 0xc4, 0x22, 0x0, 0x1f, 0xfc,
    0x7, 0xc4, 0x2, 0x9b, 0x10, 0x4f, 0x61, 0x10,
    0x7, 0xff, 0x4, 0xef, 0xf5, 0x80, 0x30, 0xcf,
    0x70, 0x40, 0x3f, 0xfa, 0x42, 0xd8, 0x2, 0xcd,
    0xff, 0xc4, 0x10, 0xc6, 0x1b, 0x95, 0x0, 0x4c,
    0xff, 0xf1, 0x0, 0xb, 0x37, 0x84, 0x5f, 0xfc,
    0xcc,

    /* U+E349 "" */
    0x0, 0xff, 0x85, 0xef, 0x2e, 0x8, 0x3, 0xff,
    0x84, 0xfd, 0x8, 0x68, 0xfb, 0x20, 0x1f, 0xfc,
    0x8, 0x80, 0x1, 0x21, 0x84, 0x1a, 0xc0, 0x3f,
    0xc8, 0xe0, 0x7d, 0x6f, 0x3c, 0xe0, 0x90, 0x1,
    0xfd, 0x0, 0x58, 0x20, 0x1a, 0x18, 0x1c, 0x40,
    0x3e, 0x23, 0x8, 0x0, 0xfa, 0x0, 0x8, 0x1,
    0xf3, 0x0, 0x10, 0x3, 0xe1, 0x30, 0xd0, 0xf,
    0x8c, 0x0, 0x20, 0x1f, 0xfc, 0x52, 0x80, 0x1,
    0x80, 0x7e, 0x30, 0xe0, 0xf, 0x70, 0x5, 0x0,
    0x1f, 0x30, 0x1, 0x0, 0x3a, 0x4c, 0x10, 0x11,
    0xc0, 0x39, 0x24, 0x10, 0x80, 0x32, 0x30, 0x35,
    0x98, 0x46, 0x32, 0x2d, 0x58, 0xd, 0x0, 0x61,
    0xa0, 0x29, 0xc, 0x40, 0x39, 0xba, 0x50, 0x2c,
    0x10, 0xd, 0x42, 0x1e, 0x1, 0x48, 0x7, 0x14,
    0x69, 0x0, 0x67, 0x40, 0x92, 0x0, 0x2e, 0x80,
    0x23, 0xbf, 0x5c, 0x3, 0x8e, 0x1, 0x58, 0x1,
    0x34, 0x3, 0x6e, 0x20, 0x1f, 0xe, 0x80, 0xd8,
    0x16, 0x30, 0x1f, 0xa0, 0x7, 0xf3, 0x8, 0x68,
    0xae, 0x98, 0x3e, 0x8, 0x7, 0xff, 0xa, 0x28,
    0x1, 0x50, 0x1, 0xff, 0xc0, 0x40, 0x6, 0x38,
    0x16, 0xa8, 0x7, 0xff, 0x5, 0x40, 0x33, 0x69,
    0x0, 0x7f, 0xf0, 0x84, 0x6, 0xf2, 0x40, 0x5,
    0x19, 0xb4, 0xc2, 0x1, 0xf1, 0x0, 0xb9, 0x80,
    0xce, 0xb9, 0x92, 0xcf, 0x40, 0x7, 0x94, 0x43,
    0x62, 0xb9, 0x80, 0x59, 0xd0, 0x0, 0xe8, 0x1,
    0xea, 0x1, 0x75, 0x0, 0x47, 0x4c, 0x5f, 0x32,
    0x28, 0x7, 0x93, 0x54, 0xd2, 0x39, 0xc0, 0x30,
    0xcd, 0x88, 0x7, 0x0,

    /* U+E34D "" */
    0x0, 0x1b, 0x37, 0xff, 0x20, 0xc0, 0x2a, 0xc9,
    0x9f, 0xfe, 0x46, 0x50, 0x3a, 0x80, 0x4, 0x44,
    0x5f, 0xfc, 0x21, 0x10, 0x1, 0x5e, 0xc1, 0xbf,
    0xb9, 0xbb, 0xff, 0xc2, 0xee, 0x7b, 0x5, 0x90,
    0x70, 0x7, 0xff, 0x23, 0x80, 0x80, 0x3f, 0xfa,
    0x73, 0xdc, 0xff, 0xff, 0x77, 0x28, 0x3, 0xfc,
    0xc2, 0x20, 0xf, 0xf0, 0x89, 0x40, 0x3f, 0xdb,
    0x55, 0xff, 0xc2, 0xc0, 0xf, 0xf1, 0x2a, 0xff,
    0xf0, 0x8c, 0x3, 0x94, 0x2c, 0xc8, 0x82, 0x1,
    0x8, 0x6, 0x10, 0x8, 0x48, 0x87, 0x40, 0x5c,
    0x7, 0x9b, 0xae, 0x20, 0x3e, 0xc0, 0x5, 0xf1,
    0x80, 0xfe, 0xeb, 0x8, 0x25, 0x64, 0x40, 0x3c,
    0xc0, 0x60, 0x5, 0x5, 0x0, 0x8, 0x4, 0x32,
    0xa0, 0xdd, 0xbb, 0x71, 0x0, 0x7f, 0x87, 0xb7,
    0x6e, 0x60, 0xc, 0x45, 0x8, 0x7, 0xff, 0x0,
    0x48, 0xa0, 0xf, 0xc5, 0xd6, 0x6, 0x1, 0xff,
    0xc9, 0x91, 0x50, 0xf, 0xfe, 0x5a, 0x4, 0x0,
    0x7f, 0xd5, 0x20, 0x1f, 0xe1, 0xc, 0x1d, 0x2,
    0x0, 0xf1, 0x2b, 0x48, 0x7, 0xf3, 0x2, 0xf2,
    0x5, 0x0, 0x78, 0x98, 0x18, 0x40, 0x3f, 0x43,
    0x0, 0x4c, 0xe0, 0x1f, 0x58, 0x0, 0x80, 0x3f,
    0xa7, 0x6f, 0xa4, 0x2, 0x30, 0xc0, 0x3, 0x80,
    0x4, 0x3, 0xfc, 0x48, 0x20, 0x1a, 0x81, 0x6e,
    0xa8, 0x8, 0x40, 0x1f, 0xfc, 0x57, 0x40, 0x45,
    0x1, 0x90, 0xf, 0xfe, 0x3d, 0xd2, 0xa4, 0x79,
    0x0, 0x60,

    /* U+E34E "" */
    0x0, 0xff, 0xe0, 0x15, 0x50, 0x3, 0xff, 0x97,
    0xea, 0xa4, 0x0, 0xff, 0xe4, 0x91, 0x2, 0x10,
    0x3, 0xff, 0x88, 0x26, 0x84, 0x1, 0x94, 0x9,
    0xc, 0x40, 0x3f, 0xc9, 0x9d, 0x97, 0xbf, 0x20,
    0x9, 0xfd, 0xbc, 0xec, 0x50, 0xf, 0xaa, 0xcc,
    0x3, 0x90, 0x0, 0x80, 0x1c, 0x75, 0x60, 0x1d,
    0x8a, 0x7, 0x5d, 0xcc, 0x81, 0x0, 0x9f, 0x3f,
    0xa8, 0xc1, 0x30, 0x2, 0x83, 0x7, 0xc5, 0x11,
    0x1b, 0xfa, 0xab, 0xa0, 0xc0, 0x57, 0x20, 0xe,
    0x40, 0x5c, 0x16, 0x0, 0x3c, 0x35, 0x41, 0x0,
    0xf3, 0xb8, 0x18, 0x98, 0x1, 0x60, 0x1f, 0xfc,
    0x68, 0x10, 0xac, 0x4, 0x10, 0xf, 0xfe, 0x3b,
    0x82, 0x38, 0x18, 0x7, 0xff, 0x23, 0x80, 0x84,
    0x3, 0xff, 0x9a, 0xc0, 0x40, 0x1f, 0xfc, 0x8f,
    0x2, 0x10, 0x10, 0xf, 0xfe, 0x41, 0x3, 0xe8,
    0x28, 0x7, 0xff, 0x21, 0xc0, 0xd0, 0x4, 0xc0,
    0x3f, 0xf8, 0xc2, 0x41, 0xa6, 0x0, 0xb0, 0xf,
    0xfe, 0x33, 0x80, 0x10, 0x14, 0x18, 0x3, 0xff,
    0x8d, 0x60, 0x82, 0x12, 0x2, 0xc0, 0x1f, 0xfc,
    0x44, 0x20, 0xf0, 0x1, 0xa0, 0x40, 0x80, 0x7f,
    0xf0, 0xe4, 0xd, 0x0, 0x28, 0x1, 0xb0, 0xf,
    0xfe, 0x14, 0x10, 0x40, 0x6, 0x37, 0x5, 0x60,
    0x8, 0x9e, 0x64, 0xe6, 0x1, 0x2b, 0x83, 0x20,
    0x7, 0x42, 0x4, 0xdc, 0x66, 0xc3, 0x32, 0x33,
    0x11, 0x54, 0x2, 0x90, 0xf, 0xa8, 0x81, 0x1c,
    0xc0, 0x6, 0x61, 0x3, 0x75, 0x2, 0xf0, 0xf,
    0xc3, 0xb0, 0x64, 0x95, 0xf9, 0x8e, 0xa5, 0x23,
    0x8d, 0x20, 0xc,

    /* U+E34F "" */
    0x0, 0xff, 0xe0, 0x1d, 0xe4, 0x90, 0x7, 0xff,
    0x20, 0x71, 0xd, 0xb5, 0x40, 0x3f, 0xf8, 0xe8,
    0x0, 0x61, 0xa, 0x40, 0xf, 0xfe, 0x31, 0x80,
    0xcf, 0x90, 0x50, 0x80, 0x7f, 0xf1, 0x4c, 0x4,
    0x7, 0xc0, 0x60, 0x3, 0xff, 0x8a, 0x80, 0x4,
    0x2, 0x70, 0x60, 0xf, 0xfe, 0x28, 0x90, 0x60,
    0x2, 0x40, 0xc, 0x1, 0xff, 0xc5, 0x70, 0x30,
    0x0, 0x98, 0x60, 0x7, 0xff, 0x14, 0x81, 0xc0,
    0x2b, 0x4, 0x0, 0xff, 0xe5, 0x98, 0x8, 0x80,
    0x3f, 0xf8, 0x82, 0xe, 0x1, 0x38, 0x0, 0xc0,
    0x3f, 0xc4, 0xae, 0xe5, 0x25, 0x3, 0x0, 0xff,
    0xe1, 0xc, 0x76, 0xd4, 0x42, 0xb4, 0xc3, 0x40,
    0x27, 0x0, 0x18, 0x7, 0x8f, 0x9c, 0x40, 0x4,
    0x40, 0xd, 0xa0, 0x11, 0x80, 0x88, 0x3, 0xcc,
    0x0, 0x6c, 0xfd, 0xd6, 0x0, 0x4e, 0xc4, 0x98,
    0x4, 0x1, 0xf2, 0xe7, 0x49, 0x80, 0xb, 0x40,
    0x4c, 0x27, 0x6d, 0x0, 0xe4, 0x40, 0x3c, 0x62,
    0x1, 0x1e, 0x8, 0x6e, 0x84, 0x3, 0xcd, 0xe6,
    0x1, 0xfd, 0x18, 0x21, 0x66, 0x3a, 0xd6, 0x60,
    0x50, 0x3, 0x84, 0x1, 0xc7, 0x1c, 0xe0, 0x36,
    0x80, 0x3, 0x91, 0x30, 0x87, 0xc1, 0xe, 0x0,
    0x14, 0xf6, 0x38, 0x82, 0xfa, 0x0, 0x62, 0xb0,
    0x35, 0x3, 0xb0, 0x34, 0x3d, 0x61, 0x1, 0x6d,
    0xa1, 0x0, 0xc5, 0xe2, 0x1c, 0x1, 0x29, 0x6,
    0xc8, 0xb, 0xe7, 0x49, 0x0, 0x72, 0x61, 0x5,
    0x10, 0x6, 0x40, 0x56, 0x4, 0x83, 0x0, 0xf1,
    0xdd, 0x84, 0x29, 0x40, 0x3b, 0xc0, 0xa, 0xb,
    0xb5, 0x11, 0xab, 0xb1, 0x0, 0xb1, 0x40, 0x3c,
    0xd3, 0xd0, 0x60, 0x4a, 0xef, 0x94, 0x40, 0x63,
    0x4c, 0x3, 0xf3, 0x10, 0xe5, 0xba, 0x19, 0x10,
    0xd1, 0xef, 0x9c, 0x3, 0xff, 0x80,

    /* U+E350 "" */
    0x0, 0xff, 0xed, 0x6f, 0xf5, 0xc1, 0x80, 0x7f,
    0xf1, 0xd0, 0x80, 0x51, 0xf3, 0x54, 0x3, 0xff,
    0x8a, 0x60, 0x11, 0x8, 0x15, 0x61, 0x0, 0x7f,
    0xf0, 0xf0, 0x2, 0x3c, 0xb3, 0x3, 0xd4, 0x0,
    0xff, 0xe1, 0x20, 0x18, 0xf, 0xae, 0x50, 0x2,
    0xd4, 0x3, 0xff, 0x80, 0x60, 0xf, 0x20, 0x2c,
    0x15, 0xd2, 0xa, 0x30, 0xf, 0xf9, 0x0, 0x4e,
    0x0, 0x5, 0xe8, 0x58, 0x21, 0xc0, 0x1f, 0xf5,
    0x82, 0x2, 0x90, 0x0, 0x6f, 0x12, 0xc0, 0x98,
    0x3, 0xf8, 0x8c, 0x3c, 0x1, 0x60, 0x1, 0x3,
    0xaa, 0x0, 0x34, 0x3, 0xfa, 0x80, 0xa, 0x0,
    0x61, 0x6, 0xa3, 0x0, 0xff, 0xe1, 0x30, 0x30,
    0x6, 0x70, 0x65, 0xce, 0xb9, 0x89, 0x0, 0xfc,
    0xe2, 0x16, 0x1, 0xa8, 0x5, 0x0, 0x51, 0x9c,
    0x80, 0x3e, 0x28, 0x6, 0x20, 0xc, 0x64, 0x18,
    0x1, 0xf8, 0xa7, 0x75, 0x1e, 0x0, 0x54, 0x0,
    0x25, 0xe9, 0x3, 0x66, 0xc9, 0x0, 0x47, 0xac,
    0x44, 0x72, 0x0, 0x1d, 0xc3, 0xda, 0x10, 0x0,
    0x4c, 0x9b, 0xc, 0x1, 0xa0, 0x2e, 0xc0, 0x4,
    0x82, 0x7, 0x80, 0x38, 0x40, 0x3, 0x38, 0xe,
    0x83, 0x8, 0x6c, 0x4e, 0xe5, 0xbe, 0x90, 0x0,
    0xb1, 0xef, 0x36, 0x63, 0x0, 0x5b, 0x41, 0xc,
    0x0, 0x46, 0x1, 0x40, 0x2, 0x0, 0x23, 0x20,
    0x1, 0xa0, 0x6b, 0x81, 0x80, 0x7e, 0x60, 0x3,
    0x0, 0x7e, 0x30, 0x70, 0x0, 0x80, 0x7e, 0x70,
    0x3, 0x80, 0x7e, 0x10, 0x74, 0x7, 0x0, 0xfd,
    0xa0, 0xd, 0x0, 0xfc, 0xe0, 0x76, 0x2, 0xe0,
    0x1e, 0x36, 0x0, 0x31, 0x80, 0x7a, 0x4, 0x2c,
    0xd4, 0x22, 0x2, 0x1, 0x2e, 0x80, 0x88, 0x35,
    0x40, 0x34, 0x38, 0x29, 0x85, 0x18, 0x3f, 0x65,
    0xf5, 0x8, 0x6e, 0x80, 0x6b, 0xae, 0xde, 0xe0,
    0x74, 0x1, 0x63, 0x0, 0xd, 0x4, 0xf, 0x4c,
    0xda, 0x60, 0x28, 0x80, 0x3, 0x60, 0x7, 0x4f,
    0x4b, 0x2c, 0x66, 0x8, 0x0, 0x59, 0x87, 0x56,
    0x9e, 0x90, 0x8,

    /* U+E353 "" */
    0x0, 0xf9, 0x6b, 0x31, 0x4a, 0x1, 0xff, 0xc0,
    0x3d, 0xa5, 0x33, 0x2d, 0x69, 0x80, 0x7f, 0x1e,
    0x10, 0x1b, 0xb8, 0xc0, 0xb0, 0xc0, 0x3f, 0x70,
    0xe, 0x62, 0x21, 0x96, 0x21, 0xa0, 0x1f, 0x31,
    0x6, 0x98, 0x6, 0x4d, 0x1, 0x70, 0xf, 0x50,
    0x29, 0x80, 0x78, 0xd4, 0x2c, 0x3, 0xa4, 0xc3,
    0x0, 0x3f, 0x60, 0x1c, 0x80, 0x54, 0xc0, 0x5,
    0x0, 0xfc, 0xa0, 0x6, 0xa0, 0x25, 0x6, 0xc3,
    0x0, 0xfc, 0x78, 0xc0, 0xa4, 0xc0, 0x9, 0x30,
    0xf, 0xf1, 0xc8, 0x1, 0x98, 0x0, 0xa5, 0x5f,
    0xfe, 0x5, 0x0, 0x18, 0x94, 0x16, 0xab, 0xff,
    0x80, 0xa0, 0xa4, 0x14, 0xe0, 0x1f, 0xfc, 0x27,
    0xa0, 0xa, 0x24, 0x1, 0xdf, 0xfe, 0xe0, 0x4,
    0xc0, 0x7, 0x38, 0x1, 0x80, 0x3c, 0xc0, 0x7,
    0x0, 0xf0, 0xa8, 0x50, 0x7, 0xa8, 0x14, 0x40,
    0x3e, 0x90, 0x24, 0x0, 0xc8, 0x41, 0xc0, 0x1f,
    0x8c, 0x83, 0x80, 0x37, 0x1, 0x20, 0x7, 0xf5,
    0x2, 0x88, 0x0, 0x54, 0x28, 0x3, 0xfc, 0xc0,
    0x7, 0x0, 0x30, 0x1, 0x80, 0x3f, 0xc2, 0xa1,
    0x60, 0xa, 0x5, 0x10, 0xf, 0xfb, 0x80, 0x8c,
    0xc4, 0x1c, 0x1, 0xff, 0xc0, 0x42, 0x9, 0x90,
    0x12, 0x0, 0x7f, 0xf0, 0x68, 0x15, 0x41, 0x40,
    0x1f, 0xfc, 0x26, 0x10, 0x0, 0xb0, 0x7, 0xff,
    0x8, 0x75, 0x55, 0xa2, 0x1, 0xf0,

    /* U+E354 "" */
    0x0, 0xff, 0xe1, 0xa4, 0xe4, 0x80, 0x7f, 0xf2,
    0x1f, 0xad, 0x8d, 0xa8, 0x3, 0xff, 0x8a, 0xdd,
    0x2, 0x2, 0x80, 0xa0, 0x1f, 0xfc, 0x32, 0xd9,
    0x10, 0x5b, 0xea, 0x0, 0x20, 0x7, 0xff, 0x5,
    0xb4, 0x81, 0x36, 0x90, 0x4, 0x83, 0x0, 0x3f,
    0xf8, 0x11, 0x20, 0x35, 0x64, 0x7, 0x5e, 0x40,
    0xa0, 0x1f, 0xf5, 0x38, 0x1f, 0xa8, 0x15, 0xe2,
    0x80, 0x44, 0x40, 0xf, 0xe9, 0x50, 0x4c, 0x10,
    0x8d, 0x40, 0x28, 0xd0, 0x2, 0x0, 0x7e, 0x66,
    0x2, 0x58, 0xe, 0x38, 0xd, 0x6b, 0x92, 0x6,
    0x80, 0x7c, 0x72, 0x7, 0x60, 0x38, 0x60, 0xdc,
    0xa0, 0x3, 0x50, 0x40, 0xf, 0xb8, 0x7, 0x40,
    0x70, 0x82, 0xa4, 0x2, 0x4c, 0x10, 0x1, 0x80,
    0x73, 0x90, 0x58, 0x86, 0x90, 0x5a, 0x80, 0x6a,
    0x1, 0x10, 0x58, 0x6, 0x18, 0x4, 0x50, 0x83,
    0xa, 0x40, 0xc, 0xc2, 0x1a, 0xe0, 0x80, 0x19,
    0x80, 0x12, 0x4, 0xe0, 0xea, 0x1, 0xd8, 0x8,
    0x78, 0x6, 0x20, 0x14, 0x82, 0x90, 0x48, 0x14,
    0x0, 0xd4, 0x80, 0x4, 0x4, 0x10, 0x0, 0x80,
    0x4, 0x10, 0x90, 0x24, 0x9, 0x0, 0x6a, 0xb0,
    0x0, 0x81, 0xc0, 0x4c, 0x3c, 0x1, 0xc0, 0x46,
    0x16, 0x4, 0x80, 0xa6, 0x12, 0x0, 0xa0, 0x26,
    0x4, 0x4, 0x0, 0x38, 0x30, 0x83, 0x5, 0x80,
    0x15, 0xe9, 0x80, 0x6, 0x81, 0x32, 0xf0, 0x13,
    0x6, 0x4, 0xed, 0x0, 0x38, 0x5, 0xa, 0x1,
    0xa8, 0x81, 0xa0, 0x0, 0x81, 0x46, 0x0, 0x20,
    0x7, 0xd3, 0x8, 0x5, 0x74, 0x3, 0xae, 0x20,
    0x16, 0x0, 0xe7, 0x4a, 0x88, 0xa, 0xcf, 0x6c,
    0x62, 0x28, 0x80, 0x23, 0xb9, 0x0, 0x80, 0x10,
    0xb5, 0x76, 0x39, 0x80, 0x9, 0xcc, 0x5, 0xc8,
    0x2, 0x16, 0x0, 0x20, 0x7, 0x8e, 0x33, 0xa9,
    0x84, 0x0, 0x33, 0xba, 0x95, 0x1, 0x20, 0xd0,
    0xf, 0xe1, 0x59, 0xed, 0x84, 0x0, 0x13, 0x57,
    0xe0, 0x0, 0x80, 0x3f, 0xf8, 0x24, 0xf7, 0xf6,
    0xe4, 0x0, 0x32, 0xc, 0x0, 0xff, 0xe2, 0xa4,
    0x6f, 0x4a, 0x9b, 0xb8,

    /* U+E356 "" */
    0x0, 0xff, 0xe4, 0xac, 0x98, 0x7, 0xff, 0x19,
    0x2f, 0xe9, 0xa4, 0x3, 0xff, 0x8d, 0x68, 0x1,
    0x68, 0x7, 0xf0, 0x80, 0x7e, 0x40, 0xc, 0xa0,
    0x1f, 0xaf, 0xbd, 0x0, 0x38, 0x94, 0x2, 0x22,
    0x0, 0x7c, 0xe8, 0x0, 0xa0, 0xc, 0x58, 0x20,
    0x61, 0x60, 0x1f, 0xb8, 0x2, 0x10, 0x8, 0xb0,
    0x42, 0xf3, 0x98, 0x3, 0xe5, 0x60, 0x9, 0x80,
    0x5, 0x82, 0x16, 0x80, 0x20, 0x1f, 0x25, 0x0,
    0xc5, 0x48, 0x16, 0x8, 0x5a, 0x0, 0x7f, 0x25,
    0x80, 0xe3, 0xa8, 0x16, 0x8, 0x5a, 0x0, 0x98,
    0x7, 0x92, 0xc0, 0x70, 0x80, 0x5, 0x82, 0x16,
    0x80, 0x5f, 0x90, 0x1, 0x86, 0xc0, 0x70, 0x80,
    0x5, 0x82, 0x16, 0x80, 0xc, 0x10, 0x76, 0x0,
    0x8c, 0x1, 0x4, 0x0, 0x2c, 0x10, 0xb4, 0x0,
    0x8, 0x80, 0x3e, 0x24, 0xa, 0x0, 0x16, 0x8,
    0x5a, 0x0, 0x7, 0x40, 0x26, 0x60, 0x6, 0xe0,
    0x32, 0x26, 0x8, 0x2, 0x58, 0x45, 0xa6, 0x11,
    0x92, 0x1, 0xca, 0x21, 0x38, 0x20, 0x20, 0x53,
    0xde, 0x61, 0x2e, 0x60, 0x1f, 0x30, 0x20, 0x85,
    0xf5, 0xa0, 0x0, 0x42, 0x58, 0x3, 0xfb, 0x0,
    0x2b, 0x40, 0x4b, 0xe8, 0x3a, 0x60, 0xf, 0xe2,
    0xa0, 0x5, 0xa0, 0x6, 0x17, 0xc5, 0x0, 0xfd,
    0x1d, 0xa2, 0x16, 0x80, 0x1f, 0xfc, 0x45, 0x71,
    0x0, 0x5a, 0x0, 0x7f, 0xf1, 0x74, 0x3, 0x20,
    0x7, 0xff, 0x1a, 0xc0, 0x24, 0x0, 0xff, 0xe3,
    0x9d, 0xb3, 0xd8, 0x7, 0xff, 0x1c,

    /* U+E357 "" */
    0x0, 0xff, 0x41, 0x80, 0x7e, 0x49, 0x70, 0xf,
    0xf8, 0x69, 0xf8, 0x80, 0x3c, 0xd6, 0xd1, 0xa2,
    0x1, 0xfd, 0xa, 0x5, 0x80, 0x1c, 0xd2, 0x6,
    0x5, 0x82, 0x1, 0xfb, 0x44, 0x0, 0xc0, 0x19,
    0xe4, 0x17, 0x30, 0x5, 0x0, 0x1f, 0x92, 0x81,
    0xe0, 0x2, 0x78, 0x5, 0xa0, 0x33, 0x2, 0x80,
    0x45, 0xd6, 0x1, 0x27, 0xc0, 0x4, 0xf0, 0xb,
    0x40, 0xa, 0x30, 0x40, 0x9, 0xc5, 0x0, 0x3f,
    0x3c, 0x2, 0xd0, 0x2, 0x94, 0x12, 0x1, 0x32,
    0xc0, 0x1b, 0x60, 0x1c, 0xf0, 0x0, 0xf0, 0x5,
    0x28, 0x1d, 0x80, 0x34, 0xc4, 0x0, 0x48, 0x80,
    0xa, 0x20, 0x1, 0x52, 0xd2, 0x81, 0xe0, 0x5,
    0x10, 0x50, 0x4, 0x4a, 0x0, 0x21, 0xc1, 0x74,
    0x82, 0x94, 0xf, 0x0, 0x30, 0xbf, 0x80, 0x1d,
    0x80, 0x10, 0xe0, 0xb4, 0x5e, 0x1, 0x1e, 0x0,
    0x7c, 0x88, 0x70, 0xa, 0x1c, 0x16, 0x80, 0x10,
    0x0, 0x4c, 0x0, 0xfc, 0x37, 0x0, 0x8, 0x70,
    0x5a, 0x0, 0x52, 0x82, 0x58, 0x7, 0xff, 0x6,
    0x1c, 0x16, 0x80, 0x14, 0xa0, 0x96, 0x1, 0xff,
    0xc1, 0x97, 0x5, 0xa0, 0x5, 0x28, 0x25, 0x80,
    0x22, 0xc4, 0x3, 0xf4, 0xb0, 0x2d, 0x0, 0x29,
    0x41, 0x2c, 0x2, 0x74, 0x40, 0x7, 0xd2, 0xc0,
    0xb4, 0x0, 0xa5, 0x4, 0xb0, 0x3, 0x38, 0x3,
    0xdc, 0x40, 0x34, 0xb0, 0x2d, 0x0, 0x29, 0x41,
    0x2c, 0x0, 0x93, 0x0, 0x5, 0x88, 0x0, 0x52,
    0xc0, 0xb4, 0x0, 0xa5, 0x4, 0xb0, 0x9, 0x10,
    0x40, 0x1, 0x2a, 0x0, 0x4b, 0x2, 0xd0, 0x2,
    0x94, 0x12, 0xc0, 0x3a, 0xf4, 0x1, 0x7a, 0x60,
    0xec, 0xb, 0x40, 0xa, 0x50, 0x4b, 0x0, 0xfc,
    0x40, 0xe0, 0x15, 0x81, 0xd0, 0x2, 0x94, 0x12,
    0xc0, 0x3f, 0xb7, 0x88, 0x2, 0x70, 0x33, 0x5,
    0x28, 0x2d, 0x80, 0x7f, 0xc2, 0x1, 0xa4, 0x1,
    0x98, 0x50, 0x5a, 0x0, 0xff, 0xe2, 0x96, 0x0,
    0xc, 0x16, 0x80, 0x3f, 0xf8, 0xe7, 0xaa, 0x71,
    0x40, 0x1f, 0xfc, 0x70,

    /* U+E358 "" */
    0x0, 0xff, 0xe2, 0x3e, 0x6d, 0x10, 0x7, 0xff,
    0x22, 0xe0, 0xc9, 0x75, 0x0, 0x3f, 0xf8, 0xcc,
    0x80, 0xae, 0x21, 0x40, 0x1f, 0xfc, 0x6d, 0x4,
    0xa8, 0xd0, 0x17, 0x0, 0xff, 0xe2, 0xb8, 0x10,
    0x0, 0xc4, 0x23, 0x90, 0x3, 0xff, 0x86, 0xa0,
    0xa0, 0x15, 0x88, 0xd, 0x90, 0x7, 0xff, 0x8,
    0x80, 0x39, 0x7b, 0x44, 0x2c, 0x3, 0xff, 0x83,
    0x68, 0x14, 0x1, 0xc4, 0xe0, 0xa0, 0x1f, 0xfc,
    0xb, 0x40, 0x76, 0x0, 0xf2, 0x83, 0x80, 0x7f,
    0xd6, 0x80, 0xf0, 0x0, 0x8d, 0xc9, 0xc3, 0xd,
    0x0, 0xff, 0x5a, 0x3, 0x40, 0x2, 0xdc, 0x8d,
    0x8c, 0x15, 0x80, 0x3f, 0xad, 0x1, 0xa4, 0x1,
    0x68, 0xa, 0xc8, 0xb5, 0x40, 0xf, 0xeb, 0x40,
    0x69, 0x0, 0x5a, 0x3, 0x54, 0xdd, 0x28, 0x7,
    0xf5, 0x20, 0x34, 0x80, 0x2d, 0x1, 0xa4, 0x3,
    0xf9, 0xf3, 0x6a, 0xd4, 0x1a, 0x40, 0x16, 0x80,
    0xd2, 0x1, 0xfd, 0x70, 0x64, 0xa8, 0xd, 0x20,
    0xb, 0x40, 0x69, 0x0, 0xfe, 0x64, 0x5, 0x85,
    0x49, 0x90, 0x2, 0xd0, 0x1a, 0x40, 0x3f, 0xda,
    0x9, 0x4f, 0x56, 0xc0, 0xa, 0x40, 0x69, 0x0,
    0xff, 0x9c, 0x8, 0x3, 0xd0, 0xa0, 0xd2, 0x1,
    0xff, 0xc0, 0x50, 0x64, 0x0, 0xe5, 0x5, 0x90,
    0xf, 0xfe, 0xd, 0x88, 0x5f, 0xb8, 0x4, 0xc0,
    0x1f, 0xfc, 0x42, 0xc2, 0x0, 0x40, 0x4, 0x60,
    0xc0, 0x1f, 0xfc, 0x32, 0xda, 0x0, 0x20, 0x1,
    0x1, 0xc0, 0x3f, 0xf8, 0xaa, 0x41, 0x75, 0x86,
    0x1c, 0x1, 0xff, 0xc6, 0xe0, 0x2, 0x98, 0x2a,
    0x80, 0x3f, 0xf8, 0xc7, 0xce, 0x8b, 0x54, 0x0,
    0xff, 0xe1, 0x80,

    /* U+E36A "" */
    0x0, 0xc2, 0xac, 0xa0, 0x1f, 0x99, 0x8a, 0x1,
    0xf9, 0x3a, 0xa6, 0x90, 0x3, 0xd1, 0x32, 0xad,
    0x20, 0xe, 0x1b, 0x0, 0x11, 0xa8, 0x7, 0xac,
    0x84, 0xb, 0x80, 0x39, 0xc0, 0x1d, 0xb8, 0x20,
    0x1e, 0x3d, 0xea, 0x3, 0x10, 0xc, 0x20, 0x22,
    0x0, 0xff, 0xe0, 0x38, 0x0, 0x80, 0x3f, 0xfd,
    0x46, 0x1, 0xff, 0xc1, 0x30, 0xf, 0xff, 0x5e,
    0x0, 0x80, 0x7f, 0xf1, 0x10, 0x0, 0xdc, 0x81,
    0x40, 0x1f, 0xfc, 0x11, 0x40, 0x8d, 0x3d, 0x10,
    0x2, 0x80, 0x7f, 0xf0, 0xb0, 0x0, 0x4b, 0x52,
    0x21, 0x20, 0x1f, 0xfc, 0x29, 0x3, 0xa6, 0x16,
    0x90, 0x70, 0xf, 0xfe, 0x8, 0x88, 0x3d, 0x40,
    0x3f, 0xfe, 0xe6, 0x1, 0xfc, 0x60, 0x1f, 0xfe,
    0x11, 0x0, 0xff, 0xe3, 0x8, 0x6, 0x50, 0x1a,
    0x65, 0x0, 0xfc, 0xcf, 0xc0, 0x2, 0x0, 0xc6,
    0xa0, 0xb3, 0x48, 0x1, 0xe8, 0x98, 0x30, 0x80,
    0xf, 0x54, 0x19, 0x1a, 0x80, 0x7a, 0xc8, 0x87,
    0x4e, 0x1, 0x0,

    /* U+E36E "" */
    0x0, 0xe2, 0x67, 0x72, 0x0, 0x79, 0x1d, 0xca,
    0x40, 0x1f, 0x8a, 0xf6, 0x62, 0x17, 0xcc, 0x0,
    0x7f, 0xb8, 0x85, 0x6e, 0x18, 0x7, 0x2e, 0xa0,
    0x0, 0x40, 0x3, 0x39, 0x88, 0x0, 0x9, 0x0,
    0xf, 0x18, 0x2, 0x4a, 0x1, 0xaf, 0xef, 0xc4,
    0x3, 0x30, 0x2e, 0xf6, 0xfc, 0x88, 0x4a, 0x0,
    0x24, 0xb, 0xd4, 0x2, 0x3b, 0x90, 0x4, 0xd1,
    0x0, 0x4d, 0xe4, 0x14, 0xa, 0x41, 0xc2, 0x1,
    0xe6, 0xff, 0x30, 0x7, 0x87, 0x80, 0x57, 0xc0,
    0xcc, 0x1, 0xff, 0xc6, 0x33, 0x7, 0xb0, 0x20,
    0x7, 0xfd, 0x3e, 0x80, 0x1e, 0x50, 0x60, 0xf,
    0xfe, 0x13, 0x4, 0x0, 0x78, 0x40, 0xc, 0x6,
    0x1, 0xf0, 0x80, 0x10, 0x0, 0x66, 0x0, 0xe3,
    0x6, 0xc0, 0x42, 0x0, 0xe5, 0xea, 0xd, 0x0,
    0xa4, 0x3, 0x12, 0x7, 0xb0, 0x86, 0xff, 0xf5,
    0x2, 0x92, 0x0, 0x82, 0xff, 0xed, 0x1, 0x50,
    0xa0, 0xf, 0xf4, 0x90, 0x58, 0x7, 0xea, 0x0,
    0x23, 0x0, 0xe, 0xab, 0x28, 0x20, 0x1, 0x76,
    0xaa, 0x30, 0x3, 0xa0, 0x5, 0x2a, 0x7, 0xaa,
    0xb5, 0x80, 0x48, 0x4, 0xaa, 0xd3, 0x5, 0x80,
    0xe, 0xa5, 0x7, 0x90, 0x0, 0xb0, 0x3, 0x40,
    0x29, 0x70, 0x5a, 0x0, 0xfa, 0x94, 0x1a, 0x80,
    0x16, 0x0, 0x40, 0x5, 0x30, 0x35, 0x0, 0x7f,
    0x53, 0x2, 0xd0, 0x16, 0x60, 0x82, 0xd4, 0x1a,
    0x40, 0x3f, 0xe9, 0x60, 0x5b, 0x3, 0x30, 0x62,
    0x3, 0xc8, 0x7, 0xff, 0x6, 0x5c, 0x13, 0x4,
    0x58, 0x61, 0x10, 0x0, 0xff, 0xe1, 0xc4, 0x0,
    0xfb, 0x86, 0x10, 0xe0, 0x1f, 0xfc, 0x57, 0x90,
    0xd, 0x2e, 0x1, 0xff, 0xc7, 0x6e, 0x99, 0x73,
    0x0, 0x7f, 0x80,

    /* U+E36F "" */
    0x0, 0xff, 0xe8, 0x8c, 0xf7, 0xff, 0xff, 0xe,
    0x44, 0x3, 0xd8, 0xc2, 0x1, 0xff, 0xc3, 0x6c,
    0x0, 0xea, 0x20, 0xa, 0x6a, 0xbf, 0xd2, 0x1,
    0x14, 0x80, 0x4c, 0xa0, 0x60, 0xf, 0x55, 0xff,
    0x70, 0x0, 0x81, 0x98, 0x3, 0x20, 0x58, 0xa0,
    0xc4, 0x1, 0xf8, 0x9c, 0x17, 0x8, 0x24, 0x50,
    0x1, 0xc1, 0x60, 0x9, 0x0, 0xfd, 0x20, 0xb,
    0x1e, 0x0, 0x28, 0x80, 0xc, 0x6, 0x1, 0x3f,
    0xff, 0x20, 0x48, 0x81, 0x0, 0x48, 0x0, 0x80,
    0x3, 0x90, 0x7, 0xf8, 0x98, 0x1, 0x20, 0x4,
    0x8, 0x7, 0x20, 0x7, 0x0, 0x12, 0xab, 0x18,
    0x3, 0x80, 0x4, 0xe1, 0x0, 0x7, 0x20, 0x90,
    0x1, 0xa8, 0x22, 0x15, 0x4e, 0x60, 0xa6, 0x0,
    0x90, 0x27, 0x0, 0xa0, 0x11, 0x0, 0xb, 0x0,
    0x58, 0x2, 0x40, 0x16, 0x0, 0x44, 0x4, 0x0,
    0x65, 0x40, 0x90, 0x0, 0xc8, 0x2a, 0xc8, 0x12,
    0x20, 0x9, 0x4, 0x50, 0xe, 0x90, 0x27, 0x0,
    0x28, 0x2, 0xa8, 0x0, 0x50, 0x3, 0x90, 0x48,
    0x7, 0x89, 0x82, 0x6, 0x30, 0x3, 0xd8, 0xe3,
    0x0, 0xc4, 0x1, 0xf4, 0x8, 0x7b, 0x81, 0x46,
    0x62, 0x4, 0x23, 0xc0, 0x60, 0x3, 0xf0, 0xc0,
    0x8, 0x26, 0xb9, 0x99, 0xfc, 0xc0, 0x42, 0x4,
    0x3, 0xf9, 0x88, 0x6, 0x80, 0x5d, 0x0, 0x74,
    0x0, 0x4c, 0x1, 0xff, 0x18, 0x38, 0x85, 0x45,
    0x88, 0xb, 0x0, 0x7f, 0xf0, 0x84, 0x3c, 0x1,
    0xc0, 0x3, 0x0, 0x60, 0x10, 0x7, 0xff, 0x0,
    0x40, 0x33, 0x80, 0x71, 0x0, 0x80, 0x7f, 0xf0,
    0x14, 0x34, 0x0, 0x62, 0x23, 0x0, 0x68, 0x28,
    0x7, 0xff, 0x3, 0x41, 0x10, 0x3, 0xdc, 0x10,
    0x35, 0xe, 0x0, 0xff, 0xe0, 0x31, 0x85, 0x20,
    0x6, 0x4d, 0x3, 0x50, 0xf, 0xfe, 0xe, 0x90,
    0xde, 0x44, 0xe5, 0x89, 0x68, 0x7, 0xff, 0x8,
    0x71, 0x40, 0xdd, 0x8c, 0x17, 0x4, 0x3, 0xff,
    0x86, 0x35, 0xb0, 0xcc, 0x8d, 0xa1, 0x0, 0xfc,

    /* U+E373 "" */
    0x0, 0xe2, 0xbd, 0xdf, 0xfe, 0x5, 0x90, 0x7,
    0xfb, 0x10, 0x8b, 0xff, 0x80, 0x9e, 0x1, 0xf0,
    0xb4, 0x8, 0x34, 0x47, 0xf9, 0x80, 0xa1, 0x84,
    0x2, 0x5e, 0x97, 0x0, 0x5b, 0xbf, 0xfa, 0xc0,
    0xf, 0x3c, 0xa0, 0x74, 0x0, 0x10, 0xf, 0xfe,
    0x21, 0x0, 0x28, 0xa8, 0x7, 0xb0, 0x3, 0xff,
    0x89, 0xfc, 0x21, 0x6a, 0xe, 0x20, 0x1f, 0xfc,
    0x61, 0x60, 0x57, 0x2, 0x0, 0xff, 0xe4, 0x18,
    0x3f, 0x2, 0x5d, 0x0, 0x7f, 0xf1, 0x2a, 0xd0,
    0x35, 0x54, 0x8, 0xe0, 0x1, 0x0, 0xff, 0x8,
    0x1, 0xd0, 0x11, 0x82, 0xa4, 0xc8, 0x0, 0xc0,
    0x1f, 0xe7, 0x0, 0x11, 0xc5, 0x80, 0x4d, 0x9a,
    0x21, 0xe0, 0x1f, 0xee, 0x1, 0xdc, 0x70, 0xf,
    0x9c, 0x14, 0xc0, 0x3f, 0x12, 0x83, 0x80, 0x7f,
    0xac, 0x1, 0xc4, 0x1, 0xe2, 0xf0, 0x4, 0x0,
    0x7f, 0x8a, 0x80, 0xb5, 0xc4, 0x0, 0x2f, 0xa4,
    0x14, 0x20, 0x1f, 0xf2, 0xc8, 0x2, 0x3b, 0xb4,
    0x0, 0x25, 0x40, 0x3f, 0xf8, 0x2d, 0xa6, 0x0,
    0x11, 0x0, 0xf, 0x58, 0x3, 0xff, 0x86, 0x48,
    0x3, 0x10, 0x10, 0x42, 0x0, 0xff, 0xe2, 0xa0,
    0x2b, 0xb9, 0x41, 0x0, 0x3f, 0xf8, 0xb8, 0x61,
    0xc0, 0xe, 0x3, 0xb0, 0xf, 0xfe, 0x1d, 0x18,
    0x32, 0x80, 0x15, 0x81, 0x28, 0x3, 0xff, 0x82,
    0x6a, 0xd, 0x20, 0x1a, 0x58, 0x14, 0xc0, 0x3f,
    0xf8, 0x12, 0x3, 0x20, 0x1e, 0x91, 0xa, 0x0,
    0xfe, 0x67, 0x72, 0x1, 0x3b, 0xfe, 0x20, 0x77,
    0x98, 0x3, 0x9e, 0x62, 0x2, 0x7, 0x11, 0xf8,
    0xc0, 0x62, 0x12, 0xc0, 0x19, 0x4c, 0x8b, 0xff,
    0x8c, 0x88, 0x0, 0x0,

    /* U+E375 "" */
    0x0, 0xe8, 0xb6, 0x0, 0xff, 0xe5, 0xdb, 0xa4,
    0xc8, 0x3, 0xff, 0x92, 0xc8, 0x4, 0xd, 0x40,
    0x1f, 0xfc, 0x71, 0x90, 0x4d, 0x60, 0x5a, 0x0,
    0xff, 0xe3, 0x48, 0x2, 0x42, 0xc0, 0xb, 0x40,
    0x1f, 0xfc, 0x56, 0x6, 0x20, 0x80, 0x9, 0x68,
    0x3, 0xff, 0x86, 0x82, 0x14, 0x6, 0xa1, 0x2a,
    0xb, 0x40, 0x1f, 0xfc, 0x2c, 0x1, 0x30, 0xa0,
    0x16, 0xa5, 0x5, 0xa0, 0xf, 0xfe, 0x9, 0x82,
    0x0, 0x10, 0x1c, 0x1, 0x4c, 0xb, 0x40, 0x1f,
    0xfc, 0x6, 0x2, 0x0, 0x10, 0x1b, 0x35, 0xe2,
    0xb, 0x40, 0x1f, 0xf1, 0x87, 0x80, 0x65, 0x99,
    0xc2, 0x0, 0x5a, 0x0, 0xff, 0x18, 0x7, 0xff,
    0xd, 0x68, 0x3, 0xf8, 0x43, 0x80, 0x4, 0xf,
    0xff, 0x60, 0x80, 0x65, 0xa0, 0xf, 0xcc, 0xa,
    0x0, 0x40, 0x50, 0x1, 0xe0, 0x80, 0x42, 0xb,
    0x20, 0x1f, 0x60, 0x18, 0x3, 0x40, 0x90, 0xf0,
    0x1, 0x82, 0x12, 0xa0, 0xd2, 0x1, 0xe7, 0x0,
    0x30, 0x21, 0x4, 0xe8, 0x2, 0xcc, 0x0, 0x34,
    0xa0, 0xd2, 0x1, 0xc2, 0x81, 0x40, 0xe, 0x2,
    0x10, 0xb4, 0x0, 0xea, 0x50, 0x69, 0x0, 0xef,
    0x3, 0x50, 0x38, 0x0, 0x8, 0x7, 0xef, 0x0,
    0x34, 0x80, 0x64, 0x40, 0x51, 0x3, 0xc8, 0xd,
    0xec, 0x8, 0x64, 0x6d, 0x0, 0x4d, 0x20, 0x1a,
    0x40, 0x1e, 0x20, 0xd8, 0x40, 0x4e, 0x0, 0x57,
    0x20, 0x3c, 0x50, 0x67, 0x0, 0x8a, 0xc0, 0xb0,
    0x80, 0xf6, 0x94, 0x40, 0x22, 0x6c, 0xc1, 0xd1,
    0x6, 0x0, 0x64, 0x90, 0x2d, 0x60, 0x2, 0xd7,
    0x7f, 0xdb, 0x26, 0x3, 0x44, 0x6, 0x1, 0xcd,
    0x60, 0x9, 0xd6, 0x0, 0xfc, 0x51, 0xca, 0x7,
    0x0, 0x1e, 0x4d, 0x40, 0x29, 0xfc, 0x87, 0x7a,
    0x77, 0x4e, 0x0, 0x8c, 0x0, 0xfc, 0x57, 0x63,
    0x0, 0x1b, 0xc4, 0x4c, 0x40, 0x6, 0xe7, 0x0,
    0xff, 0x93, 0x3a, 0x54, 0xc4, 0x44, 0x6d, 0x5f,
    0x22, 0x1, 0xff, 0xc2, 0x16, 0xac, 0xee, 0x6e,
    0x4a, 0x80, 0x78,

    /* U+E379 "" */
    0x0, 0xff, 0x96, 0xb7, 0xb1, 0xc0, 0x3f, 0xf8,
    0xcb, 0xd4, 0xa4, 0x27, 0x4, 0x1, 0xff, 0xc4,
    0x8a, 0x10, 0x47, 0x40, 0x1, 0x0, 0x7f, 0xf0,
    0xd9, 0xc0, 0xf6, 0xe0, 0x0, 0x80, 0x1f, 0xfc,
    0x31, 0x90, 0x3c, 0x20, 0x2, 0x6, 0x0, 0x7f,
    0xf0, 0xd8, 0x1, 0xa0, 0x11, 0x80, 0x10, 0x3,
    0xff, 0x87, 0x60, 0xa2, 0x1, 0x58, 0x3, 0x3f,
    0xd8, 0xe0, 0x1f, 0xf1, 0x86, 0x0, 0x63, 0x0,
    0xe3, 0x8e, 0x50, 0xc, 0x60, 0x1e, 0x30, 0xd,
    0x82, 0xb3, 0x52, 0xa0, 0x34, 0xe0, 0x7, 0xcf,
    0xc8, 0x40, 0x1, 0x80, 0x67, 0xea, 0x65, 0x6a,
    0xd3, 0x8, 0x40, 0xc0, 0x1, 0xbd, 0x80, 0x34,
    0x3, 0xfe, 0x2c, 0x30, 0xa0, 0x60, 0x45, 0x10,
    0x9, 0x0, 0x3f, 0xf8, 0x3e, 0x2, 0xa2, 0x5,
    0x5d, 0x90, 0x8e, 0x1, 0x77, 0x0, 0x3f, 0x19,
    0x83, 0x14, 0x14, 0x0, 0x6f, 0x70, 0x1, 0xfa,
    0x2d, 0xcc, 0x0, 0xa0, 0xb8, 0x6, 0x60, 0xf,
    0xdf, 0xc0, 0x13, 0xa4, 0x67, 0x51, 0x0, 0xa8,
    0x87, 0x8, 0x7, 0xc2, 0x1, 0x90, 0x2, 0x15,
    0x40, 0x60, 0xb0, 0x2d, 0x20, 0xf, 0xfb, 0x40,
    0x19, 0x6, 0x0, 0xc0, 0x58, 0x3, 0xda, 0x65,
    0x6b, 0xf8, 0x0, 0xc6, 0x0, 0x37, 0xcf, 0xd7,
    0x0, 0x3c, 0x88, 0x2c, 0xd4, 0xa0, 0x18, 0x6,
    0x30, 0xf, 0x10, 0x6, 0x6f, 0x83, 0x0, 0xec,
    0x0, 0xd8, 0x8, 0x1, 0xfe, 0x17, 0xcf, 0xf6,
    0x0, 0x10, 0x2, 0x25, 0xc, 0x0, 0xff, 0xe1,
    0xa0, 0x9, 0x80, 0x5c, 0x2, 0xe0, 0x1f, 0xfc,
    0x3b, 0x4, 0x0, 0x1e, 0x18, 0x58, 0x7, 0xff,
    0x10, 0xc0, 0x67, 0x30, 0x61, 0xa, 0x1, 0xff,
    0xc3, 0x20, 0x2, 0x31, 0x80, 0xd3, 0x80, 0x7f,
    0xf1, 0xa, 0x10, 0xcc, 0xd5, 0xca, 0x1, 0xff,
    0xc6, 0x7b, 0xcc, 0x4a, 0x80, 0x7f, 0xc0,

    /* U+E37A "" */
    0x0, 0x1b, 0x37, 0xff, 0x20, 0xc0, 0x29, 0xc9,
    0x9f, 0xfe, 0x46, 0x50, 0x43, 0x0, 0x42, 0x3f,
    0xfc, 0x40, 0x9, 0x61, 0x41, 0xbf, 0xdd, 0xdf,
    0xfc, 0x4f, 0xf3, 0x3, 0x18, 0x78, 0x7, 0xff,
    0x23, 0xc0, 0x40, 0x39, 0x37, 0xff, 0xee, 0x50,
    0x9, 0xd4, 0x3, 0xf8, 0x6c, 0x80, 0x3e, 0x1a,
    0x20, 0x38, 0xa0, 0xf, 0xe2, 0x0, 0x4d, 0x57,
    0x80, 0x8, 0x1, 0xff, 0xc4, 0x65, 0x5f, 0x0,
    0x7f, 0xf7, 0x9c, 0x3, 0xff, 0xce, 0xe0, 0x1f,
    0xfd, 0x7, 0x66, 0xf0, 0x7, 0xff, 0x10, 0xc4,
    0x22, 0x67, 0xc0, 0x4, 0x0, 0xff, 0xe1, 0x69,
    0x91, 0x7e, 0xa2, 0x3, 0x45, 0x0, 0xff, 0x1e,
    0x6e, 0xfe, 0x50, 0xa, 0xe8, 0x3, 0x8c, 0x30,
    0x40, 0x3f, 0xf8, 0xc3, 0x80, 0x34, 0xb, 0xdf,
    0xff, 0xfc, 0x6e, 0x50, 0x97, 0x60, 0xf, 0xfe,
    0x53, 0x38, 0x4e, 0xd4, 0x0, 0x26, 0xab, 0xfc,
    0xe0, 0xa, 0xa7, 0x48, 0x4, 0x4a, 0x80, 0x6,
    0x55, 0xff, 0x58, 0x1, 0x54, 0x20, 0x1e, 0x37,
    0x90, 0xf, 0xf8, 0xde, 0x40, 0x38,

    /* U+E37B "" */
    0x0, 0x8a, 0x7b, 0xff, 0xf7, 0x40, 0x80, 0x72,
    0xeb, 0x8, 0x7, 0xe1, 0x7e, 0x40, 0x8, 0xe8,
    0x5, 0xe6, 0xab, 0xd2, 0xe2, 0x16, 0x40, 0xf,
    0x1, 0xf8, 0x65, 0x5f, 0x34, 0x78, 0x84, 0x80,
    0x98, 0x58, 0x80, 0x7f, 0x86, 0xc1, 0x5, 0x40,
    0x8, 0x1, 0xff, 0xc0, 0x40, 0x2, 0x80, 0x42,
    0x1, 0xf9, 0xb4, 0xc0, 0x40, 0x2, 0x1, 0xff,
    0xc0, 0xa2, 0xb0, 0xe, 0x10, 0xf, 0xfe, 0x53,
    0x37, 0xf0, 0x81, 0xb3, 0x0, 0x3d, 0x33, 0xfc,
    0x40, 0x93, 0x20, 0xf, 0xfe, 0x77, 0xff, 0xf1,
    0x83, 0xff, 0x80, 0x3f, 0xfa, 0xee, 0x1e, 0x1,
    0xff, 0xc5, 0xaa, 0x38, 0x7, 0xff, 0x14, 0x54,
    0x3, 0xff, 0xfe, 0x1, 0xff, 0xe7, 0x70, 0x5,
    0x33, 0x65, 0x5c, 0xcd, 0xac, 0x0, 0xe4, 0xc0,
    0xb3, 0x3a, 0xab, 0x4c, 0xe4, 0x6, 0x20, 0x98,
    0x10, 0xf, 0xfe, 0x0, 0xc4, 0x80,

    /* U+E37E "" */
    0x0, 0xfc, 0xd7, 0x22, 0x1, 0xff, 0xc7, 0x59,
    0x46, 0xf3, 0x0, 0xff, 0xe2, 0x8d, 0x80, 0x43,
    0x88, 0x1, 0xff, 0xc4, 0xa1, 0x0, 0x84, 0x2d,
    0x40, 0x3f, 0xf8, 0x4c, 0x80, 0x40, 0x38, 0x21,
    0x4e, 0x1, 0xff, 0xc0, 0x19, 0x4, 0xa0, 0x1,
    0x79, 0x4, 0x40, 0x3, 0xfe, 0xa0, 0x5, 0x0,
    0x61, 0xc3, 0x7, 0xa0, 0xf, 0xe6, 0x40, 0x91,
    0x0, 0xe1, 0xc4, 0x5, 0xb0, 0xf, 0x8a, 0x41,
    0x18, 0x3, 0xf5, 0xb0, 0x26, 0x8, 0x7, 0x48,
    0x2, 0x80, 0x2, 0x1, 0xf4, 0xb8, 0x1e, 0x8,
    0x4, 0xc8, 0x12, 0x20, 0x1f, 0xf4, 0x48, 0x17,
    0x90, 0xc, 0x82, 0x30, 0x7, 0xff, 0x5, 0xa8,
    0x7, 0x9, 0x80, 0x12, 0x1, 0xff, 0xc3, 0x5c,
    0x1, 0xbf, 0x0, 0x6f, 0xfe, 0x90, 0x1f, 0xff,
    0xec, 0x0, 0x1c, 0x88, 0x7, 0xff, 0x20, 0x60,
    0x7a, 0xea, 0xb9, 0x40, 0x15, 0x5f, 0xeb, 0xf2,
    0x0, 0x22, 0xaf, 0x60, 0xa, 0xaf, 0xf9, 0x4,
    0x2, 0x45, 0x5e, 0xc0, 0x15, 0x5f, 0xf2, 0x8,
    0x17, 0x5d, 0x57, 0x28, 0x2, 0xab, 0xfd, 0x7e,
    0x54, 0x20, 0x1f, 0xfc, 0x81, 0xb1, 0x3, 0xff,
    0xff, 0xe3, 0x20, 0x1f, 0x81, 0x88, 0x7, 0xff,
    0x10, 0x50, 0x35, 0xc0, 0x1a, 0x20, 0x1f, 0xfc,
    0x3a, 0x0, 0x30, 0xc0, 0x1f, 0xcb, 0xbf, 0xff,
    0x2, 0x79, 0x2, 0x4, 0x1d, 0xc0, 0x2d, 0x11,
    0xff, 0xc0, 0x61, 0x7, 0x70, 0x5, 0x1a, 0xc6,
    0x45, 0xff, 0xc0, 0x36, 0xc8, 0x0, 0x0,

    /* U+E37F "" */
    0x0, 0xd1, 0xa4, 0x1, 0xa3, 0x88, 0x3, 0xf2,
    0x92, 0x0, 0x65, 0x14, 0x0, 0xff, 0xff, 0x80,
    0x7f, 0xf2, 0x13, 0x7c, 0x82, 0x7f, 0xf1, 0x4,
    0xfe, 0x18, 0x2, 0x88, 0x3, 0xff, 0x80, 0x7a,
    0x4, 0x21, 0x15, 0x5f, 0xe8, 0x1, 0x20, 0x9,
    0x57, 0xff, 0x80, 0x1, 0xff, 0xed, 0x30, 0x0,
    0x80, 0x7f, 0x98, 0x0, 0x62, 0x0, 0x40, 0xf,
    0xf6, 0x0, 0x4, 0x14, 0x20, 0x80, 0x3f, 0x23,
    0x83, 0x0, 0x2c, 0x43, 0x1d, 0x57, 0xd5, 0x60,
    0x30, 0x0, 0x1d, 0x11, 0x45, 0x57, 0x94, 0x7,
    0x44, 0x2, 0x3f, 0x72, 0x0, 0xf1, 0x3f, 0x98,
    0x7, 0xc, 0x6f, 0xe8, 0x3, 0x7f, 0x60, 0x40,
    0x3f, 0xff, 0xe0, 0x1f, 0x12, 0xa8, 0x80, 0x3e,

    /* U+E38C "" */
    0x6, 0xcd, 0xc9, 0x40, 0xf, 0xf1, 0xc5, 0xee,
    0x30, 0x24, 0x99, 0x1b, 0x5f, 0x28, 0x7, 0x8e,
    0xf1, 0xd0, 0x8e, 0x57, 0x0, 0x61, 0x88, 0x6,
    0xac, 0xd1, 0x6, 0xf8, 0x80, 0x2b, 0x4, 0x18,
    0x0, 0x27, 0x9d, 0xc3, 0x4, 0xcb, 0xb6, 0x40,
    0x15, 0x75, 0x3a, 0x1, 0x78, 0x8, 0x4, 0x78,
    0xe0, 0x1e, 0x4d, 0x50, 0x8, 0x80, 0x48, 0x8,
    0x3, 0xa3, 0x75, 0xdf, 0xb7, 0x60, 0xe, 0x60,
    0x27, 0x0, 0x10, 0x7, 0x11, 0x4, 0x9, 0x0,
    0x3c, 0x41, 0xa4, 0x0, 0x40, 0xf, 0xfe, 0x21,
    0x80, 0x1c, 0x10, 0x30, 0x3, 0xff, 0x88, 0x80,
    0x2, 0x2, 0x7, 0x0, 0xff, 0xe2, 0x68, 0x18,
    0x1, 0x1, 0xc0, 0x3f, 0xf8, 0x98, 0x6, 0x26,
    0x41, 0x20, 0x1f, 0xfc, 0x46, 0x0, 0x32, 0x80,
    0x98, 0x7, 0xff, 0x15, 0x3, 0x78, 0x8, 0x2,
    0x4c, 0x20, 0xf, 0xd, 0xb8, 0x4, 0x40, 0xc0,
    0x1, 0x0, 0xbc, 0xec, 0x3, 0xc8, 0x89, 0x0,
    0x8c, 0x1f, 0x80, 0x80, 0x2c, 0xc, 0x0, 0x19,
    0x80, 0xc, 0x8, 0x1, 0x38, 0x12, 0x0, 0x18,
    0x0, 0xfe, 0xa1, 0x99, 0x70, 0x1f, 0xd0, 0x0,
    0xc8, 0x30, 0x90, 0x2c, 0x3, 0xce, 0x1, 0xfd,
    0x0, 0x2a, 0x10, 0x5, 0x60, 0x1d, 0x46, 0x58,
    0x1, 0xd0, 0x81, 0x0, 0x3, 0x70, 0x4c, 0x20,
    0x8, 0x73, 0x48, 0x2, 0x1a, 0x70, 0x56, 0x0,
    0xa1, 0x80, 0xf6, 0x4c, 0x3, 0xc7, 0x1c, 0xa0,
    0x94, 0x1, 0xd3, 0x40, 0x6, 0xcf, 0xcb, 0xb6,
    0x76, 0x38, 0x2, 0x2c, 0x3, 0xe5, 0xe8, 0x10,
    0x1, 0xa2, 0xc, 0x40, 0x5b, 0x9c, 0x3, 0xf8,
    0x5f, 0xb6, 0x59, 0x54, 0xd1, 0x9d, 0x22, 0x1,
    0xc0,

    /* U+E38D "" */
    0x0, 0xe5, 0x9a, 0x83, 0x0, 0xf0, 0xbd, 0x51,
    0xc4, 0x3, 0xe1, 0xca, 0x65, 0x7c, 0x90, 0xc,
    0xfd, 0xa, 0xa8, 0xf3, 0x0, 0xf5, 0x18, 0x1a,
    0x90, 0x34, 0xa2, 0x1e, 0x0, 0x8, 0x80, 0x1d,
    0x10, 0xc, 0xc8, 0x11, 0x95, 0xaa, 0xd, 0x76,
    0x80, 0x3e, 0xbb, 0x60, 0xd, 0x0, 0x68, 0x4,
    0x70, 0xa, 0x40, 0x3d, 0x42, 0x0, 0x39, 0x4,
    0x30, 0x2, 0x88, 0x48, 0x6, 0x3d, 0xd7, 0xf6,
    0x61, 0x80, 0x33, 0x10, 0x48, 0x3, 0xc0, 0xc8,
    0x2, 0x21, 0x22, 0x0, 0x99, 0x80, 0xc0, 0x35,
    0x2, 0x80, 0x10, 0x2c, 0x2, 0x3d, 0xf0, 0xf,
    0x46, 0x48, 0x4, 0xa0, 0x4, 0x21, 0x4, 0x0,
    0xbc, 0x3, 0xf7, 0x83, 0x18, 0x0, 0x84, 0xc,
    0x40, 0x8, 0x4b, 0x86, 0x10, 0x1, 0xe7, 0x10,
    0xd6, 0x24, 0x0, 0x79, 0x88, 0x46, 0xd1, 0x83,
    0x30, 0x3, 0xea, 0x1, 0x9d, 0xb1, 0xc, 0xc,
    0x30, 0x8, 0xaa, 0x40, 0x3f, 0x26, 0xa0, 0x4,
    0x34, 0x80, 0x52, 0x0, 0xdd, 0x28, 0x7, 0xf8,
    0xaf, 0x40, 0x14, 0xa0, 0x11, 0x80, 0x90, 0x2d,
    0x90, 0x7, 0x8a, 0xd8, 0x8, 0x0, 0x40, 0x18,
    0x40, 0xc0, 0x10, 0x8a, 0x1, 0xe5, 0x4b, 0x0,
    0x8, 0x8, 0x7, 0x8c, 0x0, 0x80, 0x60, 0x3,
    0x30, 0x0, 0xc1, 0x0, 0x3f, 0x88, 0x4, 0x41,
    0x3e, 0x81, 0xb9, 0x8d, 0x4, 0xf9, 0x2, 0x10,
    0x20, 0xc, 0x80, 0x6, 0x0, 0xff, 0xe1, 0x28,
    0x1, 0x0, 0x30, 0xa8, 0x41, 0x0, 0x6c, 0x33,
    0x60, 0x6, 0x28, 0x5, 0x10, 0xe, 0xb1, 0xd,
    0x50, 0x8, 0x73, 0x2, 0x1, 0x2e, 0x80, 0x20,
    0x3, 0xc3, 0x40, 0xa, 0xc6, 0x20, 0xc, 0x4d,
    0x94, 0x0, 0xb2, 0x0, 0xf9, 0x34, 0x80, 0xe7,
    0x7f, 0xb9, 0xfb, 0x26, 0x5, 0x88, 0x1, 0xfc,
    0x5b, 0x46, 0x1, 0x8, 0x80, 0x23, 0xad, 0x30,
    0xf, 0xfe, 0x2, 0xe7, 0xdc, 0xc4, 0x26, 0xfb,
    0x14, 0x3, 0xe0,

    /* U+E38E "" */
    0x0, 0xff, 0xf0, 0x17, 0x70, 0x3, 0xff, 0x94,
    0x78, 0x20, 0x1f, 0xfc, 0xa3, 0xd1, 0x16, 0x0,
    0x7f, 0xf2, 0xf, 0x4, 0x5a, 0x40, 0x1f, 0xfc,
    0x73, 0xc0, 0x1d, 0x30, 0xc, 0xc4, 0x1, 0xff,
    0xc1, 0x3c, 0x1, 0xd3, 0x0, 0xd9, 0x3c, 0x2,
    0x1, 0xfe, 0x3c, 0x1, 0xd3, 0x0, 0xd8, 0x61,
    0x53, 0xce, 0x1, 0xf8, 0xf0, 0x7, 0x4c, 0x3,
    0x61, 0x84, 0x31, 0x84, 0x38, 0x7, 0x8f, 0x0,
    0x74, 0xc0, 0x36, 0x18, 0x43, 0x85, 0x18, 0x43,
    0x80, 0x63, 0xc0, 0x6, 0x98, 0x6, 0xc3, 0x8,
    0x70, 0xb, 0xc, 0x21, 0xc0, 0x7, 0x80, 0xc,
    0x30, 0xd, 0x86, 0x10, 0xe0, 0x1d, 0x86, 0x10,
    0xe7, 0x80, 0x38, 0x66, 0x60, 0x6, 0x18, 0x43,
    0x80, 0x7d, 0x86, 0x11, 0x80, 0x3a, 0x61, 0xb3,
    0x58, 0x61, 0xe, 0x1, 0xfd, 0x86, 0x0, 0x1d,
    0x30, 0x3, 0x82, 0x98, 0x43, 0x80, 0x7f, 0xd8,
    0x83, 0x86, 0x1, 0x4a, 0x80, 0x25, 0xc0, 0x3f,
    0xf8, 0x37, 0xc4, 0x1, 0xd5, 0x14, 0xc0, 0x1f,
    0x80,

    /* U+E391 "" */
    0x0, 0xff, 0xe2, 0xbe, 0xe1, 0x80, 0x7f, 0xf2,
    0x56, 0x8, 0xf3, 0x16, 0xc0, 0x1f, 0xfc, 0x6d,
    0x1, 0x20, 0x34, 0x95, 0x0, 0xff, 0xe3, 0x9e,
    0xcb, 0x8, 0x78, 0x7, 0xff, 0x8, 0x8c, 0x44,
    0x1, 0x34, 0xa8, 0x8, 0x7, 0xfc, 0x57, 0xfb,
    0x9c, 0xc0, 0x1d, 0x80, 0x84, 0x1, 0xfc, 0xfa,
    0x80, 0x1e, 0x30, 0x9, 0x84, 0x20, 0x3, 0xf3,
    0xc0, 0x2, 0x74, 0x40, 0x21, 0xff, 0xb8, 0x40,
    0x40, 0x3e, 0x78, 0x0, 0xb, 0x10, 0x2, 0xc,
    0x3, 0xe8, 0x0, 0xf3, 0x40, 0x7, 0xe1, 0xc2,
    0x1, 0x99, 0xb4, 0xc0, 0x38, 0x64, 0x9, 0xc0,
    0x3f, 0x58, 0xb, 0x34, 0x40, 0x1e, 0x80, 0x7,
    0xf8, 0x3, 0xf2, 0x80, 0x4, 0x3, 0xf9, 0xc1,
    0xc8, 0x3, 0xff, 0x92, 0x22, 0xc, 0x0, 0xff,
    0x20, 0x8, 0x80, 0x3f, 0x18, 0x1, 0xc0, 0x3f,
    0x86, 0x41, 0xc0, 0x3f, 0x88, 0x0, 0xa0, 0x1f,
    0xbb, 0x44, 0x20, 0x3, 0xc4, 0xcd, 0x8, 0x58,
    0x7, 0xe7, 0x30, 0xb1, 0x0, 0xe4, 0xd9, 0x98,
    0x40, 0xa8, 0x3, 0xfa, 0x90, 0x3, 0xde, 0x1,
    0xf2, 0xc0, 0x0, 0x58, 0x40, 0x14, 0xa0, 0x1f,
    0x8, 0xf, 0x7f, 0xc2, 0x1, 0xf, 0x48, 0xd,
    0xa8, 0x7, 0xeb, 0x1, 0x90, 0x8, 0xc0, 0x44,
    0x0, 0x27, 0xf4, 0x0, 0xfe, 0x15, 0x3, 0x0,
    0xe7, 0xef, 0xf6, 0xc0, 0x80, 0x7f, 0xc6, 0x9,
    0xb4, 0x60, 0x1, 0x0, 0xff, 0xe2, 0xd0, 0x0,
    0x97, 0x8, 0x3, 0xff, 0x8e, 0x7d, 0x30, 0x20,
    0x15, 0x80, 0x7f, 0xf1, 0x85, 0x9f, 0x9d, 0xb0,
    0xc0, 0x3f, 0xf8, 0x80,

    /* U+E393 "" */
    0x0, 0xff, 0xe1, 0xa6, 0x20, 0x7, 0xff, 0x28,
    0xac, 0xf4, 0x3, 0xff, 0x95, 0xc0, 0xa, 0x0,
    0xff, 0xe4, 0xb1, 0x80, 0x38, 0x40, 0x3f, 0xf9,
    0x10, 0x4, 0x5, 0x82, 0x1, 0xff, 0xc6, 0x41,
    0xe, 0xa0, 0x2d, 0x0, 0xff, 0xe3, 0x68, 0x4,
    0xb4, 0x1, 0xff, 0xc8, 0x50, 0x6, 0x12, 0xf6,
    0x0, 0x7f, 0xf1, 0x88, 0x2, 0x40, 0x10, 0x2,
    0x49, 0xca, 0x0, 0x7f, 0xf0, 0x36, 0x72, 0x18,
    0x3, 0x43, 0x63, 0x40, 0x7, 0xff, 0x0, 0xd8,
    0xdc, 0x23, 0x4c, 0xc0, 0x1a, 0x0, 0x3f, 0x84,
    0x44, 0x58, 0xd1, 0x8b, 0x30, 0x60, 0x7a, 0x80,
    0x1c, 0x91, 0x9f, 0xdc, 0xdd, 0xd9, 0x62, 0x1,
    0xc, 0xe1, 0x0, 0x66, 0xdb, 0x73, 0x0, 0xff,
    0x1b, 0x67, 0x30, 0x6, 0x2c, 0x92, 0x0, 0x86,
    0xf3, 0x1b, 0xb7, 0x73, 0xf2, 0x4c, 0x3, 0x93,
    0x4c, 0xf, 0x30, 0x6c, 0x86, 0x62, 0x28, 0x44,
    0x1, 0xfd, 0x0, 0x18, 0xcd, 0x90, 0xc, 0x4c,
    0x60, 0x1f, 0xfc, 0x8, 0x6c, 0x68, 0x0, 0xcd,
    0x3b, 0x3c, 0x1, 0xff, 0xc0, 0x49, 0x39, 0x40,
    0x0, 0x82, 0x8, 0x0, 0x40, 0x3f, 0xf8, 0xd9,
    0xca, 0x5a, 0x0, 0x40, 0xf, 0xfe, 0x45, 0x28,
    0x5, 0x80, 0x1f, 0xfc, 0x6d, 0x20, 0xae, 0x2,
    0x40, 0xf, 0xfe, 0x30, 0xe1, 0x1, 0x5, 0x80,
    0x7f, 0xf2, 0x6, 0x40, 0x4, 0xc0, 0x1f, 0xfc,
    0x9d, 0x0, 0x78, 0x7, 0xff, 0x2a, 0x8e, 0xc8,
    0x3, 0xff, 0x84,

    /* U+E3A1 "" */
    0x0, 0xff, 0xf0, 0x4f, 0xfa, 0xc8, 0x8, 0xc0,
    0x3f, 0xf8, 0x23, 0x19, 0x4b, 0x6c, 0x0, 0x4c,
    0x7d, 0xc2, 0x0, 0xff, 0xe0, 0x63, 0x9a, 0xd2,
    0x3, 0x48, 0xc, 0x0, 0x98, 0x7, 0xfc, 0xe4,
    0xc, 0x40, 0x14, 0xb6, 0x0, 0x56, 0x20, 0x1f,
    0xf6, 0x82, 0x4e, 0xa0, 0x1, 0x80, 0xf0, 0x1,
    0x64, 0x1, 0xff, 0x18, 0x28, 0x85, 0xa0, 0x8,
    0x0, 0xf0, 0x6, 0x0, 0x3f, 0xeb, 0x1, 0xc1,
    0xb, 0xc7, 0x0, 0x8e, 0x1, 0xc0, 0x3f, 0xe2,
    0xa0, 0x2c, 0x10, 0x30, 0x1a, 0x72, 0xb0, 0x10,
    0xf, 0xfe, 0x2, 0xd0, 0x16, 0x8, 0x1, 0x16,
    0x34, 0xc2, 0x80, 0x3f, 0xf8, 0x2b, 0x40, 0x58,
    0x20, 0xa8, 0x1, 0x43, 0x0, 0x43, 0x3b, 0x8c,
    0x1, 0xfc, 0x58, 0x21, 0x68, 0x0, 0x30, 0xd,
    0x8c, 0x47, 0x34, 0x1, 0x96, 0x80, 0x40, 0xb0,
    0x42, 0xc8, 0x34, 0x2, 0x62, 0x7, 0x40, 0x5a,
    0x0, 0x2d, 0x0, 0xe5, 0x1, 0x60, 0x80, 0x80,
    0x76, 0x2, 0x45, 0xa8, 0x2d, 0x2d, 0x0, 0xe1,
    0x2d, 0x1, 0x7e, 0x98, 0x60, 0x4, 0x40, 0x84,
    0x14, 0xa0, 0xb4, 0x3, 0x84, 0x0, 0x5a, 0x1,
    0x20, 0x55, 0x0, 0x54, 0x0, 0xc2, 0xa, 0x50,
    0xb, 0x8, 0x3, 0x2e, 0xc3, 0xdd, 0x0, 0x69,
    0x0, 0xe, 0x8, 0x52, 0x80, 0x20, 0x3, 0xc4,
    0xf0, 0x80, 0x19, 0xd0, 0x4, 0x5, 0x40, 0x14,
    0x80, 0xb4, 0x1, 0xff, 0xc1, 0xb0, 0x6e, 0xc9,
    0x40, 0xa, 0xd0, 0x16, 0x40, 0x3f, 0xf8, 0x2,
    0x1, 0x1b, 0x0, 0x14, 0x1, 0x68, 0xc, 0xa0,
    0x1f, 0xf2, 0x3, 0x30, 0x2, 0x8a, 0xd1, 0xb,
    0x20, 0xf0, 0xf, 0xfa, 0x8, 0x25, 0x80, 0x1a,
    0x5, 0x82, 0xc, 0x2, 0x1, 0xff, 0xc, 0x0,
    0x25, 0x81, 0x40, 0x5, 0xf8, 0x81, 0x80, 0x1f,
    0xf0, 0xd8, 0x5, 0x31, 0x40, 0x10, 0x98, 0x1b,
    0x80, 0x7f, 0xf0, 0x4, 0x54, 0x40, 0xea, 0xb,
    0xae, 0xd3, 0x80, 0x1f, 0xfc, 0x1, 0xef, 0x5c,
    0x62, 0x24, 0x51, 0x44, 0xb0, 0x7, 0xff, 0x4,

    /* U+E3A5 "" */
    0x0, 0xff, 0x24, 0x66, 0x2e, 0xc, 0x3, 0xff,
    0x88, 0x9b, 0x6e, 0x66, 0x47, 0xcc, 0x18, 0x7,
    0xff, 0x5, 0xac, 0x80, 0x99, 0xd8, 0x80, 0xf1,
    0x40, 0x3f, 0xe5, 0x90, 0x1a, 0xd9, 0x89, 0xdb,
    0x20, 0xa4, 0x0, 0xfe, 0x1a, 0x2, 0xc5, 0x0,
    0x10, 0x1, 0x30, 0xc2, 0x84, 0x3, 0xf4, 0x0,
    0x38, 0x82, 0x7f, 0x7e, 0x40, 0x78, 0x6, 0x40,
    0x3f, 0x30, 0x29, 0x86, 0x30, 0x4, 0xd4, 0x4,
    0xe0, 0xc0, 0x1f, 0x20, 0x3, 0x81, 0x4c, 0x1f,
    0x18, 0x14, 0xc2, 0xc0, 0x5c, 0x3, 0xda, 0x0,
    0x40, 0xc0, 0x38, 0x39, 0x10, 0x40, 0x30, 0x4,
    0x80, 0x79, 0xc1, 0x40, 0x2, 0x2, 0x1, 0xfe,
    0x17, 0x0, 0xca, 0x21, 0xe0, 0xc, 0x2, 0xa6,
    0xb1, 0x5, 0x3, 0x0, 0xa4, 0x2, 0x1b, 0x2,
    0x50, 0x2, 0x28, 0x2c, 0xa0, 0x39, 0x5, 0x0,
    0x80, 0xa0, 0x3, 0x44, 0x24, 0x3, 0x54, 0x10,
    0x14, 0xc0, 0x13, 0x4, 0x8, 0x18, 0x61, 0x83,
    0xa0, 0x7, 0x3e, 0xfe, 0xb0, 0xf, 0x81, 0x31,
    0x7, 0xb9, 0x83, 0x40, 0x7, 0xfc, 0x7e, 0x41,
    0xe0, 0x21, 0xf4, 0x7, 0x20, 0x1f, 0xf4, 0xe0,
    0x8a, 0xc8, 0x48, 0xc, 0xc0, 0x80, 0x1f, 0xe6,
    0xe6, 0x3, 0xc4, 0x9, 0x0, 0x21, 0x82, 0x0,
    0x7c, 0x51, 0xd2, 0x20, 0xf8, 0x40, 0x4e, 0xc,
    0x14, 0x7, 0x46, 0x48, 0xd3, 0xba, 0x71, 0x6,
    0xe8, 0x0, 0x1e, 0x0, 0xc0, 0x30, 0x1, 0x73,
    0x6e, 0x58, 0x80, 0x5f, 0x64, 0x40, 0xd, 0x82,
    0x14, 0x20, 0x2e, 0x1, 0xc2, 0x91, 0x9d, 0x4,
    0x0, 0x2b, 0x90, 0x1c, 0x40, 0xa, 0x40, 0x9,
    0xdf, 0xd6, 0xe6, 0x1, 0x14, 0xea, 0x1, 0xf9,
    0x80, 0x61, 0x70, 0x42, 0x0, 0xe1, 0x6b, 0xd6,
    0x1, 0x9c, 0x10, 0xf, 0x48, 0x86, 0x4b, 0xc5,
    0xef, 0x4a, 0x0, 0xc7, 0x30, 0x7, 0xe1, 0xa0,
    0x3, 0x43, 0xa1, 0x0, 0x12, 0xb9, 0xc0, 0x3f,
    0xe4, 0xd6, 0x22, 0x1a, 0xbd, 0xfd, 0xa8, 0x7,
    0xf8,

    /* U+E3A6 "" */
    0x0, 0xf8, 0x99, 0xbf, 0x8, 0x7, 0xff, 0x12,
    0x67, 0xfb, 0x98, 0x3, 0xff, 0x87, 0x80, 0x11,
    0x10, 0x44, 0x0, 0x93, 0x0, 0xfc, 0xb2, 0xa0,
    0x13, 0xa8, 0x3, 0xf7, 0xb9, 0xa2, 0x16, 0x1,
    0xf1, 0x53, 0x57, 0x30, 0x2, 0x84, 0x39, 0xaf,
    0xf4, 0x41, 0x98, 0x1, 0xe5, 0x0, 0x86, 0x60,
    0x1, 0x0, 0x72, 0x80, 0x18, 0x67, 0x98, 0x3,
    0x68, 0x2e, 0xa0, 0x3a, 0x8d, 0x0, 0x47, 0x8,
    0x0, 0x71, 0x14, 0xc8, 0x2, 0x60, 0x22, 0x59,
    0x4, 0x79, 0x82, 0x6e, 0x3a, 0x83, 0x47, 0x38,
    0x34, 0x80, 0x7d, 0x0, 0x42, 0x13, 0x64, 0x8,
    0x21, 0x60, 0x8, 0x80, 0x32, 0x3, 0x81, 0x0,
    0x10, 0x2, 0xb6, 0x0, 0xb0, 0x8, 0x80, 0x13,
    0xa0, 0x48, 0x60, 0x20, 0x0, 0xc0, 0xe, 0x80,
    0x18, 0xc1, 0x0, 0x3a, 0x40, 0x91, 0x40, 0x5c,
    0x14, 0x1, 0x0, 0x1c, 0xc0, 0x20, 0x3d, 0xc0,
    0x24, 0xe, 0x0, 0xff, 0xe3, 0x18, 0x88, 0x80,
    0x26, 0x50, 0x17, 0x5, 0x0, 0x40, 0x7, 0x30,
    0x8, 0x13, 0xb8, 0x88, 0x81, 0x78, 0x8, 0x0,
    0x30, 0x3, 0xa8, 0x6, 0x30, 0x40, 0x4, 0x40,
    0x24, 0x0, 0xce, 0x4, 0x0, 0x40, 0xa, 0x98,
    0x2, 0xc0, 0x22, 0x0, 0x4e, 0x80, 0xe2, 0x20,
    0xd, 0x20, 0x42, 0x13, 0x64, 0x8, 0x21, 0x40,
    0x8, 0x80, 0x14, 0x3, 0x1, 0xd, 0x98, 0x47,
    0x98, 0x26, 0xe3, 0xa8, 0x3c, 0x6b, 0x80, 0xf8,
    0x0, 0xc1, 0x79, 0x1, 0x94, 0x71, 0x80, 0x7,
    0x8, 0x0, 0x72, 0x2, 0xc2, 0x0, 0x58, 0x6,
    0x79, 0x0, 0x8c, 0x5, 0x0, 0x38, 0x63, 0x48,
    0x2, 0x37, 0x37, 0xd8, 0x0, 0xc8, 0xf, 0x7f,
    0xc4, 0xb, 0xce, 0x1, 0xe8, 0xc8, 0x20, 0xd,
    0x2, 0x6, 0xee, 0x82, 0xc, 0x0, 0xff, 0xe2,
    0x38, 0x1, 0x62, 0xc, 0x4, 0xc0, 0x1f, 0xfc,
    0x46, 0x22, 0xf3, 0xe0, 0x7, 0xe0,

    /* U+E3A8 "" */
    0x0, 0xff, 0xe2, 0x19, 0x1, 0x18, 0x80, 0x7f,
    0xf1, 0x5, 0xbb, 0x37, 0xf7, 0x3a, 0x40, 0x3f,
    0xf8, 0x31, 0xfd, 0x22, 0x1, 0xe6, 0x90, 0xf,
    0x84, 0x80, 0x14, 0xe0, 0x11, 0xee, 0x35, 0xf2,
    0x83, 0x8, 0x6, 0x6c, 0xed, 0xfc, 0x50, 0x5c,
    0xac, 0x23, 0x94, 0x18, 0x0, 0x10, 0x5, 0x52,
    0x60, 0x11, 0x80, 0x28, 0xd4, 0x3, 0xce, 0x0,
    0x10, 0x4, 0x28, 0x25, 0xe9, 0x0, 0x4, 0x3,
    0xd, 0xb8, 0x3, 0x0, 0x4, 0x0, 0x70, 0x5b,
    0x46, 0x20, 0x3a, 0x0, 0x87, 0x12, 0x0, 0x1a,
    0x0, 0x20, 0x50, 0x5, 0x80, 0x38, 0xb, 0x10,
    0x0, 0x38, 0x41, 0x40, 0x7, 0x0, 0x8, 0x10,
    0x8, 0x80, 0x2, 0xc, 0x1, 0xe, 0x10, 0x52,
    0x81, 0x70, 0x9, 0x80, 0x42, 0x45, 0x81, 0x18,
    0x8f, 0x8, 0x21, 0xc8, 0x9e, 0x41, 0x60, 0xf0,
    0x0, 0xdd, 0x98, 0x1, 0x3b, 0x84, 0x0, 0x8d,
    0xd8, 0x80, 0x1a, 0x1a, 0x1, 0xff, 0xca, 0x10,
    0x20, 0x2d, 0xdf, 0xfe, 0x31, 0x0, 0x86, 0x81,
    0x19, 0x17, 0xff, 0x10, 0xc8, 0x34, 0x10, 0x0,
    0xe0, 0x1f, 0xfc, 0x47, 0x0, 0x20, 0xa, 0x5,
    0x80, 0x7f, 0xf1, 0x2c, 0x14, 0x40, 0x12, 0x5,
    0x20, 0x1f, 0xfc, 0x29, 0x20, 0x90, 0x8, 0x98,
    0x19, 0xc0, 0x3f, 0xf8, 0xe, 0xc0, 0xe6, 0x1,
    0xa5, 0x2, 0x28, 0x40, 0x3f, 0xd, 0x40, 0x24,
    0x0, 0x7a, 0xd4, 0x17, 0xa0, 0xc0, 0x31, 0xc7,
    0x28, 0x2d, 0x80, 0x7e, 0xa2, 0x0, 0x3e, 0x7f,
    0x73, 0xf1, 0xc0, 0x5, 0x40, 0x1f, 0xe3, 0x0,
    0xe1, 0x10, 0x7, 0x18, 0x7, 0xfd, 0x93, 0x3f,
    0xfc, 0xc, 0x0, 0xf0,

    /* U+E3A9 "" */
    0x0, 0xff, 0x89, 0x98, 0x40, 0x1f, 0xfc, 0x97,
    0xd9, 0x96, 0xb8, 0x7, 0xff, 0x1e, 0xa0, 0x3,
    0x45, 0x0, 0x7f, 0xf1, 0xb, 0x54, 0x13, 0xb8,
    0x80, 0xba, 0x40, 0x1f, 0xfc, 0x14, 0xc2, 0x7,
    0xb1, 0x15, 0xb8, 0x16, 0x20, 0x7, 0xfc, 0xf6,
    0x21, 0x50, 0x1, 0xa2, 0x80, 0x6d, 0xc0, 0x3f,
    0xaa, 0x0, 0xb5, 0x40, 0x3c, 0xba, 0x41, 0x14,
    0x1, 0xe2, 0xd5, 0x4, 0xc2, 0x0, 0xfc, 0x5a,
    0x80, 0xba, 0x40, 0x12, 0x61, 0x1, 0x72, 0x2a,
    0xff, 0xdc, 0x60, 0x58, 0x80, 0xb6, 0x20, 0x2,
    0xaa, 0xff, 0xe1, 0x18, 0x0, 0x6d, 0x60, 0x3,
    0xff, 0x99, 0x6, 0x13, 0xff, 0xff, 0xc8, 0xa0,
    0x20, 0xf, 0xfe, 0x86, 0x33, 0x7f, 0xf2, 0x3c,
    0x5, 0x41, 0x66, 0x7f, 0xf9, 0xa, 0x4, 0xa0,
    0x24, 0x50, 0x6, 0x12, 0x2f, 0x8, 0x4, 0x24,
    0x20, 0x40, 0x8, 0xdd, 0xb9, 0x40, 0x2e, 0xdd,
    0xee, 0x20, 0x1c, 0xdb, 0x1, 0x0, 0xf0, 0xd5,
    0x0, 0x71, 0xc0, 0x35, 0x10, 0x51, 0x0, 0x63,
    0x9, 0xff, 0xea, 0x0, 0xa2, 0xc4, 0x1d, 0x40,
    0x17, 0xfe, 0xa0, 0x18, 0x0, 0xff, 0xe0, 0x27,
    0xdc, 0x0, 0x7e, 0xb5, 0xea, 0xaf, 0xf4, 0x88,
    0x90, 0xe, 0xab, 0xdc, 0xa0, 0x2a, 0xbf, 0xe6,
    0xf7, 0x48, 0xc5, 0x5f, 0x8, 0x0,

    /* U+E3AA "" */
    0x0, 0xc9, 0x22, 0x1, 0x34, 0x0, 0x68, 0x60,
    0xf, 0xfa, 0x1b, 0x0, 0x29, 0x7a, 0x0, 0x1b,
    0xcb, 0x80, 0x7f, 0xa0, 0x8, 0xc0, 0xe, 0xa,
    0x0, 0x34, 0xa, 0x0, 0xff, 0xe8, 0x88, 0x7,
    0x48, 0x19, 0x80, 0x5c, 0x18, 0x0, 0x88, 0xb,
    0x0, 0x9b, 0x9c, 0x2, 0x12, 0xf, 0x0, 0x20,
    0x2, 0x0, 0x18, 0x4, 0xc0, 0x14, 0x7, 0x80,
    0x42, 0x0, 0xa0, 0x3, 0x0, 0x1c, 0x1, 0xc0,
    0x46, 0x0, 0x51, 0xa, 0x0, 0xd0, 0xe, 0x0,
    0x34, 0xd, 0x0, 0x30, 0x85, 0x80, 0x24, 0xc,
    0x80, 0x33, 0xd6, 0x80, 0x57, 0x32, 0x0, 0xb2,
    0x20, 0x4, 0x61, 0x20, 0x1e, 0x53, 0x0, 0xcc,
    0x40, 0x11, 0x38, 0x2, 0xc0, 0x54, 0x0, 0x45,
    0xff, 0xc7, 0x60, 0x70, 0x4, 0xee, 0xff, 0xf1,
    0xc0, 0xc, 0xa0, 0xa0, 0x1f, 0xfc, 0xa2, 0x6,
    0x4, 0xdd, 0xff, 0xe3, 0x8, 0x8, 0x68, 0x29,
    0x17, 0xff, 0x14, 0x4, 0x14, 0x14, 0x5, 0x0,
    0x3f, 0xf8, 0x94, 0x2, 0x60, 0x46, 0x10, 0x1,
    0xff, 0xc3, 0x16, 0x7, 0x0, 0xa0, 0xd, 0xc0,
    0x3f, 0xf8, 0x56, 0x21, 0x60, 0x12, 0x28, 0x43,
    0x0, 0x7f, 0xf0, 0x29, 0x42, 0x8, 0x3, 0x51,
    0x84, 0xc8, 0x3, 0xf8, 0xad, 0x41, 0x5c, 0x3,
    0xd8, 0x80, 0xdd, 0x6, 0x1, 0x92, 0x75, 0x1,
    0xa8, 0x3, 0xf5, 0x90, 0xb, 0xe7, 0xf7, 0x3e,
    0xd8, 0x0, 0x92, 0x1, 0xfe, 0x30, 0xe, 0x11,
    0x0, 0x73, 0x80, 0x7f, 0xd9, 0x33, 0xff, 0xc0,
    0xe0, 0xf, 0x0,

    /* U+E3AC "" */
    0x0, 0x88, 0xa0, 0xf, 0xe2, 0x28, 0x3, 0xf9,
    0xbb, 0x77, 0x0, 0x7d, 0x5b, 0xb7, 0xc0, 0x7,
    0x96, 0x44, 0x2, 0x30, 0x2, 0x73, 0x0, 0x4,
    0x3, 0x3c, 0x0, 0x77, 0x1, 0xe6, 0xeb, 0x80,
    0x18, 0x34, 0x0, 0xbd, 0xd9, 0x41, 0xc0, 0x39,
    0x42, 0xcc, 0x88, 0x1, 0xfc, 0x45, 0x48, 0x7,
    0xff, 0x4d, 0x84, 0x3, 0xff, 0x96, 0xf3, 0x40,
    0x1f, 0xfc, 0xbf, 0x7, 0x0, 0xff, 0xf8, 0xf8,
    0x30, 0x7, 0xff, 0x2d, 0xee, 0x80, 0x3f, 0xef,
    0x7, 0x0, 0xff, 0x20, 0x7, 0xff, 0x1, 0xe6,
    0x80, 0x3f, 0xc6, 0x1, 0xff, 0xc1, 0x61, 0x50,
    0xb3, 0x22, 0x0, 0x4d, 0x94, 0x1, 0x11, 0xe,
    0x40, 0x3e, 0xe0, 0x3c, 0xdd, 0x80, 0x4, 0x3a,
    0x0, 0xbd, 0xd6, 0x28, 0x40, 0x7, 0x2c, 0x88,
    0x4, 0x60, 0x4, 0xe7, 0x0, 0xf9, 0xdc, 0x1,
    0xe6, 0xed, 0xdb, 0x80, 0x3e, 0xbd, 0xdb, 0xe0,
    0x3, 0xc0,

    /* U+E3B9 "" */
    0x0, 0xcd, 0x7d, 0xae, 0x1, 0xff, 0xc6, 0xc9,
    0x41, 0x28, 0xa0, 0xf, 0xfe, 0x25, 0x98, 0x24,
    0x20, 0x2a, 0x0, 0x7f, 0xf0, 0x95, 0x2, 0x2d,
    0xec, 0x43, 0x40, 0x3f, 0xf8, 0x50, 0x8, 0xe0,
    0x12, 0x2, 0x80, 0x70, 0x88, 0x3, 0xc4, 0x40,
    0xf0, 0xc, 0x60, 0x20, 0x10, 0xd7, 0x73, 0xe8,
    0x80, 0x27, 0x0, 0x20, 0x6, 0x20, 0x60, 0xb,
    0x54, 0x2, 0x5d, 0x40, 0x1, 0x1, 0x0, 0x73,
    0x1, 0x0, 0x14, 0xc1, 0xf2, 0x0, 0x16, 0x41,
    0xe0, 0x20, 0x18, 0x88, 0x18, 0x0, 0xc0, 0x28,
    0x37, 0xd0, 0x4, 0x7, 0x80, 0x80, 0x65, 0x0,
    0x28, 0x0, 0x81, 0x0, 0x22, 0x80, 0x51, 0x20,
    0x20, 0xd, 0x60, 0x80, 0x1f, 0xe7, 0x0, 0x3a,
    0x0, 0x10, 0x0, 0x46, 0x1c, 0x1, 0x8, 0x10,
    0x7, 0x18, 0x78, 0x90, 0x60, 0x1, 0x0, 0xa,
    0x1, 0x68, 0x28, 0x7, 0x30, 0x18, 0x20, 0x3f,
    0xfa, 0x41, 0x0, 0x32, 0x0, 0x98, 0x6, 0x30,
    0x10, 0xe0, 0xf, 0x18, 0x6, 0x31, 0xa, 0x0,
    0xc4, 0x2, 0x2, 0x3, 0x54, 0x0, 0x78, 0x7,
    0x38, 0x38, 0x6, 0x50, 0xd0, 0xc, 0xaa, 0x10,
    0x10, 0xe, 0xa0, 0x13, 0x0, 0x18, 0x82, 0x0,
    0x7f, 0xf0, 0x8c, 0x42, 0x55, 0x52, 0x2, 0x60,
    0x40, 0x2c, 0xc1, 0x2, 0x0, 0xf2, 0x2, 0xd5,
    0x14, 0x14, 0x0, 0x84, 0x13, 0x20, 0x24, 0x0,
    0xf1, 0x0, 0x78, 0x80, 0x2c, 0x30, 0x1, 0xf8,
    0x7, 0xde, 0x3, 0xfe, 0x30, 0xe, 0x1c, 0xee,
    0x61, 0x0, 0x7f, 0xf2, 0x4, 0x40, 0x1f, 0xc2,
    0x2, 0x0, 0x10, 0xf, 0xfe, 0x32, 0x80, 0x2e,
    0x48, 0x30, 0x3, 0xff, 0x88, 0x6a, 0x8, 0xc0,
    0x6a, 0x1, 0xff, 0xc5, 0xa8, 0x32, 0x7c, 0x0,
    0x0,

    /* U+E3BA "" */
    0x0, 0xff, 0xe0, 0x4c, 0x80, 0x3f, 0xf9, 0x64,
    0xcc, 0x20, 0xf, 0xfe, 0xf9, 0xaa, 0xf0, 0x1,
    0x57, 0x8c, 0x3, 0xfc, 0x5b, 0x95, 0x5a, 0x0,
    0x11, 0x55, 0xb3, 0x48, 0x3, 0xf7, 0x90, 0x7,
    0xff, 0x8, 0xbc, 0x3, 0xe3, 0x20, 0xaf, 0xff,
    0xfe, 0x5, 0x1, 0x20, 0x7, 0x98, 0x0, 0xa0,
    0x1f, 0xfc, 0x5, 0x0, 0x8, 0x7, 0xff, 0x74,
    0x44, 0x1, 0xff, 0xca, 0x5c, 0xee, 0x62, 0x80,
    0x7f, 0xf1, 0x45, 0xfa, 0x8c, 0x0, 0x75, 0xce,
    0x20, 0x1f, 0xfc, 0x19, 0xe8, 0x10, 0x20, 0x1,
    0x0, 0xc7, 0x48, 0x7, 0xf1, 0x0, 0x18, 0x0,
    0xb9, 0xe0, 0xf, 0xc5, 0x0, 0x30, 0x0, 0x80,
    0x31, 0x64, 0x0, 0x5, 0xfa, 0x8c, 0x3, 0x1d,
    0x73, 0x88, 0x2, 0x30, 0xc0, 0x16, 0x60, 0x53,
    0xd0, 0x20, 0x3, 0x0, 0xe1, 0x8e, 0x92, 0x3,
    0x90, 0xc, 0x7a, 0xc0, 0x1c, 0x33, 0x22, 0x0,
    0xe6, 0xd3, 0x3, 0x0, 0x8, 0x7, 0xf9, 0x98,
    0x1, 0xf8, 0x80, 0x40, 0x1a, 0x6, 0x1, 0xff,
    0xc5, 0x11, 0x6, 0x80, 0x1c, 0x0, 0xa0, 0x1f,
    0xfc, 0x47, 0x0, 0x20, 0x0, 0x8c, 0x38, 0x3,
    0xff, 0x89, 0x40, 0x82, 0x1, 0x50, 0x21, 0x80,
    0xbd, 0x5c, 0x10, 0x7, 0x92, 0x4c, 0x3, 0x1c,
    0x20, 0x87, 0xaf, 0x42, 0xa3, 0xec, 0x0, 0x43,
    0x56, 0xc0, 0x4, 0xe3, 0xf7, 0xd3, 0x3, 0xa0,
    0x15, 0x61, 0x7, 0xd8, 0x9f, 0x50, 0x26, 0x50,
    0x1f, 0x80, 0x1, 0x0, 0x49, 0xf5, 0x3c, 0xc0,
    0x4e, 0xc2, 0x11, 0xb3, 0x5a, 0xb0, 0x9a, 0xc6,
    0x49, 0x56, 0x20, 0x14, 0xda, 0x91, 0x17, 0x5c,
    0x2, 0x2a, 0x40,

    /* U+E3BD "" */
    0x0, 0xff, 0xe2, 0x3d, 0xee, 0xa9, 0x40, 0x3f,
    0xf8, 0xc9, 0xd0, 0x84, 0x45, 0xad, 0x20, 0xf,
    0xfe, 0x1a, 0xd8, 0x82, 0xc3, 0x98, 0x16, 0x10,
    0x7, 0xff, 0x5, 0xa8, 0xb, 0x69, 0xe3, 0x2c,
    0x7, 0x80, 0x3f, 0xf8, 0xd, 0x20, 0x58, 0x40,
    0x19, 0x2c, 0xd, 0x0, 0x3f, 0xcd, 0x20, 0x58,
    0x20, 0x1e, 0x43, 0xd, 0x0, 0xfe, 0x69, 0x2,
    0xc1, 0x0, 0xfc, 0xa0, 0xa0, 0x1f, 0x9a, 0x40,
    0xb0, 0x40, 0x3f, 0xf8, 0xed, 0x20, 0x58, 0x20,
    0x1f, 0xe5, 0x6, 0x0, 0xf3, 0x48, 0x0, 0x94,
    0x3, 0xfc, 0x86, 0x1c, 0x1, 0xcd, 0x20, 0x42,
    0x16, 0x80, 0x1f, 0x8a, 0x80, 0xd0, 0x3, 0x34,
    0x81, 0xe6, 0x4, 0x2d, 0x0, 0x3c, 0x58, 0x21,
    0xc0, 0x19, 0xa4, 0xf, 0x44, 0xb0, 0x42, 0xd0,
    0x3, 0x16, 0x8, 0x61, 0x0, 0x4d, 0x20, 0x7a,
    0x20, 0x2, 0xc1, 0xb, 0x40, 0x1, 0x60, 0x85,
    0x98, 0x4, 0x92, 0x5, 0xa2, 0x1, 0x8b, 0x4,
    0x2d, 0xb, 0x4, 0x2d, 0x0, 0x35, 0x1, 0x60,
    0x80, 0x78, 0xb0, 0x42, 0xf0, 0x42, 0xd0, 0x3,
    0x28, 0x87, 0x8, 0x7, 0xe2, 0xc1, 0x1, 0xb,
    0x40, 0xe, 0xf0, 0x33, 0x0, 0x7f, 0xf0, 0xad,
    0x0, 0x3c, 0xc0, 0xa0, 0x1f, 0xe2, 0xc1, 0xb,
    0x40, 0xf, 0xfe, 0x39, 0x60, 0x85, 0xa0, 0x7,
    0xe5, 0x4, 0x0, 0xfc, 0x58, 0x21, 0x68, 0x1,
    0xfd, 0xa0, 0x4c, 0x1, 0xe2, 0xc1, 0xb, 0x40,
    0xf, 0xf2, 0x20, 0x25, 0xc0, 0x32, 0x60, 0x86,
    0x20, 0x7, 0xff, 0x2, 0x88, 0x23, 0xaa, 0x9b,
    0x62, 0x18, 0x60, 0x1f, 0xfc, 0x11, 0xc5, 0x1,
    0x55, 0x10, 0x1e, 0x98, 0x7, 0xff, 0xc, 0x6b,
    0x61, 0x54, 0xf7, 0x84, 0x1, 0xff, 0xc2,

    /* U+E3BF "" */
    0x0, 0xff, 0xe0, 0xb, 0x56, 0x6e, 0x53, 0x8,
    0x7, 0xff, 0xc, 0x63, 0xa5, 0x4c, 0x8d, 0x67,
    0xa0, 0x40, 0x3f, 0xf8, 0x5, 0x8e, 0x0, 0x47,
    0x79, 0x0, 0xf, 0x86, 0x1, 0xfe, 0x1d, 0x20,
    0x7e, 0xb8, 0x8a, 0xf9, 0x80, 0xb0, 0x40, 0x3f,
    0xe1, 0xc8, 0x10, 0x11, 0x0, 0x6, 0x6c, 0x40,
    0xc0, 0x3f, 0x87, 0xb8, 0x60, 0xbb, 0xdc, 0xfb,
    0x30, 0x4f, 0xe2, 0x0, 0xff, 0x8, 0x2, 0xa8,
    0x40, 0x12, 0x63, 0x0, 0x88, 0x3, 0xff, 0x84,
    0xa0, 0x75, 0x92, 0x41, 0x40, 0x1f, 0xfc, 0x5b,
    0xac, 0x53, 0x6d, 0x9e, 0x0, 0xff, 0xe2, 0xa2,
    0x81, 0xc0, 0x1, 0x88, 0x3, 0xff, 0x91, 0xe,
    0xe0, 0xf, 0xfe, 0x5b, 0x87, 0x80, 0x7f, 0xfc,
    0x4e, 0xfb, 0xff, 0xfe, 0x30, 0x7f, 0xfd, 0xd4,
    0x40, 0x78, 0x82, 0x1, 0xff, 0xc6, 0x15, 0xd3,
    0x80, 0x18, 0x99, 0xff, 0xe3, 0x40, 0x2, 0x14,
    0x25, 0xd9, 0xbf, 0xf8, 0xcf, 0x0, 0xa0, 0x1,
    0x0, 0x8, 0x6, 0x10, 0xf, 0xfe, 0x0, 0x80,
    0x78, 0x7b, 0x40, 0xb, 0xd2, 0x1, 0xff, 0xe0,
    0x1e, 0xd0, 0x2, 0xf4, 0x80, 0x7f, 0xf1, 0x4,
    0x0, 0x20, 0x18, 0x40, 0x3f, 0xf8, 0x2, 0x0,
    0x50, 0x97, 0x66, 0xe5, 0x5f, 0xcc, 0xdc, 0xf2,
    0xb, 0x0, 0x31, 0x33, 0xd5, 0x5f, 0xa6, 0x7a,
    0x4, 0x20, 0xf0, 0xc0, 0x3f, 0xf9, 0x9, 0x86,

    /* U+E3C5 "" */
    0x0, 0xff, 0xe1, 0x9c, 0x54, 0xb0, 0x7, 0xff,
    0x22, 0x71, 0xd5, 0xa7, 0x90, 0x3, 0xff, 0x8b,
    0x6c, 0x2, 0x86, 0x3, 0x68, 0x1, 0xff, 0xc3,
    0x74, 0x8, 0xeb, 0xcc, 0x8, 0x50, 0x7, 0xff,
    0x8, 0xe0, 0x19, 0xc0, 0x23, 0xd0, 0x15, 0x0,
    0xff, 0xe0, 0xf0, 0x14, 0x82, 0x73, 0x81, 0x90,
    0x44, 0x8, 0x3, 0xfd, 0x24, 0x10, 0x0, 0x31,
    0xd0, 0x0, 0x81, 0x3f, 0x80, 0x7f, 0x2b, 0x0,
    0x2c, 0x0, 0xf9, 0x40, 0x1e, 0x50, 0xf, 0xc3,
    0x60, 0x40, 0x2c, 0x0, 0x30, 0xe, 0x4f, 0x80,
    0xf, 0xd4, 0x22, 0xc6, 0xb, 0x0, 0xfc, 0x40,
    0x1f, 0xcc, 0x81, 0x63, 0x40, 0x42, 0x1, 0xf0,
    0x80, 0x7e, 0x29, 0x5, 0x50, 0x10, 0x0, 0x80,
    0x38, 0xc3, 0x80, 0x3f, 0x70, 0xd, 0x80, 0x7f,
    0x90, 0x0, 0x80, 0x1f, 0x41, 0x85, 0x8, 0x0,
    0x80, 0x4, 0x1, 0xbc, 0x8, 0x80, 0x1e, 0x37,
    0x7, 0x40, 0xa, 0x80, 0x84, 0x2, 0x54, 0x8,
    0x0, 0xfb, 0x80, 0xa0, 0x2, 0x36, 0xa, 0x0,
    0x92, 0x81, 0x14, 0x3, 0xd2, 0x41, 0xe0, 0x12,
    0x68, 0xb, 0x80, 0x22, 0xc0, 0xa8, 0x3, 0xca,
    0xc0, 0xc0, 0x6b, 0x76, 0x10, 0x85, 0x9e, 0x70,
    0x2f, 0x10, 0xe, 0x1b, 0x0, 0x36, 0xe5, 0x20,
    0x5, 0x34, 0xc2, 0xd, 0xa4, 0x1, 0xea, 0x10,
    0xf, 0xfe, 0xa, 0x74, 0x80, 0x7c, 0xc8, 0x11,
    0xbb, 0xd0, 0x0, 0xdd, 0x8, 0x68, 0x80, 0x7e,
    0xc0, 0x47, 0x22, 0xe1, 0x1, 0x22, 0x0, 0x7f,
    0xf0, 0x2e, 0x68, 0x3, 0xc6, 0x1, 0xff, 0xc4,
    0x16, 0x10, 0xf, 0x2b, 0x58, 0x2, 0x99, 0xc0,
    0x3f, 0x80,

    /* U+E3C6 "" */
    0x0, 0xf9, 0x2b, 0x69, 0x40, 0x9, 0x59, 0x6c,
    0x1, 0xff, 0xc1, 0x9b, 0x52, 0x5a, 0xba, 0xb5,
    0x34, 0x9b, 0x0, 0xff, 0x99, 0x80, 0x6e, 0x80,
    0x8a, 0x6, 0xe8, 0x9, 0x0, 0x1f, 0xeb, 0x3,
    0xc8, 0xb6, 0x0, 0x26, 0x45, 0xb0, 0x38, 0x7,
    0xe1, 0xa2, 0x9, 0x0, 0xac, 0x1, 0xe0, 0x15,
    0x80, 0x2c, 0x80, 0x38, 0x71, 0x40, 0x3c, 0x60,
    0x7, 0x0, 0x84, 0x0, 0x98, 0x40, 0x1a, 0x88,
    0x4, 0x3c, 0x3, 0xfd, 0x60, 0x20, 0x3e, 0x1,
    0x1a, 0x4, 0xea, 0xc8, 0x7, 0xfa, 0x96, 0xac,
    0x9, 0x40, 0x8, 0x2, 0xc7, 0x46, 0x1, 0xfe,
    0x2a, 0x44, 0x18, 0x60, 0x3, 0x80, 0x80, 0x3f,
    0xf8, 0xcc, 0x6, 0x0, 0xe0, 0x37, 0x0, 0xf2,
    0x80, 0x14, 0x3, 0xca, 0xa0, 0x30, 0x0, 0x80,
    0x2c, 0x3, 0xd0, 0x0, 0xb0, 0xf, 0x78, 0x0,
    0x40, 0x60, 0x7, 0x80, 0x30, 0xd1, 0x80, 0xa,
    0xc8, 0x3, 0x59, 0x83, 0x93, 0x8, 0x61, 0x0,
    0x4b, 0xca, 0x1, 0x93, 0x58, 0x2, 0x1d, 0x10,
    0xac, 0x4, 0x20, 0xc, 0x40, 0x6, 0x0, 0x30,
    0x3, 0xc0, 0x30, 0xb8, 0x23, 0x81, 0x0, 0x73,
    0xdf, 0x40, 0x2, 0xbe, 0xe4, 0x3, 0xb8, 0x9,
    0x81, 0x40, 0x3c, 0x82, 0x1, 0xc8, 0x1, 0xed,
    0x2, 0xf0, 0x35, 0x0, 0xff, 0xe3, 0x22, 0x85,
    0xa9, 0x85, 0x4a, 0x0, 0x7f, 0xf0, 0x8e, 0x2c,
    0x5, 0xc3, 0x48, 0x1a, 0xfc, 0x40, 0x3f, 0xee,
    0xc7, 0x1, 0xc0, 0x0, 0xd8, 0x7, 0xe2, 0x0,
    0x38, 0x7, 0xe6, 0x20, 0x9, 0x0, 0x13, 0xe2,
    0x1, 0x58, 0x3, 0x40, 0x37, 0x58, 0x3, 0x40,
    0x31, 0x10, 0x20, 0x80, 0x24, 0x70, 0x3, 0x28,
    0x4, 0x32, 0x2, 0xa0, 0x1d, 0xc0, 0x3b, 0x51,
    0x76, 0x1, 0x20, 0xac, 0x8a, 0xe2, 0xb, 0x0,
    0xf1, 0xd0, 0x1, 0x5d, 0x0, 0xb3, 0x6, 0x6,
    0xea, 0x0, 0xa5, 0x0, 0xf9, 0x7a, 0x10, 0xd6,
    0x74, 0x87, 0x29, 0x4d, 0x1f, 0x94, 0x3, 0x0,

    /* U+E3C9 "" */
    0x0, 0xfe, 0x59, 0xbd, 0xd6, 0x4b, 0x8, 0x7,
    0xff, 0x8, 0x67, 0xe9, 0x90, 0x88, 0x6d, 0x3d,
    0x24, 0x1, 0xff, 0x37, 0x30, 0x1, 0x1e, 0x20,
    0xc4, 0x0, 0x6d, 0x50, 0xf, 0xe9, 0x90, 0xc,
    0xfd, 0xc3, 0xba, 0x77, 0x4c, 0x0, 0xa9, 0x0,
    0xfa, 0x58, 0x17, 0xd8, 0x3, 0xe2, 0x9c, 0x20,
    0x69, 0x0, 0xe6, 0x60, 0x35, 0x8, 0x7, 0xf8,
    0xf0, 0x81, 0x98, 0x1, 0xc, 0x2, 0x48, 0x2,
    0x7f, 0xfb, 0xa8, 0x80, 0x3, 0x82, 0x10, 0x20,
    0x8, 0x11, 0x50, 0x4, 0x80, 0x1c, 0x2b, 0xa8,
    0x0, 0x1a, 0x1, 0x80, 0x3, 0x3, 0x8, 0x7,
    0x2d, 0x55, 0x2, 0x16, 0x20, 0x4, 0x30, 0x60,
    0x50, 0x4, 0x80, 0x7b, 0x15, 0x67, 0xc0, 0x3,
    0x80, 0x52, 0x0, 0x5d, 0x2, 0x10, 0xf, 0xf8,
    0x8c, 0x38, 0x2, 0x50, 0x6, 0x98, 0x38, 0x7,
    0xff, 0x4, 0x83, 0xc0, 0x31, 0x1, 0xb0, 0x10,
    0x7, 0xfc, 0x34, 0x20, 0x80, 0x18, 0x41, 0xc0,
    0x3f, 0xd3, 0xff, 0x72, 0x83, 0x18, 0x7, 0xcc,
    0x4, 0x1, 0xff, 0xc1, 0x79, 0x0, 0xe1, 0x7,
    0x30, 0x70, 0xf, 0x96, 0xaa, 0xbe, 0x80, 0xe,
    0x12, 0x3, 0xd0, 0x22, 0x0, 0x7b, 0x15, 0x64,
    0x10, 0xf, 0x20, 0x3, 0x54, 0x42, 0x80, 0x3f,
    0xf8, 0xd2, 0x0, 0x50, 0x70, 0x71, 0x0, 0xff,
    0xe2, 0x21, 0x83, 0x0, 0x20, 0x1, 0xa0, 0x12,
    0x8a, 0x0, 0x7f, 0xd, 0x0, 0x20, 0x0, 0x32,
    0x7, 0x40, 0x8, 0xe2, 0x0, 0xfc, 0x3a, 0x21,
    0x22, 0x1, 0x33, 0x1, 0x6c, 0x40, 0x3f, 0xc7,
    0x86, 0xe, 0xc0, 0x1d, 0x2a, 0x9, 0xf0, 0x20,
    0x1e, 0x2a, 0xc2, 0x7, 0x80, 0xf, 0xaa, 0x40,
    0x5f, 0xb2, 0x62, 0x13, 0xba, 0x50, 0x19, 0x80,
    0xf, 0xe6, 0xd6, 0x0, 0x1b, 0x3b, 0x98, 0x80,
    0xd, 0xec, 0x1, 0xff, 0x14, 0xf5, 0x32, 0x11,
    0xd, 0xab, 0xa4, 0x40, 0x3c,

    /* U+E3D3 "" */
    0x4, 0xba, 0x40, 0x2a, 0xb7, 0x0, 0x3d, 0xd1,
    0x1, 0xd5, 0xa8, 0x15, 0xa2, 0xdd, 0xb5, 0x52,
    0x37, 0x50, 0x8b, 0xb7, 0x8a, 0x94, 0x68, 0x0,
    0x20, 0x40, 0x15, 0x2, 0x20, 0x28, 0x82, 0x1,
    0x0, 0x10, 0x0, 0x3b, 0x2b, 0x1f, 0x58, 0xcc,
    0xca, 0xe8, 0x59, 0xd1, 0x0, 0xf3, 0x53, 0x88,
    0x1c, 0xc8, 0xc0, 0xf, 0x4c, 0x1, 0x84, 0x3,
    0xff, 0xa7, 0x78, 0x1, 0xff, 0xc4, 0x18, 0xcd,
    0x43, 0xdd, 0x66, 0x14, 0x3, 0xfc, 0x38, 0xe6,
    0x40, 0x2, 0x21, 0x9b, 0x80, 0x3f, 0xd2, 0x40,
    0xcc, 0x0, 0x33, 0xbd, 0x20, 0x1f, 0xe3, 0x5,
    0x98, 0x0, 0x5c, 0x44, 0x40, 0x1f, 0xe2, 0x7,
    0x32, 0x0, 0x30, 0x80, 0x7f, 0xf0, 0x68, 0xb,
    0x30, 0x0, 0xbe, 0xe2, 0x80, 0x7f, 0xc7, 0x42,
    0x1, 0xe1, 0xa4, 0x0, 0xff, 0x97, 0xb7, 0x0,
    0x15, 0x64, 0x1e, 0x0, 0x30, 0xf, 0xf1, 0x10,
    0x0, 0xe8, 0x80, 0x60, 0xf, 0xf0, 0xb3, 0xba,
    0x40, 0x17, 0xc, 0xe, 0x1, 0xfe, 0xa9, 0x88,
    0x38, 0x1, 0x9c, 0x1, 0x0, 0x1f, 0xed, 0x21,
    0x18, 0x0, 0x24, 0xba, 0x40, 0x1f, 0xe6, 0xde,
    0xe8, 0xcb, 0xb6, 0x88, 0x3, 0xff, 0x89, 0x9a,
    0x1, 0xfe, 0x10, 0xf, 0xfe, 0x31, 0x80, 0x79,
    0x65, 0x80, 0x5, 0x10, 0x20, 0x3, 0x4a, 0x80,
    0x78, 0x72, 0x9a, 0x76, 0x75, 0xdd, 0xb3, 0xb2,
    0xd5, 0x82, 0x0, 0x50, 0x1, 0x81, 0x1, 0x30,
    0x8, 0x81, 0x88, 0x8, 0xc, 0x0, 0x87, 0x26,
    0x95, 0xb8, 0x86, 0xff, 0xce, 0x69, 0x9b, 0x68,
    0x72, 0x60,

    /* U+E3D7 "" */
    0x0, 0x91, 0xe1, 0x88, 0x3, 0xf0, 0xab, 0xb9,
    0x40, 0x30, 0xed, 0xc3, 0xce, 0xe9, 0xc0, 0x32,
    0xe7, 0x54, 0x42, 0xb8, 0xc0, 0x18, 0x40, 0x24,
    0x0, 0x28, 0xe7, 0x5d, 0xa3, 0x0, 0x11, 0x0,
    0x70, 0x50, 0x82, 0x7b, 0x7e, 0xd4, 0x6, 0x28,
    0x81, 0x2b, 0xf7, 0x58, 0x0, 0x6c, 0x2, 0x60,
    0x9, 0x2a, 0x40, 0x33, 0x5a, 0x80, 0x46, 0xa1,
    0x80, 0x1f, 0x9e, 0x40, 0x2, 0xd, 0x20, 0x1c,
    0x60, 0xe, 0x3, 0x0, 0xd1, 0x0, 0x2d, 0xf4,
    0x6, 0xa0, 0xc, 0x40, 0x2a, 0x2, 0x60, 0x8,
    0x70, 0x3c, 0x21, 0xb5, 0x5, 0xb0, 0x9, 0x3,
    0xc, 0x42, 0x81, 0xdc, 0x7, 0x82, 0x1, 0x53,
    0x2, 0x50, 0x30, 0x1, 0xc2, 0x41, 0x99, 0x0,
    0x78, 0x0, 0x11, 0x0, 0x25, 0x41, 0x62, 0xc1,
    0x4, 0x18, 0x1, 0x20, 0x5a, 0x0, 0x7e, 0xe5,
    0x0, 0x29, 0x1, 0xc8, 0x3c, 0x0, 0x2e, 0x1,
    0x78, 0x80, 0xc0, 0x1, 0x50, 0x1, 0x44, 0x0,
    0x44, 0x0, 0x5a, 0x0, 0x13, 0x0, 0x18, 0x6,
    0x10, 0x0, 0xb0, 0x0, 0x80, 0x34, 0x0, 0x7,
    0x40, 0x4, 0x80, 0x2, 0x50, 0x4, 0x20, 0x1,
    0x88, 0x0, 0xc4, 0xe, 0x7, 0x20, 0xb, 0xa9,
    0xc0, 0x3, 0x38, 0x20, 0x85, 0x80, 0x28, 0x16,
    0x18, 0x1a, 0x0, 0xa, 0xc2, 0xb, 0x20, 0x57,
    0x20, 0xc0, 0x46, 0x1c, 0x12, 0xa0, 0xf2, 0x1,
    0x9a, 0x80, 0x70, 0x18, 0x0, 0xa8, 0x0, 0x40,
    0x5, 0x28, 0x35, 0x0, 0x22, 0x40, 0x70, 0x40,
    0x4c, 0x33, 0x80, 0x80, 0x35, 0x30, 0x2e, 0xdb,
    0x81, 0x79, 0x0, 0x4a, 0x4, 0x1, 0xfa, 0x60,
    0x9, 0x1, 0x34, 0x40, 0x3e, 0xd0, 0x24, 0x0,
    0x8a, 0x24, 0x3, 0x2b, 0x88, 0x6, 0x70, 0x25,
    0x10, 0xbc, 0xbd, 0xd3, 0x88, 0x23, 0x0, 0xc7,
    0x65, 0x4e, 0x88, 0x50, 0x50, 0x0, 0xd0, 0x80,
    0x9, 0x97, 0x3a, 0xc0, 0x3, 0x56, 0x20, 0x83,
    0x4, 0xd7, 0x44, 0x2c, 0xf5, 0x98, 0x0, 0xa7,
    0xe9, 0x91, 0xd, 0x8e, 0x0,

    /* U+E3E1 "" */
    0x0, 0xff, 0x85, 0xe0, 0x40, 0x3f, 0xf9, 0x29,
    0xf0, 0xfe, 0x60, 0x1f, 0xfc, 0x78, 0xb1, 0x10,
    0xe, 0x30, 0x7, 0xff, 0x16, 0xdc, 0xb, 0x30,
    0x21, 0x34, 0x1, 0xff, 0xc2, 0x2d, 0x40, 0x5d,
    0x23, 0xf3, 0x5, 0xc1, 0x0, 0xff, 0x93, 0x48,
    0x22, 0x80, 0x21, 0xc6, 0x3, 0xf3, 0x0, 0xfe,
    0x1b, 0x1, 0xb7, 0x0, 0x4c, 0x0, 0x26, 0x40,
    0x3c, 0x1, 0xfc, 0x40, 0xc, 0x40, 0x0, 0xb3,
    0x80, 0x4d, 0x40, 0x40, 0x1f, 0xce, 0x0, 0x20,
    0x2, 0xb0, 0x1, 0xd4, 0x0, 0xc0, 0x1f, 0xe3,
    0x80, 0xc, 0xb5, 0x0, 0x8, 0xa5, 0x0, 0xd4,
    0x20, 0x18, 0x67, 0xc, 0x3, 0x39, 0x90, 0x0,
    0x8d, 0x0, 0x32, 0xf4, 0x0, 0xf, 0xd8, 0x4,
    0x3, 0x16, 0x60, 0x1, 0xb8, 0x20, 0x18, 0x41,
    0xf4, 0xbc, 0x42, 0x28, 0x3, 0xff, 0x89, 0xee,
    0x5, 0x24, 0x10, 0xee, 0x0, 0xf0, 0x80, 0x80,
    0x7c, 0x31, 0x0, 0x50, 0x0, 0x80, 0x7f, 0x77,
    0x80, 0x7f, 0xf3, 0x4, 0x40, 0x1f, 0xfc, 0xb2,
    0x66, 0x8, 0x7, 0xff, 0x25, 0x76, 0x65, 0xc8,
    0x1, 0xff, 0xc7, 0x1a, 0x0, 0xd4, 0x1, 0xff,
    0xc7, 0x40, 0x7, 0x68, 0xa, 0x80, 0x7f, 0xf1,
    0x8c, 0x4, 0x44, 0x0, 0x30, 0xf, 0xf8, 0x40,
    0x3f, 0xf9, 0x46, 0x81, 0x2f, 0x60, 0x7, 0x6c,
    0x1, 0x66, 0x0, 0x31, 0xac, 0x0, 0xee, 0x90,
    0x79, 0x1, 0x87, 0x0, 0x44, 0xa8, 0x2, 0x64,
    0x0, 0x59, 0x70, 0x4, 0x40, 0x42, 0xf, 0x54,
    0x8b, 0xff, 0x90, 0xba, 0x40,

    /* U+E3E2 "" */
    0x0, 0xff, 0xe5, 0x8c, 0xf7, 0xff, 0xff, 0xb,
    0xa4, 0x2, 0xd6, 0x10, 0xf, 0xfe, 0x10, 0xb6,
    0x1, 0x98, 0x1e, 0xab, 0xff, 0x84, 0xe0, 0x68,
    0xa0, 0x8, 0x55, 0xff, 0xe1, 0x40, 0x81, 0x0,
    0x4, 0x3, 0xff, 0xc5, 0x1c, 0x60, 0xc, 0xc0,
    0x1, 0x39, 0xc0, 0x3f, 0xc8, 0x2c, 0x2, 0x66,
    0x10, 0x31, 0xd0, 0xc, 0x20, 0x1d, 0x96, 0xa0,
    0x3b, 0xa1, 0x7, 0xca, 0x0, 0xff, 0x90, 0x2,
    0x22, 0x0, 0x46, 0x1, 0xff, 0x13, 0x80, 0x48,
    0xa0, 0x13, 0x10, 0x7, 0xfb, 0xa1, 0xc0, 0x6e,
    0x84, 0x1e, 0x64, 0x1, 0xfe, 0x94, 0x50, 0x16,
    0x60, 0x82, 0xa7, 0x0, 0x7f, 0x96, 0xc8, 0x1,
    0x32, 0x0, 0x15, 0xa8, 0x7, 0xff, 0x61, 0x1d,
    0xca, 0x20, 0x1f, 0xfc, 0x38, 0xeb, 0x88, 0x57,
    0x48, 0x80, 0x7f, 0xf0, 0x21, 0xc4, 0x4, 0x80,
    0xd, 0x60, 0x1f, 0xfc, 0xc, 0x0, 0xf, 0x68,
    0x80, 0x3c, 0x3, 0xff, 0x80, 0x92, 0x1, 0xe9,
    0x50, 0xe, 0x10, 0xf, 0xff, 0x10, 0x80, 0x7f,
    0xf1, 0xd4, 0x1, 0x2c, 0xd6, 0x0, 0xaa, 0x84,
    0x31, 0x9a, 0x91, 0x5, 0x34, 0x6, 0x99, 0x94,
    0x1, 0x54, 0x0, 0x2c, 0xcc, 0xc0, 0x86, 0x16,
    0xe2, 0x1, 0xff, 0xc2, 0x17, 0xb0,

    /* U+E3E3 "" */
    0x0, 0xff, 0x92, 0x20, 0x60, 0x1f, 0xfc, 0x84,
    0xcb, 0x77, 0x65, 0x98, 0x7, 0xff, 0x10, 0xf2,
    0xcc, 0xc, 0x81, 0x32, 0x88, 0x3, 0xff, 0x80,
    0x77, 0x86, 0x7, 0x79, 0xb4, 0x40, 0xbb, 0x22,
    0x1, 0xf8, 0xab, 0x10, 0xa, 0xf1, 0x0, 0xb,
    0xb2, 0x20, 0xdd, 0x22, 0x1, 0xcb, 0xaa, 0x0,
    0xad, 0x40, 0xf, 0x37, 0x38, 0x1, 0xb8, 0x80,
    0x31, 0x0, 0x65, 0x0, 0xd, 0x77, 0x20, 0x2,
    0xb0, 0xc, 0xc0, 0x19, 0xf6, 0xc0, 0x3b, 0x14,
    0x44, 0xf6, 0x1, 0xdd, 0xa8, 0x1, 0xc4, 0xe0,
    0x19, 0x88, 0x1d, 0x41, 0xc, 0x3, 0x9, 0x0,
    0x7f, 0xf0, 0x38, 0xe, 0x28, 0x0, 0xc0, 0x1f,
    0xfc, 0x6e, 0x3, 0x79, 0x0, 0x30, 0x7, 0xff,
    0x0, 0x60, 0x3, 0x31, 0x4, 0x30, 0x21, 0x80,
    0x69, 0x10, 0xe, 0x7e, 0x40, 0xe, 0xc5, 0x11,
    0x35, 0x80, 0x73, 0x7b, 0x0, 0x7, 0x20, 0x3,
    0xe1, 0xae, 0xe4, 0x80, 0x7c, 0x33, 0x83, 0x46,
    0xb, 0x40, 0x1f, 0xfc, 0x4c, 0x40, 0x3a, 0x50,
    0x8a, 0x60, 0xf, 0xfe, 0x21, 0xdc, 0x2, 0x80,
    0x4, 0x3, 0xf8, 0xc8, 0x3, 0xf8, 0x40, 0x3f,
    0xf8, 0x9, 0xd9, 0xba, 0x20, 0xf, 0xfe, 0x39,
    0x58, 0x88, 0xb, 0xc0, 0x3f, 0xf8, 0xea, 0x3,
    0xda, 0x4, 0x80, 0x1f, 0xfc, 0x6e, 0x2, 0x2,
    0x0, 0x10, 0x7, 0xfc, 0x20, 0x1f, 0xfc, 0x81,
    0x0, 0x20, 0x4b, 0xd8, 0x1, 0xd9, 0x40, 0x59,
    0x80, 0xc, 0x6b, 0x0, 0x3b, 0xa4, 0x12, 0x40,
    0x61, 0xc0, 0x11, 0x26, 0x5, 0x32, 0x0, 0x2c,
    0xb8, 0x2, 0x20, 0x22, 0x83, 0xd4, 0x22, 0xff,
    0xe4, 0x2e, 0x10,

    /* U+E3E4 "" */
    0x0, 0xe6, 0xdf, 0xff, 0xfe, 0x6, 0xc0, 0x7,
    0xf4, 0x49, 0x0, 0x7f, 0xf0, 0x9, 0xec, 0x3,
    0xe4, 0x70, 0x39, 0x9f, 0xfe, 0x3, 0x2, 0x30,
    0x7, 0xd, 0x0, 0xeb, 0x37, 0xff, 0x2, 0x54,
    0x24, 0x80, 0x35, 0x88, 0x50, 0x80, 0x7f, 0xf0,
    0x68, 0x42, 0x40, 0x25, 0x50, 0x32, 0x0, 0x7f,
    0xf0, 0xf4, 0x11, 0x80, 0x6c, 0xa, 0x40, 0x3f,
    0xf8, 0x86, 0xe1, 0x23, 0x22, 0x1c, 0x1, 0xff,
    0xc6, 0x82, 0x9, 0x30, 0x43, 0x0, 0xff, 0xe3,
    0xd8, 0x20, 0x82, 0x80, 0x44, 0x62, 0x1, 0x11,
    0x80, 0x63, 0x30, 0x5, 0xe0, 0xf8, 0x3, 0xb3,
    0x9b, 0x9d, 0x73, 0xba, 0xcf, 0xa9, 0xec, 0xc7,
    0x55, 0xb0, 0x6b, 0x20, 0x13, 0x18, 0x4, 0x8c,
    0x40, 0x12, 0xb0, 0x80, 0x5, 0x50, 0xd, 0x82,
    0xd4, 0x0, 0x77, 0xca, 0x20, 0x99, 0xa8, 0x2,
    0xbd, 0x66, 0x0, 0x4c, 0x0, 0xb0, 0x7, 0x10,
    0x6b, 0xbe, 0xcc, 0xaf, 0xfa, 0x85, 0x30, 0x83,
    0x0, 0x3f, 0xfb, 0x4a, 0xcd, 0xc6, 0x1, 0xff,
    0xc6, 0xda, 0x99, 0xec, 0x70, 0xf, 0xfe, 0x22,
    0x90, 0x11, 0x61, 0x9, 0x0, 0xff, 0xe3, 0xe,
    0xee, 0xb0, 0xf, 0xff, 0xb0, 0x90, 0x7, 0xff,
    0x8, 0x48, 0x4, 0x3, 0x38, 0x3, 0x7b, 0x6c,
    0x7, 0x77, 0x58, 0xe, 0xf7, 0x0, 0xe, 0x1,
    0x86, 0x80, 0x2, 0x42, 0x0, 0x22, 0xc2, 0x0,
    0x21, 0x0, 0x50, 0x80, 0x72, 0xf5, 0x4c, 0xff,
    0xf0, 0xf9, 0x40, 0x20,

    /* U+E3E6 "" */
    0x0, 0xff, 0xb, 0xe6, 0x1c, 0x3, 0xff, 0x8e,
    0x31, 0xd0, 0x66, 0x8e, 0x70, 0xf, 0xfe, 0x23,
    0xf3, 0x80, 0x19, 0x40, 0x63, 0x9c, 0x3, 0xff,
    0x80, 0xfd, 0x0, 0x6, 0xe9, 0xad, 0x50, 0x18,
    0xe7, 0x0, 0xfc, 0xdd, 0x2, 0xd, 0xd2, 0x20,
    0x2, 0xad, 0x50, 0x18, 0xe6, 0x0, 0xc9, 0xb2,
    0x20, 0xbb, 0x22, 0x1, 0xe2, 0xac, 0x40, 0x19,
    0xd4, 0x3, 0xb2, 0x4, 0xca, 0x20, 0xf, 0xf1,
    0xde, 0x20, 0x15, 0x9c, 0x1, 0x5d, 0x8c, 0x3,
    0xff, 0x84, 0x77, 0x62, 0x8, 0x50, 0xa4, 0x0,
    0x2b, 0x37, 0xff, 0x1, 0x0, 0x9, 0x40, 0xa2,
    0x2, 0x0, 0xba, 0x99, 0xff, 0xe0, 0x5c, 0x0,
    0x4, 0x3, 0xc4, 0x80, 0x45, 0xff, 0x8, 0x38,
    0x7, 0xf0, 0x80, 0x37, 0x7f, 0xf8, 0x0, 0x1f,
    0xfd, 0xcf, 0xff, 0xfb, 0x0, 0x3f, 0xfb, 0x93,
    0x55, 0xfe, 0x70, 0xf, 0xfe, 0x13, 0x2a, 0xff,
    0xac, 0x3, 0xff, 0x84, 0xca, 0xbf, 0xeb, 0x0,
    0xff, 0xe1, 0x4d, 0x57, 0xf9, 0xc0, 0x3f, 0xfa,
    0xa2, 0x1, 0xef, 0xff, 0xfb, 0x0, 0x3f, 0x84,
    0x3, 0xff, 0x90, 0x20, 0x4, 0x9, 0x7b, 0x0,
    0x3b, 0x37, 0xfa, 0xc0, 0xe, 0xe9, 0x4, 0x90,
    0x18, 0x70, 0x4, 0x4c, 0xff, 0x9c, 0x1, 0x10,
    0x10, 0x93, 0xd5, 0x22, 0xff, 0xe4, 0x2e, 0x98,

    /* U+E3E7 "" */
    0x0, 0xff, 0xec, 0x93, 0xdf, 0x7f, 0xba, 0xc0,
    0x3f, 0xf8, 0xc5, 0x5b, 0x8, 0x20, 0x1, 0x43,
    0x0, 0x25, 0xe4, 0x88, 0x7, 0xf3, 0x6a, 0x80,
    0x16, 0x2a, 0x93, 0x46, 0xd, 0x68, 0x6d, 0xe2,
    0x1, 0xf5, 0x48, 0xc, 0xfd, 0x3a, 0xa9, 0x94,
    0x1, 0x20, 0x26, 0x3, 0x20, 0x1e, 0x95, 0x4,
    0xf6, 0x0, 0xfc, 0x40, 0xd, 0xc5, 0x4, 0x0,
    0xe6, 0x60, 0x2d, 0x88, 0x7, 0xf1, 0x80, 0x10,
    0x58, 0x18, 0x3, 0xc, 0x82, 0x50, 0x7, 0xfc,
    0x2a, 0x11, 0xc6, 0x18, 0x1, 0xa4, 0x1, 0x20,
    0x1f, 0xfc, 0x1a, 0x60, 0xd, 0xa0, 0x19, 0x81,
    0x88, 0x3, 0x86, 0x33, 0x12, 0x40, 0x14, 0xff,
    0x50, 0x21, 0x0, 0x10, 0x42, 0x80, 0x38, 0xfd,
    0xcc, 0xcd, 0xaa, 0x1, 0x85, 0x44, 0x14, 0x0,
    0x60, 0x26, 0x1, 0xdc, 0x20, 0xce, 0x21, 0x44,
    0x1, 0xc8, 0x18, 0x0, 0xd0, 0x50, 0xe, 0x52,
    0xc, 0x98, 0xf1, 0xb, 0x0, 0xed, 0x6, 0x0,
    0x8, 0x8, 0x7, 0x68, 0x19, 0x80, 0x2, 0xe0,
    0x40, 0x1c, 0x20, 0x60, 0x1f, 0xef, 0x2, 0x0,
    0xc6, 0x1, 0xff, 0xc0, 0x10, 0x60, 0xe, 0x40,
    0x18, 0x0, 0x2a, 0x83, 0x0, 0x3b, 0x80, 0x80,
    0x1a, 0x6, 0x1, 0xc6, 0x80, 0xff, 0xd4, 0x4,
    0xe0, 0x1c, 0x60, 0xc0, 0x4, 0x0, 0x28, 0x7,
    0x5a, 0x80, 0x4, 0xf, 0xc0, 0x3c, 0x81, 0x80,
    0x3, 0x20, 0x97, 0x61, 0x0, 0xab, 0x66, 0x33,
    0x4, 0x1, 0xce, 0x0, 0x70, 0xa, 0x80, 0xe2,
    0x79, 0x40, 0x22, 0x67, 0x30, 0xf, 0xc, 0x82,
    0x88, 0x4, 0x80, 0x1d, 0x42, 0x1, 0xff, 0xc0,
    0xb1, 0x8, 0x0, 0xc8, 0x3, 0xb6, 0x0, 0x40,
    0xf, 0xfa, 0x54, 0x20, 0x80, 0x37, 0x81, 0x92,
    0x0, 0xc, 0x3, 0xf8, 0x69, 0x81, 0x9c, 0x3,
    0xb0, 0xb, 0x34, 0x0, 0x80, 0x1f, 0xb, 0xfa,
    0x82, 0xc8, 0x7, 0x91, 0x40, 0xc8, 0x20, 0x81,
    0xa5, 0xdd, 0x39, 0xd0, 0x21, 0x34, 0x1, 0xfa,
    0xa8, 0xaa, 0xc7, 0x0, 0x4b, 0x44, 0x18, 0xc0,
    0xb, 0xac, 0x1, 0xfe, 0x5a, 0xa1, 0x80, 0x52,
    0x84, 0x43, 0x69, 0xea, 0x20, 0xf, 0x80,

    /* U+E404 "" */
    0x0, 0x8f, 0x60, 0x3, 0xff, 0x85, 0x1a, 0x60,
    0x1c, 0x3a, 0x48, 0x1, 0xff, 0xc2, 0x42, 0xd1,
    0x0, 0xda, 0x21, 0xe0, 0x1f, 0xfc, 0x2f, 0x1,
    0xa0, 0x9, 0x4c, 0x28, 0xc1, 0xe0, 0x3, 0xf3,
    0x20, 0x1d, 0x2, 0x28, 0x2, 0x1, 0x14, 0x1a,
    0x1c, 0xc0, 0x3c, 0x73, 0x68, 0xa, 0x81, 0x20,
    0x64, 0x1e, 0x3, 0x20, 0x66, 0x0, 0xf1, 0x98,
    0x28, 0x1, 0xe0, 0x66, 0x40, 0x14, 0x9, 0x0,
    0x70, 0xc, 0xf7, 0x24, 0x43, 0x80, 0x5c, 0x10,
    0x41, 0x34, 0x10, 0x0, 0xa0, 0xa4, 0x1a, 0xc2,
    0x26, 0xd0, 0x25, 0xb, 0x0, 0x20, 0x63, 0x81,
    0x0, 0x8, 0x30, 0x10, 0xc1, 0xd8, 0xd, 0x3,
    0xc0, 0xc0, 0x4, 0xe, 0x1, 0xf1, 0x1, 0x80,
    0xc4, 0x88, 0x18, 0x8, 0x7, 0x84, 0x3, 0xe2,
    0x3, 0x1, 0x88, 0x8, 0x18, 0x8, 0x7, 0x85,
    0xc0, 0x80, 0x6, 0x18, 0x8, 0x60, 0xee, 0x3,
    0x40, 0xc0, 0x30, 0x1, 0x83, 0x68, 0x20, 0x2,
    0xc1, 0x44, 0x34, 0xc0, 0x7, 0x80, 0x2c, 0x16,
    0x0, 0x50, 0xd4, 0x1, 0x40, 0x61, 0x2, 0x1,
    0x10, 0x0, 0x40, 0xa, 0x2, 0xc0, 0xa2, 0xa,
    0x64, 0x1e, 0x3, 0x96, 0x60, 0x64, 0x0, 0x23,
    0x4, 0xad, 0x10, 0x80, 0x32, 0x8, 0x4, 0x50,
    0x24, 0x0, 0x50, 0x8, 0x82, 0x80, 0xa, 0x60,
    0xe4, 0x10, 0x0, 0x53, 0xa, 0x20, 0xc, 0xe0,
    0xec, 0xe, 0x1, 0x92, 0x1, 0x10, 0x1, 0x68,
    0x87, 0x0, 0x48, 0x21, 0x56, 0x2, 0x80, 0x14,
    0x1, 0x50, 0x6, 0x1d, 0x14, 0x0, 0xb8, 0x4,
    0x70, 0x70, 0x5, 0x49, 0xe2, 0x1, 0xc7, 0xd0,
    0x0, 0x15, 0x1, 0xdd, 0x8, 0x28, 0x4, 0xd6,
    0x40, 0x1f, 0xf3, 0x80, 0x7e, 0x60, 0xf, 0xfe,
    0x25, 0x2, 0x6e, 0xe4, 0xa, 0x0, 0xff, 0xe1,
    0x89, 0x87, 0x11, 0x6e, 0x3, 0x10, 0xf, 0xfe,
    0x13, 0x0, 0x14, 0x3, 0x28, 0x1, 0x80, 0x3f,
    0xf8, 0x56, 0xa, 0x1, 0xe5, 0xb, 0x0, 0xff,
    0xe1, 0x49, 0xc0, 0x7, 0xa0, 0xe4, 0x3, 0xe0,

    /* U+E405 "" */
    0xa, 0xdd, 0xfd, 0x40, 0x4a, 0x45, 0xf9, 0x48,
    0x92, 0x0, 0x58, 0x83, 0x0, 0x24, 0x81, 0xc0,
    0x1c, 0xee, 0xa0, 0x3, 0x80, 0x7f, 0xff, 0xc0,
    0x3f, 0xff, 0xda, 0xcc, 0xb0, 0xf, 0xcd, 0x32,
    0x70, 0xf, 0xfe, 0x45, 0xff, 0xb0, 0x3, 0xff,
    0xa2, 0x20, 0x2, 0x0, 0x28, 0x0, 0x40, 0x25,
    0x9, 0x88, 0x48, 0x28, 0x6, 0xb2, 0x7, 0x70,
    0x15, 0x80, 0x61, 0xc7, 0x33, 0x3e, 0x8, 0x0,

    /* U+E410 "" */
    0x0, 0xfc, 0x2a, 0xf2, 0x80, 0x1f, 0x1c, 0x90,
    0x7, 0xe3, 0xae, 0xa8, 0x6b, 0x10, 0xf, 0x43,
    0x50, 0x7, 0xd3, 0x8a, 0x1, 0xc6, 0x1, 0x89,
    0x58, 0xd, 0x44, 0x2, 0x1c, 0x60, 0x19, 0xe3,
    0x3, 0x20, 0xd, 0x94, 0x40, 0x95, 0xa0, 0x16,
    0x98, 0x37, 0x30, 0x98, 0x48, 0x7, 0x10, 0x7,
    0x28, 0x2, 0x4c, 0x22, 0x40, 0x6, 0x0, 0x70,
    0xe, 0xcf, 0x30, 0x6f, 0x90, 0x36, 0x6, 0x70,
    0xf, 0xfe, 0x13, 0x7, 0x0, 0x52, 0x3, 0x20,
    0x18, 0x80, 0xc, 0x1, 0xf5, 0x5b, 0x80, 0x4a,
    0x12, 0x1, 0xc2, 0x41, 0xa0, 0x1f, 0x90, 0x2,
    0x40, 0x2, 0x80, 0x79, 0x41, 0x8c, 0x3, 0xfe,
    0x30, 0x12, 0x0, 0xf4, 0x88, 0x69, 0x80, 0x78,
    0x40, 0x2f, 0x2, 0x0, 0xf8, 0x74, 0x7, 0x24,
    0xc4, 0xe, 0x7b, 0xd4, 0x3, 0xff, 0x80, 0x78,
    0x20, 0xd9, 0xdf, 0x8c, 0x0, 0xe0, 0xf0, 0x20,
    0xf, 0xe3, 0xf7, 0x10, 0xc, 0x22, 0x1, 0x3,
    0x1, 0x20, 0xf, 0xe1, 0x8e, 0xdb, 0xb6, 0xf0,
    0x3, 0x41, 0x0, 0xa, 0x1, 0xff, 0xc0, 0x24,
    0x41, 0x20, 0x82, 0x0, 0x14, 0x24, 0x3, 0xff,
    0x89, 0x0, 0x46, 0x0, 0x90, 0x19, 0x0, 0xff,
    0xe1, 0x31, 0x85, 0x80, 0x46, 0xe0, 0xce, 0x1,
    0xff, 0xc0, 0x49, 0x3, 0x60, 0xd, 0x6, 0x11,
    0x20, 0x1f, 0xe7, 0xb0, 0x1d, 0x0, 0xf6, 0x18,
    0x36, 0xb8, 0x80, 0x72, 0xe4, 0x0, 0xe0, 0x80,
    0x7d, 0x8c, 0x5, 0x1d, 0xb7, 0x6c, 0xfa, 0x30,
    0x4f, 0x20, 0xf, 0xe9, 0xc4, 0x0, 0x12, 0x20,
    0xc0, 0x7, 0x56, 0x20, 0x1f, 0xf1, 0xdf, 0x53,
    0xaa, 0x9a, 0x77, 0x14, 0x3, 0xe0,

    /* U+E412 "" */
    0x0, 0xff, 0x93, 0x2c, 0xc0, 0x3c, 0xd8, 0x40,
    0x1f, 0xfc, 0x11, 0xb3, 0x4c, 0x10, 0xe, 0xb3,
    0x50, 0xf, 0xfe, 0xa, 0x0, 0x64, 0x0, 0x95,
    0xcc, 0x31, 0xc8, 0x3, 0xfe, 0xc0, 0x32, 0xd,
    0x0, 0xd, 0x40, 0x82, 0x44, 0x80, 0x7f, 0xca,
    0xa, 0x80, 0x60, 0x1, 0x52, 0x0, 0x9, 0x70,
    0x7, 0xfc, 0x61, 0xfe, 0x5, 0x0, 0xab, 0x48,
    0x27, 0x54, 0x3, 0xfc, 0x40, 0x5, 0x50, 0x8,
    0x80, 0x33, 0x81, 0x0, 0x7f, 0xf0, 0x1c, 0x0,
    0x66, 0x0, 0x20, 0x6, 0xae, 0x50, 0xf, 0xfe,
    0x6, 0x81, 0x0, 0x8, 0x34, 0x3, 0x84, 0x3,
    0xfc, 0x2b, 0xe, 0x8, 0x0, 0x40, 0x78, 0x52,
    0x0, 0xfc, 0x2b, 0x17, 0xdc, 0xa7, 0x1, 0x80,
    0x4, 0x8, 0x3d, 0x6f, 0x5c, 0x28, 0x80, 0xf,
    0xa9, 0xd0, 0x40, 0x4, 0xde, 0x20, 0x1, 0xf6,
    0x20, 0x0, 0xa3, 0xd7, 0x18, 0x40, 0x0, 0x96,
    0x2f, 0xb6, 0x44, 0x3, 0xc, 0xef, 0xe4, 0x29,
    0x0, 0x20, 0x3, 0x9, 0x8b, 0x88, 0x7, 0xff,
    0x0, 0x4c, 0x40, 0x34, 0x0, 0xd, 0xa7, 0x3f,
    0x64, 0x40, 0x30, 0xce, 0xfe, 0x4b, 0x18, 0x2,
    0x0, 0xfa, 0x9c, 0xc0, 0x22, 0x6f, 0x10, 0x0,
    0xfb, 0x10, 0x4, 0x6d, 0x5c, 0x60, 0x1, 0x58,
    0xcf, 0xda, 0x70, 0x18, 0x0, 0x40, 0x83, 0xd6,
    0xfe, 0x4a, 0x88, 0x7, 0xe2, 0x58, 0x70, 0x40,
    0x2, 0x3, 0xc2, 0x90, 0x7, 0xf8, 0x40, 0x3b,
    0x40, 0x80, 0x4, 0x1a, 0x1, 0xff, 0x2f, 0x73,
    0xe4, 0x2, 0x70, 0x1, 0x98, 0x0, 0xe0, 0x1f,
    0xe4, 0xa1, 0x0, 0x34, 0x80, 0x8, 0x0, 0xa8,
    0x2, 0x40, 0x1f, 0xee, 0x2, 0xc6, 0x6, 0x0,
    0x8c, 0x3f, 0x41, 0x40, 0x3f, 0xe6, 0x4, 0x3a,
    0x0, 0x10, 0x1, 0x41, 0x5c, 0xc, 0x3, 0xfe,
    0x50, 0x69, 0xe0, 0x12, 0x0, 0x60, 0x19, 0x6,
    0x80, 0x7f, 0xd0, 0x20, 0xc4, 0x16, 0x1, 0x20,
    0x6, 0x40, 0xf, 0xf8, 0x7d, 0x8d, 0x6d, 0x40,
    0x21, 0xc3, 0x36, 0x8, 0x7, 0xff, 0x0, 0x67,
    0x29, 0x0, 0x38, 0xf3, 0x6, 0x1, 0xff, 0xc0,

    /* U+E441 "" */
    0x0, 0xf0, 0x80, 0x7f, 0xf0, 0x4, 0x3, 0xfe,
    0x3e, 0xc0, 0xf, 0xf6, 0x71, 0x80, 0x7f, 0xac,
    0x4, 0x3, 0xfc, 0x21, 0x60, 0x1f, 0xe3, 0x7,
    0x0, 0x3f, 0x7f, 0xb9, 0xc0, 0xe, 0x6, 0x1,
    0xff, 0xc0, 0x30, 0x5, 0x8, 0x0, 0x68, 0x0,
    0x60, 0x1f, 0xfc, 0x2, 0x5, 0x0, 0x7c, 0xd5,
    0x27, 0xc0, 0x4, 0x2, 0x1, 0xfe, 0xf0, 0x31,
    0x2, 0x65, 0x53, 0x10, 0xa, 0x6, 0x0, 0x7f,
    0x98, 0x1, 0x40, 0x1f, 0xa8, 0x0, 0xe0, 0x1f,
    0x9a, 0xf8, 0x0, 0x94, 0x7, 0x32, 0x30, 0xa4,
    0x0, 0x76, 0xb8, 0x6, 0x3e, 0x94, 0x10, 0x9,
    0x7f, 0x19, 0x99, 0xea, 0x1, 0x8a, 0x39, 0x1,
    0x30, 0x41, 0x22, 0xa1, 0x0, 0x22, 0x20, 0x4,
    0x93, 0x74, 0xa0, 0x36, 0x90, 0x3, 0x96, 0xea,
    0xf6, 0xe0, 0xd, 0xd0, 0x83, 0xdb, 0x22, 0xd6,
    0x88, 0x44, 0x17, 0xcc, 0x3, 0xb8, 0x0, 0x44,
    0x10, 0xe0, 0xe, 0x2f, 0x58, 0x4a, 0x10, 0x6d,
    0x40, 0x3, 0x80, 0x37, 0x40, 0x7, 0x0, 0x27,
    0x30, 0xd, 0x20, 0x6, 0xc2, 0x80, 0x0, 0xd8,
    0x6, 0xb1, 0x0, 0x40, 0xe8, 0x7, 0xef, 0x3,
    0x50, 0x2, 0x60, 0x3, 0x10, 0x0, 0xa6, 0x1c,
    0x1, 0xf9, 0x4c, 0x28, 0x40, 0x39, 0xc0, 0x3,
    0x40, 0x6a, 0x1, 0xfd, 0xc2, 0x6, 0x0, 0xb0,
    0x1, 0x80, 0xc, 0x7, 0x80, 0x3f, 0xc5, 0xfa,
    0x40, 0x2c, 0x0, 0xa0, 0x1, 0x6f, 0x90, 0x7,
    0xfc, 0x24, 0x3, 0xa2, 0x0, 0x2a, 0x0, 0x10,
    0x80, 0x7f, 0xf0, 0x9b, 0xc, 0x21, 0xc1, 0x70,
    0xc0, 0x3f, 0xf8, 0x4b, 0xf2, 0x41, 0xf, 0xc,
    0x7, 0x9c, 0x80, 0x1f, 0xfc, 0xd, 0x0, 0x26,
    0x38, 0x2, 0x68, 0x80, 0x74, 0x3, 0xff, 0x81,
    0x19, 0xd6, 0x60, 0x19, 0x77, 0x26, 0x0, 0x3c,

    /* U+E442 "" */
    0x0, 0xe7, 0xc8, 0x0, 0xfe, 0x3a, 0xa1, 0x80,
    0x7f, 0x5c, 0x1b, 0xc8, 0x7, 0xc3, 0x8a, 0xac,
    0x60, 0xf, 0xb1, 0x0, 0x81, 0x8c, 0x3, 0xd6,
    0x0, 0x10, 0x95, 0x0, 0xe9, 0x30, 0x8d, 0x10,
    0xf0, 0xe, 0x45, 0x8, 0xc2, 0xa, 0x20, 0x9,
    0x18, 0x19, 0xc2, 0xc0, 0xd4, 0x3, 0x48, 0x13,
    0x96, 0x8, 0x70, 0x5, 0x0, 0x52, 0x0, 0x53,
    0xb, 0x0, 0x98, 0x82, 0x40, 0x3, 0x60, 0x6a,
    0x6, 0x60, 0x80, 0xd, 0x0, 0x2e, 0x0, 0x80,
    0x24, 0x0, 0x94, 0xc2, 0x42, 0xc0, 0x54, 0x3,
    0x40, 0x0, 0x80, 0x6, 0x4, 0xc0, 0x1a, 0x40,
    0xc5, 0x1, 0xc0, 0x33, 0x98, 0x4a, 0x80, 0x30,
    0xc2, 0x44, 0x2, 0x50, 0x2, 0x18, 0x71, 0x16,
    0xa0, 0x56, 0x1, 0x1, 0xe0, 0x3, 0x11, 0x61,
    0xd, 0x20, 0x8d, 0xdc, 0x41, 0xe0, 0x7d, 0x80,
    0x46, 0x11, 0xbb, 0x84, 0x3a, 0x44, 0x3, 0xe4,
    0x0, 0xf2, 0x0, 0x7c, 0x8c, 0x9d, 0xbb, 0xee,
    0x10, 0x3e, 0xc0, 0x4, 0x76, 0xef, 0x75, 0x80,
    0x44, 0x5e, 0x10, 0x10, 0x10, 0xc, 0x24, 0x5c,
    0x20, 0x1f, 0xf4, 0x76, 0x44, 0xf7, 0x90, 0x7,
    0xff, 0x14, 0x9c, 0xd, 0xd8, 0x42, 0x40, 0x3f,
    0xf8, 0xb2, 0x2, 0xa6, 0x64, 0x4, 0x40, 0x7,
    0xff, 0xd, 0x50, 0x2e, 0xb3, 0x16, 0x41, 0x20,
    0x1f, 0xfc, 0x38, 0x3, 0x50, 0xd, 0x20, 0x4e,
    0x1, 0xff, 0xc1, 0x72, 0xf, 0x0, 0xe4, 0x50,
    0x81, 0x0, 0xff, 0xe0, 0x60, 0x19, 0x80, 0x3d,
    0xe0, 0x5, 0x0, 0xff, 0xe0, 0x18, 0x1f, 0xe4,
    0xc4, 0x2b, 0x68, 0x0, 0xa0, 0x1f, 0xfc, 0x8,
    0x50, 0x1, 0xb3, 0xb9, 0x48, 0x6, 0x84, 0x3,
    0xff, 0x83, 0x5d, 0x4c, 0x86, 0x65, 0x7b, 0xe5,
    0x0, 0xff, 0xe1, 0x8a, 0xcd, 0xe6, 0x2a, 0x10,
    0x3, 0xf8,

    /* U+E447 "" */
    0x0, 0xf8, 0x59, 0x82, 0x1, 0xff, 0xc7, 0x2c,
    0x99, 0x79, 0x80, 0x7f, 0xf1, 0x4b, 0x8, 0x0,
    0x3a, 0x60, 0x1f, 0x8, 0x7, 0xc3, 0x82, 0x15,
    0x80, 0x3a, 0x60, 0x18, 0xbb, 0x82, 0x1, 0xed,
    0x10, 0xa5, 0x3c, 0x1, 0xce, 0xd5, 0x2c, 0x10,
    0xf, 0x84, 0xc2, 0x54, 0x0, 0x76, 0x0, 0x12,
    0xad, 0x10, 0xb1, 0x0, 0xe1, 0x0, 0x68, 0x6,
    0xe0, 0x3, 0xa8, 0x5, 0x68, 0x1, 0xf4, 0x2,
    0x58, 0x2, 0x94, 0x22, 0x14, 0xa0, 0x2, 0x0,
    0xfc, 0xee, 0x4, 0xaa, 0x28, 0x43, 0x80, 0x29,
    0x42, 0x0, 0x3f, 0xa1, 0x81, 0x54, 0x10, 0xe0,
    0x18, 0x80, 0x40, 0x3f, 0xd2, 0x80, 0x8, 0x70,
    0xc, 0xee, 0x0, 0x10, 0x7, 0xff, 0x0, 0x9c,
    0x3, 0x3c, 0x0, 0x58, 0x40, 0x1f, 0xc4, 0x5,
    0x40, 0x13, 0xc0, 0x15, 0x0, 0xe1, 0x0, 0x7e,
    0x82, 0x5, 0xa0, 0x78, 0x2, 0xc5, 0xb0, 0x1c,
    0x11, 0x32, 0x90, 0x4, 0x38, 0x40, 0xbb, 0x0,
    0x58, 0x20, 0x96, 0x2, 0xd7, 0x35, 0xb8, 0xa0,
    0x1, 0xc2, 0x2, 0x0, 0x38, 0x80, 0x4c, 0x21,
    0xfe, 0x20, 0x1, 0xd5, 0x0, 0x3, 0x8a, 0x46,
    0xb, 0x40, 0x1, 0xc1, 0xa, 0x5d, 0xfb, 0x30,
    0x5a, 0x0, 0xd, 0x6e, 0x30, 0x2d, 0x16, 0x8,
    0x59, 0x0, 0x49, 0x8c, 0xa, 0xc0, 0x1d, 0x2c,
    0xb, 0xa4, 0x16, 0x80, 0x1e, 0x93, 0x8, 0x0,
    0xf4, 0xb0, 0x5, 0x68, 0x1, 0xfb, 0xc0, 0x50,
    0x3, 0xd3, 0xb7, 0xc8, 0x1, 0xfc, 0x62, 0x6,
    0x1, 0xf1, 0x20, 0x80, 0x7f, 0xc4, 0x1e, 0x1,
    0xff, 0xc9, 0x93, 0xb0, 0xf, 0xfe, 0x10,

    /* U+E45C "" */
    0x0, 0xff, 0xe3, 0xbb, 0x80, 0x3f, 0xf9, 0x35,
    0x10, 0x10, 0xf, 0xfe, 0x3d, 0x28, 0x30, 0x80,
    0x7f, 0xf1, 0xa9, 0x41, 0x64, 0x3, 0xff, 0x8d,
    0x4a, 0xb, 0x40, 0x1f, 0xfc, 0x69, 0x50, 0x2,
    0xff, 0xdc, 0x60, 0x1f, 0xfc, 0x22, 0x0, 0xf8,
    0x54, 0x3, 0xff, 0x85, 0x55, 0xc2, 0x0, 0x56,
    0x0, 0xff, 0xe1, 0xa, 0xad, 0xe2, 0xb, 0x40,
    0x1f, 0xf2, 0x8, 0x7, 0x52, 0x82, 0xd0, 0x7,
    0xfd, 0x57, 0x40, 0x19, 0x94, 0x16, 0x80, 0x3e,
    0x3e, 0xe1, 0xd2, 0x81, 0x80, 0x65, 0x16, 0xa0,
    0xf, 0x8f, 0x4, 0x58, 0xa0, 0xb0, 0x1, 0x8f,
    0xa4, 0x3, 0xe3, 0xc0, 0xe, 0x4a, 0x0, 0x45,
    0x88, 0x7, 0xf0, 0xe8, 0x3, 0x30, 0x0, 0x43,
    0xa, 0x74, 0x50, 0xf, 0xe6, 0x10, 0xc3, 0x36,
    0x0, 0x32, 0xd4, 0x15, 0x0, 0x3f, 0xb4, 0x10,
    0xc0, 0x7, 0x80, 0x4, 0x5, 0xa0, 0xf, 0xf1,
    0x2, 0x88, 0x4, 0x78, 0x1, 0x48, 0x7, 0xfd,
    0x40, 0x3a, 0x1, 0x8f, 0x0, 0x1a, 0x1, 0xff,
    0x14, 0x1, 0xe0, 0x7, 0xff, 0x21, 0x0, 0x7,
    0x80, 0x3, 0xc0, 0x1d, 0x0, 0xff, 0x8f, 0x0,
    0x23, 0xeb, 0xc0, 0x1d, 0x30, 0xf, 0xf1, 0xe0,
    0x3, 0x20, 0x5, 0x0, 0x74, 0xc0, 0x3f, 0xef,
    0x0, 0x61, 0xbe, 0xbb, 0x47, 0x98, 0x7, 0xff,
    0x2, 0x8f, 0xc, 0x0, 0x51, 0x2e, 0x20, 0x1f,
    0xfc, 0x10,

    /* U+E461 "" */
    0x0, 0xfe, 0x59, 0xbd, 0xd6, 0x4b, 0x8, 0x7,
    0xff, 0x8, 0x67, 0xe9, 0x90, 0x88, 0x6d, 0x3d,
    0x24, 0x1, 0xff, 0x37, 0x30, 0x0, 0xda, 0x20,
    0xc6, 0x0, 0x6d, 0x50, 0xf, 0xe9, 0x90, 0x2,
    0x3b, 0x25, 0xdd, 0x39, 0xce, 0x0, 0xa9, 0x0,
    0xfa, 0x58, 0x13, 0x9c, 0x40, 0x3c, 0x31, 0xa6,
    0xd, 0x20, 0x1c, 0xcc, 0x5, 0xb1, 0x0, 0xff,
    0x16, 0x20, 0x33, 0x0, 0x21, 0x80, 0x3a, 0x0,
    0xc7, 0x7d, 0xca, 0x30, 0xd, 0x66, 0x10, 0x20,
    0x8, 0x10, 0xd0, 0xc, 0xb8, 0x82, 0x25, 0xc4,
    0x0, 0xdc, 0x3, 0x0, 0x6, 0x7, 0x10, 0x8,
    0x68, 0x6, 0x20, 0x21, 0x40, 0x18, 0x98, 0x18,
    0x14, 0x1, 0x40, 0x19, 0xc0, 0x18, 0xee, 0xc0,
    0x15, 0x0, 0xd4, 0x0, 0x5d, 0x2, 0x20, 0x6,
    0xe0, 0x32, 0x0, 0x11, 0x3, 0x40, 0x31, 0x88,
    0x69, 0x83, 0x80, 0x77, 0x81, 0x0, 0x63, 0xf,
    0x0, 0xe5, 0x3, 0x60, 0x20, 0xe, 0x50, 0x1a,
    0x11, 0x50, 0x82, 0x80, 0x70, 0x83, 0x80, 0x7e,
    0x26, 0x5, 0xee, 0x28, 0x39, 0x0, 0x7e, 0x60,
    0x20, 0xf, 0x4b, 0x80, 0x67, 0x80, 0xf, 0x8,
    0x39, 0x83, 0x80, 0x7d, 0x1d, 0x76, 0xe8, 0x0,
    0xf9, 0x40, 0xf4, 0x8, 0x80, 0x1f, 0xa, 0x20,
    0x40, 0x3e, 0x31, 0xd, 0x51, 0xa, 0x0, 0xc4,
    0xab, 0xf8, 0x40, 0x34, 0x80, 0x14, 0x1c, 0x1c,
    0x40, 0x15, 0xb5, 0x5f, 0xba, 0x40, 0x4, 0xa0,
    0xc0, 0x8, 0x0, 0x68, 0x42, 0x80, 0x7f, 0x99,
    0x81, 0xc0, 0x8, 0x0, 0xc, 0x81, 0xd3, 0x2,
    0xff, 0xfe, 0x40, 0xbb, 0x18, 0x48, 0x80, 0x4c,
    0xc0, 0x51, 0xc, 0x0, 0xfd, 0x80, 0x48, 0xc,
    0xc0, 0xe, 0x95, 0x0, 0xb0, 0x40, 0x3c, 0x5a,
    0x1, 0x3c, 0x80, 0x7d, 0x52, 0x0, 0x5e, 0xc9,
    0x88, 0x4e, 0xe9, 0x40, 0x66, 0x0, 0x3f, 0x9b,
    0x58, 0x0, 0x6c, 0xee, 0x62, 0x0, 0x37, 0xb0,
    0x7, 0xfc, 0x53, 0xd4, 0xc8, 0x44, 0x36, 0xae,
    0x91, 0x0, 0xf0,

    /* U+E47E "" */
    0x0, 0xff, 0x93, 0x2c, 0xc0, 0x3f, 0xf9, 0x43,
    0x66, 0x98, 0x20, 0x1f, 0xfc, 0x94, 0x0, 0xc8,
    0x1, 0xff, 0xc9, 0xc0, 0x32, 0xd, 0x0, 0xff,
    0xe4, 0xa8, 0x2a, 0x1, 0x80, 0x7f, 0xf2, 0x4c,
    0x3f, 0xc0, 0xa0, 0x1f, 0xfc, 0x82, 0x0, 0x2a,
    0x80, 0x44, 0x1, 0xff, 0xc7, 0x70, 0x1, 0x98,
    0x0, 0x80, 0x1f, 0xfc, 0x7d, 0x2, 0x0, 0x10,
    0x68, 0x7, 0xff, 0x10, 0x56, 0x1c, 0x10, 0x0,
    0x80, 0xf0, 0xa4, 0x1, 0xf8, 0x56, 0x2f, 0xb9,
    0x4e, 0x3, 0x0, 0x8, 0x10, 0x7a, 0xde, 0xb8,
    0x51, 0x0, 0x1f, 0x53, 0xa0, 0x80, 0x9, 0xbc,
    0x40, 0x3, 0xec, 0x40, 0x1, 0x47, 0xae, 0x30,
    0x80, 0x1, 0x2c, 0x5f, 0x6c, 0x88, 0x6, 0x19,
    0xdf, 0xc8, 0x52, 0x0, 0x40, 0x6, 0x13, 0x17,
    0x10, 0xf, 0xfe, 0x0, 0x98, 0x80, 0x68, 0x0,
    0x1b, 0x4e, 0x7e, 0xc8, 0x80, 0x61, 0x9d, 0xfc,
    0x96, 0x30, 0x4, 0x1, 0xf5, 0x39, 0x80, 0x44,
    0xde, 0x20, 0x1, 0xf6, 0x20, 0x8, 0xda, 0xb8,
    0xc0, 0x2, 0xb1, 0x9f, 0xb4, 0xe0, 0x30, 0x0,
    0x81, 0x7, 0xad, 0xfc, 0x95, 0x10, 0xf, 0xc4,
    0xb0, 0xe0, 0x80, 0x4, 0x7, 0x85, 0x20, 0xf,
    0xfe, 0x26, 0x81, 0x0, 0x8, 0x34, 0x3, 0xff,
    0x8e, 0xe0, 0x3, 0x30, 0x1, 0xc0, 0x3f, 0xf8,
    0xe4, 0x0, 0x54, 0x1, 0x20, 0xf, 0xfe, 0x41,
    0x87, 0xe8, 0x28, 0x7, 0xff, 0x25, 0x41, 0x5c,
    0xc, 0x3, 0xff, 0x93, 0x80, 0x64, 0x1a, 0x1,
    0xff, 0xc9, 0x40, 0xc, 0x80, 0x1f, 0xfc, 0x91,
    0xc3, 0x36, 0x8, 0x7, 0xfc,

    /* U+E494 "" */
    0x0, 0xfe, 0x59, 0xbd, 0xd6, 0x4b, 0x8, 0x7,
    0xff, 0x8, 0x67, 0xe9, 0x90, 0x88, 0x6d, 0x3d,
    0x24, 0x1, 0xff, 0x37, 0x30, 0x0, 0xda, 0x20,
    0xc6, 0x0, 0x6d, 0x50, 0xf, 0xe9, 0x90, 0x2,
    0x3b, 0x25, 0xdd, 0x39, 0xce, 0x0, 0xa9, 0x0,
    0xfa, 0x58, 0x13, 0x9c, 0x40, 0x3c, 0x31, 0xc6,
    0xd, 0x20, 0x1c, 0xcc, 0x5, 0xb1, 0x0, 0xff,
    0xe, 0x28, 0x33, 0x0, 0x21, 0x80, 0x3a, 0x0,
    0xff, 0xe1, 0x52, 0x4, 0x8, 0x2, 0x4, 0x34,
    0x7, 0x78, 0x40, 0x3f, 0xea, 0x1, 0x80, 0x3,
    0x3, 0x88, 0x69, 0x9, 0x80, 0x7f, 0xc2, 0xe0,
    0xc0, 0xa0, 0xa, 0x5, 0x30, 0x92, 0x2, 0x66,
    0x10, 0x7, 0xd2, 0x0, 0x5d, 0x2, 0x20, 0x48,
    0x1b, 0x3, 0x6c, 0xcb, 0x58, 0x3, 0xc2, 0x41,
    0xa6, 0xe, 0x0, 0x30, 0xa0, 0x29, 0x1, 0x10,
    0x49, 0x0, 0x4, 0x40, 0x7, 0x3, 0x60, 0x20,
    0x10, 0x2, 0x82, 0x0, 0x3f, 0xc0, 0x4, 0x0,
    0x7f, 0x84, 0x8, 0x1c, 0x3, 0x8, 0xc6, 0x1,
    0xfe, 0x31, 0x10, 0x7, 0x30, 0x10, 0x3, 0xfc,
    0x0, 0x40, 0x7, 0xf8, 0x0, 0x80, 0xa0, 0x1,
    0x2, 0x7, 0x30, 0x70, 0x0, 0x88, 0x0, 0x52,
    0x2, 0x20, 0x92, 0xa, 0x4, 0x0, 0x38, 0x1e,
    0x81, 0x10, 0x3, 0xcd, 0xb3, 0x2d, 0x60, 0x63,
    0xe, 0x2, 0x20, 0x6a, 0x88, 0x50, 0x7, 0xc4,
    0xcc, 0x20, 0x29, 0x3, 0x50, 0xb0, 0x2, 0x83,
    0x83, 0x90, 0x7, 0xfc, 0x60, 0x5a, 0x4, 0xc0,
    0xc0, 0x8, 0x0, 0x70, 0x7, 0xfc, 0x3f, 0xa2,
    0x1c, 0x0, 0x80, 0x0, 0xc8, 0x1d, 0x0, 0x7f,
    0xf0, 0xa8, 0xc2, 0x44, 0x2, 0x66, 0x2, 0xe0,
    0x80, 0x7f, 0x87, 0x14, 0x1d, 0x80, 0x3a, 0x54,
    0xf, 0xa0, 0x40, 0x3c, 0x31, 0xc6, 0xf, 0x0,
    0x1f, 0x54, 0x80, 0x1f, 0xb6, 0x62, 0x13, 0x9c,
    0xe0, 0x33, 0x0, 0x1f, 0xcd, 0xac, 0x0, 0x26,
    0x77, 0x31, 0x80, 0x1b, 0xd8, 0x3, 0xfe, 0x29,
    0xea, 0x64, 0x22, 0x1b, 0x57, 0x48, 0x80, 0x78,

    /* U+E49F "" */
    0x0, 0xe5, 0x9b, 0xa7, 0x10, 0xf, 0xfe, 0x39,
    0x6d, 0x32, 0x2c, 0x73, 0x0, 0x7f, 0xf1, 0x4b,
    0x48, 0xd, 0x90, 0x1, 0x2c, 0x1, 0xf1, 0x18,
    0x7, 0xde, 0x3, 0x98, 0x9b, 0xe3, 0x9, 0x20,
    0xf, 0x6e, 0x10, 0x7, 0x29, 0x5, 0x18, 0x4,
    0x3a, 0x21, 0x60, 0x1f, 0x84, 0x3, 0xb0, 0xd,
    0x0, 0x6, 0xc0, 0x2c, 0xe, 0x1, 0x9b, 0x40,
    0x3f, 0x10, 0x28, 0x5, 0xd2, 0xa1, 0xa0, 0x20,
    0x1, 0xc9, 0x20, 0xf, 0xc4, 0x8, 0x0, 0x32,
    0x0, 0x8c, 0x3, 0x51, 0x82, 0x0, 0x7e, 0xd0,
    0x2d, 0xac, 0x0, 0x20, 0x70, 0x8, 0x22, 0x2,
    0x2c, 0x1, 0x60, 0x1c, 0x90, 0x4, 0xa0, 0x4,
    0x10, 0x50, 0x53, 0xf0, 0x27, 0x0, 0x9f, 0xd8,
    0x3, 0x3e, 0x30, 0x5, 0x20, 0x84, 0x9, 0x88,
    0x8, 0x0, 0x83, 0x0, 0x4c, 0x0, 0x63, 0xc0,
    0x4, 0x10, 0x48, 0x7, 0x15, 0x0, 0x1f, 0x39,
    0x1, 0xcc, 0x3, 0x58, 0x1b, 0x84, 0x90, 0x1,
    0xb7, 0xf4, 0xc0, 0x30, 0xd9, 0x5, 0x0, 0x4e,
    0x21, 0xc0, 0x8c, 0x5, 0xb2, 0x40, 0x1d, 0x98,
    0x0, 0x28, 0x20, 0x5, 0x40, 0x84, 0x12, 0x3,
    0x84, 0x1, 0xe1, 0x33, 0x8, 0x70, 0x18, 0x0,
    0x88, 0x1c, 0x8, 0x41, 0x62, 0x1, 0xf0, 0xee,
    0x84, 0x3, 0xce, 0x0, 0x50, 0xd0, 0x25, 0x0,
    0xfe, 0x22, 0x0, 0x4, 0x3, 0x10, 0x8, 0x1,
    0x41, 0x0, 0x30, 0xa1, 0x0, 0x63, 0x56, 0x90,
    0x20, 0x7, 0x81, 0x0, 0x8, 0x38, 0x3, 0x55,
    0xed, 0x8a, 0xf6, 0x54, 0x88, 0x40, 0x6, 0x10,
    0x3, 0x82, 0x0, 0x63, 0x0, 0x27, 0x50, 0x80,
    0x47, 0x68, 0x0, 0xd0, 0x21, 0x9, 0xf3, 0x0,
    0xd1, 0xd0, 0x1, 0x16, 0x7f, 0xb1, 0x0, 0x24,
    0x0, 0x48, 0x7, 0xf0, 0xba, 0x80, 0x3c, 0xc0,
    0x3e, 0x16, 0x7, 0x60, 0xf, 0xf6, 0x80, 0x8,
    0x3, 0xfa, 0x4c, 0x27, 0x61, 0x9b, 0xf5, 0x80,
    0xb2, 0x0, 0x7f, 0x6a, 0x1, 0x3c, 0xcf, 0xe3,
    0x1, 0x9b, 0x20, 0xf, 0xc3, 0x76, 0x52, 0x11,
    0xff, 0xe0, 0x19, 0x0, 0x60,

    /* U+E4A8 "" */
    0x59, 0x10, 0xf, 0xfe, 0x9, 0x49, 0x80, 0x74,
    0x33, 0x80, 0x7f, 0xf0, 0x6d, 0xbc, 0x3, 0xff,
    0x80, 0x2a, 0x1, 0xe4, 0x40, 0x13, 0x0, 0x7f,
    0xdb, 0x50, 0x1, 0x9e, 0xc8, 0x6, 0x68, 0x3,
    0xfc, 0x20, 0x20, 0x1a, 0x40, 0x39, 0x44, 0x3,
    0xff, 0x8d, 0x5f, 0x80, 0x1f, 0xfd, 0x62, 0xa2,
    0x7, 0x80, 0xf, 0xfe, 0x36, 0x28, 0x0, 0x5e,
    0x80, 0x3f, 0xf8, 0x84, 0x20, 0xd0, 0x80, 0x80,
    0x1f, 0xfc, 0x7b, 0x7d, 0x0, 0xff, 0xe9, 0x11,
    0xa8, 0x7, 0xff, 0x1c, 0xc2, 0x32, 0x40, 0x2,
    0x1, 0x84, 0x3, 0xfe, 0x80, 0xe, 0x80, 0xf,
    0xf4, 0xd5, 0x0, 0x32, 0xe9, 0x81, 0x6b, 0x80,
    0x7c, 0x44, 0x4, 0x53, 0x7, 0x0, 0x89, 0x80,
    0x48, 0x3, 0xfb, 0x1c, 0x0, 0x51, 0x20, 0x18,
    0xc0, 0x3f, 0xf8, 0x3, 0x4, 0x8, 0xe0, 0x1d,
    0x47, 0x20, 0x1f, 0xfc, 0x5, 0x1c, 0x0, 0xf1,
    0xe2, 0x80, 0x7f, 0xf0, 0x23, 0x94, 0x3, 0xff,
    0x84, 0x21, 0xa0, 0x1f, 0xfc, 0x9b, 0x5, 0xfe,
    0xef, 0xdb, 0xbf, 0xec, 0x27, 0x50, 0x0, 0x8f,
    0xe2, 0x2f, 0xf1, 0xb8, 0x56, 0x4c, 0xff, 0xf2,
    0x14,

    /* U+E4AF "" */
    0x0, 0xfc, 0xb0, 0x1, 0xff, 0xcc, 0xb7, 0x50,
    0xf, 0xfe, 0x2a, 0x0, 0x7f, 0xf0, 0x50, 0x3,
    0xfd, 0x17, 0x60, 0xf, 0xfa, 0xed, 0x0, 0x1f,
    0xdc, 0x9, 0x80, 0x1f, 0xd8, 0x81, 0xc0, 0x1f,
    0xcd, 0x0, 0x76, 0x0, 0x20, 0x60, 0x5, 0x98,
    0x43, 0x0, 0x7f, 0x9e, 0x1, 0x80, 0x19, 0xc6,
    0x0, 0x60, 0x87, 0x0, 0xff, 0xe0, 0x3e, 0x60,
    0x2, 0x10, 0xb, 0x30, 0xe0, 0x1f, 0xfc, 0x23,
    0x10, 0x15, 0x75, 0x0, 0x9, 0x80, 0x7f, 0xf1,
    0x5f, 0xaa, 0x2b, 0x90, 0x3, 0xff, 0x88, 0x24,
    0xf0, 0x0, 0x10, 0x1b, 0x42, 0x2f, 0xe0, 0xc,
    0xff, 0xdb, 0x0, 0x9d, 0xcd, 0x10, 0xbd, 0xdf,
    0xee, 0x60, 0x68, 0x0, 0xea, 0x10, 0x28, 0x0,
    0xff, 0x86, 0x56, 0x80, 0xf2, 0x80, 0x2, 0x1,
    0x18, 0x3, 0x77, 0xf6, 0x18, 0x49, 0x5, 0x9a,
    0x80, 0x18, 0x2, 0xe0, 0x22, 0xfe, 0x3b, 0x2,
    0x0, 0x8, 0x1, 0x82, 0x6a, 0x31, 0x2, 0xc0,
    0x26, 0x77, 0x28, 0x0, 0x40, 0x3e, 0x93, 0x5,
    0x73, 0x6, 0x60, 0x1, 0x66, 0x21, 0x44, 0x1,
    0xfe, 0xc9, 0x43, 0x5b, 0x90, 0x9, 0xc, 0x44,
    0x84, 0x1, 0xff, 0x35, 0xe5, 0x20, 0x6, 0x1c,
    0xee, 0x58, 0x7, 0x18, 0x60, 0x7, 0xff, 0x23,
    0x0, 0xd4, 0x17, 0xff, 0xff, 0x90, 0xa0, 0xb0,
    0xa0, 0x1f, 0xfc, 0xa5, 0x80, 0xad, 0xa9, 0x9f,
    0xfe, 0x35, 0x6d, 0x0,

    /* U+E4B9 "" */
    0x0, 0xff, 0xe0, 0xa3, 0x8, 0x7, 0xff, 0x1c,
    0x72, 0xe7, 0x98, 0x3, 0xff, 0x84, 0x48, 0x2b,
    0xe6, 0x1, 0x4e, 0x8, 0x7, 0xf8, 0x73, 0x6f,
    0xa8, 0x42, 0x79, 0x0, 0xfc, 0x80, 0x3f, 0xa8,
    0xc0, 0x31, 0x6b, 0xd, 0xc8, 0xe, 0x10, 0x7,
    0xc2, 0x81, 0x1c, 0x60, 0xe4, 0x1, 0x35, 0x80,
    0xf8, 0x7, 0xc4, 0x0, 0x41, 0x60, 0x10, 0xe,
    0x4a, 0x2, 0x90, 0xe, 0x4d, 0x0, 0x6d, 0xa8,
    0x60, 0x7, 0x95, 0xc1, 0x8c, 0x2, 0x7b, 0x10,
    0x0, 0xa0, 0x1b, 0x80, 0x7d, 0x2, 0x10, 0x0,
    0xb8, 0x2, 0xcd, 0x75, 0x9c, 0x0, 0xfe, 0x80,
    0x41, 0x74, 0x5, 0xd3, 0x28, 0xa6, 0x0, 0xff,
    0x30, 0x1, 0x2c, 0x16, 0x80, 0x3f, 0xf8, 0xa2,
    0x6, 0x20, 0xbf, 0xff, 0xfc, 0x25, 0x0, 0xff,
    0xe5, 0x90, 0x7, 0xe5, 0xaa, 0xff, 0xe0, 0xdb,
    0x80, 0x7e, 0xc5, 0x5f, 0xfe, 0xa, 0x0, 0x7f,
    0x62, 0xaf, 0xff, 0x5, 0x0, 0x3f, 0x96, 0xab,
    0xff, 0x83, 0x6e, 0x1, 0xff, 0xcb, 0x20, 0xf,
    0xd3, 0xff, 0xff, 0xc2, 0x50, 0xf, 0xfe, 0xa6,
    0x33, 0x7f, 0xf1, 0x84, 0xd, 0xc1, 0x66, 0x7f,
    0xf8, 0xc0, 0x7, 0xb6, 0x22, 0xff, 0xe3, 0x9d,
    0x10,

    /* U+E4BC "" */
    0x0, 0xfc, 0x2d, 0x5b, 0xfe, 0xdb, 0x72, 0x0,
    0xff, 0xe1, 0x95, 0x74, 0xa9, 0x0, 0x9, 0x23,
    0x48, 0x3, 0xff, 0x83, 0x1a, 0xa0, 0x4, 0x79,
    0x94, 0x18, 0x0, 0xc0, 0x3f, 0xf8, 0x16, 0xe0,
    0x31, 0xf7, 0xc, 0xc7, 0xb0, 0x21, 0x0, 0xff,
    0xad, 0x1, 0x7d, 0xc0, 0x3c, 0x20, 0x42, 0x1,
    0xfe, 0x84, 0x7, 0xa1, 0x0, 0xf9, 0xc0, 0x18,
    0x82, 0x1, 0xf1, 0xb8, 0x2c, 0x0, 0x7f, 0xc,
    0x81, 0x5f, 0x18, 0x7, 0xa4, 0x6, 0xc0, 0x3f,
    0xe6, 0xa2, 0x0, 0x28, 0x7, 0xa, 0x84, 0x88,
    0x7, 0xc, 0x66, 0x24, 0x81, 0x74, 0x83, 0x40,
    0x39, 0xc0, 0xe, 0x1, 0xc7, 0xee, 0x66, 0x6d,
    0x50, 0x5, 0x2, 0x6e, 0x7a, 0x86, 0x2, 0x0,
    0x7b, 0x84, 0x19, 0xc4, 0x28, 0x81, 0xd4, 0x8,
    0xc3, 0x81, 0x80, 0x80, 0x39, 0x48, 0x32, 0x63,
    0xc4, 0x2c, 0x1, 0x56, 0xc6, 0xe, 0x2, 0x1c,
    0x1, 0xda, 0x6, 0x60, 0x0, 0xb8, 0x10, 0x4,
    0x93, 0x60, 0x20, 0x17, 0x80, 0x77, 0x81, 0x0,
    0x63, 0x0, 0xff, 0x98, 0x8, 0x3, 0x90, 0x6,
    0x0, 0xa, 0xa0, 0xc0, 0xe, 0xe0, 0x60, 0x30,
    0x70, 0xe, 0x34, 0x7, 0xfe, 0xa0, 0x27, 0x0,
    0xe5, 0x2, 0xc, 0x2, 0x20, 0x7, 0x5a, 0x80,
    0x4, 0xf, 0xc0, 0x38, 0x8c, 0x34, 0x10, 0x42,
    0xc0, 0x3d, 0x5b, 0x31, 0x98, 0x20, 0xe, 0xb0,
    0x2, 0x0, 0x18, 0x18, 0xc0, 0x3c, 0x4c, 0xe6,
    0x1, 0xe2, 0x60, 0x70, 0xa, 0x4, 0x38, 0x40,
    0x3f, 0xf8, 0x7e, 0x3, 0x0, 0x1a, 0x80, 0xb4,
    0x40, 0x3f, 0xf8, 0x38, 0x41, 0x40, 0x1c, 0x94,
    0x7, 0xe8, 0x1, 0xfe, 0x4e, 0x30, 0x84, 0x0,
    0xf2, 0xc8, 0xd, 0xe2, 0x88, 0x7, 0x2d, 0xd8,
    0x42, 0x5c, 0x3, 0xf3, 0x69, 0x1, 0xd7, 0x6e,
    0x5e, 0xfd, 0x20, 0x16, 0x30, 0x7, 0xf8, 0xb6,
    0x4c, 0x0, 0x46, 0x84, 0x0, 0x29, 0xd3, 0x0,
    0xff, 0xe0, 0xb6, 0x75, 0x3b, 0x2b, 0xd6, 0xe9,
    0x80, 0x3f, 0x0,

    /* U+E4BE "" */
    0x0, 0xff, 0xe8, 0xae, 0x75, 0x1c, 0x6e, 0xa0,
    0xeb, 0x6d, 0x40, 0x3f, 0x9a, 0x8c, 0x57, 0x1c,
    0x88, 0xf8, 0xa4, 0x94, 0xe0, 0x1f, 0x1c, 0x81,
    0xc0, 0x4, 0xcc, 0x0, 0xc, 0x18, 0x41, 0x80,
    0x73, 0xe0, 0x3, 0x9d, 0xc0, 0x53, 0x22, 0x9,
    0x7f, 0x0, 0x63, 0x80, 0x45, 0x0, 0x2e, 0x41,
    0x2b, 0x20, 0x8, 0x56, 0x3, 0x71, 0x8, 0x20,
    0x2, 0x0, 0xf4, 0x0, 0x6, 0x90, 0x0, 0xb4,
    0x20, 0x8, 0xe1, 0x4, 0x0, 0xc2, 0x40, 0x1f,
    0xfc, 0x22, 0x10, 0xd, 0xe0, 0xd, 0xff, 0xff,
    0xe1, 0x68, 0x3, 0xc1, 0x18, 0x3, 0xff, 0x90,
    0xc8, 0x40, 0x9, 0x9c, 0x60, 0x53, 0x38, 0x80,
    0xe6, 0x70, 0x0, 0x94, 0x0, 0x8c, 0xd2, 0x0,
    0x19, 0xb0, 0x1, 0x19, 0xa4, 0x0, 0x29, 0x80,
    0x1c, 0x2, 0xf0, 0x30, 0xc, 0x61, 0xe0, 0x13,
    0x80, 0xc, 0xc, 0x30, 0x2, 0x10, 0x10, 0xc,
    0x20, 0x20, 0x16, 0x1, 0x80, 0x14, 0x14, 0x2,
    0x20, 0xf, 0xc4, 0x1, 0x28, 0x28, 0x3, 0x0,
    0xc0, 0x27, 0x0, 0x8, 0x0, 0x40, 0xe, 0x1,
    0x18, 0x60, 0x1, 0xc0, 0x6, 0x0, 0x10, 0x1,
    0x80, 0xc, 0x0, 0x20, 0x3, 0x0, 0x38, 0x0,
    0x80, 0x8, 0x0, 0x30, 0x3, 0x0, 0x18, 0x0,
    0x60, 0x5, 0x1, 0x20, 0x9, 0x3, 0x40, 0x2,
    0x0, 0x10, 0x0, 0x80, 0x4, 0x1, 0x80, 0xa0,
    0x18, 0xc1, 0xc0, 0x38, 0xc0, 0x6, 0x1, 0xce,
    0x6, 0x1, 0xb0, 0x8, 0x40, 0x2, 0x2, 0x0,
    0x10, 0x10, 0x0, 0x90, 0x60, 0x6, 0x50, 0x2,
    0x80, 0xc, 0x3c, 0x1, 0xe0, 0x60, 0x5, 0x0,
    0x28, 0x6, 0x12, 0xc, 0x0, 0x8, 0x8, 0x0,
    0x40, 0x40, 0x18, 0x4, 0x20, 0x1c, 0xe0, 0x60,
    0x6, 0x3, 0x0, 0x10, 0x30, 0x0, 0xc1, 0xc0,
    0x3d, 0x80, 0x8c, 0xac, 0xe, 0xaa, 0x60, 0x65,
    0x64, 0xd, 0x0, 0xf3, 0x80, 0x26, 0x8c, 0xa,
    0xa8, 0x40, 0x75, 0x20, 0x5, 0x0, 0xf0, 0xd1,
    0x0, 0x7f, 0xf0, 0xa, 0xc8, 0x2,

    /* U+E4C2 "" */
    0x0, 0xff, 0xeb, 0x13, 0xdf, 0x7f, 0xb6, 0xdc,
    0x80, 0x3f, 0xf8, 0x47, 0x7b, 0x8, 0x20, 0x2,
    0x48, 0xdb, 0x30, 0xf, 0xfa, 0x31, 0x0, 0x56,
    0x2a, 0x90, 0xa2, 0x9, 0x8e, 0x1, 0xfd, 0x6e,
    0x3, 0x3d, 0x4e, 0xaa, 0x7a, 0xe9, 0x10, 0x8b,
    0x0, 0xfa, 0xd0, 0x1b, 0x98, 0x0, 0x48, 0x82,
    0x0, 0x37, 0x30, 0x25, 0x0, 0x74, 0x20, 0x3c,
    0x80, 0x1f, 0xb6, 0xed, 0xbd, 0x0, 0x9, 0x70,
    0x57, 0x0, 0x89, 0xc1, 0x60, 0xb, 0x60, 0x40,
    0x30, 0xbf, 0x10, 0x42, 0x84, 0x10, 0x2, 0x0,
    0x6c, 0xb, 0x8, 0x1b, 0x3f, 0xd6, 0xc0, 0x3a,
    0x41, 0x62, 0x16, 0x2, 0xa1, 0x22, 0x1c, 0x21,
    0x72, 0x60, 0x4, 0x9b, 0x0, 0x78, 0xc, 0x83,
    0xa, 0x0, 0x18, 0x14, 0xc2, 0x90, 0x5, 0x98,
    0x20, 0x94, 0x4, 0xa0, 0xc0, 0x4, 0xc0, 0x31,
    0xe, 0x4, 0x50, 0x6e, 0x99, 0x72, 0x82, 0x98,
    0x70, 0x9, 0x86, 0x10, 0x28, 0x1, 0x3, 0x40,
    0xa4, 0x3, 0x51, 0x5, 0x2, 0x0, 0x18, 0x9,
    0x80, 0x40, 0x40, 0xa, 0x8, 0x0, 0xee, 0x0,
    0x10, 0x14, 0x0, 0x20, 0x40, 0xd4, 0x36, 0x2,
    0x31, 0x81, 0x2, 0x88, 0x94, 0x8, 0xc, 0x46,
    0xb, 0x15, 0x7e, 0x30, 0x7, 0x78, 0x1, 0x3a,
    0x80, 0x15, 0xc8, 0x0, 0xfe, 0x0, 0x1f, 0x40,

    /* U+E4CA "" */
    0x0, 0x1b, 0x37, 0xff, 0x20, 0xc0, 0x29, 0xc9,
    0x9f, 0xfe, 0x46, 0x50, 0x43, 0x0, 0x42, 0x3f,
    0xfc, 0x40, 0x9, 0x61, 0x41, 0x7f, 0xdd, 0xdf,
    0xfc, 0x4f, 0xf3, 0x3, 0x18, 0x60, 0x7, 0xff,
    0x23, 0xc0, 0x40, 0x3c, 0xd7, 0x8e, 0x1, 0xc7,
    0x59, 0x24, 0x1, 0xff, 0x4c, 0x90, 0xe2, 0xc0,
    0x24, 0xc5, 0x36, 0xd3, 0x0, 0xfe, 0x26, 0x4,
    0x40, 0x22, 0x80, 0x24, 0x5, 0x84, 0x3c, 0x3,
    0xf9, 0x0, 0x17, 0x62, 0xd, 0x0, 0x10, 0x5c,
    0xd8, 0x18, 0x7, 0xf1, 0x0, 0x19, 0x48, 0x0,
    0x44, 0x0, 0x71, 0xf8, 0x8, 0x7, 0xf2, 0x10,
    0x4d, 0x0, 0x1f, 0x74, 0x0, 0x4c, 0x50, 0x90,
    0xf, 0xf6, 0x20, 0x7, 0xff, 0x1, 0xdc, 0x1,
    0xfe, 0x1b, 0xed, 0xdf, 0xee, 0xf8, 0x0, 0xff,
    0xe0, 0x89, 0x17, 0xf0, 0x80, 0x7f, 0xf0, 0xd1,
    0x59, 0xbf, 0x8c, 0x3, 0xff, 0x83, 0x76, 0xa9,
    0x9f, 0xec, 0x80, 0xf, 0xf9, 0xd0, 0x3, 0xff,
    0x80, 0xe4, 0x1, 0xfe, 0xb0, 0x5f, 0xff, 0xf0,
    0x1, 0x0, 0x38, 0xc3, 0xc0, 0x6, 0x18, 0x1,
    0xfe, 0x40, 0xc0, 0x7, 0x80, 0xa8, 0x37, 0x70,
    0x1, 0x1b, 0xbf, 0xe4, 0x5, 0xde, 0x60, 0x78,
    0x40, 0x11, 0x0, 0x4, 0x8b, 0xfc, 0x1, 0x10,
    0x81, 0xc8, 0x5d, 0xa2, 0x3f, 0xf9, 0x17, 0x80,

    /* U+E4D3 "" */
    0x48, 0x0, 0xff, 0xe5, 0x4b, 0xb0, 0x7, 0xff,
    0xfc, 0x3, 0xff, 0xb2, 0x40, 0x1f, 0xfc, 0x92,
    0xdd, 0x50, 0x7, 0xf9, 0x7b, 0x48, 0x3, 0x8b,
    0x8, 0x14, 0x40, 0x3f, 0x35, 0x9, 0x61, 0x0,
    0x45, 0x82, 0x1, 0xff, 0x2c, 0x81, 0x0, 0xe1,
    0x1, 0x60, 0x83, 0x80, 0x7f, 0xd, 0x1, 0x66,
    0x0, 0x71, 0x70, 0x42, 0xec, 0x1, 0xfc, 0x40,
    0xe, 0x13, 0xc0, 0x1a, 0x10, 0xb4, 0x0, 0xff,
    0xe0, 0x88, 0x0, 0xf0, 0x2, 0xb4, 0x0, 0xfe,
    0x10, 0xf, 0xc7, 0xb1, 0xa8, 0x1, 0xff, 0xc8,
    0x27, 0x20, 0xf, 0xfe, 0xe2, 0xaf, 0xfc, 0x80,
    0x1f, 0xc6, 0x0, 0x8a, 0xaf, 0xf4, 0x0, 0x88,
    0x3, 0xeb, 0x10, 0xf, 0xfe, 0x1, 0x68, 0x7,
    0xe4, 0xef, 0xff, 0xfe, 0x6, 0x98, 0x4, 0x21,
    0xa0, 0x1f, 0xfc, 0x9b, 0x5, 0xfe, 0xef, 0xdb,
    0xbf, 0xec, 0x27, 0x50, 0x0, 0x8f, 0xe2, 0x2f,
    0xf1, 0xb8, 0x56, 0x4c, 0xff, 0xf2, 0x14,

    /* U+E4EE "" */
    0x0, 0xc2, 0xcd, 0xff, 0xc4, 0x10, 0xf, 0x97,
    0xa6, 0x7f, 0xf8, 0x9c, 0x80, 0x1c, 0x54, 0x0,
    0x11, 0x11, 0x7f, 0x84, 0x40, 0xb, 0x10, 0xd,
    0x40, 0x3d, 0xd6, 0xef, 0xfb, 0xb9, 0xa0, 0x7,
    0x0, 0xf1, 0x8, 0x7, 0xff, 0x8, 0x84, 0x3,
    0xff, 0xb2, 0x90, 0x1, 0x3b, 0x0, 0x6, 0x8,
    0x3, 0xf8, 0x80, 0x99, 0x94, 0xf4, 0xd1, 0x9,
    0x76, 0xa7, 0xf6, 0x60, 0x87, 0x0, 0x56, 0xa0,
    0x33, 0x21, 0x5, 0x97, 0x0, 0x44, 0xa0, 0x14,
    0xc8, 0x0, 0xf2, 0xe, 0x80, 0x22, 0x22, 0xff,
    0xe1, 0x8, 0xc0, 0x6, 0x5b, 0x5, 0xee, 0x6e,
    0xff, 0xf0, 0xbb, 0xaf, 0x40, 0xf2, 0xd, 0x0,
    0xff, 0xe4, 0x10, 0x30, 0x7, 0x9f, 0xbe, 0xcc,
    0x3, 0x26, 0x7e, 0xb0, 0x7, 0xfd, 0x10, 0x10,
    0x4c, 0x20, 0x1, 0xd9, 0x81, 0x4b, 0x0, 0x7f,
    0xb, 0x82, 0x48, 0x85, 0x80, 0x20, 0x6, 0x4c,
    0x20, 0x3, 0xf8, 0x80, 0x12, 0xce, 0x4, 0x0,
    0x60, 0x66, 0x40, 0x8, 0x7, 0xf1, 0x0, 0x25,
    0x9c, 0x8, 0x0, 0xc0, 0xad, 0x0, 0x20, 0x1f,
    0xc2, 0xc0, 0x92, 0x22, 0xb0, 0x4, 0x1, 0x49,
    0x84, 0x0, 0x7f, 0xa6, 0x4, 0x13, 0x8, 0x0,
    0x76, 0x60, 0x52, 0xc0, 0x1f, 0xf3, 0xf7, 0xd9,
    0x0, 0x64, 0xcf, 0xd6, 0x0, 0xf1, 0x87, 0x80,
    0x7f, 0xf2, 0xc, 0x1d, 0xc0, 0xce, 0xe6, 0x6f,
    0xfe, 0x23, 0xc2, 0x81, 0xc0, 0xc, 0x42, 0x67,
    0xff, 0x89, 0xe, 0x3, 0x25, 0xaa, 0x45, 0xff,
    0xc8, 0x6f, 0x10,

    /* U+E4F5 "" */
    0x0, 0xff, 0x46, 0xe9, 0xc0, 0x3f, 0xf9, 0x38,
    0xe4, 0x48, 0x90, 0xf, 0xfe, 0x3a, 0x98, 0x29,
    0x83, 0x10, 0x7, 0xff, 0x1b, 0x40, 0xab, 0x40,
    0xe, 0x1, 0xff, 0xc6, 0xe0, 0x25, 0x60, 0x3,
    0x0, 0x42, 0x1, 0xff, 0xc2, 0x61, 0xa, 0x80,
    0x43, 0x2, 0xbe, 0xfb, 0x20, 0xf, 0xfe, 0x6,
    0x20, 0x1, 0xac, 0x1, 0xe8, 0x0, 0x4f, 0x0,
    0xff, 0xe0, 0x15, 0xff, 0xa4, 0x0, 0xa4, 0x13,
    0x20, 0x25, 0x0, 0xff, 0xe3, 0x10, 0xb, 0x30,
    0x40, 0x80, 0x38, 0x55, 0xdf, 0x94, 0x80, 0x31,
    0x80, 0xd5, 0x4, 0xc, 0x3, 0x3f, 0x54, 0x47,
    0x56, 0xd9, 0x0, 0x11, 0x0, 0xaa, 0x4, 0x40,
    0x5, 0x30, 0x0, 0x11, 0xe0, 0x2, 0x6a, 0x0,
    0x2e, 0xc, 0xd1, 0x60, 0x11, 0xb0, 0x2f, 0x77,
    0xbe, 0x44, 0x2c, 0x80, 0xf, 0x98, 0x70, 0xd,
    0x40, 0x54, 0x20, 0x1e, 0x6c, 0x10, 0x90, 0xf,
    0xf2, 0x82, 0x80, 0x7f, 0x14, 0x2, 0x8, 0x4,
    0xb9, 0xd4, 0x40, 0xe0, 0x40, 0x1f, 0xe6, 0x0,
    0x20, 0x1, 0xa8, 0xc5, 0x74, 0x8c, 0x14, 0x80,
    0x3f, 0xc2, 0x6, 0x0, 0x80, 0x26, 0x0, 0x5c,
    0x88, 0x63, 0x80, 0x7f, 0xc2, 0x4, 0x21, 0xd2,
    0xc0, 0xa3, 0x40, 0x31, 0xca, 0x1, 0xff, 0x10,
    0x2, 0x8d, 0x1, 0x81, 0x35, 0x40, 0x69, 0x80,
    0x3f, 0xe7, 0x6, 0xc2, 0x9, 0x0, 0x15, 0x69,
    0x84, 0x80, 0x7e, 0x10, 0x4, 0x40, 0x0, 0x76,
    0x60, 0x18, 0xb8, 0x0, 0xe0, 0x18, 0x44, 0x6,
    0x1, 0x3f, 0xfb, 0x10, 0x3, 0xc4, 0xa1, 0x24,
    0x1, 0x40, 0x1, 0x0, 0x3f, 0xf8, 0x70, 0x3,
    0xb3, 0x1a, 0xc0, 0xe2, 0x1, 0xff, 0xc3, 0x2b,
    0x0, 0x33, 0x90, 0x2c, 0x0, 0x7f, 0xf1, 0x53,
    0x9c, 0xcc, 0xb7, 0x40, 0x1f, 0xf0,

    /* U+E4F6 "" */
    0x0, 0xff, 0xe3, 0x1c, 0x40, 0xc0, 0x3f, 0xf8,
    0x44, 0xa8, 0x1, 0x9f, 0x1d, 0xd8, 0xc0, 0x1f,
    0xfc, 0x7, 0xda, 0xbe, 0x30, 0x28, 0x2, 0x10,
    0x91, 0x0, 0xff, 0x1c, 0x0, 0x43, 0x86, 0xa0,
    0x3b, 0xc0, 0x4, 0x0, 0xff, 0x50, 0x17, 0x60,
    0x86, 0x60, 0xc, 0x0, 0x20, 0x60, 0x1f, 0xfc,
    0x11, 0x3c, 0x10, 0x40, 0xf, 0xfe, 0x2e, 0x81,
    0x58, 0x16, 0x8, 0x0, 0xa0, 0xc0, 0x3f, 0xf8,
    0x29, 0x0, 0x96, 0x5, 0x82, 0x0, 0x7c, 0x10,
    0xf, 0xfe, 0xb, 0xc0, 0x25, 0x81, 0x7c, 0xb9,
    0x80, 0x5c, 0x1, 0xff, 0xc0, 0x77, 0x2, 0x60,
    0xb, 0x46, 0x60, 0x81, 0xcc, 0x3, 0xa, 0x20,
    0x2, 0x3a, 0x70, 0x1, 0xb8, 0x6, 0x3c, 0x20,
    0xe0, 0x0, 0xd7, 0x5d, 0xbd, 0xe3, 0x14, 0x0,
    0x26, 0x80, 0x1c, 0x32, 0x4, 0x81, 0xaa, 0x1,
    0xa1, 0xc0, 0x67, 0xb9, 0x86, 0x1, 0x77, 0x1,
    0x8, 0x31, 0x8c, 0x23, 0xb4, 0x80, 0x9, 0xcc,
    0x20, 0x1f, 0xe7, 0x3, 0xd0, 0x47, 0x13, 0x20,
    0x4b, 0x0, 0xfe, 0xee, 0x0, 0xc, 0x1d, 0xc0,
    0x60, 0x9, 0x0, 0x48, 0x7, 0xff, 0x8, 0xc0,
    0xc, 0xa, 0x0, 0x50, 0x52, 0x0, 0xc6, 0xe8,
    0x1, 0x13, 0x3c, 0xa8, 0x27, 0x1, 0x6b, 0x10,
    0x78, 0x7, 0x6c, 0x5e, 0x94, 0xec, 0xc3, 0x1,
    0x4a, 0x40, 0x14, 0x80, 0x18, 0x3, 0x98, 0x40,
    0xb5, 0x80, 0x4, 0x46, 0xc1, 0x7, 0xa3, 0x0,
    0xfe, 0x8e, 0xa0, 0x9, 0x7f, 0x75, 0x22, 0x1,
    0x2e, 0x78, 0x85, 0x80, 0x7c, 0xaa, 0x0, 0x50,
    0x7, 0xfc, 0xc0, 0xea, 0x1, 0xf1, 0x1, 0x0,
    0x7f, 0xf0, 0x20, 0x82, 0xad, 0xde, 0x66, 0x94,
    0x0, 0xc6, 0x1, 0xff, 0x61, 0x82, 0x44, 0x53,
    0x31, 0x1, 0x4e, 0x0, 0x7f, 0xc3, 0x92, 0x84,
    0x5f, 0xe5, 0x0, 0xe0,

    /* U+E4F7 "" */
    0x0, 0xe3, 0x88, 0x18, 0x7, 0x23, 0x3b, 0x18,
    0x7, 0xff, 0x1, 0xf1, 0xdd, 0x92, 0x7, 0x7f,
    0x73, 0x13, 0x9f, 0x24, 0x1, 0xf8, 0xe0, 0xd,
    0x1, 0xb3, 0x8, 0x1, 0x8, 0x4, 0xda, 0xe0,
    0x1f, 0x70, 0x1e, 0x59, 0x1, 0x81, 0x4f, 0x7f,
    0x7e, 0xb8, 0x84, 0x50, 0x7, 0x29, 0x7, 0x80,
    0x90, 0x2, 0x35, 0x84, 0x2, 0x28, 0xf4, 0x5,
    0x90, 0xd, 0x20, 0x86, 0x10, 0x0, 0xa7, 0x3,
    0xae, 0xfd, 0x81, 0x15, 0xa8, 0x32, 0x0, 0x8,
    0xc3, 0xc0, 0x98, 0x1d, 0x42, 0x31, 0x44, 0x9,
    0xfd, 0x2, 0x88, 0x24, 0x0, 0x80, 0x4, 0xa,
    0x1, 0x80, 0x67, 0x1, 0x89, 0x60, 0x1b, 0x20,
    0x90, 0x23, 0xc, 0x4, 0x0, 0x28, 0x38, 0x2,
    0x0, 0xf9, 0xda, 0x70, 0x1, 0x0, 0x82, 0x16,
    0xc, 0x4, 0x2, 0x41, 0x80, 0xa2, 0x1c, 0x2,
    0x60, 0x70, 0xa, 0x0, 0x40, 0x30, 0x10, 0x10,
    0x30, 0x3, 0x1, 0x0, 0x90, 0x56, 0x28, 0x20,
    0x0, 0x80, 0x81, 0x80, 0x40, 0x3f, 0x8, 0x9,
    0x1a, 0x1, 0x80, 0x63, 0x1, 0x1, 0x7, 0x2,
    0x2, 0x0, 0x28, 0x38, 0x3, 0x70, 0x0, 0xe0,
    0x80, 0x22, 0x3, 0x7, 0x3, 0x7, 0x0, 0x20,
    0x58, 0xd, 0x88, 0x0, 0x70, 0x42, 0x81, 0x0,
    0xe, 0x6, 0x18, 0x4, 0x61, 0xe0, 0x4e, 0x9,
    0xd9, 0x8e, 0x30, 0x82, 0x9, 0x3, 0x20, 0xc0,
    0x41, 0x9, 0x4, 0x50, 0x88, 0x0, 0xc, 0xc0,
    0x9, 0x70, 0x53, 0x9, 0x2, 0x40, 0x4, 0x82,
    0x98, 0x51, 0x83, 0xf4, 0xb3, 0x27, 0x98, 0xe,
    0x81, 0x14, 0x28, 0x2, 0x72, 0xe, 0x10, 0xc5,
    0x1, 0x69, 0x93, 0x8, 0x36, 0x1, 0x50, 0x13,
    0x80, 0x6e, 0x2, 0xd1, 0xa, 0xd7, 0x20, 0x1,
    0x3e, 0xc8, 0x16, 0x8, 0x70, 0x7, 0x1d, 0x81,
    0xfa, 0x81, 0x46, 0xff, 0xb6, 0x8, 0x1b, 0x44,
    0x2c, 0xc0, 0x3c, 0x96, 0x22, 0xac, 0x62, 0x0,
    0xc4, 0xfb, 0x20, 0x36, 0x80, 0x1f, 0x93, 0xd0,
    0xe, 0x77, 0xfb, 0x9f, 0xb0, 0x40, 0x9e, 0x80,
    0x1f, 0xe1, 0xbc, 0x51, 0x0, 0x8, 0x80, 0x2,
    0xb9, 0x62, 0x1, 0xff, 0xc1, 0x3a, 0xec, 0x98,
    0x84, 0xe7, 0x51, 0x80, 0x7c,

    /* U+E4F9 "" */
    0x0, 0xfe, 0x12, 0x10, 0xf, 0xfe, 0x42, 0x57,
    0x73, 0x7b, 0xed, 0x80, 0x3f, 0xf8, 0x65, 0xb6,
    0xa2, 0x1, 0x92, 0x79, 0x0, 0x3f, 0xf8, 0xd,
    0xa4, 0x7, 0x17, 0x97, 0x6, 0x3, 0x70, 0x1,
    0xfe, 0x59, 0x0, 0xf, 0xba, 0x1a, 0x3f, 0x10,
    0x1, 0xe0, 0x3, 0xf1, 0x50, 0x10, 0xe, 0x4b,
    0xbd, 0x3a, 0x40, 0x20, 0xf2, 0xef, 0x18, 0x5,
    0x20, 0x39, 0xa6, 0xd, 0x11, 0x30, 0xd, 0x71,
    0x3, 0x44, 0x59, 0x20, 0x48, 0x16, 0x24, 0x80,
    0x2, 0x28, 0x0, 0x8a, 0x1c, 0x0, 0x12, 0x10,
    0x66, 0x50, 0xa, 0x80, 0xb8, 0x36, 0xed, 0x0,
    0xa4, 0x6, 0x60, 0x4d, 0xe4, 0xd, 0x30, 0x70,
    0x4, 0x80, 0x20, 0x2, 0x71, 0x8, 0x0, 0x58,
    0x20, 0x1, 0xc0, 0xa, 0xd, 0xfe, 0x70, 0x7,
    0x7f, 0xe1, 0x5, 0xff, 0x40, 0xf, 0xf8, 0xc3,
    0x80, 0x3f, 0xf9, 0x8c, 0xa0, 0x5, 0x97, 0x0,
    0x4c, 0xfc, 0x0, 0x59, 0x70, 0x4, 0xcb, 0x64,
    0x2, 0xc6, 0xb0, 0x3, 0x37, 0xc2, 0x18, 0xd6,
    0x0, 0x66, 0x10, 0x6, 0x12, 0x60, 0xf, 0xf8,
    0x49, 0x80, 0x3e, 0x20, 0x8d, 0xa0, 0x10, 0xf,
    0x88, 0x23, 0x68, 0x4, 0x3, 0xbc, 0x40, 0x21,
    0xa0, 0xf, 0xbc, 0x40, 0x21, 0xa0, 0xe, 0x3e,
    0xdd, 0xb9, 0x0, 0x3e, 0x3e, 0xdd, 0xb9, 0x0,
    0x38,

    /* U+E4FC "" */
    0x0, 0xff, 0xe1, 0x2d, 0x90, 0x7, 0xff, 0x18,
    0xa4, 0xc0, 0x1c, 0x8a, 0x1, 0xff, 0xc6, 0x86,
    0xf0, 0x4, 0xc9, 0xc0, 0x3c, 0x6c, 0x40, 0x1f,
    0xd0, 0xd0, 0x0, 0x26, 0x0, 0x8d, 0xef, 0xf2,
    0x78, 0x3, 0xf8, 0xa5, 0x0, 0x24, 0x8c, 0xfc,
    0x84, 0x0, 0x15, 0x0, 0x7f, 0xc9, 0x19, 0xf6,
    0xe6, 0x0, 0x15, 0x9d, 0xd3, 0x0, 0x7c, 0x91,
    0x9f, 0x6e, 0x60, 0x1, 0x59, 0xde, 0xa6, 0x20,
    0xe, 0x37, 0xbf, 0xb7, 0x30, 0xd, 0x1b, 0xd4,
    0xc4, 0x1, 0xe3, 0xbf, 0xc8, 0x40, 0x0, 0xac,
    0xd0, 0x1, 0x48, 0x3, 0xfd, 0xe8, 0x0, 0x15,
    0x9d, 0xea, 0x67, 0x0, 0xff, 0xe1, 0x7b, 0x4e,
    0xf5, 0x31, 0x0, 0x7f, 0xf1, 0x8e, 0x58, 0x80,
    0x2, 0x22, 0x29, 0x80, 0xc, 0x45, 0x84, 0x3,
    0xfc, 0x99, 0xdc, 0xdd, 0xac, 0x1, 0x7b, 0xbb,
    0xb5, 0x0, 0x3e, 0x5b, 0x30, 0xf, 0xfe, 0x11,
    0x5a, 0x80, 0x7a, 0x80, 0xef, 0x44, 0x1f, 0x77,
    0x8, 0x3e, 0xd0, 0x85, 0x0, 0x72, 0x80, 0x35,
    0x8, 0xc3, 0x88, 0xb1, 0x87, 0x12, 0xe0, 0x1,
    0x40, 0x31, 0x1, 0x8, 0x7, 0xff, 0x8, 0x88,
    0x4, 0x1, 0xe3, 0x55, 0x8c, 0x31, 0x57, 0x18,
    0x62, 0xac, 0x60, 0x1f, 0x86, 0xaa, 0x10, 0x5a,
    0xac, 0x20, 0xb5, 0x50, 0x80, 0x7f, 0xf5, 0x8b,
    0xff, 0xff, 0x88, 0x40, 0x1f, 0x8c, 0x3, 0xff,
    0x88, 0x60, 0x1e, 0x40, 0x14, 0x0, 0xff, 0xe1,
    0x20, 0x81, 0x80, 0x63, 0x20, 0xb8, 0x66, 0xff,
    0xe0, 0x4d, 0x81, 0x20, 0x7, 0x78, 0x83, 0xcc,
    0xff, 0xf0, 0x18, 0x7, 0xc0, 0x3c, 0x5e, 0xe4,
    0x20, 0x1f, 0xe1, 0x26, 0xf2, 0x0, 0x80,

    /* U+E504 "" */
    0x0, 0x95, 0x9b, 0xf9, 0x40, 0x3f, 0xf8, 0x71,
    0x53, 0x3f, 0xd5, 0x80, 0x1c, 0x64, 0x1, 0xf6,
    0x8, 0x7, 0xf8, 0xd4, 0x2, 0xac, 0xd1, 0x0,
    0xf2, 0x40, 0xf, 0xf8, 0xc1, 0xff, 0xc2, 0x4,
    0x0, 0x25, 0x1, 0x0, 0xff, 0xe3, 0x28, 0x70,
    0x1, 0x80, 0x1e, 0x20, 0x1f, 0xfc, 0x52, 0x5,
    0x0, 0xe1, 0x0, 0xff, 0xe3, 0x70, 0x10, 0x7,
    0xff, 0x14, 0xd8, 0x80, 0x40, 0x4, 0x2, 0x1,
    0xff, 0xc4, 0x1c, 0x91, 0x6, 0xa4, 0x0, 0x88,
    0x3, 0xff, 0x83, 0x80, 0x1f, 0x2d, 0xd0, 0x3,
    0x36, 0x40, 0x10, 0xca, 0x60, 0x19, 0x94, 0xa,
    0xbf, 0xda, 0xe0, 0x1c, 0x24, 0x40, 0x3, 0xcd,
    0x66, 0x88, 0xc, 0x82, 0x6a, 0x80, 0xa, 0x28,
    0x0, 0x93, 0xe, 0xc8, 0x64, 0x1, 0x14, 0x83,
    0x0, 0x28, 0x3, 0xca, 0xc0, 0xcc, 0x78, 0x9b,
    0xcd, 0xff, 0x18, 0x8, 0x68, 0x20, 0x80, 0x16,
    0x40, 0x2d, 0x2, 0x20, 0x7, 0xe2, 0xe, 0x6,
    0x2, 0x0, 0xa1, 0x94, 0x0, 0xc0, 0x1e, 0x26,
    0x72, 0x1, 0x2, 0x7, 0x2, 0x0, 0xa1, 0x94,
    0x0, 0x20, 0x1c, 0xbb, 0x31, 0xb4, 0x0, 0x70,
    0xc0, 0x41, 0x0, 0x2c, 0x80, 0x54, 0x0, 0x12,
    0x3a, 0x0, 0xca, 0x0, 0x20, 0x60, 0x5, 0x80,
    0x78, 0xd8, 0x1, 0x9b, 0x80, 0xe, 0xe0, 0x80,
    0xc, 0x0, 0x30, 0xb, 0x66, 0x0, 0x17, 0xc0,
    0xf, 0xc6, 0x1, 0xf, 0x80, 0x4e, 0xc0, 0x99,
    0xdb, 0xd0, 0x3, 0x7b, 0xb6, 0x0, 0x37, 0x84,
    0x34, 0xc0, 0x34, 0xc8, 0x40, 0x48, 0x0, 0xbe,
    0x84, 0x51, 0xd0, 0x6, 0x83, 0x0, 0xf3, 0x75,
    0xc4, 0x2b, 0xa8, 0x40, 0x39, 0x7a, 0x65, 0xae,
    0x1, 0x0,

    /* U+E505 "" */
    0x0, 0xff, 0x9f, 0x30, 0xe0, 0x1f, 0xfc, 0x9a,
    0x83, 0x34, 0x58, 0x7, 0xff, 0x1d, 0x14, 0x11,
    0x41, 0x10, 0x1, 0xff, 0xc6, 0xd0, 0x2b, 0xa2,
    0xd, 0x0, 0xff, 0xe3, 0x38, 0x28, 0x1, 0x41,
    0x0, 0x3f, 0xf8, 0xa4, 0x21, 0xa0, 0xd, 0x2,
    0x20, 0x7, 0xff, 0x11, 0x40, 0x15, 0xfe, 0xa0,
    0x2, 0x0, 0x7f, 0xf1, 0x30, 0x3, 0xf6, 0x80,
    0x7f, 0xf1, 0x10, 0x23, 0x2e, 0xd9, 0x0, 0x80,
    0x1f, 0xfc, 0x34, 0x0, 0x31, 0xa2, 0xd, 0x40,
    0x8, 0x1, 0xff, 0xc2, 0xd0, 0x21, 0x0, 0xc4,
    0x40, 0xc0, 0xf, 0xfe, 0x12, 0x1, 0xc2, 0x19,
    0x92, 0xc, 0x14, 0x3, 0xff, 0x82, 0x44, 0x1,
    0x7b, 0xcc, 0x5b, 0x88, 0x10, 0x80, 0x7f, 0xf0,
    0x10, 0x0, 0xa4, 0x1, 0x89, 0x40, 0xe, 0x1,
    0xff, 0xd, 0x2, 0x56, 0xff, 0x73, 0xf6, 0x90,
    0x28, 0x40, 0x3f, 0x1d, 0x71, 0x86, 0x0, 0x42,
    0x20, 0xb, 0x0, 0xfa, 0x48, 0x3, 0x25, 0xe2,
    0x80, 0x58, 0x20, 0x1e, 0x1c, 0x0, 0x9b, 0x6c,
    0xc1, 0x6d, 0x0, 0x62, 0x0, 0x9d, 0x4e, 0xcc,
    0x7b, 0xe4, 0x7, 0x81, 0x4, 0xc4, 0x90, 0x19,
    0xe7, 0x74, 0x0, 0x16, 0x26, 0x50, 0x80, 0x9,
    0x87, 0xe9, 0x10, 0x87, 0x1, 0xd4, 0x0, 0x3f,
    0x4a, 0x10, 0x81, 0x24, 0xf3, 0x0, 0x13, 0x44,
    0x1a, 0x44, 0x12, 0xf1, 0x40, 0x5a, 0xf7, 0xbf,
    0x6d, 0x84, 0x17, 0x2d, 0x0, 0x60, 0xba, 0x48,
    0xe, 0xb5, 0x80, 0x3f, 0x3f, 0x51, 0x81, 0x4f,
    0x10, 0x1, 0xb6, 0xcc, 0xa, 0x7a, 0x4, 0x0,
    0x31, 0xd0, 0x20, 0x77, 0xac, 0x1, 0xe4, 0xcc,
    0x28, 0xb, 0xf5, 0x53, 0x9c, 0x41, 0x73, 0x8,
    0x1, 0xfe, 0x3a, 0xd6, 0x0, 0x2a, 0x80, 0xd,
    0xb4, 0x60, 0x1f, 0xfc, 0x22, 0x9e, 0x83, 0x34,
    0x74, 0x90, 0x7, 0xff, 0x18, 0x5f, 0x30, 0xe2,
    0x1, 0xfe,

    /* U+E506 "" */
    0x0, 0xf8, 0x9e, 0xb3, 0x16, 0xe6, 0x1, 0xff,
    0xc0, 0x3c, 0xd8, 0x53, 0x32, 0x46, 0x6a, 0x0,
    0x7f, 0x46, 0x18, 0xa, 0xbb, 0x94, 0x40, 0xae,
    0x40, 0x3e, 0x97, 0x0, 0x3f, 0x54, 0x42, 0xb9,
    0xc0, 0xd, 0x40, 0x1c, 0xcc, 0x0, 0xbc, 0x3,
    0xdc, 0x1, 0x2c, 0x0, 0x43, 0x20, 0xa2, 0x1,
    0xff, 0x28, 0x39, 0x80, 0x24, 0x1, 0x60, 0x1f,
    0xf0, 0xd0, 0x84, 0x80, 0x18, 0x1c, 0x40, 0x3f,
    0x84, 0x2, 0x90, 0x51, 0x31, 0xb, 0x5, 0xc,
    0x0, 0xf6, 0x2, 0x83, 0x0, 0x11, 0x80, 0x6,
    0x1c, 0x8, 0xc0, 0x19, 0x90, 0x34, 0x4, 0x40,
    0x46, 0x1, 0x94, 0xc2, 0x6d, 0x99, 0x72, 0x6,
    0xc0, 0x3, 0xf, 0x0, 0x8, 0x5, 0xa8, 0x9,
    0x32, 0x40, 0x3d, 0x0, 0x84, 0x3, 0xf0, 0xdc,
    0xa0, 0x1, 0x27, 0x4, 0x3, 0xff, 0x84, 0xd7,
    0xfe, 0xb6, 0x0, 0xff, 0xe0, 0xb5, 0x90, 0x7,
    0x8a, 0xd8, 0x3, 0xfd, 0x49, 0x84, 0x1, 0x8b,
    0x12, 0xc0, 0x38, 0x80, 0x44, 0x1e, 0x3, 0x60,
    0x1a, 0x84, 0x24, 0x0, 0x41, 0xea, 0x0, 0x60,
    0x3c, 0x6b, 0x0, 0xd4, 0xd8, 0x80, 0xa2, 0x8,
    0x2a, 0x10, 0x60, 0x72, 0x40, 0x18, 0xa4, 0xc0,
    0xac, 0xc, 0xc1, 0x2, 0x19, 0x4, 0x1, 0xf8,
    0x9f, 0x44, 0x3c, 0x0, 0x54, 0x0, 0x7d, 0xff,
    0xfd, 0xb0, 0x0, 0xb3, 0x0, 0x93, 0x48, 0x3,
    0xff, 0x80, 0x7c, 0x80, 0x1c, 0x66, 0x3, 0xaa,
    0xfc, 0x60, 0x40, 0x1f, 0x58, 0x87, 0x2a, 0xfe,
    0xe0, 0x1a, 0x0, 0xe1, 0x50, 0x82, 0x0, 0xfc,
    0x52, 0x8, 0x40, 0x18, 0x55, 0x9c, 0x3, 0xfc,
    0xcc, 0x52, 0x0, 0x0,

    /* U+E508 "" */
    0x0, 0xff, 0xe1, 0x36, 0x18, 0xdb, 0x80, 0x7f,
    0xf2, 0x28, 0xf3, 0x9, 0x20, 0x1f, 0xfc, 0x8f,
    0x0, 0x10, 0x58, 0x7, 0xff, 0x14, 0xc4, 0x8,
    0x80, 0x13, 0x0, 0x7f, 0xf1, 0xf, 0x3d, 0x70,
    0x80, 0x2d, 0x30, 0xf, 0xfe, 0x19, 0x0, 0xd1,
    0x5, 0x60, 0xe, 0x18, 0x7, 0xff, 0x8, 0x68,
    0x2, 0x85, 0x3c, 0x0, 0x61, 0xaf, 0x40, 0x7,
    0xcb, 0x66, 0x30, 0x1, 0x49, 0x81, 0xe0, 0x3,
    0x28, 0x4c, 0x3, 0xe9, 0x4c, 0xc1, 0x3, 0x80,
    0xe9, 0x81, 0xe0, 0x4, 0x54, 0x1, 0xf7, 0x80,
    0x8, 0x2a, 0x30, 0x7, 0x4c, 0x18, 0x2, 0x32,
    0x0, 0xc6, 0x20, 0x44, 0x0, 0x98, 0xf, 0x0,
    0x75, 0xe8, 0x8, 0x45, 0xe0, 0x11, 0xe7, 0xae,
    0x10, 0x5, 0xa6, 0x7, 0x80, 0x30, 0x5, 0x9a,
    0x74, 0x1, 0x10, 0xd, 0x10, 0x56, 0x0, 0xe9,
    0x81, 0xc0, 0x5, 0x2, 0x78, 0xc0, 0x10, 0xd0,
    0x5, 0xa, 0x78, 0x3, 0xa6, 0xb0, 0x1, 0x59,
    0x0, 0x4b, 0x66, 0x30, 0x1, 0x49, 0x81, 0xe0,
    0xe, 0x50, 0x15, 0x0, 0x88, 0x2, 0x94, 0xdc,
    0x20, 0x70, 0x1d, 0x30, 0x3c, 0x0, 0x8b, 0x17,
    0xb0, 0xc0, 0x2f, 0x1, 0x20, 0xa8, 0xc0, 0x1d,
    0x30, 0x60, 0x8, 0xc8, 0x4, 0xc0, 0x31, 0x10,
    0x2, 0x60, 0x3c, 0x1, 0xd7, 0xa0, 0x20, 0x1f,
    0x0, 0xfa, 0x88, 0x2, 0xd3, 0x3, 0xc0, 0x18,
    0x2, 0xcc, 0x1d, 0x0, 0x7c, 0x63, 0x58, 0x3,
    0xa6, 0x7, 0x0, 0x14, 0x9, 0xe3, 0x0, 0x7d,
    0x1c, 0xa7, 0x80, 0x3a, 0x6b, 0x0, 0x15, 0x88,
    0x7, 0xff, 0x8, 0xf0, 0x7, 0x28, 0xa, 0x80,
    0x48, 0x3, 0xff, 0x86, 0x78, 0x1, 0x16, 0x2f,
    0x61, 0x80, 0x7f, 0xf1, 0x18, 0x2, 0x32, 0x1,
    0x30, 0xf, 0xfe, 0x2d, 0x81, 0x0, 0xc0, 0x7,
    0xff, 0x21, 0x93, 0x30, 0x7a, 0x1, 0xff, 0xc2,

    /* U+E50D "" */
    0x6c, 0x30, 0xc, 0xd6, 0x60, 0x1e, 0x3c, 0x60,
    0xf, 0xa8, 0xf0, 0xc0, 0x2a, 0x4c, 0x45, 0x99,
    0x32, 0x61, 0xd0, 0x7, 0xde, 0x21, 0x86, 0x0,
    0xf0, 0x5, 0xd3, 0x32, 0x6c, 0x7, 0xc0, 0x3e,
    0x3a, 0x0, 0x61, 0x81, 0xe0, 0x4, 0x66, 0x0,
    0xa8, 0xc0, 0x32, 0x0, 0x5a, 0x1, 0x61, 0x81,
    0xc1, 0x5e, 0x62, 0x80, 0x4, 0x1, 0xa2, 0xe4,
    0x3, 0x8, 0x3, 0xc, 0x1f, 0x50, 0x0, 0xa6,
    0x1e, 0x1, 0x90, 0x3, 0x60, 0xc, 0x80, 0x30,
    0xc0, 0x22, 0xef, 0x30, 0x51, 0x0, 0x11, 0x86,
    0x0, 0x14, 0x42, 0xe4, 0x1, 0x86, 0x0, 0x61,
    0x0, 0x8f, 0xd0, 0xbc, 0x5, 0x40, 0x2b, 0x2,
    0x90, 0xb, 0xc, 0x12, 0xea, 0x58, 0x6, 0xf4,
    0x82, 0x80, 0x32, 0xd0, 0x80, 0x76, 0x18, 0x22,
    0xb4, 0xe0, 0x4, 0x36, 0x80, 0x1c, 0xbe, 0x0,
    0x8c, 0x0, 0x61, 0x80, 0x63, 0x80, 0x7, 0xa0,
    0x7, 0xf9, 0xf, 0x0, 0x18, 0x60, 0x19, 0x0,
    0x3f, 0xe3, 0x0, 0x8, 0x1e, 0x0, 0x30, 0xc0,
    0x21, 0x0, 0x18, 0x6, 0x8f, 0xfb, 0x40, 0x38,
    0xec, 0x1, 0x86, 0x0, 0x30, 0x6, 0xff, 0xd0,
    0x60, 0x1f, 0xe6, 0x0, 0xb0, 0xc0, 0x60, 0x3,
    0x8e, 0xab, 0x40, 0x0, 0x40, 0x3f, 0x69, 0x83,
    0xe5, 0x57, 0xa, 0xac, 0xe0, 0x6, 0x0, 0xf5,
    0x0, 0xe9, 0x81, 0xaa, 0xe1, 0x0, 0xe2, 0xc,
    0x0, 0xf3, 0xe0, 0xe, 0x98, 0x7, 0xf0, 0xd1,
    0x3, 0x18, 0x7, 0x8f, 0x0, 0x74, 0xc0, 0x3e,
    0x2f, 0x50, 0xb, 0x88, 0x3, 0xc4, 0x40, 0x1d,
    0x30, 0xf, 0x70, 0x84, 0x50, 0x16, 0xb0, 0x80,
    0x5, 0xbc, 0x80, 0x3, 0xa6, 0x1, 0x90, 0xc2,
    0x9d, 0x68, 0x1, 0x38, 0x0, 0xc9, 0x10, 0xac,
    0x1, 0xd3, 0x0, 0xb0, 0x9, 0x40, 0xb, 0xaa,
    0x1, 0xe4, 0xd5, 0x3c, 0x1, 0xd3, 0x0, 0x8,
    0x38, 0x6, 0x2a, 0xea, 0x88, 0x57, 0x59, 0x0,
    0xf, 0x0, 0x74, 0x82, 0xda, 0x0, 0x3c, 0x2a,
    0xee, 0x51, 0x0, 0xe3, 0xc0, 0x1e, 0x2, 0x92,
    0x0, 0xff, 0xe3, 0x1e, 0x1d, 0x0,

    /* U+E517 "" */
    0x0, 0xfe, 0x4b, 0xb2, 0x80, 0x7f, 0xf1, 0x62,
    0xd1, 0x15, 0x20, 0x1f, 0xfc, 0x25, 0xd7, 0x0,
    0xcd, 0xcc, 0x1, 0xf9, 0x1a, 0x7a, 0x88, 0x10,
    0x0, 0x80, 0x33, 0xd2, 0xc8, 0x1, 0x65, 0xcb,
    0x8, 0x1e, 0x50, 0x2, 0x31, 0x0, 0x5a, 0x6f,
    0x45, 0x4c, 0x0, 0x4d, 0x98, 0x30, 0xc, 0x77,
    0xae, 0x60, 0x2, 0x63, 0x1, 0xfd, 0x93, 0x0,
    0xfc, 0x51, 0x9e, 0x61, 0xc0, 0x1f, 0xff, 0xf0,
    0xf, 0xff, 0xf8, 0x7, 0x84, 0x3, 0xff, 0x8e,
    0x60, 0x1f, 0xfc, 0x61, 0xe, 0x60, 0x1, 0x80,
    0x7f, 0xf0, 0x84, 0x80, 0x8c, 0x42, 0xc0, 0x3f,
    0xf8, 0x4e, 0x0, 0x40, 0x70, 0x71, 0x0, 0xff,
    0xe0, 0xc0, 0x20, 0x85, 0x80, 0x28, 0x3, 0xff,
    0x81, 0x22, 0x10, 0x0, 0x28, 0x4, 0xa0, 0xf,
    0xf4, 0x30, 0x31, 0x80, 0x4e, 0xa0, 0xb8, 0x40,
    0x1e, 0x1b, 0x70, 0x39, 0x0, 0xea, 0x60, 0x3d,
    0x92, 0x0, 0x34, 0x72, 0x2, 0x60, 0x7, 0xd3,
    0x62, 0xd, 0x80, 0xa, 0x70, 0x4, 0xd8, 0x7,
    0xf2, 0x7c, 0x8, 0x7, 0x37, 0x30, 0x7, 0xfc,
    0x2f, 0xd2, 0x87, 0x1d, 0x22, 0x1, 0xe0,

    /* U+E51E "" */
    0x0, 0xc5, 0x17, 0x98, 0x94, 0x0, 0xff, 0xe3,
    0xc6, 0xba, 0x19, 0x9a, 0xec, 0x20, 0x1f, 0xfc,
    0x4b, 0x70, 0x2, 0xbb, 0x10, 0x27, 0x90, 0x7,
    0xff, 0xa, 0x50, 0x17, 0xea, 0x27, 0x68, 0x7,
    0xc0, 0x3f, 0xf8, 0x24, 0xc0, 0xb4, 0x1, 0xcb,
    0x60, 0x4c, 0x1, 0xff, 0xc0, 0xa0, 0x5, 0x80,
    0x7c, 0x8a, 0x14, 0x1, 0xe8, 0x90, 0xc, 0x60,
    0xa2, 0x1, 0xfb, 0xc0, 0xc4, 0x3, 0x9d, 0xa8,
    0x2, 0x70, 0x20, 0xf, 0xe6, 0x0, 0x18, 0x7,
    0x40, 0x2b, 0x0, 0x4, 0x3, 0xff, 0x8a, 0xa6,
    0xe, 0x81, 0x60, 0x6, 0x2, 0x0, 0xff, 0xe1,
    0x25, 0x61, 0x4, 0x81, 0x20, 0x18, 0x20, 0x7,
    0xff, 0x9, 0x44, 0x24, 0x8, 0x81, 0xa1, 0x60,
    0x28, 0x1, 0xff, 0xc1, 0x18, 0x4, 0x0, 0x38,
    0x10, 0x19, 0x6, 0x80, 0x7f, 0xf0, 0x94, 0x0,
    0x40, 0x40, 0xe0, 0x4, 0x5, 0x0, 0xff, 0xe1,
    0x30, 0x0, 0xc0, 0x80, 0x37, 0x0, 0x80, 0x7e,
    0x70, 0x1, 0x80, 0x20, 0x8, 0x41, 0x81, 0x40,
    0x1e, 0x2, 0x1, 0x92, 0x5d, 0xd2, 0x2, 0x20,
    0x42, 0x9, 0x2, 0x30, 0xc0, 0x1, 0x83, 0x0,
    0x6a, 0x68, 0x81, 0x5, 0x0, 0x11, 0xe5, 0x2,
    0xc0, 0xa, 0x0, 0x40, 0xc0, 0xf, 0x8, 0x93,
    0x10, 0x2, 0x86, 0x5, 0x60, 0x80, 0x1, 0x80,
    0x14, 0x3, 0xd1, 0xd6, 0x60, 0x1f, 0x50, 0x1b,
    0x80, 0x14, 0x0, 0x60, 0x1f, 0xfc, 0x55, 0x3d,
    0x0, 0xb0, 0x10, 0x3, 0xff, 0x8d, 0x58, 0x20,
    0x13, 0x6, 0x0, 0x71, 0x81, 0x80, 0x7f, 0xf1,
    0x3a, 0x5c, 0x3, 0xbe, 0x54, 0x3, 0xff, 0x88,

    /* U+E529 "" */
    0x0, 0xff, 0xc, 0x66, 0x20, 0x40, 0x3f, 0xf8,
    0xc5, 0x3c, 0xe6, 0x67, 0xe9, 0x20, 0xf, 0xfe,
    0x12, 0x5e, 0xb0, 0x1, 0x94, 0x0, 0xdb, 0x68,
    0x1, 0xfe, 0x5c, 0xb4, 0x1, 0x8e, 0x9a, 0xe7,
    0x10, 0x4b, 0xc5, 0x0, 0xf3, 0x6d, 0x18, 0x14,
    0xf3, 0x88, 0x0, 0x63, 0xa4, 0x80, 0xeb, 0x58,
    0x0, 0x5d, 0x24, 0x7, 0x5a, 0xc0, 0x1f, 0x9b,
    0x68, 0xc0, 0xa7, 0x8a, 0x4, 0x17, 0x30, 0xa0,
    0x1f, 0xfc, 0x5, 0xcc, 0x20, 0xc, 0x88, 0xe,
    0x18, 0x7, 0xff, 0x10, 0xf4, 0x41, 0xf8, 0x6,
    0x7a, 0x4, 0x3, 0xff, 0x80, 0x2f, 0xd2, 0x21,
    0x2b, 0x88, 0x2, 0xfd, 0x24, 0x1, 0xf8, 0xa7,
    0xa0, 0x41, 0x31, 0x40, 0xef, 0x58, 0x0, 0xdb,
    0x66, 0x1, 0x8e, 0xb5, 0x80, 0xb, 0xb6, 0x60,
    0x1, 0x2, 0x9e, 0x71, 0x4, 0xcc, 0x2a, 0xb3,
    0xa, 0x0, 0x7e, 0xa2, 0x2, 0xa, 0xe4, 0x0,
    0xc, 0x74, 0x90, 0x1d, 0x50, 0xc0, 0x63, 0xe0,
    0x40, 0xb, 0xb4, 0x21, 0x72, 0x40, 0x13, 0x6d,
    0x18, 0x0, 0xeb, 0x9c, 0x2, 0x28, 0xa0, 0x18,
    0x10, 0x6d, 0xa3, 0x0, 0x97, 0x3f, 0xd8, 0xa0,
    0x11, 0xd6, 0xb8, 0x2, 0xf, 0xdc, 0x41, 0x73,
    0xa, 0x1, 0xf9, 0x33, 0xa, 0x0, 0x7e, 0x30,
    0x18, 0xe8, 0x10, 0x3a, 0xd6, 0x0, 0xcd, 0xb6,
    0x60, 0x31, 0xf0, 0x20, 0x28, 0x0, 0x7e, 0xa3,
    0x2, 0x9e, 0x88, 0x74, 0x90, 0x15, 0x73, 0x80,
    0x10, 0x6a, 0xdc, 0x2, 0x5c, 0xb4, 0x1, 0x77,
    0x8, 0x25, 0xea, 0x80, 0x4f, 0x74, 0x21, 0x16,
    0x80, 0x12, 0x5e, 0xb1, 0x11, 0xb6, 0xd0, 0x2,
    0x4b, 0x80, 0x18, 0x20, 0x4b, 0xd5, 0x0, 0x8a,
    0x77, 0x52, 0x40, 0x12, 0xed, 0xa0, 0x14, 0x16,
    0xc9, 0x1, 0x57, 0x38, 0x7, 0xe7, 0xea, 0x20,
    0x2a, 0xd2, 0x0, 0x36, 0xda, 0x0, 0xc7, 0xc0,
    0x80, 0x6, 0x3e, 0x4, 0x12, 0xf5, 0x40, 0x3c,
    0x97, 0x8a, 0x0, 0x7e, 0xaa, 0x73, 0x80, 0x17,
    0x2d, 0x0, 0x3f, 0xc7, 0x5c, 0xe2, 0xa, 0xa0,
    0x3, 0x75, 0x18, 0x7, 0xff, 0x8, 0x63, 0xa5,
    0x11, 0x1d, 0x22, 0x1, 0xf8,

    /* U+E543 "" */
    0x6b, 0x30, 0xf, 0xe9, 0x90, 0x7, 0xff, 0x2,
    0x93, 0x4c, 0x3, 0xe2, 0x66, 0x10, 0x7, 0xfd,
    0xe0, 0x3a, 0x60, 0x1c, 0x6a, 0x0, 0x53, 0x0,
    0xff, 0x1e, 0x0, 0xe1, 0x80, 0x4f, 0x90, 0x0,
    0x8c, 0xfb, 0x40, 0xf, 0xc7, 0x80, 0xc, 0x30,
    0x0, 0x80, 0x8, 0x40, 0x24, 0xbb, 0x10, 0x7,
    0xc7, 0x80, 0xc, 0x30, 0x6f, 0xf6, 0xf7, 0xec,
    0x10, 0x26, 0xa8, 0x7, 0xca, 0x1, 0x61, 0x80,
    0x78, 0x9f, 0x64, 0x1, 0x4c, 0x1, 0xc9, 0x20,
    0x40, 0xc, 0x30, 0xf, 0xcd, 0xa4, 0x12, 0x80,
    0x10, 0xd0, 0x16, 0x60, 0x1, 0x86, 0x1, 0xf8,
    0xb0, 0x82, 0x84, 0x1, 0x2, 0x1e, 0x27, 0x80,
    0xc, 0x30, 0xf, 0xc3, 0xe0, 0x30, 0x2, 0xc1,
    0x4, 0x0, 0x3c, 0x0, 0x61, 0x80, 0x7e, 0x27,
    0x6, 0x16, 0x0, 0x38, 0x6, 0x3c, 0x0, 0x61,
    0x80, 0x7e, 0x90, 0x3, 0x60, 0x28, 0x7, 0x8f,
    0x0, 0x18, 0x60, 0x1f, 0xa, 0x86, 0x0, 0x17,
    0xff, 0xec, 0x0, 0xb0, 0xc0, 0x22, 0xef, 0xf2,
    0x80, 0x20, 0x3, 0xff, 0x85, 0x86, 0x0, 0x61,
    0x0, 0xd0, 0x7d, 0x75, 0x5f, 0xa0, 0x3, 0x69,
    0x82, 0x5d, 0x55, 0xc6, 0x2, 0x8a, 0xbf, 0xc0,
    0x9, 0x1, 0xd3, 0x4, 0x55, 0x84, 0x3, 0xff,
    0x86, 0x98, 0x3, 0xa6, 0x1, 0xff, 0xc9, 0x3c,
    0x1, 0xd3, 0x0, 0xff, 0xe4, 0x9e, 0x0, 0xe9,
    0x80, 0x7f, 0xf2, 0x4f, 0x0, 0x74, 0xc0, 0x3f,
    0xf8, 0xe5, 0x8b, 0x80, 0x3a, 0x60, 0x1f, 0xfc,
    0x41, 0xa, 0x3a, 0x3c, 0x1, 0xd3, 0x0, 0xff,
    0xe0, 0x10, 0x87, 0x4b, 0x82, 0x81, 0xe0, 0xe,
    0x90, 0x7, 0xff, 0x2, 0xc0, 0x98, 0x6, 0x0,
    0x7, 0x82, 0x29, 0x0, 0xff, 0xe0, 0x2d, 0xa1,
    0xb7, 0x88, 0x4, 0x7a, 0x7a,

    /* U+E55A "" */
    0x0, 0xff, 0x4a, 0x0, 0x7f, 0xf2, 0xd5, 0xa8,
    0x3, 0xff, 0xaa, 0x62, 0x1, 0xfe, 0x10, 0xf,
    0xfe, 0x1, 0x67, 0x80, 0x7f, 0x17, 0x68, 0x7,
    0xfc, 0x20, 0x20, 0x1f, 0xc2, 0x4, 0x1, 0xff,
    0xd5, 0x6b, 0x10, 0xf, 0xfe, 0x5c, 0x23, 0x80,
    0x7f, 0x1b, 0x0, 0x7f, 0xf2, 0x98, 0xba, 0x54,
    0x3, 0xff, 0x90, 0xb3, 0xe4, 0x6, 0x1, 0xff,
    0xc8, 0x30, 0x20, 0xf, 0xff, 0x41, 0x1, 0x0,
    0x7f, 0xf2, 0x8, 0xb, 0x30, 0x80, 0x1f, 0xfc,
    0x84, 0xcc, 0x9, 0x80, 0x7f, 0xf0, 0x8c, 0x3,
    0xe3, 0x10, 0xf, 0xfe, 0x15, 0x3a, 0x80, 0x7f,
    0xf2, 0xd2, 0x0, 0x3f, 0xf8, 0x44, 0x44, 0x0,
    0xff, 0xe5, 0x8e, 0xd8, 0x7, 0xfc, 0x40, 0x40,
    0x1f, 0xfc, 0xb1, 0xed, 0x0, 0xff, 0xe6, 0x8,
    0x7, 0xff, 0x75, 0x5a, 0xc0, 0x3f, 0xf8, 0x40,

    /* U+E55D "" */
    0x6c, 0x20, 0xf, 0xfe, 0x41, 0xe3, 0x51, 0xe1,
    0x80, 0x7f, 0xf1, 0x8f, 0x4e, 0xbc, 0x7, 0x4c,
    0x3, 0x12, 0x33, 0xb9, 0x94, 0xc0, 0x31, 0xe8,
    0x87, 0x9e, 0x0, 0xe2, 0xc6, 0xfe, 0xdc, 0xc4,
    0x26, 0xb3, 0xf6, 0x17, 0x4, 0x30, 0xc0, 0xf0,
    0x1, 0x4e, 0x40, 0x10, 0x91, 0x4, 0x2, 0x27,
    0xa0, 0x6, 0x18, 0x5, 0x40, 0x19, 0x2b, 0x7f,
    0xb7, 0x5d, 0xfb, 0x48, 0x1, 0xa8, 0x2, 0x96,
    0x2, 0x10, 0x46, 0x20, 0xf, 0x13, 0x20, 0x9,
    0x3, 0x48, 0x23, 0x2, 0xee, 0x84, 0x30, 0xc0,
    0x3c, 0x78, 0x3, 0xba, 0x50, 0x64, 0xe0, 0x3a,
    0x3, 0xd1, 0xc, 0x30, 0xc, 0x78, 0x3, 0xa6,
    0x14, 0x61, 0xce, 0x8, 0x1, 0x1e, 0x88, 0x61,
    0x80, 0xf, 0x0, 0x74, 0xc0, 0x24, 0x7, 0x0,
    0x28, 0x6, 0x3d, 0x10, 0xf0, 0x7, 0x80, 0xe9,
    0x80, 0x65, 0x0, 0xc5, 0x40, 0x18, 0xf1, 0x28,
    0x1, 0x49, 0xa6, 0x1, 0xa8, 0x80, 0x39, 0x75,
    0x40, 0x22, 0xb6, 0x0, 0x35, 0x98, 0x4, 0xba,
    0xa0, 0x1c, 0x20, 0x55, 0xd2, 0xa4, 0x1, 0xe2,
    0x59, 0xea, 0x20, 0x10, 0xc, 0xd8, 0x60, 0x2d,
    0x5b, 0xfe, 0xee, 0x7f, 0xb6, 0x98, 0x40, 0xed,
    0x80, 0x37, 0x9e, 0x60, 0x3, 0xc2, 0x20, 0xf,
    0x66, 0x10, 0x3, 0xf1, 0x80, 0x27, 0x29, 0xc0,
    0xf, 0x59, 0x20, 0x3, 0x0, 0xfb, 0xc0, 0x38,
    0xcc, 0xb4, 0x0, 0xa5, 0x33, 0x0, 0x7f, 0xf5,
    0x98, 0x8, 0x3, 0xff, 0x90, 0x40, 0xd8, 0xa,
    0xa0, 0xf, 0xfe, 0x32, 0xa8, 0x31, 0xc8, 0x2a,
    0x4, 0x3, 0xff, 0x84, 0x31, 0x40, 0x4e, 0x1e,
    0x40, 0xfc, 0x1, 0xff, 0xc2, 0xe7, 0x2, 0xf0,
    0x1, 0x6b, 0x0, 0x6a, 0xca, 0xb0, 0x5, 0xd6,
    0x50, 0x6, 0x6d, 0x20, 0xd, 0x3a, 0xe4, 0x0,
    0x35, 0x60, 0x3, 0x29, 0x80, 0x9, 0xf6, 0x40,
    0x3e, 0x28, 0xdd, 0x4b, 0xa9, 0x91, 0xd, 0x5e,
    0xb7, 0x50, 0x40, 0x18,

    /* U+E55E "" */
    0x0, 0x3e, 0xf7, 0xff, 0xdd, 0xcb, 0x30, 0xf,
    0xaa, 0x8, 0x40, 0x3e, 0x11, 0x26, 0x28, 0x7,
    0x1a, 0x82, 0xcc, 0xfe, 0x0, 0xd4, 0xa0, 0x19,
    0x40, 0x14, 0xcd, 0xf8, 0x41, 0xc8, 0x29, 0x40,
    0x3f, 0xf8, 0xbd, 0x84, 0x14, 0xa0, 0x1f, 0xfc,
    0x51, 0xc2, 0xa, 0x40, 0xf, 0xfe, 0x28, 0xe1,
    0x5, 0x0, 0x7f, 0xf0, 0x4c, 0x27, 0xfd, 0xc4,
    0x2, 0xa0, 0x1f, 0xfc, 0x8, 0x0, 0xfc, 0x60,
    0x1f, 0xfc, 0x5, 0xd9, 0x9e, 0x0, 0xff, 0xe2,
    0x13, 0x37, 0x8, 0x7, 0xff, 0x9e, 0x7a, 0x4,
    0x3, 0xff, 0x8c, 0xe2, 0xfd, 0x2, 0x1, 0xff,
    0xc1, 0x10, 0x0, 0x80, 0x4f, 0xa0, 0x1f, 0xf2,
    0x13, 0x0, 0x67, 0x60, 0x50, 0xf, 0xf8, 0xb6,
    0x0, 0x37, 0x4f, 0xc8, 0x7, 0xff, 0x8, 0x40,
    0x3f, 0xf8, 0xe5, 0x9d, 0xe0, 0x1f, 0xfc, 0x51,
    0xc3, 0x0, 0xff, 0xe3, 0xb0, 0x84, 0x50, 0x7,
    0xff, 0x17, 0xc0, 0xe, 0xa4, 0x6, 0x1, 0xff,
    0x8, 0x3, 0x40, 0x17, 0x24, 0xe, 0x2, 0xce,
    0xff, 0x58, 0x1, 0x14, 0xc1, 0x18, 0x1c, 0x82,
    0x26, 0x23, 0xe4, 0x6, 0x20, 0xc7, 0x23, 0x88,
    0x0, 0x34, 0x84, 0x71, 0x14, 0x71, 0x20,

    /* U+E55F "" */
    0x0, 0xff, 0xe4, 0x3e, 0x48, 0x80, 0x7f, 0xf2,
    0x6a, 0xd, 0xb0, 0x40, 0x3f, 0xf8, 0xf2, 0xa0,
    0x60, 0x58, 0x20, 0x1f, 0xfc, 0x51, 0x60, 0x5c,
    0x90, 0x28, 0x0, 0xff, 0xe2, 0xa0, 0x2, 0x81,
    0x8c, 0x14, 0x3, 0xff, 0x95, 0x46, 0x16, 0x1,
    0xff, 0xc5, 0x20, 0x7, 0xf9, 0x41, 0x9c, 0x3,
    0xf8, 0xa7, 0x31, 0x28, 0x7, 0x0, 0x1c, 0xf2,
    0x1, 0xfc, 0xda, 0xc6, 0x66, 0xbc, 0xc0, 0x2,
    0x2a, 0x9b, 0x0, 0x1f, 0xc7, 0x20, 0x2c, 0xc1,
    0x3, 0x0, 0x63, 0xaa, 0x88, 0x3, 0xfd, 0x20,
    0x3f, 0x32, 0xd0, 0x8, 0xcc, 0x1, 0xff, 0xc0,
    0x15, 0x50, 0x48, 0x81, 0xe8, 0x4, 0x68, 0x1,
    0xfc, 0x33, 0xdc, 0xa0, 0x17, 0x1, 0xd1, 0x16,
    0x8, 0x68, 0x7, 0xe2, 0xf6, 0x10, 0x1, 0xe0,
    0x0, 0xc4, 0x5a, 0x6e, 0xa, 0x1, 0xfb, 0xc4,
    0x1b, 0x3b, 0x8, 0x0, 0x5b, 0xe6, 0x1, 0xff,
    0x31, 0x5, 0x49, 0x88, 0x7, 0x10, 0x80, 0xb8,
    0x28, 0x7, 0xd8, 0x6, 0xa0, 0x88, 0x0, 0xf9,
    0xbc, 0x42, 0x80, 0x3e, 0x70, 0x50, 0x1b, 0xb3,
    0x80, 0x62, 0xe9, 0x10, 0x93, 0x0, 0xf9, 0x80,
    0x21, 0x30, 0x87, 0x0, 0xb8, 0x41, 0x31, 0x80,
    0x3f, 0x10, 0x20, 0x3, 0xc, 0x21, 0x0, 0x4c,
    0x2a, 0xcc, 0x3, 0xfb, 0x40, 0x90, 0x1, 0x86,
    0x1, 0x28, 0x1, 0x0, 0x3f, 0xe4, 0x20, 0x91,
    0x0, 0x67, 0x20, 0x60, 0x8, 0x80, 0x3f, 0xf8,
    0x1c, 0x5, 0x86, 0x0, 0x10, 0x47, 0x7, 0x0,
    0xff, 0xe0, 0x9d, 0x1, 0x66, 0x22, 0x17, 0x60,
    0x18, 0x0, 0xff, 0xe1, 0x2d, 0x90, 0x1b, 0xb9,
    0x0, 0xb0, 0x40, 0x3f, 0xf8, 0x69, 0xb4, 0xa6,
    0x49, 0x3a, 0x40, 0x1f, 0xfc, 0x10,

    /* U+E561 "" */
    0x0, 0xf0, 0xab, 0xc3, 0xa0, 0x7, 0xff, 0x18,
    0xef, 0xaa, 0x1e, 0x2f, 0xa0, 0x3, 0xff, 0x87,
    0x18, 0x80, 0x1, 0x20, 0x0, 0xbe, 0x90, 0x7,
    0xff, 0x2, 0x1c, 0x6, 0x7b, 0x9b, 0xf8, 0xa0,
    0x58, 0x40, 0x1f, 0xe5, 0x70, 0x4e, 0x61, 0x0,
    0x8e, 0xac, 0x7, 0xc0, 0x3f, 0xd6, 0x7, 0x60,
    0x1f, 0x92, 0xc0, 0x9c, 0x3, 0xf3, 0x8, 0x70,
    0x7, 0xf9, 0x14, 0x24, 0x40, 0x3e, 0xd0, 0x42,
    0x0, 0xff, 0xa0, 0x7, 0x48, 0x3, 0xca, 0x18,
    0x1, 0xff, 0xc0, 0x29, 0x3, 0xde, 0xb7, 0x0,
    0x84, 0x8, 0x3, 0xff, 0x82, 0xd2, 0x20, 0x29,
    0x1c, 0x60, 0x1f, 0xfc, 0x66, 0xeb, 0x96, 0x1,
    0xd1, 0x0, 0xff, 0xe3, 0xa3, 0x4e, 0x0, 0xc8,
    0x7, 0xff, 0x28, 0xd8, 0x14, 0x3, 0xff, 0x97,
    0xe0, 0x60, 0x1f, 0xfd, 0xa, 0xff, 0xff, 0xe4,
    0x48, 0x8, 0x7, 0xff, 0x41, 0x65, 0x80, 0x13,
    0x25, 0x0, 0x4c, 0x80, 0xb, 0x2c, 0x0, 0x99,
    0x28, 0x6, 0xc6, 0xd0, 0x3, 0x33, 0x0, 0xc,
    0xc0, 0x7, 0xb6, 0x80, 0x19, 0x98, 0x1, 0xff,
    0xc1, 0x10, 0xf, 0xff, 0x2, 0x89, 0x80, 0x14,
    0x10, 0x0, 0x80, 0xe0, 0xa2, 0x60, 0x18, 0x40,
    0x30, 0xf6, 0x0, 0xf, 0xe8, 0x1, 0x7e, 0x40,
    0x3d, 0x80, 0x1f, 0xfd, 0x1, 0x0, 0x20, 0x43,
    0x37, 0x95, 0x7f, 0x33, 0x73, 0xc8, 0x2c, 0x0,
    0xcc, 0xfa, 0xab, 0xf4, 0xcf, 0x40, 0x84, 0x1e,
    0x18, 0x7, 0xff, 0x21, 0x30, 0xc0,

    /* U+E590 "" */
    0x2, 0xae, 0xeb, 0xff, 0xfe, 0xee, 0xb1, 0xc0,
    0x5, 0xaa, 0x23, 0x0, 0x7f, 0xc2, 0x31, 0xc5,
    0x4, 0x0, 0xc4, 0xcf, 0xff, 0x11, 0x41, 0x4d,
    0xc2, 0x5d, 0x9b, 0xff, 0x89, 0x40, 0x5, 0x0,
    0x79, 0x98, 0x3, 0xff, 0x80, 0x20, 0x10, 0x80,
    0x67, 0xcc, 0x80, 0x3f, 0xcb, 0xd2, 0x1, 0xfe,
    0x70, 0xf, 0xfe, 0x44, 0x77, 0x2c, 0x2, 0x5b,
    0xdd, 0x52, 0x82, 0xf4, 0x80, 0x7c, 0x23, 0x0,
    0xf, 0x69, 0x8, 0x8b, 0x5a, 0x62, 0x1, 0xff,
    0xc0, 0x3c, 0x20, 0x17, 0x71, 0x1, 0x61, 0x80,
    0x7f, 0xf0, 0x34, 0x2, 0xa8, 0x86, 0xc8, 0x3,
    0x40, 0x3f, 0xe7, 0x10, 0x9, 0x80, 0x26, 0x80,
    0x17, 0x0, 0xff, 0x58, 0x38, 0x2, 0x4, 0x2,
    0x71, 0xb, 0x0, 0xff, 0x18, 0x5b, 0x2, 0xf7,
    0x24, 0x41, 0x0, 0xc0, 0x3f, 0xf8, 0x3, 0x2c,
    0x0, 0x16, 0xc0, 0x30, 0xf, 0xfe, 0x1, 0x3,
    0x84, 0xf5, 0x38, 0x14, 0x28, 0x10, 0x7, 0xf9,
    0x2, 0x40, 0x2, 0xb0, 0xa0, 0xc6, 0x8, 0x1,
    0xfe, 0xb0, 0x39, 0x0, 0xc6, 0x2, 0x0, 0xb0,
    0xf, 0xf1, 0x40, 0x36, 0x31, 0xb3, 0x0, 0x28,
    0x20, 0xf, 0xf9, 0xe0, 0xe, 0x72, 0x40, 0x28,
    0x70, 0xf, 0xfe, 0xb, 0xe2, 0x80, 0x65, 0xc7,
    0x0, 0xfe, 0x10, 0xe, 0x3a, 0xfd, 0xd7, 0xd1,
    0x80, 0x7f, 0xbc, 0x3, 0xf1, 0x10, 0x3, 0xf0,
    0x80, 0x1c, 0x19, 0xd9, 0xbf, 0xf8, 0x94, 0x0,
    0x58, 0x1, 0x89, 0x9f, 0xfe, 0x22, 0x82, 0x99,
    0x62, 0x8, 0xc0, 0x1f, 0xfc, 0x1, 0x11, 0x45,
    0x0,

    /* U+E595 "" */
    0x0, 0xcf, 0xbd, 0xcf, 0xff, 0xf7, 0x73, 0x60,
    0x3, 0xaa, 0x8, 0x44, 0x1, 0xfe, 0x11, 0x13,
    0xd8, 0x4, 0x6a, 0xb, 0x33, 0xfe, 0x50, 0x4,
    0xa8, 0x21, 0x80, 0x14, 0x1, 0x4c, 0xdf, 0xec,
    0x1, 0x6a, 0x0, 0x28, 0x17, 0x0, 0x90, 0x80,
    0x7f, 0xf0, 0x84, 0x1, 0x3a, 0xe0, 0x3b, 0xe2,
    0x1, 0xff, 0xca, 0x10, 0xf, 0xfe, 0x2c, 0xeb,
    0x80, 0xef, 0x8, 0x7, 0xff, 0xc, 0x40, 0xb8,
    0x0, 0x42, 0x1, 0xff, 0xc5, 0x27, 0xd0, 0x17,
    0x50, 0xf, 0xfe, 0x2c, 0xc2, 0x0, 0x22, 0x88,
    0x3, 0xff, 0x89, 0xc4, 0x20, 0x2, 0x52, 0x0,
    0xff, 0xe2, 0x2e, 0xc0, 0xe, 0xd0, 0x7, 0xff,
    0x75, 0x76, 0x40, 0x7a, 0xc0, 0x3f, 0xf8, 0xbc,
    0x40, 0x10, 0xa1, 0x0, 0x7f, 0xf1, 0x2a, 0x10,
    0x1, 0x14, 0x40, 0x1f, 0xfc, 0x41, 0x7d, 0x1,
    0x75, 0x0, 0xff, 0xe3, 0x17, 0x0, 0x8, 0x40,
    0x3f, 0xf8, 0xb3, 0xae, 0x3, 0xbe, 0x20, 0x1f,
    0xfc, 0x31, 0x0, 0xf0, 0x80, 0x7f, 0xf1, 0x67,
    0x5c, 0x7, 0x78, 0x40, 0x3f, 0xf8, 0xa5, 0xc0,
    0x24, 0x20, 0x1f, 0xfc, 0x75, 0x0, 0x4b, 0x37,
    0xfb, 0x0, 0x5a, 0x44, 0x14, 0x0, 0x68, 0xd,
    0x33, 0xfe, 0x50, 0x4, 0xb0, 0x21, 0x80, 0x56,
    0xc2, 0x1, 0xff, 0xc2, 0x17, 0xb0,

    /* U+E59D "" */
    0x0, 0xfe, 0x48, 0xac, 0xba, 0x74, 0x0, 0xff,
    0xe1, 0x8c, 0x7d, 0xba, 0x9a, 0x2c, 0x5f, 0x40,
    0x7, 0xff, 0x1, 0x3d, 0xc0, 0x39, 0x14, 0x80,
    0x5f, 0x90, 0x3, 0xfa, 0x2c, 0x41, 0xb4, 0xc0,
    0xae, 0xb7, 0x4c, 0x3, 0x6e, 0x1, 0xf3, 0xb8,
    0xb, 0x64, 0xc, 0x20, 0x2, 0x29, 0xd3, 0x8,
    0x80, 0x7, 0x2c, 0x2, 0x69, 0x2, 0x0, 0x14,
    0x3, 0x8b, 0x10, 0x1d, 0x0, 0x21, 0xb0, 0x3b,
    0x0, 0xb8, 0xc, 0x3, 0xf5, 0x98, 0x50, 0x80,
    0x24, 0x43, 0x80, 0x30, 0x80, 0x7f, 0xdc, 0x3,
    0x20, 0x7, 0x6, 0x20, 0xd, 0xc0, 0x40, 0x1f,
    0xc4, 0xe0, 0xe0, 0xa0, 0xb, 0x0, 0xe3, 0x1,
    0x20, 0xf, 0xea, 0x0, 0x26, 0x81, 0x10, 0x3,
    0x90, 0x42, 0xc0, 0x3f, 0x88, 0x81, 0x86, 0xe,
    0x1, 0xf3, 0x3, 0x20, 0x7, 0xf3, 0x81, 0xb0,
    0x18, 0x7, 0xd0, 0x41, 0x68, 0x1, 0xfe, 0x70,
    0x0, 0x80, 0x7e, 0xf1, 0xb, 0x92, 0x0, 0xc9,
    0x8a, 0x0, 0x60, 0x20, 0xf, 0xc5, 0x84, 0xd,
    0xbd, 0x98, 0xfb, 0x30, 0x3, 0x18, 0x38, 0x7,
    0xf1, 0x6b, 0x88, 0x9, 0x98, 0x0, 0x40, 0x2,
    0xd0, 0x22, 0x0, 0x7f, 0xa3, 0xad, 0xd9, 0x91,
    0x98, 0x0, 0x62, 0x80, 0x28, 0x3, 0xff, 0x80,
    0x91, 0x32, 0x73, 0x90, 0x2, 0x3, 0x3, 0x90,
    0x7, 0xff, 0x10, 0x5c, 0x18, 0x1, 0x0, 0xe,
    0x0, 0xff, 0xe2, 0x68, 0x2, 0x0, 0x3, 0x20,
    0x74, 0x1, 0xff, 0xc2, 0xa3, 0x9, 0x10, 0x9,
    0x94, 0x17, 0x4, 0x3, 0xfc, 0x36, 0xa0, 0xec,
    0x1, 0xd4, 0xa0, 0x7d, 0x2, 0x1, 0xe1, 0x7e,
    0x40, 0x68, 0x0, 0xfa, 0xa4, 0x0, 0xfd, 0xb3,
    0x10, 0x9c, 0xe8, 0x0, 0x4c, 0x80, 0x3f, 0x9b,
    0x58, 0x0, 0x4c, 0xee, 0x63, 0x0, 0x37, 0x30,
    0x7, 0xfc, 0x53, 0xd4, 0xc8, 0x44, 0x46, 0xaf,
    0x91, 0x0, 0xf0,

    /* U+E5B9 "" */
    0x0, 0xff, 0xe0, 0x93, 0x30, 0xc0, 0x55, 0x90,
    0x3, 0xff, 0x8b, 0x3b, 0x32, 0xcc, 0x75, 0x4d,
    0xe9, 0x0, 0x7f, 0xf0, 0xa5, 0x80, 0x2, 0x6,
    0x0, 0x10, 0x2f, 0x0, 0xff, 0xe0, 0x8b, 0x2,
    0xff, 0x40, 0x2f, 0x72, 0x80, 0x98, 0x3, 0xff,
    0x80, 0xa0, 0xb, 0x0, 0x3f, 0xd0, 0x82, 0x98,
    0x78, 0x7, 0xff, 0xc, 0xc0, 0x3f, 0x8, 0x7,
    0xff, 0x9, 0x0, 0x10, 0x1, 0xf2, 0x90, 0x68,
    0x7, 0xff, 0x6, 0x1, 0x5c, 0x3, 0x8e, 0x80,
    0x50, 0x3, 0xfe, 0x35, 0x10, 0x4, 0x40, 0x2,
    0x4c, 0x0, 0xe, 0x0, 0x7f, 0xab, 0x2a, 0x40,
    0x27, 0x90, 0x5b, 0x0, 0x18, 0x1c, 0x0, 0x7e,
    0xb5, 0x0, 0xf9, 0xb2, 0x80, 0xb7, 0x18, 0x10,
    0x3, 0xec, 0x40, 0x5f, 0xfe, 0x20, 0x30, 0x3c,
    0x20, 0x20, 0xf, 0x87, 0xc, 0x1a, 0x80, 0x3f,
    0x26, 0x8, 0x52, 0x5, 0x0, 0x61, 0xc3, 0x7,
    0x90, 0x1c, 0xef, 0xf1, 0x2, 0xd8, 0x2, 0xd4,
    0x19, 0x80, 0xb4, 0x98, 0x41, 0x10, 0x0, 0x29,
    0x88, 0x4, 0xf4, 0x0, 0xb4, 0x6, 0x90, 0x4,
    0xad, 0x90, 0x4b, 0x80, 0x49, 0x53, 0x37, 0x40,
    0xe, 0x20, 0x3c, 0x80, 0x50, 0x1, 0x43, 0x0,
    0x72, 0xb3, 0x42, 0x3, 0x86, 0x11, 0x0, 0xc,
    0x96, 0x0, 0xa1, 0x0, 0xc2, 0x45, 0xcd, 0xe4,
    0x12, 0xe0, 0x1e, 0x4b, 0x2, 0xc1, 0x6, 0xee,
    0x6e, 0xf4, 0x88, 0x53, 0x0, 0x7e, 0x4b, 0x2,
    0xc8, 0x91, 0x0, 0xf9, 0x31, 0x40, 0x3f, 0xc9,
    0x60, 0x4e, 0x7, 0x9b, 0xbd, 0xf6, 0x60, 0x1f,
    0xfc, 0x4, 0xa0, 0xb, 0x8c, 0x8b, 0x80, 0x3f,
    0xf8, 0x8b, 0x40, 0x4, 0x0, 0xff, 0xe5, 0xad,
    0xb3, 0x80, 0x7f, 0xf1, 0x40,

    /* U+E5BB "" */
    0x0, 0x1b, 0x37, 0xf9, 0x40, 0x3f, 0xf8, 0x35,
    0x93, 0x3f, 0xea, 0xe4, 0x0, 0xff, 0x42, 0x80,
    0x4, 0x7f, 0x80, 0x68, 0x3, 0xfc, 0xa0, 0xbf,
    0xdd, 0xfd, 0x80, 0x2a, 0x1, 0xfc, 0x61, 0x80,
    0x1f, 0xe3, 0x0, 0x18, 0x7, 0xff, 0x11, 0xec,
    0x40, 0x3d, 0x19, 0x68, 0x1, 0xff, 0xc1, 0x94,
    0x70, 0xf, 0x9, 0xa5, 0x90, 0x7, 0xf9, 0x5c,
    0x43, 0x5c, 0x40, 0x32, 0x40, 0x84, 0x80, 0x7f,
    0x15, 0x40, 0x1, 0x22, 0xc0, 0x36, 0xbc, 0x82,
    0x18, 0x7, 0xe2, 0x42, 0x0, 0x9, 0x70, 0x7,
    0x9c, 0x42, 0x0, 0x3f, 0xaf, 0x40, 0x11, 0xa8,
    0x1, 0xf4, 0x2, 0x63, 0x8, 0x7, 0xe4, 0x5,
    0x0, 0xfe, 0x63, 0x3, 0x9e, 0x40, 0xf, 0xaf,
    0x8c, 0x3, 0xfd, 0x94, 0xa0, 0x9, 0x0, 0xfc,
    0x20, 0x1f, 0xfc, 0x5, 0xa9, 0x3, 0x0, 0xe1,
    0x66, 0x10, 0x7, 0xe3, 0x76, 0x10, 0xf, 0xe5,
    0xe9, 0x96, 0xb8, 0x7, 0xa3, 0x22, 0x79, 0x0,
    0x3c, 0x27, 0x40, 0x1, 0x8, 0x42, 0x28, 0x0,
    0x20, 0x20, 0xb, 0x31, 0x0, 0x10, 0x46, 0x0,
    0x3b, 0xc4, 0x2f, 0x76, 0x0, 0x8f, 0xb0, 0x1,
    0x90, 0x5, 0xe2, 0x1, 0xc2, 0x1, 0xff, 0xc4,
    0x1f, 0x3e, 0xdc, 0x0, 0x77, 0x4, 0x2f, 0x77,
    0x48, 0x1f, 0x60, 0x3, 0x75, 0xc6, 0x0, 0x23,
    0xa0, 0x0, 0x84, 0xa1, 0x16, 0x66, 0x0, 0x80,
    0x2c, 0x88, 0x1, 0xe5, 0xe9, 0x96, 0xb0, 0x7,
    0xa7, 0x22, 0x79, 0x0, 0x30,

    /* U+E5C0 "" */
    0x2, 0x92, 0x0, 0xfe, 0x58, 0xa9, 0x61, 0x0,
    0x92, 0x44, 0x1, 0xd, 0xce, 0xff, 0x47, 0x53,
    0xab, 0x4f, 0x49, 0x12, 0x99, 0xc0, 0x2, 0x7,
    0x11, 0xf3, 0x88, 0xa, 0x18, 0x1, 0xb7, 0x42,
    0x1c, 0x0, 0x60, 0x12, 0x2e, 0x0, 0x8f, 0x7a,
    0xf3, 0xe0, 0x3, 0x88, 0x0, 0x41, 0x1b, 0xb9,
    0xc0, 0xd, 0x84, 0x1, 0x9f, 0xf3, 0x54, 0x4,
    0x3, 0x10, 0x5, 0x4a, 0xd, 0x20, 0x1f, 0x8c,
    0x88, 0xc, 0x4, 0x0, 0x70, 0x3, 0xa8, 0x2c,
    0x80, 0x7f, 0xdc, 0x6, 0x2, 0x0, 0x10, 0x4,
    0x2, 0x50, 0x1, 0x73, 0xb6, 0x0, 0x38, 0xc0,
    0x41, 0x80, 0x4, 0x2, 0x0, 0xf0, 0x5, 0x50,
    0xc4, 0x9f, 0x44, 0x2, 0x60, 0x0, 0x98, 0x6,
    0x10, 0x7, 0xa5, 0xa8, 0x24, 0xb0, 0x16, 0x8,
    0x0, 0x40, 0x5, 0xc0, 0x40, 0x13, 0x82, 0x5a,
    0x3, 0x5b, 0x4d, 0x1, 0x60, 0x81, 0x0, 0x1c,
    0x40, 0x40, 0x28, 0x70, 0xa, 0x24, 0x2, 0x5a,
    0x2, 0xc1, 0x0, 0x88, 0x80, 0xc0, 0x1a, 0x3f,
    0xbd, 0xc0, 0x39, 0x68, 0xb, 0x4, 0x80, 0x5c,
    0xc, 0x3, 0xc2, 0x1, 0x9e, 0xc4, 0x16, 0x80,
    0xbc, 0x83, 0xc0, 0xc, 0x60, 0x1f, 0xe9, 0x4c,
    0x10, 0x59, 0x1, 0x0, 0xbc, 0x1, 0x86, 0x1,
    0xfd, 0x40, 0x58, 0x40, 0xc0, 0x4, 0x89, 0x3c,
    0x0, 0x61, 0x80, 0x71, 0x88, 0x25, 0x1, 0x62,
    0x38, 0x3, 0xdc, 0x40, 0xf0, 0x1, 0xa6, 0x1,
    0x26, 0x79, 0x2, 0xc8, 0xd, 0xc0, 0x1a, 0x0,
    0x63, 0xc0, 0x1d, 0x30, 0x3, 0x0, 0xe1, 0x3,
    0x0, 0x65, 0xd0, 0xf, 0x1e, 0x0, 0xe9, 0x81,
    0x48, 0xe, 0x34, 0x80, 0x2f, 0xe8, 0x40, 0x3e,
    0x3c, 0x1, 0xd3, 0x5, 0x0, 0xc, 0xb0, 0x2a,
    0x0, 0x7f, 0xc7, 0x80, 0x39, 0x3a, 0x2, 0x60,
    0x6, 0xa0, 0xf, 0xfe, 0x9, 0xe0, 0x1, 0x84,
    0x2f, 0x3f, 0xd2, 0x1, 0xff, 0xc3, 0x3d, 0x63,
    0x5c, 0x50, 0xf, 0xfe, 0x0,

    /* U+E5C5 "" */
    0x0, 0xff, 0xe3, 0x9b, 0xc9, 0x80, 0x7f, 0xf2,
    0x7, 0x31, 0xd, 0x86, 0x1, 0xff, 0xc7, 0xa3,
    0x1, 0x10, 0x48, 0x7, 0xff, 0x10, 0x9f, 0x10,
    0x23, 0x98, 0x10, 0x3, 0xff, 0x82, 0x4f, 0xba,
    0x83, 0x0, 0x20, 0x60, 0x9, 0x0, 0x7f, 0x14,
    0x6e, 0xa0, 0x80, 0xa, 0x0, 0x40, 0x40, 0x2,
    0x0, 0x78, 0xe3, 0x74, 0xe4, 0x0, 0x5b, 0xfa,
    0x40, 0xc0, 0x1, 0x86, 0x0, 0x47, 0x1b, 0x8e,
    0x40, 0x2d, 0x7f, 0x48, 0x0, 0xc0, 0x50, 0x2,
    0x2, 0x0, 0xe6, 0x1c, 0x80, 0x9, 0x7d, 0x28,
    0x1, 0xc8, 0x2, 0x61, 0x80, 0x25, 0x6, 0x2,
    0xc4, 0x4, 0x80, 0x3, 0x76, 0x10, 0x16, 0x0,
    0x50, 0x28, 0x1, 0xc8, 0x13, 0xa5, 0x41, 0x0,
    0x13, 0x91, 0x3d, 0xd5, 0x0, 0x1b, 0xb8, 0x0,
    0x63, 0x5, 0x0, 0x60, 0x13, 0xd3, 0x0, 0x80,
    0x4, 0x0, 0x44, 0x1, 0x0, 0x39, 0xe0, 0xb,
    0x44, 0x0, 0x10, 0xa0, 0x7d, 0xa0, 0x8, 0xed,
    0xd5, 0xcd, 0x74, 0x2, 0x0, 0x25, 0xcc, 0x3,
    0x84, 0x4, 0x0, 0x82, 0x0, 0x46, 0x51, 0x0,
    0xa8, 0x0, 0x4b, 0x39, 0xf6, 0x5, 0xf8, 0x2,
    0x60, 0x1f, 0xe5, 0xff, 0x6d, 0x31, 0x82, 0x10,
    0x6, 0x90, 0xf, 0xfe, 0x3a, 0x10, 0x31, 0x85,
    0x0, 0x7f, 0xf1, 0xe0, 0xa, 0x7c, 0x9, 0x40,
    0x3f, 0xf8, 0xa8, 0x61, 0x0, 0x68, 0x10, 0x1,
    0xff, 0xc5, 0x80, 0x25, 0x0, 0x40, 0x13, 0x0,
    0x7f, 0xf0, 0xd0, 0xc2, 0x0, 0x23, 0x40, 0xb0,
    0xf, 0xfe, 0x1f, 0x81, 0x28, 0x6, 0x80, 0x25,
    0x0, 0xff, 0xe1, 0x20, 0x40, 0x7, 0x1a, 0x6,
    0x0, 0x7f, 0xf0, 0xb2, 0xd4, 0x3, 0xd5, 0x30,
    0x1, 0xf0,

    /* U+E5D7 "" */
    0x0, 0xff, 0xe3, 0x88, 0x7, 0xff, 0x31, 0xb7,
    0xbe, 0xc4, 0x3, 0xff, 0x90, 0xf2, 0x40, 0x4,
    0xf1, 0x0, 0xff, 0xe3, 0xc0, 0x1d, 0xc8, 0xd,
    0x8, 0x7, 0xff, 0x15, 0x0, 0x1c, 0x8c, 0xc0,
    0x4f, 0x20, 0xf, 0xfe, 0x54, 0xb8, 0xf, 0x0,
    0x7f, 0xf1, 0x38, 0x0, 0xc0, 0x14, 0x48, 0x18,
    0x80, 0x7c, 0x2d, 0x7d, 0xfe, 0xdc, 0x50, 0x54,
    0x0, 0xca, 0x0, 0x30, 0xe, 0x2a, 0xe9, 0x41,
    0x0, 0x11, 0x80, 0x2c, 0x0, 0x84, 0x30, 0x2,
    0x40, 0x1a, 0x35, 0x40, 0x8, 0xf3, 0x27, 0x20,
    0x7, 0x95, 0x5e, 0xf2, 0x4, 0x80, 0x45, 0xae,
    0x0, 0x7e, 0xb8, 0x66, 0x46, 0xc0, 0xe, 0xa8,
    0x6, 0x87, 0x0, 0x1e, 0x10, 0x4, 0xf6, 0x60,
    0x1c, 0xf2, 0x1, 0x2d, 0xdb, 0xdc, 0x0, 0x3a,
    0x20, 0x22, 0x0, 0x2e, 0x48, 0x7, 0x31, 0x1,
    0xd2, 0x20, 0x3, 0x48, 0x85, 0xf7, 0x52, 0x20,
    0xd8, 0x20, 0x19, 0x40, 0x40, 0x3e, 0x40, 0x54,
    0x0, 0xb, 0x73, 0x1, 0xe0, 0x80, 0x5a, 0x4,
    0x1, 0xf0, 0x81, 0x0, 0x7a, 0x68, 0xb, 0x40,
    0x3f, 0xf8, 0x2c, 0x4, 0x1, 0xf2, 0xd0, 0x1c,
    0x0, 0x8, 0x4, 0x3, 0xe3, 0x5, 0x0, 0x8f,
    0xec, 0x0, 0xac, 0xe, 0x61, 0x80, 0xa0, 0x1f,
    0x50, 0x1, 0x80, 0xe, 0x9, 0x60, 0x8, 0x10,
    0x91, 0x40, 0xc0, 0xf, 0x89, 0x2, 0x4, 0x12,
    0x1, 0x0, 0x3, 0x0, 0xb2, 0x0, 0x60, 0xf,
    0xd2, 0x3, 0x40, 0x7, 0xbc, 0x0, 0x9c, 0x0,
    0xe0, 0xa2, 0x1, 0xf8, 0xa0, 0x12, 0x80, 0x8,
    0x60, 0x10, 0x88, 0x2, 0x80, 0xf, 0xf3, 0xb0,
    0x2d, 0x88, 0x7, 0xf3, 0x90, 0x7, 0xfd, 0x2a,
    0x9, 0xea, 0x1, 0x90, 0x40, 0xe0, 0x3, 0xff,
    0x83, 0x50, 0x3, 0x5d, 0x31, 0x36, 0x3, 0xc0,
    0x1f, 0xfc, 0x37, 0xd3, 0x1, 0x67, 0x60, 0x1d,
    0x20, 0xf, 0xfe, 0x21, 0x66, 0x1c, 0xc8, 0xdf,
    0xcc, 0x3, 0xfe,

    /* U+E5D8 "" */
    0x0, 0xf9, 0x59, 0xbf, 0xca, 0x1, 0xff, 0xc0,
    0x2e, 0xa9, 0x9f, 0xf5, 0x60, 0x80, 0x7f, 0xbc,
    0x40, 0x47, 0xfc, 0x7, 0x60, 0x1f, 0xc4, 0x40,
    0xae, 0xef, 0xf4, 0x2, 0x80, 0x7f, 0x8, 0x1,
    0x0, 0x3f, 0xc8, 0x1, 0xff, 0xc7, 0xcc, 0x0,
    0x7c, 0x20, 0x1c, 0x33, 0xba, 0x0, 0xf0, 0x99,
    0x84, 0x3, 0xfe, 0x2f, 0x62, 0x10, 0xc, 0x33,
    0x60, 0xb, 0x91, 0x0, 0xfe, 0x81, 0x7, 0x60,
    0xc, 0xec, 0xa0, 0x5, 0x64, 0x0, 0xfe, 0x40,
    0x78, 0xa0, 0xc, 0xcc, 0x50, 0x2, 0xb2, 0x80,
    0x67, 0x41, 0x0, 0xde, 0x1, 0xf4, 0xd8, 0x2,
    0xe4, 0x3, 0xa6, 0xfa, 0x0, 0x3f, 0xf8, 0x2,
    0x68, 0x20, 0x1f, 0xce, 0xc0, 0x1f, 0xfc, 0xc,
    0xb0, 0xf, 0xbb, 0x88, 0x16, 0x1, 0xff, 0xca,
    0x1d, 0x3, 0x0, 0xff, 0xed, 0x11, 0x0, 0x3f,
    0xf9, 0x47, 0xbb, 0x8c, 0x3, 0xff, 0x91, 0xa4,
    0x0, 0x2d, 0x0, 0xff, 0xe3, 0xa8, 0x85, 0xd0,
    0xa, 0x80, 0x7f, 0xf1, 0x8c, 0x5, 0x14, 0x40,
    0xc0, 0x3f, 0x8c, 0x3, 0xff, 0x94, 0x20, 0x7,
    0x9, 0x7b, 0x0, 0x33, 0x30, 0x5, 0x98, 0x21,
    0x8d, 0x60, 0x6, 0x79, 0x4, 0x80, 0x18, 0x70,
    0x4, 0x4a, 0x80, 0x26, 0x40, 0x5, 0x97, 0x0,
    0x44, 0x4, 0x20, 0xb5, 0x48, 0xbf, 0xf9, 0xb,
    0xa4,

    /* U+E60C "" */
    0x0, 0xff, 0xe6, 0x29, 0x0, 0x7f, 0xf2, 0xe6,
    0xbc, 0x3, 0xff, 0x95, 0x2c, 0x8, 0x1, 0xff,
    0xc9, 0x96, 0x6, 0x90, 0xf, 0xfe, 0x44, 0xb0,
    0x34, 0x80, 0x7f, 0xf2, 0x29, 0x81, 0xa4, 0x3,
    0xfc, 0x28, 0x20, 0x1f, 0x52, 0x83, 0x48, 0x7,
    0xf8, 0xbe, 0xfc, 0xc0, 0x3a, 0x94, 0x1a, 0x40,
    0x3f, 0xc5, 0x82, 0x3, 0xa6, 0x1, 0x52, 0x83,
    0x48, 0x7, 0xf8, 0xb0, 0x45, 0x0, 0x38, 0x61,
    0x4a, 0xf, 0x20, 0x2c, 0x1, 0xf1, 0x60, 0x8b,
    0x1e, 0x80, 0x19, 0x6a, 0xf, 0x0, 0xb, 0x98,
    0x0, 0xe2, 0xc1, 0x16, 0x10, 0x2d, 0x80, 0x10,
    0x1e, 0x0, 0x21, 0x1, 0x0, 0xc7, 0x82, 0x2c,
    0x20, 0x9, 0x2c, 0x1, 0x10, 0x0, 0xff, 0x1e,
    0x88, 0xb0, 0x80, 0x39, 0x3f, 0x9c, 0x3, 0xfc,
    0x7a, 0x22, 0xc2, 0x7, 0xc1, 0x0, 0xc2, 0x3,
    0x94, 0x1, 0xf7, 0x8, 0xb0, 0x80, 0x12, 0x68,
    0x0, 0x12, 0x0, 0x21, 0xa9, 0x0, 0x79, 0x4f,
    0x8, 0x3, 0xf7, 0xe9, 0x0, 0x7f, 0xd1, 0x84,
    0x1, 0xfc, 0x20, 0x20, 0x1f, 0xfc, 0x24, 0x20,
    0xf, 0xfe, 0x5a, 0xdf, 0x80, 0x7f, 0xf2, 0xcc,
    0xc, 0x3, 0xff, 0xfe, 0x87, 0x20, 0x9, 0x37,
    0x0, 0x2a, 0x18, 0x21, 0xa9, 0x7, 0x1e, 0x80,
    0x0,

    /* U+E61A "" */
    0x0, 0xc9, 0x9d, 0xcf, 0xff, 0x77, 0x2d, 0x0,
    0x3e, 0x6b, 0x31, 0x10, 0x7, 0x84, 0x49, 0x6c,
    0x1, 0xe8, 0x3, 0x99, 0xfe, 0x83, 0x8, 0x0,
    0xe2, 0x10, 0xf6, 0x6f, 0xe7, 0xf0, 0x12, 0x0,
    0x89, 0x80, 0x2, 0x1, 0xfe, 0x10, 0x3, 0x10,
    0x2e, 0xd8, 0x7, 0xff, 0x12, 0xf5, 0x44, 0x3,
    0xcd, 0xff, 0xdc, 0x20, 0x1e, 0x14, 0xeb, 0x0,
    0xde, 0x1, 0xc2, 0x60, 0x1a, 0xf9, 0x0, 0x58,
    0x3, 0x4d, 0xd5, 0x6d, 0x20, 0xc, 0xc2, 0x1,
    0xfc, 0x8a, 0xb8, 0x80, 0x3f, 0xfa, 0x62, 0xc0,
    0x1c, 0x45, 0xc2, 0x1, 0xcc, 0x20, 0xbd, 0x60,
    0x1a, 0x37, 0x7b, 0x88, 0x3, 0x5f, 0x20, 0x80,
    0x7b, 0xc0, 0x38, 0x4c, 0x3, 0xe4, 0xeb, 0x0,
    0xcf, 0xbb, 0xde, 0x20, 0x1a, 0xf9, 0x0, 0x58,
    0x3, 0x88, 0xb8, 0x40, 0x39, 0x84, 0x3, 0xff,
    0xa6, 0x8a, 0xb8, 0xc0, 0x3f, 0x85, 0x80, 0x34,
    0xdd, 0x56, 0xc2, 0x0, 0xcc, 0x20, 0xbd, 0x60,
    0x1b, 0xc0, 0x38, 0x8c, 0x3, 0x5f, 0x20, 0x80,
    0x79, 0xbf, 0xfb, 0x44, 0x3, 0xe4, 0xeb, 0x0,
    0xff, 0xe2, 0x5f, 0x20, 0xb, 0x0, 0x4, 0x3,
    0xfc, 0x20, 0x6, 0x10, 0x8, 0x84, 0x3d, 0x9b,
    0xf9, 0xfc, 0x4, 0x80, 0x3a, 0x0, 0xe6, 0x7f,
    0xa0, 0xc2, 0x0, 0x3c, 0xd4, 0x62, 0x1, 0xf8,
    0x4e, 0x98, 0x2,

    /* U+E626 "" */
    0x7, 0xc2, 0x0, 0xff, 0xe6, 0x51, 0xe1, 0x0,
    0x7f, 0xf2, 0xf8, 0x7, 0x8, 0x3, 0xb, 0xb0,
    0x7, 0xff, 0xc, 0xec, 0x7, 0x8, 0x2, 0xb8,
    0x99, 0x0, 0x7f, 0xf0, 0xd2, 0xc0, 0x70, 0x80,
    0x1a, 0x0, 0x70, 0xf, 0x8a, 0x8, 0x3, 0xc9,
    0x60, 0x38, 0x40, 0xf4, 0x4, 0x1, 0xf4, 0x3e,
    0x8, 0x7, 0x92, 0xc0, 0x70, 0x81, 0x6f, 0x40,
    0x3e, 0x90, 0x1d, 0x0, 0x86, 0xb7, 0x52, 0x0,
    0x1c, 0x20, 0x41, 0x0, 0xf8, 0xe4, 0xd, 0x40,
    0x16, 0xa4, 0x50, 0x4, 0x38, 0x40, 0x1c, 0x54,
    0x60, 0x6, 0x30, 0x80, 0x2, 0x2, 0xc4, 0x27,
    0x6c, 0x7, 0x8, 0x3, 0x52, 0xe8, 0x5, 0x0,
    0x44, 0x0, 0xb1, 0xdc, 0xc4, 0x96, 0x3, 0x84,
    0x1, 0x50, 0xb, 0x0, 0x10, 0x0, 0xa0, 0x1f,
    0xc9, 0x60, 0x38, 0x40, 0x2, 0x40, 0xd0, 0x9,
    0x3, 0x80, 0x3f, 0xc8, 0xe0, 0x38, 0x40, 0xd,
    0x0, 0xe1, 0x2, 0x0, 0xff, 0xbc, 0x0, 0x38,
    0x40, 0xd7, 0x40, 0x1f, 0xfc, 0x91, 0xc2, 0x4,
    0x10, 0x8, 0x40, 0x80, 0x3f, 0xf8, 0x23, 0x60,
    0x38, 0x40, 0x1c, 0xa1, 0xc0, 0x16, 0xbb, 0xc4,
    0x1, 0xe4, 0xb0, 0x1c, 0x20, 0x9, 0x4, 0x14,
    0x10, 0x12, 0x22, 0xd5, 0x0, 0xf2, 0x58, 0xe,
    0x10, 0x0, 0x40, 0x88, 0x14, 0xc4, 0x50, 0x2,
    0x98, 0x3, 0xc9, 0x60, 0x38, 0x40, 0xb7, 0x80,
    0x14, 0xee, 0xdc, 0x41, 0x2c, 0x1, 0xe4, 0xb0,
    0x1c, 0x20, 0x41, 0x0, 0xf8, 0x70, 0x82, 0x6c,
    0x3, 0xc9, 0x60, 0x38, 0x40, 0x1f, 0xe1, 0xc2,
    0x3, 0x0, 0xf9, 0x2c, 0x7, 0x8, 0x3, 0xfc,
    0x38, 0x60, 0x7, 0x0, 0xf2, 0x58, 0xe, 0x10,
    0x7, 0xf8, 0x72, 0x6a, 0x40, 0x3e, 0x4b, 0x1,
    0xc2, 0x0, 0xff, 0x99, 0x40, 0x3f, 0x92, 0xc0,
    0x60, 0x3, 0xff, 0x96, 0x96, 0x7e,

    /* U+E62E "" */
    0x3c, 0x40, 0xf, 0xfe, 0x4d, 0x40, 0x51, 0xd0,
    0x7, 0xff, 0x21, 0xd5, 0xc2, 0x80, 0x58, 0x3,
    0xff, 0x8f, 0x20, 0xa0, 0x68, 0x10, 0x40, 0x1f,
    0xfc, 0x59, 0x10, 0x80, 0x4, 0x80, 0xf8, 0x7,
    0xff, 0x11, 0x98, 0xe, 0x40, 0x2, 0x90, 0x2c,
    0x10, 0xf, 0xfe, 0xb, 0x48, 0x1c, 0x0, 0x66,
    0x70, 0x3f, 0x40, 0xf, 0xf0, 0xcc, 0x80, 0xb4,
    0x3, 0xd2, 0x0, 0x1b, 0xc5, 0x10, 0xe, 0x28,
    0xe6, 0x0, 0x50, 0x80, 0x7b, 0x40, 0x2, 0x7,
    0x5d, 0xb7, 0x6c, 0xed, 0x70, 0x0, 0x84, 0x18,
    0x7, 0x19, 0x82, 0x7a, 0x8c, 0x0, 0x48, 0x83,
    0x10, 0x17, 0xef, 0x10, 0x90, 0xe, 0x37, 0x96,
    0x5, 0xc1, 0x3, 0x55, 0x30, 0x2, 0x20, 0x22,
    0xc6, 0x80, 0xf, 0x43, 0x0, 0x44, 0x21, 0x15,
    0x49, 0x30, 0xf0, 0x8, 0xa4, 0x80, 0x3f, 0xe7,
    0x0, 0x20, 0x4, 0xa0, 0xa0, 0x1f, 0xfc, 0x56,
    0x4, 0x0, 0xda, 0xe, 0x1, 0xff, 0xc5, 0x3e,
    0xb0, 0xc, 0x9d, 0x60, 0x1f, 0xc0,

    /* U+E63E "" */
    0x0, 0x88, 0xb8, 0x3, 0x84, 0x8b, 0x0, 0x7f,
    0x37, 0x6e, 0xf6, 0x0, 0x4d, 0xdb, 0xbb, 0xe0,
    0x3, 0xcb, 0x22, 0x1, 0xfc, 0x60, 0x1e, 0x78,
    0x0, 0xee, 0x3, 0xcd, 0xdd, 0x80, 0x12, 0xee,
    0xf2, 0x83, 0x80, 0x72, 0x85, 0x99, 0x16, 0x1,
    0x93, 0x2, 0x2e, 0x90, 0xf, 0xfe, 0x24, 0xb7,
    0x80, 0x7f, 0x8, 0x1, 0x84, 0x3, 0xff, 0x96,
    0xf3, 0x40, 0x1f, 0x11, 0x4, 0x4, 0x88, 0x20,
    0x1f, 0xbc, 0x1c, 0x3, 0xdb, 0xb3, 0x1, 0x6e,
    0xb8, 0x40, 0x3f, 0xfb, 0xdb, 0xb3, 0x1, 0x6e,
    0xb8, 0x40, 0x3f, 0xf8, 0xa4, 0x41, 0x1, 0x22,
    0x8, 0x7, 0xef, 0x7, 0x0, 0xff, 0xe5, 0xbc,
    0xd0, 0x7, 0xf5, 0x37, 0x80, 0x7f, 0x8, 0x1,
    0x85, 0x42, 0xcc, 0x8b, 0x1, 0x49, 0x81, 0x17,
    0x48, 0x7, 0xdc, 0x7, 0x9b, 0xbb, 0x0, 0x28,
    0xdd, 0xe5, 0x7, 0x0, 0xe5, 0x91, 0x0, 0xfe,
    0x10, 0xf, 0x3c, 0x0, 0x79, 0xbb, 0x77, 0xb0,
    0x2, 0x9d, 0xde, 0xf8, 0x0, 0xf0
};


/*---------------------
 *  GLYPH DESCRIPTION
 *--------------------*/

static const lv_font_fmt_txt_glyph_dsc_t glyph_dsc[] = {
    {.bitmap_index = 0, .adv_w = 0, .box_w = 0, .box_h = 0, .ofs_x = 0, .ofs_y = 0} /* id = 0 reserved */,
    {.bitmap_index = 0, .adv_w = 448, .box_w = 26, .box_h = 26, .ofs_x = 1, .ofs_y = 1},
    {.bitmap_index = 190, .adv_w = 448, .box_w = 26, .box_h = 24, .ofs_x = 1, .ofs_y = 2},
    {.bitmap_index = 443, .adv_w = 448, .box_w = 24, .box_h = 26, .ofs_x = 2, .ofs_y = 1},
    {.bitmap_index = 641, .adv_w = 448, .box_w = 20, .box_h = 20, .ofs_x = 4, .ofs_y = 4},
    {.bitmap_index = 746, .adv_w = 448, .box_w = 20, .box_h = 20, .ofs_x = 4, .ofs_y = 4},
    {.bitmap_index = 864, .adv_w = 448, .box_w = 20, .box_h = 20, .ofs_x = 4, .ofs_y = 4},
    {.bitmap_index = 982, .adv_w = 448, .box_w = 20, .box_h = 20, .ofs_x = 4, .ofs_y = 4},
    {.bitmap_index = 1087, .adv_w = 448, .box_w = 26, .box_h = 27, .ofs_x = 1, .ofs_y = 0},
    {.bitmap_index = 1364, .adv_w = 448, .box_w = 26, .box_h = 24, .ofs_x = 1, .ofs_y = 2},
    {.bitmap_index = 1589, .adv_w = 448, .box_w = 26, .box_h = 26, .ofs_x = 1, .ofs_y = 1},
    {.bitmap_index = 1849, .adv_w = 448, .box_w = 26, .box_h = 18, .ofs_x = 1, .ofs_y = 5},
    {.bitmap_index = 1976, .adv_w = 448, .box_w = 26, .box_h = 18, .ofs_x = 1, .ofs_y = 5},
    {.bitmap_index = 2076, .adv_w = 448, .box_w = 26, .box_h = 18, .ofs_x = 1, .ofs_y = 5},
    {.bitmap_index = 2233, .adv_w = 448, .box_w = 26, .box_h = 18, .ofs_x = 1, .ofs_y = 5},
    {.bitmap_index = 2372, .adv_w = 448, .box_w = 26, .box_h = 18, .ofs_x = 1, .ofs_y = 5},
    {.bitmap_index = 2491, .adv_w = 448, .box_w = 26, .box_h = 18, .ofs_x = 1, .ofs_y = 5},
    {.bitmap_index = 2618, .adv_w = 448, .box_w = 24, .box_h = 26, .ofs_x = 2, .ofs_y = 1},
    {.bitmap_index = 2814, .adv_w = 448, .box_w = 26, .box_h = 26, .ofs_x = 1, .ofs_y = 1},
    {.bitmap_index = 3068, .adv_w = 448, .box_w = 17, .box_h = 25, .ofs_x = 5, .ofs_y = 2},
    {.bitmap_index = 3241, .adv_w = 448, .box_w = 16, .box_h = 26, .ofs_x = 6, .ofs_y = 1},
    {.bitmap_index = 3390, .adv_w = 448, .box_w = 26, .box_h = 24, .ofs_x = 1, .ofs_y = 2},
    {.bitmap_index = 3526, .adv_w = 448, .box_w = 20, .box_h = 24, .ofs_x = 4, .ofs_y = 2},
    {.bitmap_index = 3630, .adv_w = 448, .box_w = 24, .box_h = 26, .ofs_x = 2, .ofs_y = 1},
    {.bitmap_index = 3767, .adv_w = 448, .box_w = 26, .box_h = 22, .ofs_x = 1, .ofs_y = 3},
    {.bitmap_index = 3945, .adv_w = 448, .box_w = 26, .box_h = 26, .ofs_x = 1, .ofs_y = 1},
    {.bitmap_index = 4173, .adv_w = 448, .box_w = 22, .box_h = 16, .ofs_x = 3, .ofs_y = 7},
    {.bitmap_index = 4277, .adv_w = 448, .box_w = 18, .box_h = 10, .ofs_x = 5, .ofs_y = 9},
    {.bitmap_index = 4345, .adv_w = 448, .box_w = 10, .box_h = 18, .ofs_x = 9, .ofs_y = 5},
    {.bitmap_index = 4410, .adv_w = 448, .box_w = 10, .box_h = 18, .ofs_x = 9, .ofs_y = 5},
    {.bitmap_index = 4475, .adv_w = 448, .box_w = 18, .box_h = 10, .ofs_x = 5, .ofs_y = 9},
    {.bitmap_index = 4541, .adv_w = 448, .box_w = 26, .box_h = 26, .ofs_x = 1, .ofs_y = 1},
    {.bitmap_index = 4761, .adv_w = 448, .box_w = 26, .box_h = 26, .ofs_x = 1, .ofs_y = 1},
    {.bitmap_index = 4998, .adv_w = 448, .box_w = 26, .box_h = 26, .ofs_x = 1, .ofs_y = 1},
    {.bitmap_index = 5231, .adv_w = 448, .box_w = 26, .box_h = 26, .ofs_x = 1, .ofs_y = 1},
    {.bitmap_index = 5466, .adv_w = 448, .box_w = 26, .box_h = 26, .ofs_x = 1, .ofs_y = 1},
    {.bitmap_index = 5727, .adv_w = 448, .box_w = 26, .box_h = 26, .ofs_x = 1, .ofs_y = 1},
    {.bitmap_index = 5976, .adv_w = 448, .box_w = 26, .box_h = 26, .ofs_x = 1, .ofs_y = 1},
    {.bitmap_index = 6243, .adv_w = 448, .box_w = 22, .box_h = 26, .ofs_x = 3, .ofs_y = 1},
    {.bitmap_index = 6352, .adv_w = 448, .box_w = 22, .box_h = 26, .ofs_x = 3, .ofs_y = 1},
    {.bitmap_index = 6507, .adv_w = 448, .box_w = 26, .box_h = 26, .ofs_x = 1, .ofs_y = 1},
    {.bitmap_index = 6751, .adv_w = 448, .box_w = 27, .box_h = 20, .ofs_x = 1, .ofs_y = 4},
    {.bitmap_index = 6923, .adv_w = 448, .box_w = 26, .box_h = 25, .ofs_x = 1, .ofs_y = 1},
    {.bitmap_index = 7158, .adv_w = 448, .box_w = 27, .box_h = 25, .ofs_x = 1, .ofs_y = 1},
    {.bitmap_index = 7390, .adv_w = 448, .box_w = 26, .box_h = 25, .ofs_x = 1, .ofs_y = 1},
    {.bitmap_index = 7591, .adv_w = 448, .box_w = 26, .box_h = 24, .ofs_x = 1, .ofs_y = 2},
    {.bitmap_index = 7811, .adv_w = 448, .box_w = 26, .box_h = 18, .ofs_x = 1, .ofs_y = 5},
    {.bitmap_index = 7956, .adv_w = 448, .box_w = 25, .box_h = 26, .ofs_x = 2, .ofs_y = 2},
    {.bitmap_index = 8138, .adv_w = 448, .box_w = 26, .box_h = 26, .ofs_x = 1, .ofs_y = 1},
    {.bitmap_index = 8407, .adv_w = 448, .box_w = 26, .box_h = 26, .ofs_x = 1, .ofs_y = 1},
    {.bitmap_index = 8682, .adv_w = 448, .box_w = 24, .box_h = 26, .ofs_x = 2, .ofs_y = 1},
    {.bitmap_index = 8884, .adv_w = 448, .box_w = 26, .box_h = 26, .ofs_x = 1, .ofs_y = 1},
    {.bitmap_index = 9032, .adv_w = 448, .box_w = 22, .box_h = 22, .ofs_x = 3, .ofs_y = 3},
    {.bitmap_index = 9150, .adv_w = 448, .box_w = 26, .box_h = 26, .ofs_x = 1, .ofs_y = 1},
    {.bitmap_index = 9375, .adv_w = 448, .box_w = 26, .box_h = 20, .ofs_x = 1, .ofs_y = 4},
    {.bitmap_index = 9461, .adv_w = 448, .box_w = 26, .box_h = 26, .ofs_x = 1, .ofs_y = 1},
    {.bitmap_index = 9702, .adv_w = 448, .box_w = 24, .box_h = 27, .ofs_x = 2, .ofs_y = 1},
    {.bitmap_index = 9922, .adv_w = 448, .box_w = 18, .box_h = 26, .ofs_x = 5, .ofs_y = 1},
    {.bitmap_index = 10074, .adv_w = 448, .box_w = 24, .box_h = 24, .ofs_x = 2, .ofs_y = 2},
    {.bitmap_index = 10207, .adv_w = 448, .box_w = 20, .box_h = 25, .ofs_x = 4, .ofs_y = 1},
    {.bitmap_index = 10389, .adv_w = 448, .box_w = 24, .box_h = 25, .ofs_x = 2, .ofs_y = 1},
    {.bitmap_index = 10612, .adv_w = 448, .box_w = 22, .box_h = 6, .ofs_x = 3, .ofs_y = 11},
    {.bitmap_index = 10672, .adv_w = 448, .box_w = 6, .box_h = 22, .ofs_x = 11, .ofs_y = 3},
    {.bitmap_index = 10729, .adv_w = 448, .box_w = 24, .box_h = 24, .ofs_x = 2, .ofs_y = 2},
    {.bitmap_index = 10894, .adv_w = 448, .box_w = 26, .box_h = 20, .ofs_x = 1, .ofs_y = 4},
    {.bitmap_index = 11119, .adv_w = 448, .box_w = 27, .box_h = 27, .ofs_x = 1, .ofs_y = 1},
    {.bitmap_index = 11384, .adv_w = 448, .box_w = 26, .box_h = 22, .ofs_x = 1, .ofs_y = 3},
    {.bitmap_index = 11578, .adv_w = 448, .box_w = 22, .box_h = 26, .ofs_x = 3, .ofs_y = 1},
    {.bitmap_index = 11694, .adv_w = 448, .box_w = 22, .box_h = 26, .ofs_x = 3, .ofs_y = 1},
    {.bitmap_index = 11852, .adv_w = 448, .box_w = 22, .box_h = 26, .ofs_x = 3, .ofs_y = 1},
    {.bitmap_index = 12010, .adv_w = 448, .box_w = 22, .box_h = 26, .ofs_x = 3, .ofs_y = 1},
    {.bitmap_index = 12181, .adv_w = 448, .box_w = 22, .box_h = 26, .ofs_x = 3, .ofs_y = 1},
    {.bitmap_index = 12342, .adv_w = 448, .box_w = 24, .box_h = 24, .ofs_x = 2, .ofs_y = 2},
    {.bitmap_index = 12512, .adv_w = 448, .box_w = 22, .box_h = 26, .ofs_x = 3, .ofs_y = 1},
    {.bitmap_index = 12642, .adv_w = 448, .box_w = 20, .box_h = 25, .ofs_x = 4, .ofs_y = 1},
    {.bitmap_index = 12832, .adv_w = 448, .box_w = 22, .box_h = 27, .ofs_x = 3, .ofs_y = 0},
    {.bitmap_index = 13017, .adv_w = 448, .box_w = 26, .box_h = 23, .ofs_x = 1, .ofs_y = 3},
    {.bitmap_index = 13118, .adv_w = 448, .box_w = 26, .box_h = 23, .ofs_x = 1, .ofs_y = 3},
    {.bitmap_index = 13257, .adv_w = 448, .box_w = 26, .box_h = 26, .ofs_x = 1, .ofs_y = 1},
    {.bitmap_index = 13520, .adv_w = 448, .box_w = 26, .box_h = 26, .ofs_x = 1, .ofs_y = 0},
    {.bitmap_index = 13681, .adv_w = 448, .box_w = 26, .box_h = 20, .ofs_x = 1, .ofs_y = 4},
    {.bitmap_index = 13883, .adv_w = 448, .box_w = 24, .box_h = 25, .ofs_x = 2, .ofs_y = 2},
    {.bitmap_index = 14059, .adv_w = 448, .box_w = 27, .box_h = 26, .ofs_x = 1, .ofs_y = 1},
    {.bitmap_index = 14349, .adv_w = 448, .box_w = 22, .box_h = 12, .ofs_x = 3, .ofs_y = 8},
    {.bitmap_index = 14461, .adv_w = 448, .box_w = 26, .box_h = 26, .ofs_x = 1, .ofs_y = 0},
    {.bitmap_index = 14698, .adv_w = 448, .box_w = 26, .box_h = 22, .ofs_x = 1, .ofs_y = 3},
    {.bitmap_index = 14856, .adv_w = 448, .box_w = 22, .box_h = 24, .ofs_x = 3, .ofs_y = 2},
    {.bitmap_index = 15047, .adv_w = 448, .box_w = 26, .box_h = 25, .ofs_x = 1, .ofs_y = 2},
    {.bitmap_index = 15209, .adv_w = 448, .box_w = 24, .box_h = 24, .ofs_x = 2, .ofs_y = 2},
    {.bitmap_index = 15398, .adv_w = 448, .box_w = 26, .box_h = 23, .ofs_x = 1, .ofs_y = 2},
    {.bitmap_index = 15600, .adv_w = 448, .box_w = 25, .box_h = 22, .ofs_x = 2, .ofs_y = 3},
    {.bitmap_index = 15768, .adv_w = 448, .box_w = 24, .box_h = 25, .ofs_x = 2, .ofs_y = 2},
    {.bitmap_index = 15934, .adv_w = 448, .box_w = 24, .box_h = 24, .ofs_x = 2, .ofs_y = 2},
    {.bitmap_index = 16116, .adv_w = 448, .box_w = 26, .box_h = 26, .ofs_x = 1, .ofs_y = 1},
    {.bitmap_index = 16354, .adv_w = 448, .box_w = 26, .box_h = 25, .ofs_x = 1, .ofs_y = 2},
    {.bitmap_index = 16566, .adv_w = 448, .box_w = 26, .box_h = 26, .ofs_x = 1, .ofs_y = 1},
    {.bitmap_index = 16777, .adv_w = 448, .box_w = 24, .box_h = 24, .ofs_x = 2, .ofs_y = 2},
    {.bitmap_index = 16933, .adv_w = 448, .box_w = 26, .box_h = 26, .ofs_x = 1, .ofs_y = 1},
    {.bitmap_index = 17180, .adv_w = 448, .box_w = 24, .box_h = 20, .ofs_x = 2, .ofs_y = 4},
    {.bitmap_index = 17271, .adv_w = 448, .box_w = 26, .box_h = 26, .ofs_x = 1, .ofs_y = 1},
    {.bitmap_index = 17470, .adv_w = 448, .box_w = 24, .box_h = 24, .ofs_x = 2, .ofs_y = 2},
    {.bitmap_index = 17652, .adv_w = 448, .box_w = 24, .box_h = 26, .ofs_x = 2, .ofs_y = 1},
    {.bitmap_index = 17791, .adv_w = 448, .box_w = 24, .box_h = 26, .ofs_x = 2, .ofs_y = 1},
    {.bitmap_index = 17931, .adv_w = 448, .box_w = 24, .box_h = 24, .ofs_x = 2, .ofs_y = 2},
    {.bitmap_index = 18075, .adv_w = 448, .box_w = 24, .box_h = 24, .ofs_x = 2, .ofs_y = 2},
    {.bitmap_index = 18223, .adv_w = 448, .box_w = 26, .box_h = 22, .ofs_x = 1, .ofs_y = 3},
    {.bitmap_index = 18373, .adv_w = 448, .box_w = 24, .box_h = 24, .ofs_x = 2, .ofs_y = 2},
    {.bitmap_index = 18512, .adv_w = 448, .box_w = 22, .box_h = 26, .ofs_x = 3, .ofs_y = 1},
    {.bitmap_index = 18754, .adv_w = 448, .box_w = 24, .box_h = 24, .ofs_x = 2, .ofs_y = 2},
    {.bitmap_index = 18879, .adv_w = 448, .box_w = 24, .box_h = 24, .ofs_x = 2, .ofs_y = 2},
    {.bitmap_index = 19028, .adv_w = 448, .box_w = 26, .box_h = 26, .ofs_x = 1, .ofs_y = 1},
    {.bitmap_index = 19273, .adv_w = 448, .box_w = 22, .box_h = 20, .ofs_x = 3, .ofs_y = 4},
    {.bitmap_index = 19343, .adv_w = 448, .box_w = 27, .box_h = 26, .ofs_x = 1, .ofs_y = 1},
    {.bitmap_index = 19573, .adv_w = 448, .box_w = 26, .box_h = 25, .ofs_x = 1, .ofs_y = 1},
    {.bitmap_index = 19674, .adv_w = 448, .box_w = 20, .box_h = 27, .ofs_x = 4, .ofs_y = 1},
    {.bitmap_index = 19841, .adv_w = 448, .box_w = 26, .box_h = 27, .ofs_x = 1, .ofs_y = 1},
    {.bitmap_index = 20086, .adv_w = 448, .box_w = 24, .box_h = 24, .ofs_x = 2, .ofs_y = 2},
    {.bitmap_index = 20213, .adv_w = 448, .box_w = 24, .box_h = 24, .ofs_x = 2, .ofs_y = 2},
    {.bitmap_index = 20368, .adv_w = 448, .box_w = 20, .box_h = 4, .ofs_x = 4, .ofs_y = 12},
    {.bitmap_index = 20388, .adv_w = 448, .box_w = 26, .box_h = 24, .ofs_x = 1, .ofs_y = 2},
    {.bitmap_index = 20501, .adv_w = 448, .box_w = 24, .box_h = 24, .ofs_x = 2, .ofs_y = 2},
    {.bitmap_index = 20709, .adv_w = 448, .box_w = 24, .box_h = 24, .ofs_x = 2, .ofs_y = 2},
    {.bitmap_index = 20874, .adv_w = 448, .box_w = 25, .box_h = 25, .ofs_x = 2, .ofs_y = 2},
    {.bitmap_index = 21076, .adv_w = 448, .box_w = 26, .box_h = 26, .ofs_x = 1, .ofs_y = 1},
    {.bitmap_index = 21262, .adv_w = 448, .box_w = 24, .box_h = 26, .ofs_x = 2, .ofs_y = 1},
    {.bitmap_index = 21480, .adv_w = 448, .box_w = 25, .box_h = 26, .ofs_x = 2, .ofs_y = 1},
    {.bitmap_index = 21753, .adv_w = 448, .box_w = 20, .box_h = 24, .ofs_x = 4, .ofs_y = 2},
    {.bitmap_index = 21831, .adv_w = 448, .box_w = 26, .box_h = 26, .ofs_x = 1, .ofs_y = 1},
    {.bitmap_index = 22051, .adv_w = 448, .box_w = 22, .box_h = 22, .ofs_x = 3, .ofs_y = 3},
    {.bitmap_index = 22244, .adv_w = 448, .box_w = 26, .box_h = 26, .ofs_x = 1, .ofs_y = 1},
    {.bitmap_index = 22464, .adv_w = 448, .box_w = 26, .box_h = 26, .ofs_x = 1, .ofs_y = 1},
    {.bitmap_index = 22741, .adv_w = 448, .box_w = 27, .box_h = 26, .ofs_x = 0, .ofs_y = 1},
    {.bitmap_index = 23020, .adv_w = 448, .box_w = 26, .box_h = 23, .ofs_x = 1, .ofs_y = 3},
    {.bitmap_index = 23225, .adv_w = 448, .box_w = 22, .box_h = 24, .ofs_x = 4, .ofs_y = 2},
    {.bitmap_index = 23389, .adv_w = 448, .box_w = 20, .box_h = 20, .ofs_x = 4, .ofs_y = 4},
    {.bitmap_index = 23456, .adv_w = 448, .box_w = 24, .box_h = 26, .ofs_x = 2, .ofs_y = 1},
    {.bitmap_index = 23641, .adv_w = 448, .box_w = 26, .box_h = 26, .ofs_x = 1, .ofs_y = 1},
    {.bitmap_index = 23808, .adv_w = 448, .box_w = 26, .box_h = 20, .ofs_x = 1, .ofs_y = 4},
    {.bitmap_index = 24022, .adv_w = 448, .box_w = 24, .box_h = 24, .ofs_x = 2, .ofs_y = 2},
    {.bitmap_index = 24223, .adv_w = 448, .box_w = 24, .box_h = 26, .ofs_x = 2, .ofs_y = 1},
    {.bitmap_index = 24408, .adv_w = 448, .box_w = 26, .box_h = 22, .ofs_x = 1, .ofs_y = 3},
    {.bitmap_index = 24605, .adv_w = 448, .box_w = 24, .box_h = 24, .ofs_x = 2, .ofs_y = 2},
    {.bitmap_index = 24804, .adv_w = 448, .box_w = 24, .box_h = 24, .ofs_x = 2, .ofs_y = 2},
    {.bitmap_index = 25005, .adv_w = 448, .box_w = 22, .box_h = 22, .ofs_x = 3, .ofs_y = 3},
    {.bitmap_index = 25184, .adv_w = 448, .box_w = 26, .box_h = 26, .ofs_x = 1, .ofs_y = 1},
    {.bitmap_index = 25433, .adv_w = 448, .box_w = 24, .box_h = 24, .ofs_x = 2, .ofs_y = 2},
    {.bitmap_index = 25580, .adv_w = 448, .box_w = 23, .box_h = 24, .ofs_x = 2, .ofs_y = 2},
    {.bitmap_index = 25802, .adv_w = 448, .box_w = 24, .box_h = 24, .ofs_x = 2, .ofs_y = 2},
    {.bitmap_index = 26008, .adv_w = 448, .box_w = 26, .box_h = 26, .ofs_x = 1, .ofs_y = 1},
    {.bitmap_index = 26243, .adv_w = 448, .box_w = 26, .box_h = 26, .ofs_x = 1, .ofs_y = 1},
    {.bitmap_index = 26412, .adv_w = 448, .box_w = 24, .box_h = 26, .ofs_x = 2, .ofs_y = 1},
    {.bitmap_index = 26677, .adv_w = 448, .box_w = 24, .box_h = 26, .ofs_x = 2, .ofs_y = 1},
    {.bitmap_index = 26904, .adv_w = 448, .box_w = 22, .box_h = 26, .ofs_x = 3, .ofs_y = 1},
    {.bitmap_index = 27068, .adv_w = 448, .box_w = 24, .box_h = 26, .ofs_x = 2, .ofs_y = 1},
    {.bitmap_index = 27241, .adv_w = 448, .box_w = 26, .box_h = 26, .ofs_x = 1, .ofs_y = 1},
    {.bitmap_index = 27426, .adv_w = 448, .box_w = 26, .box_h = 26, .ofs_x = 1, .ofs_y = 1},
    {.bitmap_index = 27632, .adv_w = 448, .box_w = 26, .box_h = 26, .ofs_x = 1, .ofs_y = 1},
    {.bitmap_index = 27862, .adv_w = 448, .box_w = 24, .box_h = 22, .ofs_x = 2, .ofs_y = 3},
    {.bitmap_index = 28018, .adv_w = 448, .box_w = 24, .box_h = 22, .ofs_x = 2, .ofs_y = 3},
    {.bitmap_index = 28175, .adv_w = 448, .box_w = 20, .box_h = 26, .ofs_x = 4, .ofs_y = 1},
    {.bitmap_index = 28251, .adv_w = 448, .box_w = 26, .box_h = 26, .ofs_x = 1, .ofs_y = 1},
    {.bitmap_index = 28515, .adv_w = 448, .box_w = 26, .box_h = 24, .ofs_x = 1, .ofs_y = 2},
    {.bitmap_index = 28771, .adv_w = 448, .box_w = 22, .box_h = 27, .ofs_x = 3, .ofs_y = 1},
    {.bitmap_index = 28949, .adv_w = 448, .box_w = 24, .box_h = 24, .ofs_x = 2, .ofs_y = 2},
    {.bitmap_index = 29030, .adv_w = 448, .box_w = 27, .box_h = 25, .ofs_x = 0, .ofs_y = 2},
    {.bitmap_index = 29260, .adv_w = 448, .box_w = 26, .box_h = 26, .ofs_x = 1, .ofs_y = 1},
    {.bitmap_index = 29482, .adv_w = 448, .box_w = 26, .box_h = 26, .ofs_x = 1, .ofs_y = 1},
    {.bitmap_index = 29691, .adv_w = 448, .box_w = 26, .box_h = 26, .ofs_x = 1, .ofs_y = 1},
    {.bitmap_index = 29898, .adv_w = 448, .box_w = 24, .box_h = 24, .ofs_x = 2, .ofs_y = 2},
    {.bitmap_index = 30043, .adv_w = 448, .box_w = 22, .box_h = 27, .ofs_x = 3, .ofs_y = 1},
    {.bitmap_index = 30130, .adv_w = 448, .box_w = 26, .box_h = 26, .ofs_x = 1, .ofs_y = 1},
    {.bitmap_index = 30347, .adv_w = 448, .box_w = 26, .box_h = 26, .ofs_x = 1, .ofs_y = 1},
    {.bitmap_index = 30658, .adv_w = 448, .box_w = 22, .box_h = 20, .ofs_x = 3, .ofs_y = 4},
    {.bitmap_index = 30772, .adv_w = 448, .box_w = 12, .box_h = 26, .ofs_x = 8, .ofs_y = 1},
    {.bitmap_index = 30859, .adv_w = 448, .box_w = 26, .box_h = 26, .ofs_x = 1, .ofs_y = 1},
    {.bitmap_index = 31096, .adv_w = 448, .box_w = 26, .box_h = 26, .ofs_x = 1, .ofs_y = 1},
    {.bitmap_index = 31318, .adv_w = 448, .box_w = 26, .box_h = 27, .ofs_x = 1, .ofs_y = 1},
    {.bitmap_index = 31510, .adv_w = 448, .box_w = 26, .box_h = 26, .ofs_x = 1, .ofs_y = 1},
    {.bitmap_index = 31700, .adv_w = 448, .box_w = 26, .box_h = 20, .ofs_x = 1, .ofs_y = 4},
    {.bitmap_index = 31904, .adv_w = 448, .box_w = 26, .box_h = 20, .ofs_x = 1, .ofs_y = 4},
    {.bitmap_index = 32107, .adv_w = 448, .box_w = 24, .box_h = 26, .ofs_x = 2, .ofs_y = 1},
    {.bitmap_index = 32254, .adv_w = 448, .box_w = 26, .box_h = 14, .ofs_x = 1, .ofs_y = 7},
    {.bitmap_index = 32379, .adv_w = 448, .box_w = 26, .box_h = 15, .ofs_x = 1, .ofs_y = 6},
    {.bitmap_index = 32512, .adv_w = 448, .box_w = 26, .box_h = 24, .ofs_x = 1, .ofs_y = 2},
    {.bitmap_index = 32712, .adv_w = 448, .box_w = 26, .box_h = 22, .ofs_x = 1, .ofs_y = 3},
    {.bitmap_index = 32885, .adv_w = 448, .box_w = 26, .box_h = 26, .ofs_x = 1, .ofs_y = 1},
    {.bitmap_index = 33015, .adv_w = 448, .box_w = 26, .box_h = 26, .ofs_x = 1, .ofs_y = 1},
    {.bitmap_index = 33188, .adv_w = 448, .box_w = 24, .box_h = 24, .ofs_x = 2, .ofs_y = 2},
    {.bitmap_index = 33325, .adv_w = 448, .box_w = 20, .box_h = 24, .ofs_x = 4, .ofs_y = 2},
    {.bitmap_index = 33477, .adv_w = 448, .box_w = 26, .box_h = 24, .ofs_x = 1, .ofs_y = 2},
    {.bitmap_index = 33700, .adv_w = 448, .box_w = 26, .box_h = 18, .ofs_x = 1, .ofs_y = 5},
    {.bitmap_index = 33829, .adv_w = 448, .box_w = 27, .box_h = 26, .ofs_x = 0, .ofs_y = 1},
    {.bitmap_index = 34047, .adv_w = 448, .box_w = 26, .box_h = 12, .ofs_x = 1, .ofs_y = 8},
    {.bitmap_index = 34179, .adv_w = 448, .box_w = 21, .box_h = 22, .ofs_x = 1, .ofs_y = 3},
    {.bitmap_index = 34318, .adv_w = 448, .box_w = 27, .box_h = 22, .ofs_x = 1, .ofs_y = 3},
    {.bitmap_index = 34512, .adv_w = 448, .box_w = 26, .box_h = 22, .ofs_x = 1, .ofs_y = 3},
    {.bitmap_index = 34680, .adv_w = 448, .box_w = 18, .box_h = 26, .ofs_x = 5, .ofs_y = 1},
    {.bitmap_index = 34884, .adv_w = 448, .box_w = 26, .box_h = 21, .ofs_x = 1, .ofs_y = 3},
    {.bitmap_index = 35083, .adv_w = 448, .box_w = 26, .box_h = 27, .ofs_x = 1, .ofs_y = 0},
    {.bitmap_index = 35339, .adv_w = 448, .box_w = 26, .box_h = 22, .ofs_x = 1, .ofs_y = 3},
    {.bitmap_index = 35489, .adv_w = 448, .box_w = 27, .box_h = 27, .ofs_x = 1, .ofs_y = 0},
    {.bitmap_index = 35745, .adv_w = 448, .box_w = 18, .box_h = 16, .ofs_x = 5, .ofs_y = 6},
    {.bitmap_index = 35858, .adv_w = 448, .box_w = 24, .box_h = 26, .ofs_x = 2, .ofs_y = 1},
    {.bitmap_index = 36064, .adv_w = 448, .box_w = 24, .box_h = 24, .ofs_x = 2, .ofs_y = 2},
    {.bitmap_index = 36293, .adv_w = 448, .box_w = 24, .box_h = 24, .ofs_x = 2, .ofs_y = 2},
    {.bitmap_index = 36507, .adv_w = 448, .box_w = 24, .box_h = 26, .ofs_x = 2, .ofs_y = 1},
    {.bitmap_index = 36692, .adv_w = 448, .box_w = 26, .box_h = 26, .ofs_x = 1, .ofs_y = 1},
    {.bitmap_index = 36914, .adv_w = 448, .box_w = 21, .box_h = 26, .ofs_x = 6, .ofs_y = 1},
    {.bitmap_index = 37101, .adv_w = 448, .box_w = 26, .box_h = 22, .ofs_x = 1, .ofs_y = 3},
    {.bitmap_index = 37248, .adv_w = 448, .box_w = 22, .box_h = 27, .ofs_x = 3, .ofs_y = 1},
    {.bitmap_index = 37426, .adv_w = 448, .box_w = 26, .box_h = 21, .ofs_x = 1, .ofs_y = 4},
    {.bitmap_index = 37611, .adv_w = 448, .box_w = 18, .box_h = 26, .ofs_x = 5, .ofs_y = 1},
    {.bitmap_index = 37774, .adv_w = 448, .box_w = 26, .box_h = 26, .ofs_x = 1, .ofs_y = 1},
    {.bitmap_index = 37951, .adv_w = 448, .box_w = 22, .box_h = 27, .ofs_x = 3, .ofs_y = 1},
    {.bitmap_index = 38148, .adv_w = 448, .box_w = 26, .box_h = 21, .ofs_x = 1, .ofs_y = 3},
    {.bitmap_index = 38256, .adv_w = 448, .box_w = 27, .box_h = 23, .ofs_x = 0, .ofs_y = 2},
    {.bitmap_index = 38477, .adv_w = 448, .box_w = 26, .box_h = 25, .ofs_x = 1, .ofs_y = 2},
    {.bitmap_index = 38695, .adv_w = 448, .box_w = 26, .box_h = 20, .ofs_x = 1, .ofs_y = 3},
    {.bitmap_index = 38881, .adv_w = 448, .box_w = 26, .box_h = 17, .ofs_x = 1, .ofs_y = 4},
    {.bitmap_index = 39045, .adv_w = 448, .box_w = 26, .box_h = 24, .ofs_x = 1, .ofs_y = 2},
    {.bitmap_index = 39253, .adv_w = 448, .box_w = 27, .box_h = 26, .ofs_x = 0, .ofs_y = 1},
    {.bitmap_index = 39476, .adv_w = 448, .box_w = 26, .box_h = 26, .ofs_x = 1, .ofs_y = 1},
    {.bitmap_index = 39750, .adv_w = 448, .box_w = 24, .box_h = 24, .ofs_x = 2, .ofs_y = 2},
    {.bitmap_index = 39986, .adv_w = 448, .box_w = 24, .box_h = 24, .ofs_x = 2, .ofs_y = 2},
    {.bitmap_index = 40207, .adv_w = 448, .box_w = 22, .box_h = 26, .ofs_x = 3, .ofs_y = 1},
    {.bitmap_index = 40422, .adv_w = 448, .box_w = 26, .box_h = 12, .ofs_x = 1, .ofs_y = 8},
    {.bitmap_index = 40563, .adv_w = 448, .box_w = 22, .box_h = 24, .ofs_x = 3, .ofs_y = 2},
    {.bitmap_index = 40750, .adv_w = 448, .box_w = 27, .box_h = 26, .ofs_x = 1, .ofs_y = 1},
    {.bitmap_index = 41054, .adv_w = 448, .box_w = 24, .box_h = 24, .ofs_x = 2, .ofs_y = 2},
    {.bitmap_index = 41273, .adv_w = 448, .box_w = 26, .box_h = 26, .ofs_x = 1, .ofs_y = 1},
    {.bitmap_index = 41495, .adv_w = 448, .box_w = 24, .box_h = 26, .ofs_x = 2, .ofs_y = 1},
    {.bitmap_index = 41763, .adv_w = 448, .box_w = 24, .box_h = 26, .ofs_x = 2, .ofs_y = 1},
    {.bitmap_index = 41960, .adv_w = 448, .box_w = 22, .box_h = 26, .ofs_x = 3, .ofs_y = 1},
    {.bitmap_index = 42139, .adv_w = 448, .box_w = 22, .box_h = 26, .ofs_x = 3, .ofs_y = 1},
    {.bitmap_index = 42342, .adv_w = 448, .box_w = 26, .box_h = 24, .ofs_x = 2, .ofs_y = 2},
    {.bitmap_index = 42494, .adv_w = 448, .box_w = 27, .box_h = 25, .ofs_x = 0, .ofs_y = 2},
    {.bitmap_index = 42752, .adv_w = 448, .box_w = 26, .box_h = 20, .ofs_x = 1, .ofs_y = 4},
    {.bitmap_index = 42969, .adv_w = 448, .box_w = 22, .box_h = 26, .ofs_x = 3, .ofs_y = 1},
    {.bitmap_index = 43149, .adv_w = 448, .box_w = 26, .box_h = 20, .ofs_x = 1, .ofs_y = 4},
    {.bitmap_index = 43316, .adv_w = 448, .box_w = 26, .box_h = 24, .ofs_x = 1, .ofs_y = 2},
    {.bitmap_index = 43541, .adv_w = 448, .box_w = 26, .box_h = 24, .ofs_x = 1, .ofs_y = 2},
    {.bitmap_index = 43731, .adv_w = 448, .box_w = 26, .box_h = 25, .ofs_x = 1, .ofs_y = 1},
    {.bitmap_index = 43955, .adv_w = 448, .box_w = 26, .box_h = 26, .ofs_x = 1, .ofs_y = 1},
    {.bitmap_index = 44189, .adv_w = 448, .box_w = 26, .box_h = 24, .ofs_x = 1, .ofs_y = 2},
    {.bitmap_index = 44415, .adv_w = 448, .box_w = 24, .box_h = 22, .ofs_x = 2, .ofs_y = 3},
    {.bitmap_index = 44539, .adv_w = 448, .box_w = 24, .box_h = 24, .ofs_x = 2, .ofs_y = 2},
    {.bitmap_index = 44731, .adv_w = 448, .box_w = 24, .box_h = 24, .ofs_x = 2, .ofs_y = 2},
    {.bitmap_index = 44929, .adv_w = 448, .box_w = 22, .box_h = 25, .ofs_x = 3, .ofs_y = 1},
    {.bitmap_index = 45153, .adv_w = 448, .box_w = 27, .box_h = 20, .ofs_x = 0, .ofs_y = 4},
    {.bitmap_index = 45303, .adv_w = 448, .box_w = 26, .box_h = 26, .ofs_x = 1, .ofs_y = 1},
    {.bitmap_index = 45541, .adv_w = 448, .box_w = 26, .box_h = 26, .ofs_x = 1, .ofs_y = 1},
    {.bitmap_index = 45791, .adv_w = 448, .box_w = 26, .box_h = 24, .ofs_x = 1, .ofs_y = 2},
    {.bitmap_index = 46001, .adv_w = 448, .box_w = 26, .box_h = 22, .ofs_x = 1, .ofs_y = 4},
    {.bitmap_index = 46150, .adv_w = 448, .box_w = 26, .box_h = 24, .ofs_x = 1, .ofs_y = 2},
    {.bitmap_index = 46349, .adv_w = 448, .box_w = 26, .box_h = 24, .ofs_x = 1, .ofs_y = 2},
    {.bitmap_index = 46572, .adv_w = 448, .box_w = 24, .box_h = 25, .ofs_x = 2, .ofs_y = 1},
    {.bitmap_index = 46756, .adv_w = 448, .box_w = 24, .box_h = 26, .ofs_x = 2, .ofs_y = 1},
    {.bitmap_index = 46916, .adv_w = 448, .box_w = 27, .box_h = 26, .ofs_x = 1, .ofs_y = 1},
    {.bitmap_index = 47169, .adv_w = 448, .box_w = 26, .box_h = 26, .ofs_x = 1, .ofs_y = 0},
    {.bitmap_index = 47447, .adv_w = 448, .box_w = 26, .box_h = 23, .ofs_x = 1, .ofs_y = 3},
    {.bitmap_index = 47622, .adv_w = 448, .box_w = 20, .box_h = 26, .ofs_x = 4, .ofs_y = 1},
    {.bitmap_index = 47777, .adv_w = 448, .box_w = 26, .box_h = 26, .ofs_x = 1, .ofs_y = 1},
    {.bitmap_index = 48020, .adv_w = 448, .box_w = 22, .box_h = 26, .ofs_x = 3, .ofs_y = 1},
    {.bitmap_index = 48226, .adv_w = 448, .box_w = 26, .box_h = 22, .ofs_x = 1, .ofs_y = 3},
    {.bitmap_index = 48309, .adv_w = 448, .box_w = 21, .box_h = 17, .ofs_x = 1, .ofs_y = 3},
    {.bitmap_index = 48376, .adv_w = 448, .box_w = 9, .box_h = 8, .ofs_x = 1, .ofs_y = 3},
    {.bitmap_index = 48400, .adv_w = 448, .box_w = 15, .box_h = 13, .ofs_x = 1, .ofs_y = 3},
    {.bitmap_index = 48446, .adv_w = 448, .box_w = 3, .box_h = 3, .ofs_x = 1, .ofs_y = 3},
    {.bitmap_index = 48451, .adv_w = 448, .box_w = 26, .box_h = 26, .ofs_x = 1, .ofs_y = 1},
    {.bitmap_index = 48714, .adv_w = 448, .box_w = 26, .box_h = 22, .ofs_x = 1, .ofs_y = 3},
    {.bitmap_index = 48936, .adv_w = 448, .box_w = 26, .box_h = 22, .ofs_x = 1, .ofs_y = 3},
    {.bitmap_index = 49103, .adv_w = 448, .box_w = 26, .box_h = 26, .ofs_x = 1, .ofs_y = 1},
    {.bitmap_index = 49353, .adv_w = 448, .box_w = 24, .box_h = 24, .ofs_x = 2, .ofs_y = 2},
    {.bitmap_index = 49500, .adv_w = 448, .box_w = 20, .box_h = 26, .ofs_x = 4, .ofs_y = 1},
    {.bitmap_index = 49670, .adv_w = 448, .box_w = 26, .box_h = 24, .ofs_x = 1, .ofs_y = 2},
    {.bitmap_index = 49891, .adv_w = 448, .box_w = 26, .box_h = 24, .ofs_x = 1, .ofs_y = 2},
    {.bitmap_index = 50077, .adv_w = 448, .box_w = 20, .box_h = 26, .ofs_x = 4, .ofs_y = 1},
    {.bitmap_index = 50237, .adv_w = 448, .box_w = 21, .box_h = 24, .ofs_x = 3, .ofs_y = 2},
    {.bitmap_index = 50437, .adv_w = 448, .box_w = 22, .box_h = 22, .ofs_x = 3, .ofs_y = 3},
    {.bitmap_index = 50611, .adv_w = 448, .box_w = 24, .box_h = 24, .ofs_x = 2, .ofs_y = 2},
    {.bitmap_index = 50763, .adv_w = 448, .box_w = 28, .box_h = 27, .ofs_x = 0, .ofs_y = 0},
    {.bitmap_index = 51073, .adv_w = 448, .box_w = 24, .box_h = 24, .ofs_x = 2, .ofs_y = 2},
    {.bitmap_index = 51238, .adv_w = 448, .box_w = 22, .box_h = 22, .ofs_x = 3, .ofs_y = 3},
    {.bitmap_index = 51386, .adv_w = 448, .box_w = 22, .box_h = 22, .ofs_x = 3, .ofs_y = 3},
    {.bitmap_index = 51535, .adv_w = 448, .box_w = 24, .box_h = 24, .ofs_x = 2, .ofs_y = 2},
    {.bitmap_index = 51651, .adv_w = 448, .box_w = 24, .box_h = 24, .ofs_x = 2, .ofs_y = 2},
    {.bitmap_index = 51754, .adv_w = 448, .box_w = 24, .box_h = 24, .ofs_x = 2, .ofs_y = 2},
    {.bitmap_index = 51871, .adv_w = 448, .box_w = 26, .box_h = 24, .ofs_x = 1, .ofs_y = 2},
    {.bitmap_index = 52007, .adv_w = 448, .box_w = 26, .box_h = 26, .ofs_x = 1, .ofs_y = 1},
    {.bitmap_index = 52253, .adv_w = 448, .box_w = 26, .box_h = 24, .ofs_x = 1, .ofs_y = 2},
    {.bitmap_index = 52413, .adv_w = 448, .box_w = 24, .box_h = 24, .ofs_x = 2, .ofs_y = 2},
    {.bitmap_index = 52614, .adv_w = 448, .box_w = 25, .box_h = 25, .ofs_x = 2, .ofs_y = 2},
    {.bitmap_index = 52822, .adv_w = 448, .box_w = 24, .box_h = 24, .ofs_x = 2, .ofs_y = 2},
    {.bitmap_index = 53080, .adv_w = 448, .box_w = 26, .box_h = 26, .ofs_x = 1, .ofs_y = 1},
    {.bitmap_index = 53353, .adv_w = 448, .box_w = 24, .box_h = 26, .ofs_x = 2, .ofs_y = 1},
    {.bitmap_index = 53534, .adv_w = 448, .box_w = 24, .box_h = 26, .ofs_x = 2, .ofs_y = 1},
    {.bitmap_index = 53728, .adv_w = 448, .box_w = 24, .box_h = 22, .ofs_x = 2, .ofs_y = 3},
    {.bitmap_index = 53894, .adv_w = 448, .box_w = 26, .box_h = 22, .ofs_x = 1, .ofs_y = 3},
    {.bitmap_index = 53985, .adv_w = 448, .box_w = 26, .box_h = 22, .ofs_x = 1, .ofs_y = 3},
    {.bitmap_index = 54156, .adv_w = 448, .box_w = 26, .box_h = 24, .ofs_x = 1, .ofs_y = 2},
    {.bitmap_index = 54404, .adv_w = 448, .box_w = 24, .box_h = 26, .ofs_x = 2, .ofs_y = 1},
    {.bitmap_index = 54631, .adv_w = 448, .box_w = 20, .box_h = 26, .ofs_x = 4, .ofs_y = 1},
    {.bitmap_index = 54810, .adv_w = 448, .box_w = 24, .box_h = 25, .ofs_x = 2, .ofs_y = 2},
    {.bitmap_index = 55084, .adv_w = 448, .box_w = 22, .box_h = 26, .ofs_x = 3, .ofs_y = 1},
    {.bitmap_index = 55258, .adv_w = 448, .box_w = 24, .box_h = 26, .ofs_x = 2, .ofs_y = 1},
    {.bitmap_index = 55491, .adv_w = 448, .box_w = 25, .box_h = 25, .ofs_x = 1, .ofs_y = 2},
    {.bitmap_index = 55727, .adv_w = 448, .box_w = 24, .box_h = 20, .ofs_x = 2, .ofs_y = 4},
    {.bitmap_index = 55848, .adv_w = 448, .box_w = 22, .box_h = 25, .ofs_x = 3, .ofs_y = 1},
    {.bitmap_index = 55982, .adv_w = 448, .box_w = 26, .box_h = 26, .ofs_x = 1, .ofs_y = 1},
    {.bitmap_index = 56242, .adv_w = 448, .box_w = 24, .box_h = 25, .ofs_x = 2, .ofs_y = 1},
    {.bitmap_index = 56464, .adv_w = 448, .box_w = 26, .box_h = 26, .ofs_x = 1, .ofs_y = 2},
    {.bitmap_index = 56687, .adv_w = 448, .box_w = 26, .box_h = 26, .ofs_x = 1, .ofs_y = 1},
    {.bitmap_index = 56911, .adv_w = 448, .box_w = 23, .box_h = 25, .ofs_x = 3, .ofs_y = 1},
    {.bitmap_index = 57095, .adv_w = 448, .box_w = 25, .box_h = 25, .ofs_x = 1, .ofs_y = 1},
    {.bitmap_index = 57313, .adv_w = 448, .box_w = 24, .box_h = 27, .ofs_x = 2, .ofs_y = 0},
    {.bitmap_index = 57459, .adv_w = 448, .box_w = 15, .box_h = 26, .ofs_x = 6, .ofs_y = 1},
    {.bitmap_index = 57596, .adv_w = 448, .box_w = 26, .box_h = 26, .ofs_x = 1, .ofs_y = 1},
    {.bitmap_index = 57872, .adv_w = 448, .box_w = 26, .box_h = 26, .ofs_x = 1, .ofs_y = 1},
    {.bitmap_index = 58122, .adv_w = 448, .box_w = 26, .box_h = 26, .ofs_x = 1, .ofs_y = 1},
    {.bitmap_index = 58396, .adv_w = 448, .box_w = 26, .box_h = 27, .ofs_x = 1, .ofs_y = 0},
    {.bitmap_index = 58669, .adv_w = 448, .box_w = 25, .box_h = 26, .ofs_x = 2, .ofs_y = 1},
    {.bitmap_index = 58927, .adv_w = 448, .box_w = 26, .box_h = 23, .ofs_x = 1, .ofs_y = 3},
    {.bitmap_index = 59075, .adv_w = 448, .box_w = 26, .box_h = 26, .ofs_x = 1, .ofs_y = 1},
    {.bitmap_index = 59349, .adv_w = 448, .box_w = 26, .box_h = 23, .ofs_x = 1, .ofs_y = 2},
    {.bitmap_index = 59542, .adv_w = 448, .box_w = 22, .box_h = 26, .ofs_x = 4, .ofs_y = 1},
    {.bitmap_index = 59762, .adv_w = 448, .box_w = 26, .box_h = 25, .ofs_x = 1, .ofs_y = 1},
    {.bitmap_index = 59964, .adv_w = 448, .box_w = 26, .box_h = 26, .ofs_x = 1, .ofs_y = 1},
    {.bitmap_index = 60183, .adv_w = 448, .box_w = 26, .box_h = 26, .ofs_x = 1, .ofs_y = 1},
    {.bitmap_index = 60429, .adv_w = 448, .box_w = 26, .box_h = 27, .ofs_x = 1, .ofs_y = 1},
    {.bitmap_index = 60704, .adv_w = 448, .box_w = 20, .box_h = 26, .ofs_x = 4, .ofs_y = 1},
    {.bitmap_index = 60894, .adv_w = 448, .box_w = 26, .box_h = 26, .ofs_x = 1, .ofs_y = 1},
    {.bitmap_index = 61178, .adv_w = 448, .box_w = 24, .box_h = 24, .ofs_x = 2, .ofs_y = 2},
    {.bitmap_index = 61384, .adv_w = 448, .box_w = 26, .box_h = 26, .ofs_x = 1, .ofs_y = 1},
    {.bitmap_index = 61660, .adv_w = 448, .box_w = 26, .box_h = 26, .ofs_x = 1, .ofs_y = 1},
    {.bitmap_index = 61887, .adv_w = 448, .box_w = 24, .box_h = 24, .ofs_x = 2, .ofs_y = 2},
    {.bitmap_index = 62026, .adv_w = 448, .box_w = 26, .box_h = 23, .ofs_x = 1, .ofs_y = 2},
    {.bitmap_index = 62261, .adv_w = 448, .box_w = 26, .box_h = 27, .ofs_x = 1, .ofs_y = 1},
    {.bitmap_index = 62533, .adv_w = 448, .box_w = 26, .box_h = 26, .ofs_x = 1, .ofs_y = 1},
    {.bitmap_index = 62761, .adv_w = 448, .box_w = 27, .box_h = 27, .ofs_x = 0, .ofs_y = 0},
    {.bitmap_index = 63036, .adv_w = 448, .box_w = 26, .box_h = 27, .ofs_x = 1, .ofs_y = 0},
    {.bitmap_index = 63291, .adv_w = 448, .box_w = 26, .box_h = 23, .ofs_x = 1, .ofs_y = 2},
    {.bitmap_index = 63441, .adv_w = 448, .box_w = 20, .box_h = 26, .ofs_x = 4, .ofs_y = 1},
    {.bitmap_index = 63567, .adv_w = 448, .box_w = 24, .box_h = 26, .ofs_x = 2, .ofs_y = 1},
    {.bitmap_index = 63774, .adv_w = 448, .box_w = 18, .box_h = 26, .ofs_x = 5, .ofs_y = 1},
    {.bitmap_index = 63878, .adv_w = 448, .box_w = 24, .box_h = 24, .ofs_x = 2, .ofs_y = 2},
    {.bitmap_index = 64111, .adv_w = 448, .box_w = 26, .box_h = 24, .ofs_x = 1, .ofs_y = 2},
    {.bitmap_index = 64378, .adv_w = 448, .box_w = 26, .box_h = 17, .ofs_x = 1, .ofs_y = 6},
    {.bitmap_index = 64523, .adv_w = 448, .box_w = 26, .box_h = 26, .ofs_x = 1, .ofs_y = 1},
    {.bitmap_index = 64743, .adv_w = 448, .box_w = 26, .box_h = 26, .ofs_x = 1, .ofs_y = 1},
    {.bitmap_index = 64946, .adv_w = 448, .box_w = 27, .box_h = 27, .ofs_x = 1, .ofs_y = 1},
    {.bitmap_index = 65226, .adv_w = 448, .box_w = 25, .box_h = 26, .ofs_x = 1, .ofs_y = 1},
    {.bitmap_index = 65499, .adv_w = 448, .box_w = 26, .box_h = 24, .ofs_x = 1, .ofs_y = 2},
    {.bitmap_index = 65761, .adv_w = 448, .box_w = 25, .box_h = 24, .ofs_x = 2, .ofs_y = 2},
    {.bitmap_index = 65989, .adv_w = 448, .box_w = 26, .box_h = 22, .ofs_x = 1, .ofs_y = 3},
    {.bitmap_index = 66171, .adv_w = 448, .box_w = 25, .box_h = 24, .ofs_x = 2, .ofs_y = 2},
    {.bitmap_index = 66382, .adv_w = 448, .box_w = 26, .box_h = 18, .ofs_x = 1, .ofs_y = 5},
    {.bitmap_index = 66512, .adv_w = 448, .box_w = 24, .box_h = 26, .ofs_x = 2, .ofs_y = 1},
    {.bitmap_index = 66753, .adv_w = 448, .box_w = 26, .box_h = 26, .ofs_x = 1, .ofs_y = 1},
    {.bitmap_index = 66980, .adv_w = 448, .box_w = 26, .box_h = 26, .ofs_x = 1, .ofs_y = 1},
    {.bitmap_index = 67219, .adv_w = 448, .box_w = 26, .box_h = 26, .ofs_x = 1, .ofs_y = 1},
    {.bitmap_index = 67411, .adv_w = 448, .box_w = 26, .box_h = 24, .ofs_x = 1, .ofs_y = 2},
    {.bitmap_index = 67637, .adv_w = 448, .box_w = 26, .box_h = 26, .ofs_x = 1, .ofs_y = 1},
    {.bitmap_index = 67909, .adv_w = 448, .box_w = 26, .box_h = 26, .ofs_x = 1, .ofs_y = 1},
    {.bitmap_index = 68170, .adv_w = 448, .box_w = 22, .box_h = 26, .ofs_x = 3, .ofs_y = 1},
    {.bitmap_index = 68388, .adv_w = 448, .box_w = 24, .box_h = 24, .ofs_x = 2, .ofs_y = 2},
    {.bitmap_index = 68665, .adv_w = 448, .box_w = 26, .box_h = 25, .ofs_x = 1, .ofs_y = 2},
    {.bitmap_index = 68878, .adv_w = 448, .box_w = 22, .box_h = 27, .ofs_x = 3, .ofs_y = 1},
    {.bitmap_index = 69052, .adv_w = 448, .box_w = 26, .box_h = 25, .ofs_x = 1, .ofs_y = 2},
    {.bitmap_index = 69279, .adv_w = 448, .box_w = 26, .box_h = 25, .ofs_x = 1, .ofs_y = 2},
    {.bitmap_index = 69483, .adv_w = 448, .box_w = 26, .box_h = 25, .ofs_x = 1, .ofs_y = 2},
    {.bitmap_index = 69667, .adv_w = 448, .box_w = 28, .box_h = 27, .ofs_x = 0, .ofs_y = 1},
    {.bitmap_index = 69962, .adv_w = 448, .box_w = 26, .box_h = 26, .ofs_x = 1, .ofs_y = 1},
    {.bitmap_index = 70242, .adv_w = 448, .box_w = 12, .box_h = 26, .ofs_x = 8, .ofs_y = 1},
    {.bitmap_index = 70306, .adv_w = 448, .box_w = 25, .box_h = 24, .ofs_x = 2, .ofs_y = 2},
    {.bitmap_index = 70536, .adv_w = 448, .box_w = 27, .box_h = 27, .ofs_x = 1, .ofs_y = 0},
    {.bitmap_index = 70824, .adv_w = 448, .box_w = 26, .box_h = 24, .ofs_x = 1, .ofs_y = 2},
    {.bitmap_index = 71072, .adv_w = 448, .box_w = 26, .box_h = 25, .ofs_x = 1, .ofs_y = 0},
    {.bitmap_index = 71322, .adv_w = 448, .box_w = 24, .box_h = 24, .ofs_x = 2, .ofs_y = 2},
    {.bitmap_index = 71545, .adv_w = 448, .box_w = 24, .box_h = 25, .ofs_x = 1, .ofs_y = 1},
    {.bitmap_index = 71739, .adv_w = 448, .box_w = 26, .box_h = 26, .ofs_x = 1, .ofs_y = 1},
    {.bitmap_index = 72014, .adv_w = 448, .box_w = 27, .box_h = 26, .ofs_x = 1, .ofs_y = 1},
    {.bitmap_index = 72235, .adv_w = 448, .box_w = 26, .box_h = 26, .ofs_x = 1, .ofs_y = 1},
    {.bitmap_index = 72515, .adv_w = 448, .box_w = 27, .box_h = 26, .ofs_x = 0, .ofs_y = 1},
    {.bitmap_index = 72800, .adv_w = 448, .box_w = 24, .box_h = 24, .ofs_x = 2, .ofs_y = 2},
    {.bitmap_index = 72961, .adv_w = 448, .box_w = 26, .box_h = 23, .ofs_x = 1, .ofs_y = 3},
    {.bitmap_index = 73157, .adv_w = 448, .box_w = 24, .box_h = 24, .ofs_x = 2, .ofs_y = 2},
    {.bitmap_index = 73326, .adv_w = 448, .box_w = 27, .box_h = 26, .ofs_x = 1, .ofs_y = 1},
    {.bitmap_index = 73601, .adv_w = 448, .box_w = 24, .box_h = 27, .ofs_x = 2, .ofs_y = 1},
    {.bitmap_index = 73879, .adv_w = 448, .box_w = 26, .box_h = 16, .ofs_x = 1, .ofs_y = 6},
    {.bitmap_index = 74063, .adv_w = 448, .box_w = 26, .box_h = 22, .ofs_x = 1, .ofs_y = 3},
    {.bitmap_index = 74247, .adv_w = 448, .box_w = 24, .box_h = 24, .ofs_x = 2, .ofs_y = 2},
    {.bitmap_index = 74382, .adv_w = 448, .box_w = 26, .box_h = 24, .ofs_x = 1, .ofs_y = 2},
    {.bitmap_index = 74593, .adv_w = 448, .box_w = 26, .box_h = 26, .ofs_x = 1, .ofs_y = 1},
    {.bitmap_index = 74839, .adv_w = 448, .box_w = 26, .box_h = 25, .ofs_x = 1, .ofs_y = 2},
    {.bitmap_index = 75091, .adv_w = 448, .box_w = 27, .box_h = 24, .ofs_x = 0, .ofs_y = 2},
    {.bitmap_index = 75392, .adv_w = 448, .box_w = 26, .box_h = 18, .ofs_x = 1, .ofs_y = 5},
    {.bitmap_index = 75577, .adv_w = 448, .box_w = 26, .box_h = 26, .ofs_x = 1, .ofs_y = 1},
    {.bitmap_index = 75808, .adv_w = 448, .box_w = 27, .box_h = 22, .ofs_x = 0, .ofs_y = 3},
    {.bitmap_index = 76042, .adv_w = 448, .box_w = 26, .box_h = 27, .ofs_x = 1, .ofs_y = 0},
    {.bitmap_index = 76300, .adv_w = 448, .box_w = 22, .box_h = 26, .ofs_x = 3, .ofs_y = 1},
    {.bitmap_index = 76528, .adv_w = 448, .box_w = 26, .box_h = 26, .ofs_x = 1, .ofs_y = 1},
    {.bitmap_index = 76784, .adv_w = 448, .box_w = 26, .box_h = 26, .ofs_x = 1, .ofs_y = 1},
    {.bitmap_index = 77070, .adv_w = 448, .box_w = 22, .box_h = 26, .ofs_x = 3, .ofs_y = 1},
    {.bitmap_index = 77229, .adv_w = 448, .box_w = 27, .box_h = 23, .ofs_x = 1, .ofs_y = 3},
    {.bitmap_index = 77453, .adv_w = 448, .box_w = 26, .box_h = 26, .ofs_x = 1, .ofs_y = 1},
    {.bitmap_index = 77746, .adv_w = 448, .box_w = 26, .box_h = 26, .ofs_x = 1, .ofs_y = 1},
    {.bitmap_index = 77991, .adv_w = 448, .box_w = 26, .box_h = 24, .ofs_x = 1, .ofs_y = 2},
    {.bitmap_index = 78111, .adv_w = 448, .box_w = 26, .box_h = 26, .ofs_x = 1, .ofs_y = 1},
    {.bitmap_index = 78379, .adv_w = 448, .box_w = 22, .box_h = 26, .ofs_x = 3, .ofs_y = 1},
    {.bitmap_index = 78546, .adv_w = 448, .box_w = 26, .box_h = 26, .ofs_x = 1, .ofs_y = 1},
    {.bitmap_index = 78784, .adv_w = 448, .box_w = 26, .box_h = 27, .ofs_x = 1, .ofs_y = 1},
    {.bitmap_index = 78990, .adv_w = 448, .box_w = 24, .box_h = 26, .ofs_x = 2, .ofs_y = 1},
    {.bitmap_index = 79207, .adv_w = 448, .box_w = 24, .box_h = 26, .ofs_x = 1, .ofs_y = 1},
    {.bitmap_index = 79389, .adv_w = 448, .box_w = 26, .box_h = 26, .ofs_x = 1, .ofs_y = 1},
    {.bitmap_index = 79648, .adv_w = 448, .box_w = 27, .box_h = 24, .ofs_x = 1, .ofs_y = 2},
    {.bitmap_index = 79885, .adv_w = 448, .box_w = 26, .box_h = 22, .ofs_x = 1, .ofs_y = 3},
    {.bitmap_index = 80090, .adv_w = 448, .box_w = 26, .box_h = 24, .ofs_x = 1, .ofs_y = 2},
    {.bitmap_index = 80359, .adv_w = 448, .box_w = 26, .box_h = 24, .ofs_x = 1, .ofs_y = 2},
    {.bitmap_index = 80593, .adv_w = 448, .box_w = 27, .box_h = 27, .ofs_x = 1, .ofs_y = 1},
    {.bitmap_index = 80860, .adv_w = 448, .box_w = 26, .box_h = 24, .ofs_x = 1, .ofs_y = 2},
    {.bitmap_index = 81045, .adv_w = 448, .box_w = 26, .box_h = 24, .ofs_x = 1, .ofs_y = 2},
    {.bitmap_index = 81222, .adv_w = 448, .box_w = 22, .box_h = 26, .ofs_x = 3, .ofs_y = 1},
    {.bitmap_index = 81409, .adv_w = 448, .box_w = 27, .box_h = 26, .ofs_x = 0, .ofs_y = 1},
    {.bitmap_index = 81663, .adv_w = 448, .box_w = 27, .box_h = 15, .ofs_x = 1, .ofs_y = 5},
    {.bitmap_index = 81805, .adv_w = 448, .box_w = 26, .box_h = 18, .ofs_x = 1, .ofs_y = 5}
};

/*---------------------
 *  CHARACTER MAPPING
 *--------------------*/

static const uint16_t unicode_list_0[] = {
    0x0, 0x2, 0x7, 0xa, 0x10, 0x11, 0x12, 0x16,
    0x18, 0x19, 0x1a, 0x1b, 0x1c, 0x1d, 0x1e, 0x1f,
    0x21, 0x22, 0x23, 0x24, 0x27, 0x28, 0x2b, 0x2c,
    0x33, 0x34, 0x35, 0x36, 0x37, 0x38, 0x3e, 0x3f,
    0x46, 0x47, 0x48, 0x49, 0x4c, 0x4d, 0x4e, 0x4f,
    0x50, 0x52, 0x54, 0x56, 0x58, 0x5b, 0x5e, 0x5f,
    0x63, 0x64, 0x66, 0x69, 0x71, 0x72, 0x74, 0x75,
    0x79, 0x7a, 0x7c, 0x7d, 0x7e, 0x7f, 0x81, 0x82,
    0x83, 0x85, 0x88, 0x89, 0x91, 0x93, 0x94, 0x98,
    0x99, 0x9a, 0x9d, 0x9f, 0xa1, 0xa3, 0xa4, 0xa7,
    0xa9, 0xb0, 0xb2, 0xb4, 0xb5, 0xb7, 0xb8, 0xb9,
    0xba, 0xbc, 0xbd, 0xbe, 0xc1, 0xc5, 0xc6, 0xc7,
    0xca, 0xce
};

static const uint8_t glyph_id_ofs_list_2[] = {
    0, 1, 0, 0, 0, 2, 0, 3,
    0, 0, 0, 4, 5, 6, 0, 0,
    7, 8, 9, 0, 0, 0, 10, 0,
    11, 0, 12, 13, 0, 0, 14, 15,
    16, 0, 0, 17, 18, 19, 20, 21,
    22, 23, 0, 24, 25, 0, 0, 26,
    27, 28, 29, 0, 30, 0, 31, 0,
    0, 32, 33, 34, 35, 36, 37, 0,
    0, 38, 39, 40, 41, 42, 0, 0,
    0, 0, 0, 0, 0, 0, 0, 0,
    0, 0, 0, 0, 43, 0, 44, 45,
    46, 0, 0, 47, 48, 49, 50, 51,
    0, 0, 0, 0, 52, 53, 54, 55,
    56, 57, 58, 0, 59, 0, 60, 61,
    0, 62, 63, 64, 0, 0, 0, 65,
    0, 0, 0, 0, 66, 67, 0, 0,
    0, 0, 68, 69, 70, 0, 71, 0,
    72, 73, 74, 75, 76, 77, 78, 79,
    80, 0, 81, 0, 82, 83, 84, 85,
    86, 87, 88
};

static const uint16_t unicode_list_3[] = {
    0x0, 0x3, 0xb, 0xd, 0xe, 0x13, 0x14, 0x15,
    0x16, 0x17, 0x18, 0x1e, 0x1f, 0x20, 0x21, 0x28,
    0x2c, 0x34, 0x36, 0x3a, 0x3b, 0x3e, 0x3f, 0x40,
    0x45, 0x4d, 0x4e, 0x4f, 0x50, 0x53, 0x55, 0x56,
    0x57, 0x58, 0x59, 0x5b, 0x61, 0x62, 0x64, 0x65,
    0x67, 0x68, 0x70, 0x72, 0x73, 0x76, 0x7b, 0x82,
    0x83, 0x88, 0x9a, 0x9b, 0x9e, 0xa0, 0xa1, 0xa2,
    0xa3, 0xa4, 0xac, 0xc4, 0xc5, 0xc7, 0xcc, 0xcf,
    0xd0, 0xd1, 0xd7, 0xd8, 0xda, 0xdb, 0xdd, 0xe0,
    0xe1, 0xe2, 0xe3, 0xe4, 0xe6, 0xec, 0xef, 0xf0,
    0xf2, 0xf3, 0xf5, 0xf6, 0xf8, 0xfa, 0x101, 0x102,
    0x105, 0x10f, 0x110, 0x112, 0x114, 0x119, 0x11b, 0x11f,
    0x121, 0x124, 0x128, 0x12a, 0x132, 0x133, 0x135, 0x136,
    0x137, 0x139, 0x13d, 0x13e, 0x141, 0x142, 0x145, 0x173,
    0x184, 0x185, 0x18a, 0x18e, 0x18f, 0x190, 0x191, 0x194,
    0x195, 0x197, 0x198, 0x199, 0x1ab, 0x1af, 0x1b0, 0x1b4,
    0x1b6, 0x1ba, 0x1bb, 0x1bc, 0x1bf, 0x1c0, 0x1cd, 0x1ce,
    0x1cf, 0x1d2, 0x1d4, 0x1e2, 0x1e6, 0x1e7, 0x1e9, 0x1ea,
    0x1eb, 0x1ed, 0x1fa, 0x1fb, 0x1fe, 0x200, 0x206, 0x207,
    0x20a, 0x214, 0x218, 0x222, 0x223, 0x224, 0x225, 0x227,
    0x228, 0x245, 0x246, 0x251, 0x253, 0x282, 0x283, 0x288,
    0x29d, 0x2a2, 0x2bf, 0x2d5, 0x2e0, 0x2e9, 0x2f0, 0x2fa,
    0x2fd, 0x2ff, 0x303, 0x30b, 0x314, 0x32f, 0x336, 0x337,
    0x338, 0x33a, 0x33d, 0x345, 0x346, 0x347, 0x349, 0x34e,
    0x358, 0x35f, 0x36a, 0x384, 0x39b, 0x39e, 0x39f, 0x3a0,
    0x3a2, 0x3d1, 0x3d6, 0x3de, 0x3fa, 0x3fc, 0x401, 0x406,
    0x418, 0x419, 0x44d, 0x45b, 0x467, 0x46f, 0x47f
};

/*Collect the unicode lists and glyph_id offsets*/
static const lv_font_fmt_txt_cmap_t cmaps[] =
{
    {
        .range_start = 57400, .range_length = 207, .glyph_id_start = 1,
        .unicode_list = unicode_list_0, .glyph_id_ofs_list = NULL, .list_length = 98, .type = LV_FONT_FMT_TXT_CMAP_SPARSE_TINY
    },
    {
        .range_start = 57609, .range_length = 22, .glyph_id_start = 99,
        .unicode_list = NULL, .glyph_id_ofs_list = NULL, .list_length = 0, .type = LV_FONT_FMT_TXT_CMAP_FORMAT0_TINY
    },
    {
        .range_start = 57634, .range_length = 155, .glyph_id_start = 121,
        .unicode_list = NULL, .glyph_id_ofs_list = glyph_id_ofs_list_2, .list_length = 155, .type = LV_FONT_FMT_TXT_CMAP_FORMAT0_FULL
    },
    {
        .range_start = 57791, .range_length = 1152, .glyph_id_start = 210,
        .unicode_list = unicode_list_3, .glyph_id_ofs_list = NULL, .list_length = 215, .type = LV_FONT_FMT_TXT_CMAP_SPARSE_TINY
    }
};



/*--------------------
 *  ALL CUSTOM DATA
 *--------------------*/

#if LVGL_VERSION_MAJOR == 8
/*Store all the custom data of the font*/
static  lv_font_fmt_txt_glyph_cache_t cache;
#endif

#if LVGL_VERSION_MAJOR >= 8
static const lv_font_fmt_txt_dsc_t font_dsc = {
#else
static lv_font_fmt_txt_dsc_t font_dsc = {
#endif
    .glyph_bitmap = glyph_bitmap,
    .glyph_dsc = glyph_dsc,
    .cmaps = cmaps,
    .kern_dsc = NULL,
    .kern_scale = 0,
    .cmap_num = 4,
    .bpp = 4,
    .kern_classes = 0,
    .bitmap_format = 1,
#if LVGL_VERSION_MAJOR == 8
    .cache = &cache
#endif
};



/*-----------------
 *  PUBLIC FONT
 *----------------*/

/*Initialize a public general font descriptor*/
#if LVGL_VERSION_MAJOR >= 8
const lv_font_t font_pi_icons_28 = {
#else
lv_font_t font_pi_icons_28 = {
#endif
    .get_glyph_dsc = lv_font_get_glyph_dsc_fmt_txt,    /*Function pointer to get glyph's data*/
    .get_glyph_bitmap = lv_font_get_bitmap_fmt_txt,    /*Function pointer to get glyph's bitmap*/
    .line_height = 28,          /*The maximum line height required by the font*/
    .base_line = 0,             /*Baseline measured from the bottom of the line*/
#if !(LVGL_VERSION_MAJOR == 6 && LVGL_VERSION_MINOR == 0)
    .subpx = LV_FONT_SUBPX_NONE,
#endif
#if LV_VERSION_CHECK(7, 4, 0) || LVGL_VERSION_MAJOR >= 8
    .underline_position = 0,
    .underline_thickness = 0,
#endif
    .dsc = &font_dsc,          /*The custom font data. Will be accessed by `get_glyph_bitmap/dsc` */
#if LV_VERSION_CHECK(8, 2, 0) || LVGL_VERSION_MAJOR >= 9
    .fallback = NULL,
#endif
    .user_data = NULL,
};



#endif /*#if FONT_PI_ICONS_28*/

